Date,ALLE
2013-11-18,42.60375213623047
2013-11-19,40.248600006103516
2013-11-20,39.23798370361328
2013-11-21,38.48221969604492
2013-11-22,38.65799331665039
2013-11-25,38.82495880126953
2013-11-26,37.963748931884766
2013-11-27,37.9989013671875
2013-11-29,37.9989013671875
2013-12-02,37.911014556884766
2013-12-03,37.700103759765625
2013-12-04,36.75980758666992
2013-12-05,36.07434844970703
2013-12-06,35.76676940917969
2013-12-09,36.1885986328125
2013-12-10,37.40132141113281
2013-12-11,37.31343460083008
2013-12-12,37.76163101196289
2013-12-13,38.0076904296875
2013-12-16,38.394344329833984
2013-12-17,38.447078704833984
2013-12-18,38.90403366088867
2013-12-19,39.06222915649414
2013-12-20,38.89525604248047
2013-12-23,39.23798370361328
2013-12-24,39.17646789550781
2013-12-26,39.28194046020508
2013-12-27,39.22921371459961
2013-12-30,38.77223587036133
2013-12-31,38.833744049072266
2014-01-02,38.35920715332031
2014-01-03,38.63164138793945
2014-01-06,38.38555908203125
2014-01-07,38.55253601074219
2014-01-08,38.56132507324219
2014-01-09,38.78102493286133
2014-01-10,40.187076568603516
2014-01-13,41.338294982910156
2014-01-14,42.00617980957031
2014-01-15,41.7425422668457
2014-01-16,41.6546630859375
2014-01-17,42.18194580078125
2014-01-21,42.331321716308594
2014-01-22,42.63011169433594
2014-01-23,41.93587112426758
2014-01-24,41.16253662109375
2014-01-27,40.951629638671875
2014-01-28,41.94465637207031
2014-01-29,41.98859786987305
2014-01-30,43.42982482910156
2014-01-31,43.3682975769043
2014-02-03,41.68981170654297
2014-02-04,42.22587585449219
2014-02-05,41.83041763305664
2014-02-06,43.27164840698242
2014-02-07,43.886802673339844
2014-02-10,43.79892349243164
2014-02-11,43.84284973144531
2014-02-12,43.93951416015625
2014-02-13,44.04498291015625
2014-02-14,43.6143684387207
2014-02-18,44.03617858886719
2014-02-19,43.20134353637695
2014-02-20,45.2752799987793
2014-02-21,46.022254943847656
2014-02-24,46.452857971191406
2014-02-25,47.94679641723633
2014-02-26,48.03467559814453
2014-02-27,48.641048431396484
2014-02-28,47.76224899291992
2014-03-03,47.00649642944336
2014-03-04,47.454681396484375
2014-03-05,47.41074752807617
2014-03-06,46.74285888671875
2014-03-07,46.91862487792969
2014-03-10,46.83072280883789
2014-03-11,47.89408493041992
2014-03-12,47.700748443603516
2014-03-13,47.17270278930664
2014-03-14,46.908660888671875
2014-03-17,46.609432220458984
2014-03-18,46.891056060791016
2014-03-19,46.891056060791016
2014-03-20,47.67433547973633
2014-03-21,47.35750961303711
2014-03-24,47.05828857421875
2014-03-25,46.8294677734375
2014-03-26,45.79975128173828
2014-03-27,45.28050231933594
2014-03-28,45.905357360839844
2014-03-31,45.91416549682617
2014-04-01,47.45431900024414
2014-04-02,48.114383697509766
2014-04-03,48.360809326171875
2014-04-04,47.28710174560547
2014-04-07,45.43012619018555
2014-04-08,45.24528884887695
2014-04-09,45.32450485229492
2014-04-10,44.60283660888672
2014-04-11,44.01316833496094
2014-04-14,43.801971435546875
2014-04-15,43.96916961669922
2014-04-16,44.2067985534668
2014-04-17,44.13638687133789
2014-04-21,44.5588264465332
2014-04-22,44.884464263916016
2014-04-23,44.356407165527344
2014-04-24,44.21559143066406
2014-04-25,43.59952926635742
2014-04-28,42.965877532958984
2014-04-29,43.036285400390625
2014-04-30,43.432315826416016
2014-05-01,45.1044921875
2014-05-02,44.62042999267578
2014-05-05,44.05718994140625
2014-05-06,43.907562255859375
2014-05-07,43.94275665283203
2014-05-08,43.441104888916016
2014-05-09,44.00436782836914
2014-05-12,44.42680358886719
2014-05-13,44.42680358886719
2014-05-14,43.81956100463867
2014-05-15,42.49943161010742
2014-05-16,43.37071990966797
2014-05-19,44.18920135498047
2014-05-20,44.44443130493164
2014-05-21,44.629234313964844
2014-05-22,45.315711975097656
2014-05-23,46.16938400268555
2014-05-27,46.17819595336914
2014-05-28,46.591827392578125
2014-05-29,47.10227966308594
2014-05-30,46.10778045654297
2014-06-02,45.82614517211914
2014-06-03,46.12539291381836
2014-06-04,46.77666091918945
2014-06-05,47.79755401611328
2014-06-06,49.135284423828125
2014-06-09,49.592918395996094
2014-06-10,49.9273567199707
2014-06-11,49.58414840698242
2014-06-12,49.460731506347656
2014-06-13,49.434303283691406
2014-06-16,50.35088348388672
2014-06-17,50.4566535949707
2014-06-18,50.535980224609375
2014-06-19,50.474281311035156
2014-06-20,50.782745361328125
2014-06-23,50.72987747192383
2014-06-24,49.95429611206055
2014-06-25,49.963104248046875
2014-06-26,49.63700866699219
2014-06-27,48.98482131958008
2014-06-30,49.95429611206055
2014-07-01,50.28921127319336
2014-07-02,50.56241226196289
2014-07-03,50.37732696533203
2014-07-07,49.3902473449707
2014-07-08,48.92313003540039
2014-07-09,49.01126480102539
2014-07-10,49.00244140625
2014-07-11,49.381412506103516
2014-07-14,49.337345123291016
2014-07-15,49.01126480102539
2014-07-16,48.85260772705078
2014-07-17,47.830265045166016
2014-07-18,48.37668991088867
2014-07-21,48.262123107910156
2014-07-22,48.3855094909668
2014-07-23,47.98890686035156
2014-07-24,48.44721603393555
2014-07-25,48.561767578125
2014-07-28,47.21332931518555
2014-07-29,46.22622299194336
2014-07-30,47.292633056640625
2014-07-31,45.32726287841797
2014-08-01,44.38422393798828
2014-08-04,44.1727180480957
2014-08-05,44.419490814208984
2014-08-06,44.1727180480957
2014-08-07,43.952362060546875
2014-08-08,44.604576110839844
2014-08-11,44.38422393798828
2014-08-12,44.91304016113281
2014-08-13,46.0411491394043
2014-08-14,45.847251892089844
2014-08-15,46.058780670166016
2014-08-18,46.39369583129883
2014-08-19,46.36723327636719
2014-08-20,46.28791809082031
2014-08-21,45.9530143737793
2014-08-22,45.803184509277344
2014-08-25,46.24385452270508
2014-08-26,46.1645393371582
2014-08-27,45.838436126708984
2014-08-28,45.43303298950195
2014-08-29,45.32726287841797
2014-09-02,46.06757736206055
2014-09-03,45.99708557128906
2014-09-04,46.12049102783203
2014-09-05,46.25265884399414
2014-09-08,46.023521423339844
2014-09-09,45.600494384765625
2014-09-10,45.78554916381836
2014-09-11,45.882503509521484
2014-09-12,44.902713775634766
2014-09-15,44.8409423828125
2014-09-16,45.10573959350586
2014-09-17,45.070430755615234
2014-09-18,44.68203353881836
2014-09-19,44.01118469238281
2014-09-22,43.428619384765625
2014-09-23,43.18143844604492
2014-09-24,43.2520637512207
2014-09-25,42.554752349853516
2014-09-26,42.72245788574219
2014-09-29,42.3693733215332
2014-09-30,42.05160903930664
2014-10-01,42.16636276245117
2014-10-02,42.25461959838867
2014-10-03,43.37565231323242
2014-10-06,42.890167236328125
2014-10-07,41.12477111816406
2014-10-08,41.69853210449219
2014-10-09,41.22187423706055
2014-10-10,40.82466125488281
2014-10-13,40.003761291503906
2014-10-14,39.77425765991211
2014-10-15,40.35683059692383
2014-10-16,40.89528274536133
2014-10-17,41.266014099121094
2014-10-20,41.39841842651367
2014-10-21,42.5723991394043
2014-10-22,41.57495880126953
2014-10-23,42.766597747802734
2014-10-24,43.357994079589844
2014-10-27,43.384483337402344
2014-10-28,44.31129837036133
2014-10-29,44.39076232910156
2014-10-30,46.46509552001953
2014-10-31,46.862281799316406
2014-11-03,47.16240692138672
2014-11-04,46.8887825012207
2014-11-05,46.82698059082031
2014-11-06,47.15359115600586
2014-11-07,46.747554779052734
2014-11-10,46.500396728515625
2014-11-11,46.359161376953125
2014-11-12,46.341514587402344
2014-11-13,46.006080627441406
2014-11-14,46.138484954833984
2014-11-17,46.64162826538086
2014-11-18,47.5507926940918
2014-11-19,47.66556167602539
2014-11-20,47.7449951171875
2014-11-21,47.842098236083984
2014-11-24,47.62141036987305
2014-11-25,47.28599166870117
2014-11-26,46.83582305908203
2014-11-28,47.53315353393555
2014-12-01,47.4007453918457
2014-12-02,47.98330307006836
2014-12-03,48.27461624145508
2014-12-04,48.18634796142578
2014-12-05,49.033729553222656
2014-12-08,48.46879577636719
2014-12-09,48.54825210571289
2014-12-10,47.79795455932617
2014-12-11,47.833274841308594
2014-12-12,47.56806564331055
2014-12-15,47.4708251953125
2014-12-16,47.23213577270508
2014-12-17,47.8332633972168
2014-12-18,48.57583236694336
2014-12-19,48.6111946105957
2014-12-22,49.159263610839844
2014-12-23,49.22113800048828
2014-12-24,49.265342712402344
2014-12-26,49.19462585449219
2014-12-29,49.424461364746094
2014-12-30,49.203460693359375
2014-12-31,49.02666091918945
2015-01-02,48.664222717285156
2015-01-05,48.56698989868164
2015-01-06,48.48741149902344
2015-01-07,49.15042495727539
2015-01-08,49.813419342041016
2015-01-09,49.397945404052734
2015-01-12,48.6111946105957
2015-01-13,48.70841979980469
2015-01-14,48.911746978759766
2015-01-15,47.55921936035156
2015-01-16,47.17909240722656
2015-01-20,46.666385650634766
2015-01-21,46.78130340576172
2015-01-22,48.05424880981445
2015-01-23,48.16034698486328
2015-01-26,47.656471252441406
2015-01-27,47.55921936035156
2015-01-28,48.0454216003418
2015-01-29,48.43437957763672
2015-01-30,47.74485778808594
2015-02-02,48.1691780090332
2015-02-03,48.664222717285156
2015-02-04,49.176944732666016
2015-02-05,50.38801574707031
2015-02-06,50.87422561645508
2015-02-09,50.3084716796875
2015-02-10,50.28194808959961
2015-02-11,50.140499114990234
2015-02-12,51.05985641479492
2015-02-13,51.85546112060547
2015-02-17,51.767066955566406
2015-02-18,49.504032135009766
2015-02-19,50.93609619140625
2015-02-20,51.802433013916016
2015-02-23,51.572593688964844
2015-02-24,51.6256217956543
2015-02-25,51.75822067260742
2015-02-26,51.52838897705078
2015-02-27,51.03334045410156
2015-03-02,51.99691390991211
2015-03-03,51.714019775390625
2015-03-04,51.66981506347656
2015-03-05,51.369266510009766
2015-03-06,50.78582763671875
2015-03-09,51.263179779052734
2015-03-10,50.9272575378418
2015-03-11,51.19245910644531
2015-03-12,51.6256217956543
2015-03-13,51.50165557861328
2015-03-16,52.0152473449707
2015-03-17,51.661041259765625
2015-03-18,52.989322662353516
2015-03-19,53.13985061645508
2015-03-20,54.14049530029297
2015-03-23,53.927978515625
2015-03-24,53.927978515625
2015-03-25,53.405517578125
2015-03-26,53.58262634277344
2015-03-27,54.22019958496094
2015-03-30,54.82233428955078
2015-03-31,54.16703796386719
2015-04-01,54.08736038208008
2015-04-02,54.41499710083008
2015-04-06,54.59211349487305
2015-04-07,54.521278381347656
2015-04-08,54.627525329589844
2015-04-09,54.40614318847656
2015-04-10,54.22903823852539
2015-04-13,53.37895202636719
2015-04-14,53.10445022583008
2015-04-15,53.56490707397461
2015-04-16,53.27268600463867
2015-04-17,52.33403396606445
2015-04-20,52.52000427246094
2015-04-21,52.96275329589844
2015-04-22,53.449790954589844
2015-04-23,52.90076446533203
2015-04-24,53.9810905456543
2015-04-27,53.653465270996094
2015-04-28,53.84828186035156
2015-04-29,53.61802673339844
2015-04-30,54.14935302734375
2015-05-01,54.41499710083008
2015-05-04,55.123416900634766
2015-05-05,54.45927810668945
2015-05-06,54.26445388793945
2015-05-07,54.4504280090332
2015-05-08,55.23854064941406
2015-05-11,55.94694519042969
2015-05-12,54.707218170166016
2015-05-13,54.67179489135742
2015-05-14,54.78691864013672
2015-05-15,54.71608352661133
2015-05-18,54.804630279541016
2015-05-19,54.75150680541992
2015-05-20,54.49470520019531
2015-05-21,54.370731353759766
2015-05-22,54.24675750732422
2015-05-26,53.919105529785156
2015-05-27,54.74264907836914
2015-05-28,54.84891128540039
2015-05-29,55.29164505004883
2015-06-01,54.937469482421875
2015-06-02,55.24738693237305
2015-06-03,55.61931228637695
2015-06-04,54.75150680541992
2015-06-05,54.81348419189453
2015-06-08,54.370731353759766
2015-06-09,53.97224807739258
2015-06-10,54.565521240234375
2015-06-11,54.59211349487305
2015-06-12,54.19297409057617
2015-06-15,53.9801025390625
2015-06-16,53.75836944580078
2015-06-17,54.25504684448242
2015-06-18,54.46793746948242
2015-06-19,54.698543548583984
2015-06-22,55.06217956542969
2015-06-23,55.06217956542969
2015-06-24,55.03557586669922
2015-06-25,54.751766204833984
2015-06-26,54.663063049316406
2015-06-29,53.12862777709961
2015-06-30,53.34149932861328
2015-07-01,53.4035758972168
2015-07-02,53.01332092285156
2015-07-06,52.827056884765625
2015-07-07,52.906890869140625
2015-07-08,51.869144439697266
2015-07-09,52.498897552490234
2015-07-10,53.45680618286133
2015-07-13,54.09540939331055
2015-07-14,54.56549072265625
2015-07-15,54.00670623779297
2015-07-16,54.34375762939453
2015-07-17,54.4501953125
2015-07-20,54.698543548583984
2015-07-21,53.94462585449219
2015-07-22,54.1663703918457
2015-07-23,54.17523956298828
2015-07-24,54.48567199707031
2015-07-27,54.28166961669922
2015-07-28,55.3371467590332
2015-07-29,56.54340744018555
2015-07-30,56.05558395385742
2015-07-31,56.07332229614258
2015-08-03,55.60324478149414
2015-08-04,55.550018310546875
2015-08-05,55.77175521850586
2015-08-06,55.248451232910156
2015-08-07,55.58548355102539
2015-08-10,56.21524429321289
2015-08-11,56.02010726928711
2015-08-12,55.94027328491211
2015-08-13,56.13540267944336
2015-08-14,56.410362243652344
2015-08-17,57.368282318115234
2015-08-18,57.27070617675781
2015-08-19,56.96915054321289
2015-08-20,55.52340316772461
2015-08-21,53.55437469482422
2015-08-24,51.94011306762695
2015-08-25,50.51211166381836
2015-08-26,52.348106384277344
2015-08-27,53.669673919677734
2015-08-28,53.45680618286133
2015-08-31,52.87140655517578
2015-09-01,51.94011306762695
2015-09-02,52.614192962646484
2015-09-03,53.03106689453125
2015-09-04,52.08202362060547
2015-09-08,53.536624908447266
2015-09-09,53.39471435546875
2015-09-10,53.48341751098633
2015-09-11,53.77611541748047
2015-09-14,53.944908142089844
2015-09-15,54.76225662231445
2015-09-16,54.91328430175781
2015-09-17,55.11763000488281
2015-09-18,54.300270080566406
2015-09-21,54.83333969116211
2015-09-22,53.63395690917969
2015-09-23,53.829410552978516
2015-09-24,53.465145111083984
2015-09-25,52.985408782958984
2015-09-28,50.870967864990234
2015-09-29,49.813751220703125
2015-09-30,51.226356506347656
2015-10-01,52.025917053222656
2015-10-02,51.599483489990234
2015-10-05,52.42570114135742
2015-10-06,52.10588073730469
2015-10-07,52.985408782958984
2015-10-08,53.074249267578125
2015-10-09,53.012046813964844
2015-10-12,52.541202545166016
2015-10-13,52.29244613647461
2015-10-14,52.265804290771484
2015-10-15,53.607303619384766
2015-10-16,53.58952713012695
2015-10-19,53.2874870300293
2015-10-20,55.07320022583008
2015-10-21,54.433528900146484
2015-10-22,56.85892105102539
2015-10-23,56.61905288696289
2015-10-26,56.92110824584961
2015-10-27,57.30312728881836
2015-10-28,57.92502975463867
2015-10-29,57.3120231628418
2015-10-30,57.89838409423828
2015-11-02,59.30207824707031
2015-11-03,58.04052734375
2015-11-04,57.48081970214844
2015-11-05,57.00108337402344
2015-11-06,57.09880065917969
2015-11-09,56.57463073730469
2015-11-10,56.26368713378906
2015-11-11,57.756229400634766
2015-11-12,57.46305465698242
2015-11-13,56.58351135253906
2015-11-16,57.498600006103516
2015-11-17,57.383087158203125
2015-11-18,58.50249481201172
2015-11-19,59.23988342285156
2015-11-20,59.08885955810547
2015-11-23,58.3603630065918
2015-11-24,57.90725326538086
2015-11-25,58.99112319946289
2015-11-27,59.63967514038086
2015-11-30,59.710750579833984
2015-12-01,60.439266204833984
2015-12-02,59.79960632324219
2015-12-03,58.724605560302734
2015-12-04,59.63081359863281
2015-12-07,58.982269287109375
2015-12-08,58.50249481201172
2015-12-09,57.90725326538086
2015-12-10,58.09383010864258
2015-12-11,57.383087158203125
2015-12-14,57.756813049316406
2015-12-15,58.21952438354492
2015-12-16,59.13600158691406
2015-12-17,58.388587951660156
2015-12-18,57.52547073364258
2015-12-21,57.62334442138672
2015-12-22,57.988162994384766
2015-12-23,58.56653594970703
2015-12-24,58.379669189453125
2015-12-28,59.00253677368164
2015-12-29,59.58089828491211
2015-12-30,59.26947784423828
2015-12-31,58.655521392822266
2016-01-04,57.41867446899414
2016-01-05,57.35639572143555
2016-01-06,55.852638244628906
2016-01-07,54.24209976196289
2016-01-08,53.18324661254883
2016-01-11,52.93410873413086
2016-01-12,53.48577880859375
2016-01-13,52.329044342041016
2016-01-14,53.592552185058594
2016-01-15,52.213356018066406
2016-01-19,51.6171989440918
2016-01-20,51.08332824707031
2016-01-21,50.905372619628906
2016-01-22,53.352317810058594
2016-01-25,52.66717529296875
2016-01-26,53.33450698852539
2016-01-27,53.14765930175781
2016-01-28,52.693870544433594
2016-01-29,53.88619613647461
2016-02-01,53.78831481933594
2016-02-02,52.25786209106445
2016-02-03,52.83622741699219
2016-02-04,53.209957122802734
2016-02-05,50.06895065307617
2016-02-08,47.844444274902344
2016-02-09,48.29825210571289
2016-02-10,48.8054313659668
2016-02-11,50.48715591430664
2016-02-12,51.16340255737305
2016-02-16,52.05319595336914
2016-02-17,52.329044342041016
2016-02-18,52.13328552246094
2016-02-19,52.28455352783203
2016-02-22,54.3399772644043
2016-02-23,54.37556838989258
2016-02-24,55.72808074951172
2016-02-25,56.769134521484375
2016-02-26,56.84031295776367
2016-02-29,56.05729293823242
2016-03-01,57.685638427734375
2016-03-02,57.516563415527344
2016-03-03,57.69452667236328
2016-03-04,56.893699645996094
2016-03-07,56.49330520629883
2016-03-08,56.0128059387207
2016-03-09,56.34202194213867
2016-03-10,56.146270751953125
2016-03-11,56.72464370727539
2016-03-14,57.20604705810547
2016-03-15,56.73355484008789
2016-03-16,56.84052658081055
2016-03-17,57.384342193603516
2016-03-18,57.5537109375
2016-03-21,57.49131774902344
2016-03-22,57.2506217956543
2016-03-23,56.483943939208984
2016-03-24,56.28782653808594
2016-03-28,56.49285125732422
2016-03-29,56.73355484008789
2016-03-30,56.91184616088867
2016-03-31,56.79595184326172
2016-04-01,58.284725189208984
2016-04-04,57.82115173339844
2016-04-05,57.67852783203125
2016-04-06,59.024658203125
2016-04-07,57.027748107910156
2016-04-08,57.107975006103516
2016-04-11,56.52852249145508
2016-04-12,56.52852249145508
2016-04-13,57.30410385131836
2016-04-14,56.787052154541016
2016-04-15,56.84945297241211
2016-04-18,57.27735900878906
2016-04-19,56.94752502441406
2016-04-20,56.97426223754883
2016-04-21,56.3769645690918
2016-04-22,57.268455505371094
2016-04-25,57.67852783203125
2016-04-26,58.543251037597656
2016-04-27,59.577369689941406
2016-04-28,58.15991973876953
2016-04-29,58.34714126586914
2016-05-02,59.283180236816406
2016-05-03,58.56108474731445
2016-05-04,58.35605239868164
2016-05-05,58.27580642700195
2016-05-06,58.84636688232422
2016-05-09,58.98898696899414
2016-05-10,59.67543029785156
2016-05-11,58.783958435058594
2016-05-12,58.95334243774414
2016-05-13,58.84636688232422
2016-05-16,59.140541076660156
2016-05-17,59.577369689941406
2016-05-18,59.8893928527832
2016-05-19,59.91612243652344
2016-05-20,60.04983901977539
2016-05-23,59.92504119873047
2016-05-24,60.72737503051758
2016-05-25,60.57579803466797
2016-05-26,60.37971115112305
2016-05-27,60.61146545410156
2016-05-31,60.299468994140625
2016-06-01,60.7897834777832
2016-06-02,60.736289978027344
2016-06-03,60.52232360839844
2016-06-06,60.53126907348633
2016-06-07,60.39752197265625
2016-06-08,61.52079772949219
2016-06-09,61.49404525756836
2016-06-10,60.540157318115234
2016-06-13,60.27223205566406
2016-06-14,60.39728927612305
2016-06-15,60.87059783935547
2016-06-16,60.90632629394531
2016-06-17,60.450870513916016
2016-06-20,61.57609558105469
2016-06-21,61.638614654541016
2016-06-22,61.47787094116211
2016-06-23,61.84402084350586
2016-06-24,58.691532135009766
2016-06-27,57.1733512878418
2016-06-28,59.307762145996094
2016-06-29,60.73664855957031
2016-06-30,62.004783630371094
2016-07-01,61.44214630126953
2016-07-05,60.73664855957031
2016-07-06,60.95989227294922
2016-07-07,61.299259185791016
2016-07-08,62.281620025634766
2016-07-11,62.45130920410156
2016-07-12,62.98711013793945
2016-07-13,62.90677261352539
2016-07-14,63.41579818725586
2016-07-15,63.71944046020508
2016-07-18,63.35329818725586
2016-07-19,64.15703582763672
2016-07-20,64.2374038696289
2016-07-21,63.906978607177734
2016-07-22,64.60357666015625
2016-07-25,64.183837890625
2016-07-26,64.71073150634766
2016-07-27,64.19276428222656
2016-07-28,64.99650573730469
2016-07-29,64.648193359375
2016-08-01,64.65715789794922
2016-08-02,64.0230712890625
2016-08-03,63.451499938964844
2016-08-04,63.4068717956543
2016-08-05,63.77302932739258
2016-08-08,63.38901138305664
2016-08-09,63.6837272644043
2016-08-10,63.71944046020508
2016-08-11,64.13024139404297
2016-08-12,64.61249542236328
2016-08-15,65.03221130371094
2016-08-16,64.50533294677734
2016-08-17,63.99628448486328
2016-08-18,64.20167541503906
2016-08-19,63.65693283081055
2016-08-22,64.21955871582031
2016-08-23,64.46070098876953
2016-08-24,64.1213150024414
2016-08-25,64.38027954101562
2016-08-26,63.924842834472656
2016-08-29,64.38922882080078
2016-08-30,63.639076232910156
2016-08-31,63.60333251953125
2016-09-01,64.15703582763672
2016-09-02,64.648193359375
2016-09-06,64.36244201660156
2016-09-07,63.30862045288086
2016-09-08,62.40664291381836
2016-09-09,59.68283462524414
2016-09-12,60.17402648925781
2016-09-13,59.56565475463867
2016-09-14,59.12726593017578
2016-09-15,59.807212829589844
2016-09-16,59.27042007446289
2016-09-19,60.272430419921875
2016-09-20,60.26346969604492
2016-09-21,60.72869110107422
2016-09-22,61.77543258666992
2016-09-23,61.43547058105469
2016-09-26,61.059715270996094
2016-09-27,61.67702102661133
2016-09-28,62.097503662109375
2016-09-29,61.06864547729492
2016-09-30,61.65018844604492
2016-10-03,60.9881477355957
2016-10-04,60.28139114379883
2016-10-05,60.43345260620117
2016-10-06,60.791290283203125
2016-10-07,59.83405303955078
2016-10-10,60.19190216064453
2016-10-11,59.252532958984375
2016-10-12,59.96825408935547
2016-10-13,59.52986145019531
2016-10-14,60.558719635009766
2016-10-17,61.14020538330078
2016-10-18,60.7465934753418
2016-10-19,60.12032699584961
2016-10-20,60.19190216064453
2016-10-21,60.102439880371094
2016-10-24,60.621341705322266
2016-10-25,58.6173210144043
2016-10-26,58.67995071411133
2016-10-27,56.219669342041016
2016-10-28,56.89066696166992
2016-10-31,57.114322662353516
2016-11-01,56.77434158325195
2016-11-02,56.675941467285156
2016-11-03,56.62225341796875
2016-11-04,56.93537902832031
2016-11-07,58.527862548828125
2016-11-08,58.787296295166016
2016-11-09,59.71772766113281
2016-11-10,61.82910919189453
2016-11-11,62.008026123046875
2016-11-14,61.36388397216797
2016-11-15,61.5249137878418
2016-11-16,60.45135498046875
2016-11-17,61.086551666259766
2016-11-18,60.227691650390625
2016-11-21,60.77342224121094
2016-11-22,60.836063385009766
2016-11-23,60.567649841308594
2016-11-25,60.755531311035156
2016-11-28,60.29927444458008
2016-11-29,60.370849609375
2016-11-30,59.86088562011719
2016-12-01,58.56364059448242
2016-12-02,58.03580093383789
2016-12-05,57.80318832397461
2016-12-06,58.1521110534668
2016-12-07,58.84991455078125
2016-12-08,58.4920768737793
2016-12-09,58.760467529296875
2016-12-12,58.25946044921875
2016-12-13,58.84206771850586
2016-12-14,58.65382766723633
2016-12-15,58.169830322265625
2016-12-16,57.56035232543945
2016-12-19,58.17879104614258
2016-12-20,58.55525588989258
2016-12-21,58.7524299621582
2016-12-22,58.48354721069336
2016-12-23,58.6090087890625
2016-12-27,58.743465423583984
2016-12-28,58.080204010009766
2016-12-29,58.053321838378906
2016-12-30,57.3631591796875
2017-01-03,57.99056625366211
2017-01-04,59.093017578125
2017-01-05,59.41569900512695
2017-01-06,59.05717086791992
2017-01-09,58.63591766357422
2017-01-10,57.811309814453125
2017-01-11,58.88687515258789
2017-01-12,59.26331329345703
2017-01-13,58.707618713378906
2017-01-17,59.03923797607422
2017-01-18,59.58600616455078
2017-01-19,59.67561340332031
2017-01-20,58.40287780761719
2017-01-23,58.322200775146484
2017-01-24,59.532203674316406
2017-01-25,59.69353485107422
2017-01-26,59.11093521118164
2017-01-27,59.621829986572266
2017-01-30,59.01236343383789
2017-01-31,58.859981536865234
2017-02-01,59.10198974609375
2017-02-02,58.81517791748047
2017-02-03,60.34783935546875
2017-02-06,60.3568000793457
2017-02-07,60.06997299194336
2017-02-08,60.58985137939453
2017-02-09,64.29154968261719
2017-02-10,64.46186065673828
2017-02-13,64.04061126708984
2017-02-14,63.70897674560547
2017-02-15,64.3812026977539
2017-02-16,65.36713409423828
2017-02-17,65.671875
2017-02-21,66.78327941894531
2017-02-22,66.37992858886719
2017-02-23,66.28134155273438
2017-02-24,66.28134155273438
2017-02-27,65.9676284790039
2017-02-28,65.0623779296875
2017-03-01,66.0483169555664
2017-03-02,66.2903060913086
2017-03-03,66.1648178100586
2017-03-06,65.61808776855469
2017-03-07,65.30437469482422
2017-03-08,65.5284652709961
2017-03-09,65.84214782714844
2017-03-10,66.74742126464844
2017-03-13,67.151611328125
2017-03-14,66.80132293701172
2017-03-15,67.29532623291016
2017-03-16,67.501953125
2017-03-17,67.79834747314453
2017-03-20,67.57378387451172
2017-03-21,66.71148681640625
2017-03-22,67.16059875488281
2017-03-23,67.2414321899414
2017-03-24,67.41210174560547
2017-03-27,67.26836395263672
2017-03-28,67.47498321533203
2017-03-29,67.73546600341797
2017-03-30,68.13969421386719
2017-03-31,67.9959716796875
2017-04-03,68.01392364501953
2017-04-04,67.27737426757812
2017-04-05,66.58573913574219
2017-04-06,67.09773254394531
2017-04-07,67.0887451171875
2017-04-10,67.0259017944336
2017-04-11,67.62767791748047
2017-04-12,67.58277893066406
2017-04-13,67.46601104736328
2017-04-17,68.4720230102539
2017-04-18,68.2115249633789
2017-04-19,69.01097106933594
2017-04-20,69.81037902832031
2017-04-21,69.98104095458984
2017-04-24,70.27745819091797
2017-04-25,70.73556518554688
2017-04-26,71.6068344116211
2017-04-27,72.41525268554688
2017-04-28,70.63676452636719
2017-05-01,69.79241180419922
2017-05-02,69.72055053710938
2017-05-03,69.41515350341797
2017-05-04,69.47801208496094
2017-05-05,69.61277770996094
2017-05-08,68.9840087890625
2017-05-09,69.14568328857422
2017-05-10,69.01097106933594
2017-05-11,69.42412567138672
2017-05-12,68.92113494873047
2017-05-15,69.3792495727539
2017-05-16,70.49303436279297
2017-05-17,69.17262268066406
2017-05-18,69.45109558105469
2017-05-19,71.01400756835938
2017-05-22,71.3733139038086
2017-05-23,70.87030792236328
2017-05-24,71.00503540039062
2017-05-25,71.3733139038086
2017-05-26,71.30144500732422
2017-05-30,70.47508239746094
2017-05-31,70.62777709960938
2017-06-01,71.08586883544922
2017-06-02,71.91224670410156
2017-06-05,71.85833740234375
2017-06-06,70.54693603515625
2017-06-07,70.35832214355469
2017-06-08,69.74751281738281
2017-06-09,69.3702621459961
2017-06-12,70.4660873413086
2017-06-13,71.35713958740234
2017-06-14,71.78016662597656
2017-06-15,72.6802749633789
2017-06-16,73.42730712890625
2017-06-19,73.95832061767578
2017-06-20,73.72431945800781
2017-06-21,73.36431121826172
2017-06-22,73.07627868652344
2017-06-23,73.310302734375
2017-06-26,73.2742919921875
2017-06-27,72.53624725341797
2017-06-28,73.12128448486328
2017-06-29,71.84319305419922
2017-06-30,73.01329040527344
2017-07-03,73.23831176757812
2017-07-05,73.93134307861328
2017-07-06,72.59923553466797
2017-07-07,73.10327911376953
2017-07-10,73.38229370117188
2017-07-11,73.32830810546875
2017-07-12,73.79631805419922
2017-07-13,72.71626281738281
2017-07-14,72.6982421875
2017-07-17,72.75224304199219
2017-07-18,72.54525756835938
2017-07-19,72.63523864746094
2017-07-20,72.98625183105469
2017-07-21,72.3742446899414
2017-07-24,72.28421783447266
2017-07-25,71.19514465332031
2017-07-26,70.64608764648438
2017-07-27,73.08528137207031
2017-07-28,73.26526641845703
2017-07-31,73.12128448486328
2017-08-01,73.32830810546875
2017-08-02,72.7702407836914
2017-08-03,72.68923950195312
2017-08-04,73.19328308105469
2017-08-07,73.79631805419922
2017-08-08,73.23831176757812
2017-08-09,72.53624725341797
2017-08-10,71.03312683105469
2017-08-11,71.35713958740234
2017-08-14,71.5281753540039
2017-08-15,71.06013488769531
2017-08-16,71.36614227294922
2017-08-17,70.95214080810547
2017-08-18,70.35809326171875
2017-08-21,69.7370376586914
2017-08-22,70.27706909179688
2017-08-23,69.38599395751953
2017-08-24,69.44001007080078
2017-08-25,69.86304473876953
2017-08-28,70.25008392333984
2017-08-29,69.99803924560547
2017-08-30,70.47511291503906
2017-08-31,70.84410095214844
2017-09-01,71.24016571044922
2017-09-05,71.46517181396484
2017-09-06,72.23921966552734
2017-09-07,72.20321655273438
2017-09-08,72.73426818847656
2017-09-11,72.96827697753906
2017-09-12,72.90525817871094
2017-09-13,73.63431549072266
2017-09-14,74.36337280273438
2017-09-15,74.64292907714844
2017-09-18,74.53470611572266
2017-09-19,74.7150650024414
2017-09-20,75.36437225341797
2017-09-21,75.27418518066406
2017-09-22,76.24816131591797
2017-09-25,76.20307159423828
2017-09-26,76.96961975097656
2017-09-27,76.95157623291016
2017-09-28,77.3393325805664
2017-09-29,77.97964477539062
2017-10-02,78.03372955322266
2017-10-03,78.88145446777344
2017-10-04,78.214111328125
2017-10-05,78.52069854736328
2017-10-06,78.62895965576172
2017-10-09,79.01669311523438
2017-10-10,79.18807220458984
2017-10-11,79.49466705322266
2017-10-12,80.76622009277344
2017-10-13,79.62995147705078
2017-10-16,79.48564147949219
2017-10-17,78.45758056640625
2017-10-18,78.9986801147461
2017-10-19,79.12492370605469
2017-10-20,79.37743377685547
2017-10-23,78.73715209960938
2017-10-24,79.79227447509766
2017-10-25,77.99766540527344
2017-10-26,72.77616119384766
2017-10-27,72.40643310546875
2017-10-30,73.92149353027344
2017-10-31,75.2020492553711
2017-11-01,74.6068344116211
2017-11-02,74.15594482421875
2017-11-03,73.96654510498047
2017-11-06,74.93148803710938
2017-11-07,75.32832336425781
2017-11-08,75.23808288574219
2017-11-09,74.02067565917969
2017-11-10,74.96758270263672
2017-11-13,75.69806671142578
2017-11-14,74.76017761230469
2017-11-15,73.97559356689453
2017-11-16,74.31826782226562
2017-11-17,74.53470611572266
2017-11-20,75.0667724609375
2017-11-21,75.2110595703125
2017-11-22,74.99462890625
2017-11-24,74.77818298339844
2017-11-27,74.9405288696289
2017-11-28,75.1479263305664
2017-11-29,74.79621124267578
2017-11-30,75.8783950805664
2017-12-01,76.27522277832031
2017-12-04,75.23808288574219
2017-12-05,73.9485092163086
2017-12-06,73.75916290283203
2017-12-07,74.9495620727539
2017-12-08,74.36337280273438
2017-12-11,74.1018295288086
2017-12-12,74.08380126953125
2017-12-13,74.52569580078125
2017-12-14,73.65994262695312
2017-12-15,74.3466567993164
2017-12-18,74.59968566894531
2017-12-19,72.34974670410156
2017-12-20,73.1900634765625
2017-12-21,73.1900634765625
2017-12-22,72.59371185302734
2017-12-26,72.6388931274414
2017-12-27,72.2864990234375
2017-12-28,71.88892364501953
2017-12-29,71.88892364501953
2018-01-02,72.20520782470703
2018-01-03,72.51241302490234
2018-01-04,73.52442932128906
2018-01-05,73.70512390136719
2018-01-08,73.40692901611328
2018-01-09,74.93399047851562
2018-01-10,74.63581848144531
2018-01-11,76.24417114257812
2018-01-12,76.84053802490234
2018-01-16,75.96409606933594
2018-01-17,76.0905990600586
2018-01-18,75.94600677490234
2018-01-19,77.91582489013672
2018-01-22,77.52729034423828
2018-01-23,77.12068939208984
2018-01-24,77.3284912109375
2018-01-25,77.12068939208984
2018-01-26,78.04232025146484
2018-01-29,78.32242584228516
2018-01-30,77.20199584960938
2018-01-31,77.80740356445312
2018-02-01,76.95801544189453
2018-02-02,73.9581298828125
2018-02-05,71.4822998046875
2018-02-06,72.38589477539062
2018-02-07,72.25035858154297
2018-02-08,69.86490631103516
2018-02-09,70.92212677001953
2018-02-12,72.06061553955078
2018-02-13,71.97024536132812
2018-02-14,72.2593994140625
2018-02-15,74.32859802246094
2018-02-16,74.74425506591797
2018-02-20,77.40080261230469
2018-02-21,78.35857391357422
2018-02-22,77.744140625
2018-02-23,77.86161041259766
2018-02-26,79.37964630126953
2018-02-27,78.58447265625
2018-02-28,76.00021362304688
2018-03-01,74.15690612792969
2018-03-02,74.3014907836914
2018-03-05,75.00628662109375
2018-03-06,75.82855987548828
2018-03-07,75.83758544921875
2018-03-08,76.58756256103516
2018-03-09,78.80134582519531
2018-03-12,78.97300720214844
2018-03-13,77.78929901123047
2018-03-14,77.31829071044922
2018-03-15,77.42700958251953
2018-03-16,77.789306640625
2018-03-19,77.21866607666016
2018-03-20,77.5628662109375
2018-03-21,77.84365844726562
2018-03-22,76.62989044189453
2018-03-23,75.14441680908203
2018-03-26,76.59367370605469
2018-03-27,76.08644104003906
2018-03-28,75.29839324951172
2018-03-29,77.2548828125
2018-04-02,75.3980484008789
2018-04-03,76.62083435058594
2018-04-04,77.66250610351562
2018-04-05,77.84365844726562
2018-04-06,76.76577758789062
2018-04-09,76.57557678222656
2018-04-10,77.2005615234375
2018-04-11,76.57557678222656
2018-04-12,77.27302551269531
2018-04-13,76.59367370605469
2018-04-16,77.32737731933594
2018-04-17,77.55381774902344
2018-04-18,78.35090637207031
2018-04-19,77.34547424316406
2018-04-20,76.76577758789062
2018-04-23,76.55743408203125
2018-04-24,74.41072845458984
2018-04-25,75.20780181884766
2018-04-26,71.18610382080078
2018-04-27,70.49771881103516
2018-04-30,69.908935546875
2018-05-01,69.87271118164062
2018-05-02,68.04300689697266
2018-05-03,67.77127075195312
2018-05-04,68.97595977783203
2018-05-07,68.6045913696289
2018-05-08,68.74047088623047
2018-05-09,69.09371948242188
2018-05-10,70.02667999267578
2018-05-11,69.99951171875
2018-05-14,69.61003112792969
2018-05-15,69.25675964355469
2018-05-16,69.76400756835938
2018-05-17,69.62812805175781
2018-05-18,70.98683166503906
2018-05-21,71.35822296142578
2018-05-22,71.25858306884766
2018-05-23,71.75675964355469
2018-05-24,71.79298400878906
2018-05-25,71.36727905273438
2018-05-29,70.896240234375
2018-05-30,71.7476806640625
2018-05-31,69.22958374023438
2018-06-01,70.55203247070312
2018-06-04,70.94153594970703
2018-06-05,71.71145629882812
2018-06-06,71.76581573486328
2018-06-07,72.65349578857422
2018-06-08,73.4777603149414
2018-06-11,73.60455322265625
2018-06-12,74.4288330078125
2018-06-13,73.27849578857422
2018-06-14,74.27745819091797
2018-06-15,74.53173065185547
2018-06-18,73.99591827392578
2018-06-19,72.80623626708984
2018-06-20,72.65188598632812
2018-06-21,70.7265853881836
2018-06-22,70.55403900146484
2018-06-25,69.36436462402344
2018-06-26,69.31893157958984
2018-06-27,70.2815933227539
2018-06-28,70.09087371826172
2018-06-29,70.25434112548828
2018-07-02,70.4995346069336
2018-07-03,69.945556640625
2018-07-05,70.7265853881836
2018-07-06,69.80030059814453
2018-07-09,70.78108978271484
2018-07-10,71.15341186523438
2018-07-11,70.75385284423828
2018-07-12,71.81636810302734
2018-07-13,72.38850402832031
2018-07-16,71.96166229248047
2018-07-17,72.7245101928711
2018-07-18,71.95259857177734
2018-07-19,71.45311737060547
2018-07-20,72.18870544433594
2018-07-23,71.48033905029297
2018-07-24,72.48838806152344
2018-07-25,72.73358154296875
2018-07-26,73.99591827392578
2018-07-27,74.10489654541016
2018-07-30,73.49644470214844
2018-07-31,74.05040740966797
2018-08-01,73.45100402832031
2018-08-02,73.74162292480469
2018-08-03,74.21388244628906
2018-08-06,74.98578643798828
2018-08-07,75.46710205078125
2018-08-08,74.94037628173828
2018-08-09,74.97672271728516
2018-08-10,74.2865219116211
2018-08-13,74.22294616699219
2018-08-14,75.62152099609375
2018-08-15,77.46504974365234
2018-08-16,77.58309936523438
2018-08-17,78.73643493652344
2018-08-20,78.97257232666016
2018-08-21,79.72633361816406
2018-08-22,79.0997314453125
2018-08-23,78.5003433227539
2018-08-24,79.25408935546875
2018-08-27,79.6355209350586
2018-08-28,79.66276550292969
2018-08-29,78.97257232666016
2018-08-30,79.27225494384766
2018-08-31,79.20868682861328
2018-09-04,79.14510345458984
2018-09-05,81.00682067871094
2018-09-06,80.76162719726562
2018-09-07,80.56181335449219
2018-09-10,81.55171966552734
2018-09-11,81.4609146118164
2018-09-12,81.49723052978516
2018-09-13,81.13395690917969
2018-09-14,79.94147491455078
2018-09-17,80.9155044555664
2018-09-18,82.2627182006836
2018-09-19,82.45387268066406
2018-09-20,82.75426483154297
2018-09-21,81.98961639404297
2018-09-24,81.37063598632812
2018-09-25,81.13394927978516
2018-09-26,81.4980697631836
2018-09-27,81.91679382324219
2018-09-28,82.44477844238281
2018-10-01,82.96363067626953
2018-10-02,83.12748718261719
2018-10-03,83.03648376464844
2018-10-04,82.09886932373047
2018-10-05,81.51630401611328
2018-10-08,80.44214630126953
2018-10-09,79.75944519042969
2018-10-10,76.97395324707031
2018-10-11,75.3354263305664
2018-10-12,76.25482177734375
2018-10-15,76.3094253540039
2018-10-16,77.58385467529297
2018-10-17,76.61892700195312
2018-10-18,75.2899169921875
2018-10-19,74.45245361328125
2018-10-22,74.19756317138672
2018-10-23,75.32632446289062
2018-10-24,72.58636474609375
2018-10-25,75.49928283691406
2018-10-26,75.2899169921875
2018-10-29,74.34321594238281
2018-10-30,77.01036071777344
2018-10-31,78.0389633178711
2018-11-01,79.56827545166016
2018-11-02,80.2327651977539
2018-11-05,80.65149688720703
2018-11-06,81.11576080322266
2018-11-07,81.7165298461914
2018-11-08,82.30821228027344
2018-11-09,81.37063598632812
2018-11-12,80.64238739013672
2018-11-13,80.89728546142578
2018-11-14,79.29518127441406
2018-11-15,80.52405548095703
2018-11-16,81.2613754272461
2018-11-19,81.4161376953125
2018-11-20,80.78805541992188
2018-11-21,81.74385833740234
2018-11-23,81.11576080322266
2018-11-26,81.7165298461914
2018-11-27,82.15348052978516
2018-11-28,83.92854309082031
2018-11-29,83.51891326904297
2018-11-30,83.37323760986328
2018-12-03,84.7478256225586
2018-12-04,82.1808090209961
2018-12-06,81.68924713134766
2018-12-07,80.7152099609375
2018-12-10,79.4044189453125
2018-12-11,79.47721099853516
2018-12-12,79.95967864990234
2018-12-13,79.59556579589844
2018-12-14,78.79259490966797
2018-12-17,76.3471450805664
2018-12-18,76.93113708496094
2018-12-19,74.80506134033203
2018-12-20,73.37248229980469
2018-12-21,71.66613006591797
2018-12-24,68.81005859375
2018-12-26,71.73001861572266
2018-12-27,72.359619140625
2018-12-28,71.67525482177734
2018-12-31,72.73372650146484
2019-01-02,73.9564437866211
2019-01-03,72.70636749267578
2019-01-04,72.54210662841797
2019-01-07,73.29946899414062
2019-01-08,74.31230926513672
2019-01-09,75.1426773071289
2019-01-10,75.00579833984375
2019-01-11,74.88719940185547
2019-01-14,74.61343383789062
2019-01-15,74.59518432617188
2019-01-16,73.91996002197266
2019-01-17,74.60431671142578
2019-01-18,76.20114135742188
2019-01-22,74.987548828125
2019-01-23,75.2156753540039
2019-01-24,75.73579406738281
2019-01-25,76.8216323852539
2019-01-28,76.90376281738281
2019-01-29,77.5881118774414
2019-01-30,78.39109802246094
2019-01-31,78.3454818725586
2019-02-01,79.15758514404297
2019-02-04,79.64120483398438
2019-02-05,81.30189514160156
2019-02-06,81.7946548461914
2019-02-07,82.79834747314453
2019-02-08,83.39149475097656
2019-02-11,83.50099182128906
2019-02-12,84.89708709716797
2019-02-13,85.56319427490234
2019-02-14,83.65611267089844
2019-02-15,83.54660034179688
2019-02-19,80.31640625
2019-02-20,80.25254821777344
2019-02-21,80.508056640625
2019-02-22,81.84942626953125
2019-02-25,80.9369125366211
2019-02-26,80.88214874267578
2019-02-27,82.51551818847656
2019-02-28,82.08663940429688
2019-03-01,83.2181167602539
2019-03-04,82.2965087890625
2019-03-05,82.0683822631836
2019-03-06,81.61215209960938
2019-03-07,80.27079010009766
2019-03-08,80.27994537353516
2019-03-11,80.82743835449219
2019-03-12,81.03730010986328
2019-03-13,81.7946548461914
2019-03-14,81.24552154541016
2019-03-15,80.91603088378906
2019-03-18,81.36448669433594
2019-03-19,81.19059753417969
2019-03-20,80.30281066894531
2019-03-21,81.36448669433594
2019-03-22,79.82688903808594
2019-03-25,80.03740692138672
2019-03-26,80.92515563964844
2019-03-27,80.72381591796875
2019-03-28,82.20651245117188
2019-03-29,83.02107238769531
2019-04-01,84.7874755859375
2019-04-02,84.58612060546875
2019-04-03,85.56542205810547
2019-04-04,86.14201354980469
2019-04-05,86.87419128417969
2019-04-08,86.39827728271484
2019-04-09,85.56542205810547
2019-04-10,85.41898345947266
2019-04-11,85.82168579101562
2019-04-12,86.55387878417969
2019-04-15,86.09625244140625
2019-04-16,85.94065856933594
2019-04-17,85.94065856933594
2019-04-18,85.80339050292969
2019-04-22,85.99559783935547
2019-04-23,87.853515625
2019-04-24,87.40506744384766
2019-04-25,88.37518310546875
2019-04-26,89.97684478759766
2019-04-29,90.06838989257812
2019-04-30,90.81889343261719
2019-05-01,90.64497375488281
2019-05-02,90.53514862060547
2019-05-03,93.52798461914062
2019-05-06,92.64934539794922
2019-05-07,90.93785095214844
2019-05-08,91.17582702636719
2019-05-09,91.6151351928711
2019-05-10,91.77986907958984
2019-05-13,90.67245483398438
2019-05-14,90.97447204589844
2019-05-15,91.91717529296875
2019-05-16,93.23509216308594
2019-05-17,91.95376586914062
2019-05-20,91.50532531738281
2019-05-21,92.87815856933594
2019-05-22,91.45954895019531
2019-05-23,90.69989776611328
2019-05-24,90.86463165283203
2019-05-28,90.44364166259766
2019-05-29,89.50093841552734
2019-05-30,91.04766845703125
2019-05-31,88.82366180419922
2019-06-03,91.15751647949219
2019-06-04,91.90802001953125
2019-06-05,94.55303955078125
2019-06-06,94.90997314453125
2019-06-07,95.31269073486328
2019-06-10,96.59403228759766
2019-06-11,96.09980773925781
2019-06-12,95.67880249023438
2019-06-13,96.63308715820312
2019-06-14,97.28459930419922
2019-06-17,96.02745819091797
2019-06-18,97.40390014648438
2019-06-19,98.33068084716797
2019-06-20,99.34003448486328
2019-06-21,98.95463562011719
2019-06-24,99.0005111694336
2019-06-25,98.70689392089844
2019-06-26,98.7252426147461
2019-06-27,99.80799865722656
2019-06-28,101.44133758544922
2019-07-01,102.33140563964844
2019-07-02,101.17523956298828
2019-07-03,101.40464782714844
2019-07-05,101.84508514404297
2019-07-08,100.91830444335938
2019-07-09,101.09265899658203
2019-07-10,100.31269073486328
2019-07-11,100.26679992675781
2019-07-12,101.3404312133789
2019-07-15,101.6340560913086
2019-07-16,101.65240478515625
2019-07-17,99.85388946533203
2019-07-18,100.42281341552734
2019-07-19,98.7252426147461
2019-07-22,99.11981201171875
2019-07-23,99.86306762695312
2019-07-24,99.3033447265625
2019-07-25,96.17428588867188
2019-07-26,96.58721923828125
2019-07-29,95.15572357177734
2019-07-30,95.67879486083984
2019-07-31,95.00894165039062
2019-08-01,94.03626251220703
2019-08-02,93.43981170654297
2019-08-05,91.46697235107422
2019-08-06,91.60462188720703
2019-08-07,90.22820281982422
2019-08-08,90.98062896728516
2019-08-09,90.59525299072266
2019-08-12,88.98942565917969
2019-08-13,89.42989349365234
2019-08-14,86.32836151123047
2019-08-15,86.91563415527344
2019-08-16,87.56715393066406
2019-08-19,88.5948715209961
2019-08-20,87.17257690429688
2019-08-21,87.59467315673828
2019-08-22,87.80573272705078
2019-08-23,85.72273254394531
2019-08-26,86.27330780029297
2019-08-27,86.04391479492188
2019-08-28,86.52104187011719
2019-08-29,87.90666198730469
2019-08-30,88.33792877197266
2019-09-03,87.47537994384766
2019-09-04,88.78755187988281
2019-09-05,90.49431610107422
2019-09-06,90.797119140625
2019-09-09,89.8703384399414
2019-09-10,90.16397857666016
2019-09-11,91.69637298583984
2019-09-12,92.06340789794922
2019-09-13,94.0691909790039
2019-09-16,93.96797180175781
2019-09-17,93.44354248046875
2019-09-18,94.13359069824219
2019-09-19,93.96797180175781
2019-09-20,93.4527359008789
2019-09-23,93.07550811767578
2019-09-24,93.47113037109375
2019-09-25,93.71036529541016
2019-09-26,94.45564270019531
2019-09-27,94.30839538574219
2019-09-30,95.36650085449219
2019-10-01,93.0202865600586
2019-10-02,92.2290267944336
2019-10-03,93.0202865600586
2019-10-04,95.06288146972656
2019-10-07,94.38201904296875
2019-10-08,94.15200805664062
2019-10-09,92.96508026123047
2019-10-10,92.65227508544922
2019-10-11,93.35153198242188
2019-10-14,92.4222412109375
2019-10-15,93.65516662597656
2019-10-16,95.14568328857422
2019-10-17,95.80814361572266
2019-10-18,95.64252471923828
2019-10-21,96.6362075805664
2019-10-22,96.83865356445312
2019-10-23,96.02896881103516
2019-10-24,104.57652282714844
2019-10-25,104.27289581298828
2019-10-28,106.1038818359375
2019-10-29,106.20508575439453
2019-10-30,107.19877624511719
2019-10-31,106.76631927490234
2019-11-01,108.74449157714844
2019-11-04,108.68930053710938
2019-11-05,107.74159240722656
2019-11-06,107.26316833496094
2019-11-07,106.05784606933594
2019-11-08,106.40748596191406
2019-11-11,106.41671752929688
2019-11-12,105.53340148925781
2019-11-13,107.3919677734375
2019-11-14,107.82441711425781
2019-11-15,109.60017395019531
2019-11-18,108.9469223022461
2019-11-19,109.6829833984375
2019-11-20,108.10964965820312
2019-11-21,109.04814147949219
2019-11-22,109.53577423095703
2019-11-25,110.23503875732422
2019-11-26,112.39725494384766
2019-11-27,111.84518432617188
2019-11-29,110.43745422363281
2019-12-02,110.74108123779297
2019-12-03,110.57546997070312
2019-12-04,112.0567855834961
2019-12-05,112.52604675292969
2019-12-06,113.16089630126953
2019-12-09,114.17298126220703
2019-12-10,114.17298126220703
2019-12-11,115.6451187133789
2019-12-12,114.52261352539062
2019-12-13,113.17932891845703
2019-12-16,112.18343353271484
2019-12-17,113.90775299072266
2019-12-18,113.98152160644531
2019-12-19,114.04608917236328
2019-12-20,114.52556610107422
2019-12-23,113.80632019042969
2019-12-24,114.22127532958984
2019-12-26,114.93130493164062
2019-12-27,114.88519287109375
2019-12-30,114.45181274414062
2019-12-31,114.8390884399414
2020-01-02,115.62287902832031
2020-01-03,114.19361114501953
2020-01-06,113.98152160644531
2020-01-07,112.61681365966797
2020-01-08,113.09630584716797
2020-01-09,113.29917907714844
2020-01-10,113.81554412841797
2020-01-13,114.94051361083984
2020-01-14,115.00505828857422
2020-01-15,115.55831146240234
2020-01-16,118.4998550415039
2020-01-17,118.07566833496094
2020-01-21,117.23655700683594
2020-01-22,119.36663818359375
2020-01-23,119.68938446044922
2020-01-24,118.02955627441406
2020-01-27,117.72526550292969
2020-01-28,119.357421875
2020-01-29,120.62991333007812
2020-01-30,120.48237609863281
2020-01-31,119.24675750732422
2020-02-03,121.88398742675781
2020-02-04,124.71483612060547
2020-02-05,122.89826202392578
2020-02-06,122.09607696533203
2020-02-07,123.59906768798828
2020-02-10,125.75679779052734
2020-02-11,127.1491928100586
2020-02-12,127.77622985839844
2020-02-13,126.1717300415039
2020-02-14,128.0805206298828
2020-02-18,123.89415740966797
2020-02-19,120.94343566894531
2020-02-20,119.73546600341797
2020-02-21,118.56439971923828
2020-02-24,117.06135559082031
2020-02-25,114.34114837646484
2020-02-26,114.02764129638672
2020-02-27,108.97450256347656
2020-02-28,106.03297424316406
2020-03-02,111.44573211669922
2020-03-03,110.04415130615234
2020-03-04,114.66389465332031
2020-03-05,113.09630584716797
2020-03-06,110.4682846069336
2020-03-09,106.04219055175781
2020-03-10,109.16812896728516
2020-03-11,105.8393325805664
2020-03-12,95.3365478515625
2020-03-13,103.10064697265625
2020-03-16,90.3575668334961
2020-03-17,94.8796157836914
2020-03-18,89.40509796142578
2020-03-19,87.07470703125
2020-03-20,76.60649108886719
2020-03-23,72.6855697631836
2020-03-24,78.52999877929688
2020-03-25,82.71912384033203
2020-03-26,89.49757385253906
2020-03-27,84.7258529663086
2020-03-30,87.8607406616211
2020-03-31,85.09574890136719
2020-04-01,78.22482299804688
2020-04-02,78.06761169433594
2020-04-03,77.71621704101562
2020-04-06,87.37987518310547
2020-04-07,85.77082061767578
2020-04-08,87.52784729003906
2020-04-09,88.18440246582031
2020-04-13,88.56355285644531
2020-04-14,90.5517807006836
2020-04-15,87.35212707519531
2020-04-16,86.90826416015625
2020-04-17,90.2835922241211
2020-04-20,86.8805160522461
2020-04-21,83.93055725097656
2020-04-22,85.97425842285156
2020-04-23,87.97169494628906
2020-04-24,89.30335998535156
2020-04-27,91.61524963378906
2020-04-28,93.97338104248047
2020-04-29,94.65768432617188
2020-04-30,92.97463989257812
2020-05-01,90.14490509033203
2020-05-04,87.62956237792969
2020-05-05,89.4605712890625
2020-05-06,90.61651611328125
2020-05-07,92.60474395751953
2020-05-08,94.57444763183594
2020-05-11,94.02884674072266
2020-05-12,92.2163314819336
2020-05-13,86.61235046386719
2020-05-14,86.52909851074219
2020-05-15,85.94650268554688
2020-05-18,88.66531372070312
2020-05-19,87.15792846679688
2020-05-20,90.01541137695312
2020-05-21,86.9267578125
2020-05-22,87.19493103027344
2020-05-26,90.2928466796875
2020-05-27,91.5782470703125
2020-05-28,92.39205169677734
2020-05-29,92.19783782958984
2020-06-01,93.07637023925781
2020-06-02,92.4845199584961
2020-06-03,97.13601684570312
2020-06-04,98.10700225830078
2020-06-05,106.67020416259766
2020-06-08,106.84591674804688
2020-06-09,103.84049224853516
2020-06-10,100.8165283203125
2020-06-11,93.9178695678711
2020-06-12,94.70393371582031
2020-06-15,95.22339630126953
2020-06-16,96.9673843383789
2020-06-17,96.7076416015625
2020-06-18,95.53882598876953
2020-06-19,95.30690002441406
2020-06-22,95.26979064941406
2020-06-23,95.2326889038086
2020-06-24,90.75212097167969
2020-06-25,90.90982818603516
2020-06-26,90.02855682373047
2020-06-29,92.57032775878906
2020-06-30,94.82450866699219
2020-07-01,94.51839447021484
2020-07-02,94.98223114013672
2020-07-06,96.44789123535156
2020-07-07,94.66681671142578
2020-07-08,95.07498931884766
2020-07-09,93.25678253173828
2020-07-10,94.16588592529297
2020-07-13,94.3885269165039
2020-07-14,96.6983871459961
2020-07-15,99.07316589355469
2020-07-16,99.63903045654297
2020-07-17,99.11953735351562
2020-07-20,99.75035095214844
2020-07-21,101.87466430664062
2020-07-22,103.52588653564453
2020-07-23,95.13990020751953
2020-07-24,93.71133422851562
2020-07-27,94.05457305908203
2020-07-28,91.38291931152344
2020-07-29,91.11390686035156
2020-07-30,90.52021789550781
2020-07-31,92.26421356201172
2020-08-03,93.18255615234375
2020-08-04,92.21781921386719
2020-08-05,93.17330932617188
2020-08-06,92.02300262451172
2020-08-07,92.86717224121094
2020-08-10,94.91728973388672
2020-08-11,96.62417602539062
2020-08-12,96.63341522216797
2020-08-13,95.26050567626953
2020-08-14,94.21227264404297
2020-08-17,94.86161804199219
2020-08-18,93.31243896484375
2020-08-19,93.42376708984375
2020-08-20,92.15286254882812
2020-08-21,93.01557922363281
2020-08-24,95.455322265625
2020-08-25,94.69464111328125
2020-08-26,95.04715728759766
2020-08-27,95.7707290649414
2020-08-28,96.47573852539062
2020-08-31,95.90986633300781
2020-09-01,94.71318817138672
2020-09-02,97.21785736083984
2020-09-03,93.15474700927734
2020-09-04,92.458984375
2020-09-08,90.90982818603516
2020-09-09,91.54991149902344
2020-09-10,89.991455078125
2020-09-11,90.88198852539062
2020-09-14,91.96735382080078
2020-09-15,93.92171478271484
2020-09-16,96.62993621826172
2020-09-17,96.76956176757812
2020-09-18,96.09015655517578
2020-09-21,90.99016571044922
2020-09-22,91.4089584350586
2020-09-23,88.75659942626953
2020-09-24,88.99856567382812
2020-09-25,90.49689483642578
2020-09-28,92.3302993774414
2020-09-29,92.29306030273438
2020-09-30,92.05110168457031
2020-10-01,91.6695327758789
2020-10-02,91.96734619140625
2020-10-05,93.81006622314453
2020-10-06,93.86587524414062
2020-10-07,94.5173568725586
2020-10-08,96.49962615966797
2020-10-09,96.77884674072266
2020-10-12,100.28740692138672
2020-10-13,97.75601959228516
2020-10-14,97.23486328125
2020-10-15,97.55127716064453
2020-10-16,97.70948791503906
2020-10-19,96.72300720214844
2020-10-20,97.99798583984375
2020-10-21,96.6950912475586
2020-10-22,94.89891815185547
2020-10-23,95.74581146240234
2020-10-26,93.8472671508789
2020-10-27,92.37682342529297
2020-10-28,89.67793273925781
2020-10-29,91.30657958984375
2020-10-30,91.6695327758789
2020-11-02,94.4708023071289
2020-11-03,96.86260223388672
2020-11-04,94.5080337524414
2020-11-05,96.90912628173828
2020-11-06,95.69927978515625
2020-11-09,104.1124038696289
2020-11-10,107.16494750976562
2020-11-11,104.56842803955078
2020-11-12,102.51165771484375
2020-11-13,106.09468841552734
2020-11-16,110.05928802490234
2020-11-17,107.45345306396484
2020-11-18,106.61585998535156
2020-11-19,106.21568298339844
2020-11-20,105.1640396118164
2020-11-23,106.24360656738281
2020-11-24,108.69122314453125
2020-11-25,107.22077941894531
2020-11-27,106.35529327392578
2020-11-30,106.13192749023438
2020-12-01,107.02536010742188
2020-12-02,105.66659545898438
2020-12-03,105.8806381225586
2020-12-04,106.59725189208984
2020-12-07,104.42882537841797
2020-12-08,105.2757339477539
2020-12-09,103.63777160644531
2020-12-10,102.97699737548828
2020-12-11,101.98121643066406
2020-12-14,102.08358001708984
2020-12-15,104.25833892822266
2020-12-16,103.79164123535156
2020-12-17,105.30374145507812
2020-12-18,106.1717529296875
2020-12-21,105.27572631835938
2020-12-22,104.90238189697266
2020-12-23,105.24772644042969
2020-12-24,105.49974060058594
2020-12-28,106.89045715332031
2020-12-29,105.97576141357422
2020-12-30,107.28250122070312
2020-12-31,108.62654113769531
2021-01-04,106.85313415527344
2021-01-05,107.05847930908203
2021-01-06,109.49459838867188
2021-01-07,112.37873077392578
2021-01-08,111.98672485351562
2021-01-11,112.31339263916016
2021-01-12,111.89337921142578
2021-01-13,109.21459197998047
2021-01-14,108.53321075439453
2021-01-15,106.78778076171875
2021-01-19,107.06780242919922
2021-01-20,106.58245086669922
2021-01-21,107.37582397460938
2021-01-22,106.0411148071289
2021-01-25,104.62235260009766
2021-01-26,103.84764862060547
2021-01-27,104.67837524414062
2021-01-28,103.11962127685547
2021-01-29,99.88079833984375
2021-02-01,102.97027587890625
2021-02-02,103.50232696533203
2021-02-03,104.00631713867188
2021-02-04,104.41702270507812
2021-02-05,106.20909118652344
2021-02-08,109.23323059082031
2021-02-09,108.94390106201172
2021-02-10,110.05462646484375
2021-02-11,111.17467498779297
2021-02-12,110.38130187988281
2021-02-16,102.49424743652344
2021-02-17,102.01822662353516
2021-02-18,101.09417724609375
2021-02-19,101.79421997070312
2021-02-22,101.72886657714844
2021-02-23,101.54222106933594
2021-02-24,102.04622650146484
2021-02-25,100.4221420288086
2021-02-26,101.5328598022461
2021-03-01,104.25833892822266
2021-03-02,105.27572631835938
2021-03-03,104.67837524414062
2021-03-04,103.04496002197266
2021-03-05,105.76109313964844
2021-03-08,108.7292251586914
2021-03-09,106.81580352783203
2021-03-10,108.22520446777344
2021-03-11,107.33849334716797
2021-03-12,109.4759292602539
2021-03-15,110.25994873046875
2021-03-16,113.59294128417969
2021-03-17,114.74449920654297
2021-03-18,114.20150756835938
2021-03-19,112.27285766601562
2021-03-22,112.76908111572266
2021-03-23,111.68303680419922
2021-03-24,113.89253234863281
2021-03-25,115.6058578491211
2021-03-26,118.66732025146484
2021-03-29,118.22728729248047
2021-03-30,117.3004379272461
2021-03-31,117.60936737060547
2021-04-01,119.60356140136719
2021-04-05,121.73815155029297
2021-04-06,123.1144027709961
2021-04-07,122.98332977294922
2021-04-08,122.50586700439453
2021-04-09,123.29226684570312
2021-04-12,123.21739959716797
2021-04-13,121.09215545654297
2021-04-14,121.93478393554688
2021-04-15,122.20625305175781
2021-04-16,124.52810668945312
2021-04-19,123.90087127685547
2021-04-20,124.00383758544922
2021-04-21,124.6030044555664
2021-04-22,126.8499755859375
2021-04-23,129.52761840820312
2021-04-26,127.5615005493164
2021-04-27,128.87222290039062
2021-04-28,127.79557037353516
2021-04-29,128.46966552734375
2021-04-30,125.8107681274414
2021-05-03,127.39302062988281
2021-05-04,128.6475830078125
2021-05-05,127.55216217041016
2021-05-06,131.22218322753906
2021-05-07,132.24267578125
2021-05-10,133.45980834960938
2021-05-11,130.8289794921875
2021-05-12,126.75634002685547
2021-05-13,130.33277893066406
2021-05-14,131.30645751953125
2021-05-17,130.0706024169922
2021-05-18,128.44161987304688
2021-05-19,128.88162231445312
2021-05-20,128.85353088378906
2021-05-21,128.7411651611328
2021-05-24,129.88336181640625
2021-05-25,130.36083984375
2021-05-26,130.20169067382812
2021-05-27,131.2408905029297
2021-05-28,131.5217742919922
2021-06-01,130.4732208251953
2021-06-02,129.51828002929688
2021-06-03,129.1437530517578
2021-06-04,129.9769744873047
2021-06-07,129.19992065429688
2021-06-08,130.13616943359375
2021-06-09,129.28416442871094
2021-06-10,129.81785583496094
2021-06-11,129.85525512695312
2021-06-14,129.4901580810547
2021-06-15,130.00640869140625
2021-06-16,130.5977783203125
2021-06-17,128.18539428710938
2021-06-18,126.39253234863281
2021-06-21,129.3212127685547
2021-06-22,130.18478393554688
2021-06-23,129.67787170410156
2021-06-24,130.2129364013672
2021-06-25,130.3349609375
2021-06-28,130.78553771972656
2021-06-29,130.6541290283203
2021-06-30,130.75738525390625
2021-07-01,131.61154174804688
2021-07-02,131.4519500732422
2021-07-06,130.062744140625
2021-07-07,131.43325805664062
2021-07-08,129.08651733398438
2021-07-09,129.79051208496094
2021-07-12,129.6497344970703
2021-07-13,125.81993865966797
2021-07-14,127.53770446777344
2021-07-15,128.8988037109375
2021-07-16,130.00640869140625
2021-07-19,127.57524871826172
2021-07-20,132.68165588378906
2021-07-21,131.8556365966797
2021-07-22,127.6315689086914
2021-07-23,130.64474487304688
2021-07-26,129.58404541015625
2021-07-27,128.3168182373047
2021-07-28,127.27487182617188
2021-07-29,127.1904067993164
2021-07-30,128.22296142578125
2021-08-02,127.53770446777344
2021-08-03,129.35874938964844
2021-08-04,127.16221618652344
2021-08-05,128.88002014160156
2021-08-06,129.10531616210938
2021-08-09,127.99764251708984
2021-08-10,128.1103057861328
2021-08-11,128.75799560546875
2021-08-12,128.6923065185547
2021-08-13,129.54644775390625
2021-08-16,131.38624572753906
2021-08-17,131.49891662597656
2021-08-18,131.37692260742188
2021-08-19,131.6209259033203
2021-08-20,130.08151245117188
2021-08-23,130.56024169921875
2021-08-24,131.78988647460938
2021-08-25,132.4845428466797
2021-08-26,131.4519500732422
2021-08-27,132.81307983398438
2021-08-30,134.30552673339844
2021-08-31,135.15975952148438
2021-09-01,135.68540954589844
2021-09-02,138.65159606933594
2021-09-03,139.0458526611328
2021-09-07,134.37127685546875
2021-09-08,135.967041015625
2021-09-09,134.4932861328125
2021-09-10,135.69479370117188
2021-09-13,133.54522705078125
2021-09-14,131.0014190673828
2021-09-15,132.89303588867188
2021-09-16,132.8836212158203
2021-09-17,130.2861785888672
2021-09-20,129.17568969726562
2021-09-21,127.34054565429688
2021-09-22,128.3380889892578
2021-09-23,130.45556640625
2021-09-24,129.25096130371094
2021-09-27,128.82745361328125
2021-09-28,126.66292572021484
2021-09-29,127.25579071044922
2021-09-30,124.39488983154297
2021-10-01,124.66779327392578
2021-10-04,122.58797454833984
2021-10-05,122.0515365600586
2021-10-06,121.70333099365234
2021-10-07,123.79258728027344
2021-10-08,123.7078628540039
2021-10-11,121.49629974365234
2021-10-12,120.79986572265625
2021-10-13,121.326904296875
2021-10-14,124.56427764892578
2021-10-15,126.20182800292969
2021-10-18,126.88880157470703
2021-10-19,126.78527069091797
2021-10-20,128.78985595703125
2021-10-21,123.77375030517578
2021-10-22,125.65596771240234
2021-10-25,123.38789367675781
2021-10-26,121.86331939697266
2021-10-27,119.88700103759766
2021-10-28,120.41400909423828
2021-10-29,120.743408203125
2021-11-01,122.2209243774414
2021-11-02,123.47258758544922
2021-11-03,121.76919555664062
2021-11-04,123.35968780517578
2021-11-05,123.67023468017578
2021-11-08,124.24427795410156
2021-11-09,125.13835144042969
2021-11-10,124.81838989257812
2021-11-11,124.611328125
2021-11-12,127.21817016601562
2021-11-15,126.14530944824219
2021-11-16,127.66993713378906
2021-11-17,128.4322052001953
2021-11-18,126.98289489746094
2021-11-19,125.91944885253906
2021-11-22,124.77131652832031
2021-11-23,124.26313781738281
2021-11-24,124.24427795410156
2021-11-26,121.75038146972656
2021-11-29,121.10099792480469
2021-11-30,116.35787200927734
2021-12-01,115.55793762207031
2021-12-02,120.8657455444336
2021-12-03,121.60922241210938
2021-12-06,123.84902954101562
2021-12-07,123.98078918457031
2021-12-08,124.67719268798828
2021-12-09,123.18086242675781
2021-12-10,123.3408432006836
2021-12-13,122.77618408203125
2021-12-14,121.99507904052734
2021-12-15,122.68206787109375
2021-12-16,123.86787414550781
2021-12-17,120.6876449584961
2021-12-20,117.25263977050781
2021-12-21,119.24381256103516
2021-12-22,119.1400146484375
2021-12-23,120.11199951171875
2021-12-27,122.2824935913086
2021-12-28,123.67911529541016
2021-12-29,124.91533660888672
2021-12-30,124.15096282958984
2021-12-31,124.98139190673828
2022-01-03,122.07488250732422
2022-01-04,124.94364166259766
2022-01-05,122.0276870727539
2022-01-06,120.8575210571289
2022-01-07,119.49861145019531
2022-01-10,118.04533386230469
2022-01-11,120.42340850830078
2022-01-12,120.3951187133789
2022-01-13,119.01732635498047
2022-01-14,117.4508056640625
2022-01-18,116.91290283203125
2022-01-19,116.0069808959961
2022-01-20,113.94974517822266
2022-01-21,114.44989776611328
2022-01-24,116.59207916259766
2022-01-25,113.88368225097656
2022-01-26,113.61003875732422
2022-01-27,113.72327423095703
2022-01-28,114.38383483886719
2022-01-31,115.81825256347656
2022-02-01,113.24198150634766
2022-02-02,113.41184997558594
2022-02-03,109.57106018066406
2022-02-04,112.53423309326172
2022-02-07,113.67607879638672
2022-02-08,114.86512756347656
2022-02-09,118.13026428222656
2022-02-10,113.89313507080078
2022-02-11,112.17562866210938
2022-02-14,111.66603088378906
2022-02-15,110.49588012695312
2022-02-16,108.75004577636719
2022-02-17,108.13665771484375
2022-02-18,107.70256805419922
2022-02-22,107.11749267578125
2022-02-23,103.38993835449219
2022-02-24,105.4094009399414
2022-02-25,108.61792755126953
2022-02-28,108.07061004638672
2022-03-01,108.1744155883789
2022-03-02,110.7601089477539
2022-03-03,111.08094787597656
2022-03-04,110.68460845947266
2022-03-07,108.26878356933594
2022-03-08,105.15463256835938
2022-03-09,108.08946990966797
2022-03-10,106.54182434082031
2022-03-11,105.0413818359375
2022-03-14,105.64533996582031
2022-03-15,108.42048645019531
2022-03-16,110.28638458251953
2022-03-17,111.56503295898438
2022-03-18,111.89655303955078
2022-03-21,111.05358123779297
2022-03-22,111.26197052001953
2022-03-23,107.20813751220703
2022-03-24,106.63985443115234
2022-03-25,106.36518096923828
2022-03-28,107.48282623291016
2022-03-29,108.96984100341797
2022-03-30,107.35968017578125
2022-03-31,103.97836303710938
2022-04-01,105.62638854980469
2022-04-04,105.41800689697266
2022-04-05,104.30985260009766
2022-04-06,101.31686401367188
2022-04-07,102.71863555908203
2022-04-08,101.06111907958984
2022-04-11,100.890625
2022-04-12,100.20868682861328
2022-04-13,102.47238159179688
2022-04-14,101.75252532958984
2022-04-18,100.9664077758789
2022-04-19,103.51424407958984
2022-04-20,106.63985443115234
2022-04-21,106.16627502441406
2022-04-22,108.4583740234375
2022-04-25,108.65727996826172
2022-04-26,108.19318389892578
2022-04-27,109.88858795166016
2022-04-28,112.90052032470703
2022-04-29,108.20264434814453
2022-05-02,108.714111328125
2022-05-03,109.30134582519531
2022-05-04,112.19963836669922
2022-05-05,107.74803924560547
2022-05-06,106.62090301513672
2022-05-09,107.833251953125
2022-05-10,104.85922241210938
2022-05-11,102.86071014404297
2022-05-12,105.30435180664062
2022-05-13,106.8198013305664
2022-05-16,105.84424591064453
2022-05-17,107.65330505371094
2022-05-18,103.39112091064453
2022-05-19,103.05960845947266
2022-05-20,103.31535339355469
2022-05-23,102.77547454833984
2022-05-24,102.3019027709961
2022-05-25,102.38713836669922
2022-05-26,104.9255142211914
2022-05-27,107.5396499633789
2022-05-31,105.74952697753906
2022-06-01,105.92948913574219
2022-06-02,108.07950592041016
2022-06-03,105.55062866210938
2022-06-06,106.15681457519531
2022-06-07,107.36914825439453
2022-06-08,104.62240600585938
2022-06-09,102.7944107055664
2022-06-10,101.45891571044922
2022-06-13,97.6703109741211
2022-06-14,95.91807556152344
2022-06-15,95.75643157958984
2022-06-16,91.6480941772461
2022-06-17,90.98238372802734
2022-06-21,90.4212875366211
2022-06-22,90.77315521240234
2022-06-23,92.0665283203125
2022-06-24,94.71983337402344
2022-06-27,94.3774642944336
2022-06-28,93.5786361694336
2022-06-29,93.5691146850586
2022-06-30,93.1031265258789
2022-07-01,94.72933959960938
2022-07-05,95.49014282226562
2022-07-06,95.76592254638672
2022-07-07,96.06073760986328
2022-07-08,93.7117691040039
2022-07-11,93.0936050415039
2022-07-12,92.16162872314453
2022-07-13,90.78267669677734
2022-07-14,90.91582489013672
2022-07-15,92.25674438476562
2022-07-18,90.9633560180664
2022-07-19,95.56623077392578
2022-07-20,96.63134002685547
2022-07-21,98.39068603515625
2022-07-22,98.32412719726562
2022-07-25,97.96275329589844
2022-07-26,97.65841674804688
2022-07-27,99.08491516113281
2022-07-28,99.19904327392578
2022-07-29,100.52094268798828
2022-08-01,100.20709991455078
2022-08-02,97.70597839355469
2022-08-03,98.4572525024414
2022-08-04,98.18147277832031
2022-08-05,97.21144104003906
2022-08-08,97.82960510253906
2022-08-09,94.2823715209961
2022-08-10,96.87859344482422
2022-08-11,97.79155731201172
2022-08-12,101.19615173339844
2022-08-15,101.94744110107422
2022-08-16,103.14569854736328
2022-08-17,103.25030517578125
2022-08-18,103.76386260986328
2022-08-19,101.23417663574219
2022-08-22,98.08637237548828
2022-08-23,96.92616271972656
2022-08-24,96.87859344482422
2022-08-25,98.25755310058594
2022-08-26,92.87488555908203
2022-08-29,91.98094940185547
2022-08-30,91.9524154663086
2022-08-31,90.44032287597656
2022-09-01,91.03944396972656
2022-09-02,90.2406005859375
2022-09-06,90.00284576416016
2022-09-07,93.19822692871094
2022-09-08,93.34088134765625
2022-09-09,94.74835205078125
2022-09-12,96.25092315673828
2022-09-13,91.19161224365234
2022-09-14,90.48786163330078
2022-09-15,88.96922302246094
2022-09-16,85.6645278930664
2022-09-19,88.0714111328125
2022-09-20,87.01124572753906
2022-09-21,87.03987884521484
2022-09-22,86.56232452392578
2022-09-23,87.90904998779297
2022-09-26,86.14208221435547
2022-09-27,84.99593353271484
2022-09-28,87.67982482910156
2022-09-29,85.26337432861328
2022-09-30,85.65496063232422
2022-10-03,88.30064392089844
2022-10-04,91.53849029541016
2022-10-05,91.65310668945312
2022-10-06,90.17269134521484
2022-10-07,88.2719955444336
2022-10-10,87.6702651977539
2022-10-11,87.46969604492188
2022-10-12,86.43817138671875
2022-10-13,88.0618667602539
2022-10-14,85.90331268310547
2022-10-17,89.33216094970703
2022-10-18,90.90811920166016
2022-10-19,87.97590637207031
2022-10-20,85.76958465576172
2022-10-21,88.62538146972656
2022-10-24,90.12493133544922
2022-10-25,93.16220092773438
2022-10-26,92.96163177490234
2022-10-27,98.81649780273438
2022-10-28,101.42396545410156
2022-10-31,100.06769561767578
2022-11-01,101.77735137939453
2022-11-02,97.43157958984375
2022-11-03,97.74674987792969
2022-11-04,98.49175262451172
2022-11-07,102.26447296142578
2022-11-08,101.98747253417969
2022-11-09,99.6856460571289
2022-11-10,108.86434173583984
2022-11-11,108.47273254394531
2022-11-14,105.97032928466797
2022-11-15,107.58448028564453
2022-11-16,106.06584167480469
2022-11-17,105.79840087890625
2022-11-18,107.8901138305664
2022-11-21,107.60358428955078
2022-11-22,108.8261489868164
2022-11-23,108.8738784790039
2022-11-25,109.18907165527344
2022-11-28,107.21196746826172
2022-11-29,105.79840087890625
2022-11-30,108.54915618896484
2022-12-01,108.94075012207031
2022-12-02,109.38008880615234
2022-12-05,106.03719329833984
2022-12-06,104.27021789550781
2022-12-07,104.2511215209961
2022-12-08,105.88436126708984
2022-12-09,104.23200225830078
2022-12-12,105.30175018310547
2022-12-13,106.81082916259766
2022-12-14,104.8432846069336
2022-12-15,101.34403991699219
2022-12-16,99.57044219970703
2022-12-19,100.25110626220703
2022-12-20,100.16484832763672
2022-12-21,102.34107208251953
2022-12-22,100.83592987060547
2022-12-23,100.6921157836914
2022-12-27,101.60289764404297
2022-12-28,100.01144409179688
2022-12-29,102.33148956298828
2022-12-30,100.91262817382812
2023-01-03,103.2518539428711
2023-01-04,104.72822570800781
2023-01-05,103.29977416992188
2023-01-06,106.8182144165039
2023-01-09,107.63308715820312
2023-01-10,107.41260528564453
2023-01-11,109.39710235595703
2023-01-12,108.8218765258789
2023-01-13,109.06156921386719
2023-01-17,108.13162994384766
2023-01-18,106.377197265625
2023-01-19,103.78873443603516
2023-01-20,106.70316314697266
2023-01-23,107.46053314208984
2023-01-24,108.70684051513672
2023-01-25,108.66849517822266
2023-01-26,108.5726089477539
2023-01-27,109.56009674072266
2023-01-30,109.72306060791016
2023-01-31,112.69502258300781
2023-02-01,115.0917739868164
2023-02-02,116.71197509765625
2023-02-03,117.85282897949219
2023-02-06,115.87791442871094
2023-02-07,115.29309844970703
2023-02-08,115.18763732910156
2023-02-09,113.6824951171875
2023-02-10,113.20313262939453
2023-02-13,114.9671401977539
2023-02-14,114.90962219238281
2023-02-15,116.55858612060547
2023-02-16,113.84547424316406
2023-02-17,113.70166015625
2023-02-21,110.25993347167969
2023-02-22,108.46717834472656
2023-02-23,109.08071899414062
2023-02-24,108.34254455566406
2023-02-27,108.33293914794922
2023-02-28,108.05491638183594
2023-03-01,107.76732635498047
2023-03-02,107.8631820678711
2023-03-03,110.02025604248047
2023-03-06,109.7038803100586
2023-03-07,108.69725036621094
2023-03-08,109.62718963623047
2023-03-09,106.8948974609375
2023-03-10,103.05050659179688
2023-03-13,101.60289764404297
2023-03-14,103.61510467529297
2023-03-15,99.97576141357422
2023-03-16,102.22869110107422
2023-03-17,99.4751205444336
2023-03-20,101.87244415283203
2023-03-21,102.94115447998047
2023-03-22,99.99502563476562
2023-03-23,98.46419525146484
2023-03-24,96.85633850097656
2023-03-27,98.58935546875
2023-03-28,100.34162902832031
2023-03-29,101.47772216796875
2023-03-30,101.13111114501953
2023-03-31,102.75822448730469
2023-04-03,102.11315155029297
2023-04-04,96.24978637695312
2023-04-05,95.49881744384766
2023-04-06,95.93206024169922
2023-04-10,96.64452362060547
2023-04-11,97.55918884277344
2023-04-12,97.77099609375
2023-04-13,98.33902740478516
2023-04-14,98.9167251586914
2023-04-17,100.54380798339844
2023-04-18,100.42829132080078
2023-04-19,100.30311584472656
2023-04-20,100.31275177001953
2023-04-21,99.15741729736328
2023-04-24,99.30181884765625
2023-04-25,98.15611267089844
2023-04-26,103.48992919921875
2023-04-27,107.29293823242188
2023-04-28,106.3686752319336
2023-05-01,106.56123352050781
2023-05-02,105.53104400634766
2023-05-03,104.90524291992188
2023-05-04,103.04705810546875
2023-05-05,104.06761932373047
2023-05-08,103.61510467529297
2023-05-09,103.83654022216797
2023-05-10,104.2794189453125
2023-05-11,104.81859588623047
2023-05-12,104.6741714477539
2023-05-15,105.30960083007812
2023-05-16,102.53678131103516
2023-05-17,104.99188995361328
2023-05-18,106.37830352783203
2023-05-19,105.23258209228516
2023-05-22,105.67547607421875
2023-05-23,103.84617614746094
2023-05-24,102.3249740600586
2023-05-25,101.33329772949219
2023-05-26,103.11444854736328
2023-05-30,103.09519958496094
2023-05-31,100.84227752685547
2023-06-01,100.86154174804688
2023-06-02,105.2037124633789
2023-06-05,104.4334716796875
2023-06-06,106.07020568847656
2023-06-07,108.87191772460938
2023-06-08,108.89117431640625
2023-06-09,108.45793151855469
2023-06-12,110.32572937011719
2023-06-13,113.38738250732422
2023-06-14,112.8558349609375
2023-06-15,114.95309448242188
2023-06-16,114.46018981933594
2023-06-20,114.2572250366211
2023-06-21,115.41699981689453
2023-06-22,112.48856353759766
2023-06-23,111.6283950805664
2023-06-26,113.242431640625
2023-06-27,115.00141143798828
2023-06-28,114.19923400878906
2023-06-29,115.57164001464844
2023-06-30,115.99687194824219
2023-07-03,114.76945495605469
2023-07-05,112.66252899169922
2023-07-06,111.55107879638672
2023-07-07,112.87516021728516
2023-07-10,114.58582305908203
2023-07-11,117.33062744140625
2023-07-12,118.248779296875
2023-07-13,118.66437530517578
2023-07-14,118.6257095336914
2023-07-17,120.02711486816406
2023-07-18,121.38983917236328
2023-07-19,121.58313751220703
2023-07-20,120.44269561767578
2023-07-21,120.99358367919922
2023-07-24,122.11470031738281
2023-07-25,122.8105697631836
2023-07-26,113.36807250976562
2023-07-27,111.63806915283203
2023-07-28,111.13549041748047
2023-07-31,112.94281768798828
2023-08-01,112.23727416992188
2023-08-02,110.6426010131836
2023-08-03,107.84944915771484
2023-08-04,108.15874481201172
2023-08-07,109.42481994628906
2023-08-08,108.06209564208984
2023-08-09,107.19226837158203
2023-08-10,107.54985809326172
2023-08-11,107.67549896240234
2023-08-14,108.55498504638672
2023-08-15,105.58789825439453
2023-08-16,104.15750885009766
2023-08-17,102.32121276855469
2023-08-18,104.02220916748047
2023-08-21,103.83857727050781
2023-08-22,104.17684173583984
2023-08-23,106.72835540771484
2023-08-24,104.7470474243164
2023-08-25,106.15812683105469
2023-08-28,107.0956039428711
2023-08-29,108.98023223876953
2023-08-30,109.7630844116211
2023-08-31,109.99504852294922
2023-09-01,110.9035415649414
2023-09-05,107.41455078125
2023-09-06,104.83404541015625
2023-09-07,104.4087905883789
2023-09-08,104.4764404296875
2023-09-11,104.64073944091797
2023-09-12,103.18136596679688
2023-09-13,102.02159118652344
2023-09-14,102.74644470214844
2023-09-15,102.5717544555664
2023-09-18,102.0864486694336
2023-09-19,102.72703552246094
2023-09-20,101.18379974365234
2023-09-21,100.79556274414062
2023-09-22,100.7664566040039
2023-09-25,100.93144226074219
2023-09-26,99.08733367919922
2023-09-27,100.25202941894531
2023-09-28,101.1935043334961
2023-09-29,101.1352767944336
2023-10-02,100.09673309326172
2023-10-03,99.75704956054688
2023-10-04,101.05763244628906
2023-10-05,99.72792053222656
2023-10-06,100.64027404785156
2023-10-09,101.37792205810547
2023-10-10,102.36792755126953
2023-10-11,102.85321044921875
2023-10-12,100.88292694091797
2023-10-13,100.43643951416016
2023-10-16,102.1640853881836
2023-10-17,102.48438262939453
2023-10-18,97.12674713134766
2023-10-19,95.6611557006836
2023-10-20,94.14704132080078
2023-10-23,94.02085876464844
2023-10-24,94.2538070678711
2023-10-25,93.68115234375
2023-10-26,94.38969421386719
2023-10-27,94.56440734863281
2023-10-30,94.83615112304688
2023-10-31,95.467041015625
2023-11-01,96.01056671142578
2023-11-02,96.2143783569336
2023-11-03,98.89321899414062
2023-11-06,98.73792266845703
2023-11-07,98.42733764648438
2023-11-08,99.06790924072266
2023-11-09,98.15556335449219
2023-11-10,100.4461441040039
2023-11-13,100.19380187988281
2023-11-14,102.81438446044922
2023-11-15,103.53262329101562
2023-11-16,102.83380126953125
2023-11-17,103.2220458984375
2023-11-20,102.62997436523438
2023-11-21,101.0964584350586
2023-11-22,101.59143829345703
2023-11-24,101.95056915283203
2023-11-27,101.08673858642578
2023-11-28,101.05763244628906
2023-11-29,101.5137939453125
2023-11-30,102.96968078613281
2023-12-01,105.49322509765625
2023-12-04,103.90145874023438
2023-12-05,102.41644287109375
2023-12-06,102.03791809082031
2023-12-07,101.99909210205078
2023-12-08,107.09468078613281
2023-12-11,106.55115509033203
2023-12-12,106.52203369140625
2023-12-13,107.97792053222656
2023-12-14,115.09233093261719
2023-12-15,114.49800872802734
2023-12-18,114.91695404052734
2023-12-19,116.44658660888672
2023-12-20,117.44034576416016
2023-12-21,119.84684753417969
2023-12-22,122.87686920166016
2023-12-26,124.201904296875
2023-12-27,124.30906677246094
2023-12-28,123.59783172607422
2023-12-29,123.43222045898438
2024-01-02,121.0549545288086
2024-01-03,118.38541412353516
2024-01-04,119.12586212158203
2024-01-05,119.62275695800781
2024-01-08,120.54833984375
2024-01-09,120.860107421875
2024-01-10,118.96024322509766
2024-01-11,117.56702423095703
2024-01-12,116.69989776611328
2024-01-16,116.33941650390625
2024-01-17,115.66716003417969
2024-01-18,118.05415344238281
2024-01-19,119.04792785644531
2024-01-22,122.16564178466797
2024-01-23,121.13290405273438
2024-01-24,119.7688980102539
2024-01-25,122.52613067626953
2024-01-26,121.65901184082031
2024-01-29,123.59783172607422
2024-01-30,122.945068359375
2024-01-31,120.70421600341797
2024-02-01,123.95832824707031
2024-02-02,124.34803009033203
2024-02-05,122.52613067626953
2024-02-06,122.78919219970703
2024-02-07,123.67578125
2024-02-08,127.16373443603516
2024-02-09,128.51797485351562
2024-02-12,130.13531494140625
2024-02-13,126.25764465332031
2024-02-14,127.80674743652344
2024-02-15,129.88197326660156
2024-02-16,129.01486206054688
2024-02-20,128.66412353515625
2024-02-21,127.73857116699219
2024-02-22,126.32584381103516
2024-02-23,125.7704849243164
2024-02-26,125.18592071533203
2024-02-27,125.96534729003906
2024-02-28,124.86441040039062
2024-02-29,124.58187103271484
2024-03-01,123.53939819335938
2024-03-04,125.47821044921875
2024-03-05,124.25061798095703
2024-03-06,125.10799407958984
2024-03-07,128.5082244873047
2024-03-08,127.48526000976562
2024-03-11,127.67033386230469
2024-03-12,129.6579132080078
2024-03-13,129.3461151123047
2024-03-14,127.17536163330078
2024-03-15,127.498046875
2024-03-18,128.4269561767578
2024-03-19,130.05992126464844
2024-03-20,132.2795867919922
2024-03-21,132.28936767578125
2024-03-22,131.14532470703125
2024-03-25,129.962158203125
2024-03-26,130.38262939453125
2024-03-27,131.2626495361328
2024-03-28,131.72222900390625
2024-04-01,129.38525390625
2024-04-02,128.66165161132812
2024-04-03,128.56387329101562
2024-04-04,128.11407470703125
2024-04-05,129.37545776367188
2024-04-08,129.91326904296875
2024-04-09,130.91065979003906
2024-04-10,126.26600646972656
2024-04-11,126.87223815917969
2024-04-12,124.59391784667969
2024-04-15,124.12456512451172
2024-04-16,123.57698059082031
2024-04-17,122.99028778076172
2024-04-18,122.07113647460938
2024-04-19,122.43292999267578
2024-04-22,122.63827514648438
2024-04-23,124.15389251708984
2024-04-24,123.73343658447266
2024-04-25,122.10047912597656
2024-04-26,121.10310363769531
2024-04-29,122.04180145263672
2024-04-30,118.86388397216797
2024-05-01,118.3749771118164
2024-05-02,119.54837036132812
2024-05-03,120.15460205078125
2024-05-06,122.1102523803711
2024-05-07,121.611572265625
2024-05-08,121.37688446044922
2024-05-09,122.88272094726562
2024-05-10,123.19563293457031
2024-05-13,122.92184448242188
2024-05-14,124.51569366455078
2024-05-15,125.10238647460938
2024-05-16,122.60894012451172
2024-05-17,121.67023468017578
2024-05-20,120.50662231445312
2024-05-21,120.80976104736328
2024-05-22,120.34039306640625
2024-05-23,118.86388397216797
2024-05-24,119.88082122802734
2024-05-28,117.74917602539062
2024-05-29,116.74201965332031
2024-05-30,117.77851104736328
2024-05-31,119.11812591552734
2024-06-03,117.827392578125
2024-06-04,115.03083801269531
2024-06-05,115.63707733154297
2024-06-06,114.91349029541016
2024-06-07,114.3365707397461
2024-06-10,114.8841552734375
2024-06-11,114.70814514160156
2024-06-12,117.32870483398438
2024-06-13,116.51712036132812
2024-06-14,114.23939514160156
2024-06-17,114.11177062988281
2024-06-18,114.48484802246094
2024-06-20,113.64051818847656
2024-06-21,114.11177062988281
2024-06-24,116.23240661621094
2024-06-25,114.01358795166016
2024-06-26,112.56056213378906
2024-06-27,114.20013427734375
2024-06-28,115.99677276611328
2024-07-01,113.63069152832031
2024-07-02,113.99395751953125
2024-07-03,113.58161163330078
2024-07-05,112.85509490966797
2024-07-08,112.94345092773438
2024-07-09,112.58019256591797
2024-07-10,114.86773681640625
2024-07-11,117.64616394042969
2024-07-12,120.68966674804688
2024-07-15,120.4834976196289
2024-07-16,125.6869125366211
2024-07-17,124.60694885253906
2024-07-18,125.0880126953125
2024-07-19,121.83834075927734
2024-07-22,124.36149597167969
2024-07-23,124.86221313476562
2024-07-24,125.52982330322266
2024-07-25,130.4583282470703
2024-07-26,134.2774200439453
2024-07-29,135.15121459960938
2024-07-30,136.80059814453125
2024-07-31,134.31671142578125
2024-08-01,129.8790740966797
2024-08-02,127.17919921875
2024-08-05,125.42181396484375
2024-08-06,125.26473999023438
2024-08-07,124.21424102783203
2024-08-08,127.10066223144531
2024-08-09,126.54104614257812
2024-08-12,126.41341400146484
2024-08-13,127.71916961669922
2024-08-14,128.70095825195312
2024-08-15,130.5270538330078
2024-08-16,128.877685546875
2024-08-19,130.42886352539062
2024-08-20,129.800537109375
2024-08-21,132.05862426757812
2024-08-22,132.54953002929688
2024-08-23,134.50323486328125
2024-08-26,135.2003173828125
2024-08-27,134.7094268798828
2024-08-28,134.1400146484375
2024-08-29,134.80758666992188
2024-08-30,136.30970764160156
2024-09-03,134.50323486328125
2024-09-04,134.84686279296875
2024-09-05,133.2171173095703
2024-09-06,132.04881286621094
2024-09-09,132.1077117919922
2024-09-10,133.67855834960938
2024-09-11,134.59158325195312
2024-09-12,136.58460998535156
2024-09-13,138.5972442626953
2024-09-16,140.11900329589844
2024-09-17,140.7571563720703
2024-09-18,140.8062286376953
2024-09-19,141.13023376464844
2024-09-20,138.30308532714844
2024-09-23,140.51947021484375
2024-09-24,141.69171142578125
2024-09-25,141.24844360351562
2024-09-26,141.55380249023438
2024-09-27,141.6227569580078
2024-09-30,143.5633544921875
2024-10-01,142.8048553466797
2024-10-02,143.66184997558594
2024-10-03,143.71109008789062
2024-10-04,143.43528747558594
2024-10-07,143.8292999267578
2024-10-08,143.1890106201172
2024-10-09,144.38096618652344
2024-10-10,142.47976684570312
2024-10-11,145.1000518798828
2024-10-14,147.22779846191406
2024-10-15,147.29673767089844
2024-10-16,148.67581176757812
2024-10-17,150.20266723632812
2024-10-18,151.06951904296875
2024-10-21,149.73968505859375
2024-10-22,148.3507537841797
2024-10-23,148.6068572998047
2024-10-24,143.10037231445312
2024-10-25,140.47024536132812
2024-10-28,140.2042694091797
2024-10-29,137.69235229492188
2024-10-30,136.9732666015625
2024-10-31,137.5446014404297
2024-11-01,137.74159240722656
2024-11-04,137.4165496826172
2024-11-05,138.79562377929688
2024-11-06,138.82518005371094
2024-11-07,140.57861328125
2024-11-08,141.6326141357422
2024-11-11,141.28782653808594
2024-11-12,139.7511444091797
2024-11-13,138.7266845703125
2024-11-14,139.20938110351562
2024-11-15,137.6726531982422
2024-11-18,136.56939697265625
2024-11-19,136.05714416503906
2024-11-20,137.34756469726562
2024-11-21,139.29800415039062
2024-11-22,139.2684783935547
2024-11-25,140.5391845703125
2024-11-26,138.29324340820312
2024-11-27,139.29800415039062
2024-11-29,138.73651123046875
2024-12-02,138.30308532714844
2024-12-03,138.39175415039062
2024-12-04,138.9630889892578
2024-12-05,138.2242889404297
2024-12-06,138.39175415039062
2024-12-09,139.31768798828125
2024-12-10,138.48040771484375
2024-12-11,138.34249877929688
2024-12-12,137.17025756835938
2024-12-13,136.7565460205078
2024-12-16,135.46609497070312
2024-12-17,135.07069396972656
2024-12-18,130.95846557617188
2024-12-19,129.12973022460938
2024-12-20,130.6619110107422
2024-12-23,130.6125030517578
2024-12-24,131.5120391845703
2024-12-26,131.46261596679688
2024-12-27,130.45433044433594
2024-12-30,129.4658203125
2024-12-31,129.17913818359375
2025-01-02,127.11315155029297
2025-01-03,128.6848907470703
2025-01-06,127.6370620727539
2025-01-07,125.95658874511719
2025-01-08,126.92532348632812
2025-01-10,124.76049041748047
2025-01-13,126.78693389892578
2025-01-14,128.25982666015625
2025-01-15,129.42626953125
2025-01-16,131.09686279296875
2025-01-17,132.0557098388672
2025-01-21,133.51873779296875
2025-01-22,130.6619110107422
2025-01-23,131.71963500976562
2025-01-24,131.00790405273438
2025-01-27,133.9438018798828
2025-01-28,130.5927276611328
2025-01-29,129.49546813964844
2025-01-30,131.9865264892578
2025-01-31,131.20559692382812
2025-02-03,127.25153350830078
2025-02-04,127.01429748535156
2025-02-05,127.58765411376953
2025-02-06,127.81499481201172
2025-02-07,127.21200561523438
2025-02-10,129.06053161621094
2025-02-11,130.2170867919922
2025-02-12,129.98973083496094
2025-02-13,131.62078857421875
2025-02-14,131.85801696777344
2025-02-18,124.44416046142578
2025-02-19,125.1262435913086
2025-02-20,125.650146484375
2025-02-21,125.69957733154297
2025-02-24,126.46073150634766
2025-02-25,128.39820861816406
2025-02-26,127.9336166381836
2025-02-27,125.92693328857422
2025-02-28,127.23178100585938
2025-03-03,125.06692504882812
2025-03-04,122.36827850341797
2025-03-05,125.02738189697266
2025-03-06,125.88738250732422
2025-03-07,129.79202270507812
2025-03-10,130.78054809570312
2025-03-11,124.51335144042969
2025-03-12,122.51655578613281
2025-03-13,123.55449676513672
2025-03-14,125.71829223632812
2025-03-17,126.42301177978516
2025-03-18,127.02848052978516
2025-03-19,127.69349670410156
2025-03-20,126.7704086303711
2025-03-21,126.11531829833984
2025-03-24,129.6190643310547
2025-03-25,128.6265106201172
2025-03-26,129.41062927246094
2025-03-27,129.2220458984375
2025-03-28,127.33616638183594
2025-03-31,129.49005126953125
2025-04-01,130.02601623535156
2025-04-02,131.16746520996094
2025-04-03,126.26419830322266
2025-04-04,122.72074890136719
2025-04-07,119.88201141357422
2025-04-08,117.63880920410156
2025-04-09,123.72323608398438
2025-04-10,121.17234802246094
2025-04-11,124.21952056884766
2025-04-14,125.35104370117188
2025-04-15,125.95651245117188
2025-04-16,124.19966888427734
2025-04-17,125.41059875488281
2025-04-21,122.3534927368164
2025-04-22,125.8770980834961
2025-04-23,125.519775390625
2025-04-24,138.47274780273438
2025-04-25,135.47520446777344
2025-04-28,136.23947143554688
2025-04-29,137.17250061035156
2025-04-30,138.16506958007812
2025-05-01,137.6588592529297
2025-05-02,139.88218688964844
2025-05-05,139.84249877929688
2025-05-06,138.85984802246094
2025-05-07,139.18739318847656
2025-05-08,139.8623504638672
2025-05-09,140.7953643798828
2025-05-12,142.73086547851562
2025-05-13,141.78793334960938
2025-05-14,140.0310821533203
2025-05-15,141.8474884033203
2025-05-16,144.5571746826172
2025-05-19,143.4157257080078
2025-05-20,142.6117401123047
2025-05-21,140.904541015625
2025-05-22,140.57699584960938
2025-05-23,140.25936889648438
2025-05-27,143.45542907714844
2025-05-28,142.03607177734375
2025-05-29,142.28421020507812
2025-05-30,141.6390380859375
2025-06-02,138.37350463867188
2025-06-03,138.06581115722656
2025-06-04,137.08316040039062
2025-06-05,137.20225524902344
2025-06-06,138.1154327392578
2025-06-09,138.5620880126953
2025-06-10,138.63156127929688
2025-06-11,136.9144287109375
2025-06-12,137.63900756835938
2025-06-13,134.78977966308594
2025-06-16,135.58677673339844
2025-06-17,135.7262420654297
2025-06-18,136.2841339111328
2025-06-20,137.1110076904297
2025-06-23,141.91281127929688
2025-06-24,143.06845092773438
2025-06-25,142.28143310546875
2025-06-26,142.84927368164062
2025-06-27,143.34738159179688
2025-06-30,143.57652282714844
2025-07-01,147.09320068359375
2025-07-02,147.39207458496094
2025-07-03,147.55148315429688
2025-07-07,147.59132385253906
2025-07-08,147.97984313964844
2025-07-09,149.49412536621094
2025-07-10,150.9585723876953
2025-07-11,148.24884033203125
2025-07-14,147.75071716308594
2025-07-15,145.00112915039062
2025-07-16,145.51918029785156
2025-07-17,152.95103454589844
2025-07-18,152.2437286376953
2025-07-21,149.0458221435547
2025-07-22,152.13414001464844
2025-07-23,153.7779083251953
2025-07-24,163.05279541015625
2025-07-25,164.7663116455078
2025-07-28,163.05279541015625
2025-07-29,163.4911346435547
2025-07-30,164.19847106933594
2025-07-31,165.2943115234375
2025-08-01,164.50729370117188
2025-08-04,166.10125732421875
2025-08-05,164.77627563476562
2025-08-06,163.8697052001953
2025-08-07,163.12254333496094
2025-08-08,163.1026153564453
2025-08-11,163.82984924316406
2025-08-12,165.80238342285156
2025-08-13,168.98036193847656
2025-08-14,167.91439819335938
2025-08-15,166.5395965576172
2025-08-18,166.56948852539062
2025-08-19,169.21945190429688
2025-08-20,167.884521484375
2025-08-21,166.57945251464844
2025-08-22,171.59048461914062
2025-08-25,169.1796112060547
2025-08-26,170.88316345214844
2025-08-27,171.35137939453125
2025-08-28,170.3252716064453
2025-08-29,169.15968322753906
2025-09-02,167.3565216064453
2025-09-03,167.05764770507812
2025-09-04,170.10609436035156
2025-09-05,171.2119140625
2025-09-08,172.44725036621094
2025-09-09,169.32904052734375
2025-09-10,169.78729248046875
2025-09-11,176.5118408203125
2025-09-12,174.36000061035156
2025-09-15,175.53555297851562
2025-09-16,176.37237548828125
2025-09-17,175.94400024414062
2025-09-18,178.10581970214844
2025-09-19,178.65374755859375
2025-09-22,177.1394805908203
2025-09-23,176.7708740234375
2025-09-24,174.6787872314453
2025-09-25,172.31773376464844
2025-09-26,174.35003662109375
2025-09-29,174.37991333007812
2025-09-30,176.68121337890625
2025-10-01,176.0635528564453
2025-10-02,177.0697479248047
2025-10-03,176.62142944335938
2025-10-06,176.69117736816406
2025-10-07,176.36241149902344
2025-10-08,177.59774780273438
2025-10-09,174.7883758544922
2025-10-10,172.6365203857422
2025-10-13,173.03501892089844
2025-10-14,174.9378204345703
2025-10-15,176.61148071289062
2025-10-16,176.8306427001953
2025-10-17,176.82069396972656
2025-10-20,177.2988739013672
2025-10-21,178.793212890625
2025-10-22,174.83819580078125
2025-10-23,170.57432556152344
2025-10-24,166.6691131591797
2025-10-27,170.29537963867188
2025-10-28,168.44239807128906
2025-10-29,164.96556091308594
2025-10-30,164.66668701171875
2025-10-31,165.14488220214844
2025-11-03,164.05899047851562
2025-11-04,164.92572021484375
2025-11-05,165.18472290039062
2025-11-06,164.44752502441406
2025-11-07,166.71893310546875
2025-11-10,166.25070190429688
2025-11-11,166.9181671142578
2025-11-12,167.7450408935547
2025-11-13,163.89959716796875
2025-11-14,160.6419219970703
2025-11-17,159.36676025390625
2025-11-18,160.46261596679688
2025-11-19,160.07406616210938
2025-11-20,158.8487091064453
2025-11-21,162.2558135986328
2025-11-24,161.67799377441406
2025-11-25,165.4636688232422
2025-11-26,165.04525756835938
2025-11-28,165.40390014648438
2025-12-01,164.54713439941406
2025-12-02,163.54095458984375
2025-12-03,163.41143798828125
2025-12-04,160.24343872070312
2025-12-05,158.4801025390625
2025-12-08,158.2609405517578
2025-12-09,156.89610290527344
2025-12-10,159.6955108642578
2025-12-11,164.08888244628906
2025-12-12,160.2235107421875
2025-12-15,162.44509887695312
2025-12-16,159.06788635253906
2025-12-17,160.10397338867188
2025-12-18,159.3169403076172
2025-12-19,159.39663696289062
2025-12-22,160.1637420654297
2025-12-23,160.01429748535156
2025-12-24,160.24343872070312
2025-12-26,160.18365478515625
2025-12-29,160.74154663085938
2025-12-30,160.5223846435547
