Date,APP
2021-04-15,65.19999694824219
2021-04-16,61.0
2021-04-19,58.86000061035156
2021-04-20,60.150001525878906
2021-04-21,61.810001373291016
2021-04-22,62.099998474121094
2021-04-23,58.5
2021-04-26,59.79999923706055
2021-04-27,58.849998474121094
2021-04-28,58.75
2021-04-29,59.16999816894531
2021-04-30,58.0099983215332
2021-05-03,60.060001373291016
2021-05-04,58.54999923706055
2021-05-05,58.18000030517578
2021-05-06,56.93000030517578
2021-05-07,57.2599983215332
2021-05-10,55.5
2021-05-11,53.459999084472656
2021-05-12,52.25
2021-05-13,49.869998931884766
2021-05-14,57.2599983215332
2021-05-17,62.439998626708984
2021-05-18,64.29000091552734
2021-05-19,64.61000061035156
2021-05-20,67.9000015258789
2021-05-21,68.3499984741211
2021-05-24,70.30999755859375
2021-05-25,69.94999694824219
2021-05-26,68.62000274658203
2021-05-27,69.68000030517578
2021-05-28,74.30999755859375
2021-06-01,68.86000061035156
2021-06-02,70.08999633789062
2021-06-03,70.47000122070312
2021-06-04,74.36000061035156
2021-06-07,77.25
2021-06-08,79.47000122070312
2021-06-09,80.25
2021-06-10,81.86000061035156
2021-06-11,82.41999816894531
2021-06-14,81.88999938964844
2021-06-15,81.6500015258789
2021-06-16,85.80999755859375
2021-06-17,88.22000122070312
2021-06-18,88.20999908447266
2021-06-21,83.91000366210938
2021-06-22,80.30000305175781
2021-06-23,81.48999786376953
2021-06-24,84.5
2021-06-25,84.86000061035156
2021-06-28,82.12000274658203
2021-06-29,83.31999969482422
2021-06-30,75.16999816894531
2021-07-01,70.9800033569336
2021-07-02,72.06999969482422
2021-07-06,68.05999755859375
2021-07-07,66.27999877929688
2021-07-08,65.87999725341797
2021-07-09,66.18000030517578
2021-07-12,67.19999694824219
2021-07-13,68.9800033569336
2021-07-14,65.16000366210938
2021-07-15,63.43000030517578
2021-07-16,60.75
2021-07-19,60.5099983215332
2021-07-20,60.849998474121094
2021-07-21,59.83000183105469
2021-07-22,62.689998626708984
2021-07-23,63.349998474121094
2021-07-26,62.56999969482422
2021-07-27,62.650001525878906
2021-07-28,65.20999908447266
2021-07-29,65.22000122070312
2021-07-30,61.470001220703125
2021-08-02,63.22999954223633
2021-08-03,62.88999938964844
2021-08-04,63.18000030517578
2021-08-05,63.25
2021-08-06,58.650001525878906
2021-08-09,57.56999969482422
2021-08-10,57.189998626708984
2021-08-11,58.5
2021-08-12,56.959999084472656
2021-08-13,56.459999084472656
2021-08-16,55.880001068115234
2021-08-17,62.56999969482422
2021-08-18,63.77000045776367
2021-08-19,67.0999984741211
2021-08-20,69.97000122070312
2021-08-23,71.55999755859375
2021-08-24,74.5
2021-08-25,76.5999984741211
2021-08-26,73.56999969482422
2021-08-27,74.19999694824219
2021-08-30,73.30000305175781
2021-08-31,70.4000015258789
2021-09-01,74.30000305175781
2021-09-02,78.44999694824219
2021-09-03,77.9800033569336
2021-09-07,74.04000091552734
2021-09-08,68.0
2021-09-09,71.08999633789062
2021-09-10,77.37999725341797
2021-09-13,74.95999908447266
2021-09-14,75.62999725341797
2021-09-15,73.56999969482422
2021-09-16,71.62000274658203
2021-09-17,72.75
2021-09-20,70.33999633789062
2021-09-21,74.08999633789062
2021-09-22,73.08000183105469
2021-09-23,77.8499984741211
2021-09-24,79.47000122070312
2021-09-27,76.69999694824219
2021-09-28,72.70999908447266
2021-09-29,74.16000366210938
2021-09-30,72.37000274658203
2021-10-01,74.77999877929688
2021-10-04,71.87999725341797
2021-10-05,73.75
2021-10-06,77.0
2021-10-07,84.94000244140625
2021-10-08,86.33999633789062
2021-10-11,87.41000366210938
2021-10-12,87.18000030517578
2021-10-13,88.01000213623047
2021-10-14,90.79000091552734
2021-10-15,91.83999633789062
2021-10-18,92.20999908447266
2021-10-19,95.66000366210938
2021-10-20,93.33000183105469
2021-10-21,96.30000305175781
2021-10-22,94.25
2021-10-25,93.55999755859375
2021-10-26,94.01000213623047
2021-10-27,94.91999816894531
2021-10-28,97.9000015258789
2021-10-29,98.25
2021-11-01,99.48999786376953
2021-11-02,98.75
2021-11-03,98.36000061035156
2021-11-04,98.55000305175781
2021-11-05,98.47000122070312
2021-11-08,99.63999938964844
2021-11-09,103.56999969482422
2021-11-10,95.7300033569336
2021-11-11,114.8499984741211
2021-11-12,112.36000061035156
2021-11-15,102.7699966430664
2021-11-16,109.02999877929688
2021-11-17,105.41999816894531
2021-11-18,99.63999938964844
2021-11-19,99.7699966430664
2021-11-22,95.5
2021-11-23,92.93000030517578
2021-11-24,94.31999969482422
2021-11-26,90.70999908447266
2021-11-29,90.26000213623047
2021-11-30,91.11000061035156
2021-12-01,86.12999725341797
2021-12-02,90.31999969482422
2021-12-03,93.52999877929688
2021-12-06,89.81999969482422
2021-12-07,96.47000122070312
2021-12-08,96.05999755859375
2021-12-09,90.77999877929688
2021-12-10,90.66999816894531
2021-12-13,88.8499984741211
2021-12-14,87.52999877929688
2021-12-15,88.55999755859375
2021-12-16,83.75
2021-12-17,88.12999725341797
2021-12-20,87.36000061035156
2021-12-21,91.1500015258789
2021-12-22,93.83000183105469
2021-12-23,93.80000305175781
2021-12-27,95.80999755859375
2021-12-28,93.19000244140625
2021-12-29,91.27999877929688
2021-12-30,93.98999786376953
2021-12-31,94.26000213623047
2022-01-03,94.37999725341797
2022-01-04,88.61000061035156
2022-01-05,82.02999877929688
2022-01-06,82.1500015258789
2022-01-07,80.44999694824219
2022-01-10,82.94000244140625
2022-01-11,84.0
2022-01-12,84.33000183105469
2022-01-13,79.55000305175781
2022-01-14,79.01000213623047
2022-01-18,72.44000244140625
2022-01-19,70.12000274658203
2022-01-20,70.9000015258789
2022-01-21,68.48999786376953
2022-01-24,69.54000091552734
2022-01-25,64.58000183105469
2022-01-26,63.029998779296875
2022-01-27,59.779998779296875
2022-01-28,60.88999938964844
2022-01-31,64.41999816894531
2022-02-01,67.69000244140625
2022-02-02,65.22000122070312
2022-02-03,61.310001373291016
2022-02-04,68.9000015258789
2022-02-07,68.41999816894531
2022-02-08,70.80999755859375
2022-02-09,74.75
2022-02-10,72.2300033569336
2022-02-11,70.30999755859375
2022-02-14,70.95999908447266
2022-02-15,75.51000213623047
2022-02-16,68.70999908447266
2022-02-17,64.12999725341797
2022-02-18,63.77000045776367
2022-02-22,57.33000183105469
2022-02-23,56.279998779296875
2022-02-24,57.11000061035156
2022-02-25,57.20000076293945
2022-02-28,58.08000183105469
2022-03-01,60.34000015258789
2022-03-02,57.849998474121094
2022-03-03,55.13999938964844
2022-03-04,50.2599983215332
2022-03-07,47.33000183105469
2022-03-08,45.7400016784668
2022-03-09,48.540000915527344
2022-03-10,46.43000030517578
2022-03-11,44.54999923706055
2022-03-14,44.04999923706055
2022-03-15,45.959999084472656
2022-03-16,49.9900016784668
2022-03-17,52.5099983215332
2022-03-18,54.45000076293945
2022-03-21,53.400001525878906
2022-03-22,55.25
2022-03-23,54.900001525878906
2022-03-24,55.20000076293945
2022-03-25,53.439998626708984
2022-03-28,53.43000030517578
2022-03-29,55.97999954223633
2022-03-30,55.310001373291016
2022-03-31,55.06999969482422
2022-04-01,53.27000045776367
2022-04-04,57.779998779296875
2022-04-05,54.97999954223633
2022-04-06,52.439998626708984
2022-04-07,51.880001068115234
2022-04-08,51.27000045776367
2022-04-11,49.900001525878906
2022-04-12,49.529998779296875
2022-04-13,51.959999084472656
2022-04-14,48.959999084472656
2022-04-18,46.7400016784668
2022-04-19,49.59000015258789
2022-04-20,46.34000015258789
2022-04-21,43.119998931884766
2022-04-22,41.209999084472656
2022-04-25,41.13999938964844
2022-04-26,38.599998474121094
2022-04-27,37.68000030517578
2022-04-28,39.15999984741211
2022-04-29,38.150001525878906
2022-05-02,39.599998474121094
2022-05-03,39.77000045776367
2022-05-04,40.310001373291016
2022-05-05,36.47999954223633
2022-05-06,33.5
2022-05-09,30.200000762939453
2022-05-10,28.989999771118164
2022-05-11,27.280000686645508
2022-05-12,36.7400016784668
2022-05-13,39.459999084472656
2022-05-16,37.369998931884766
2022-05-17,38.099998474121094
2022-05-18,36.5
2022-05-19,39.40999984741211
2022-05-20,40.029998779296875
2022-05-23,37.97999954223633
2022-05-24,33.119998931884766
2022-05-25,35.689998626708984
2022-05-26,36.43000030517578
2022-05-27,40.290000915527344
2022-05-31,38.11000061035156
2022-06-01,38.310001373291016
2022-06-02,40.95000076293945
2022-06-03,39.43000030517578
2022-06-06,42.560001373291016
2022-06-07,43.5
2022-06-08,43.75
2022-06-09,40.29999923706055
2022-06-10,36.11000061035156
2022-06-13,33.83000183105469
2022-06-14,32.349998474121094
2022-06-15,34.06999969482422
2022-06-16,30.6299991607666
2022-06-17,33.5
2022-06-21,35.040000915527344
2022-06-22,35.959999084472656
2022-06-23,38.13999938964844
2022-06-24,39.630001068115234
2022-06-27,38.34000015258789
2022-06-28,36.25
2022-06-29,35.54999923706055
2022-06-30,34.439998626708984
2022-07-01,34.97999954223633
2022-07-05,35.36000061035156
2022-07-06,35.880001068115234
2022-07-07,37.63999938964844
2022-07-08,37.38999938964844
2022-07-11,34.93000030517578
2022-07-12,34.400001525878906
2022-07-13,32.939998626708984
2022-07-14,30.809999465942383
2022-07-15,32.619998931884766
2022-07-18,34.33000183105469
2022-07-19,35.20000076293945
2022-07-20,37.599998474121094
2022-07-21,38.119998931884766
2022-07-22,36.15999984741211
2022-07-25,35.15999984741211
2022-07-26,33.400001525878906
2022-07-27,35.33000183105469
2022-07-28,35.36000061035156
2022-07-29,35.540000915527344
2022-08-01,34.16999816894531
2022-08-02,34.4900016784668
2022-08-03,35.81999969482422
2022-08-04,36.0
2022-08-05,36.459999084472656
2022-08-08,40.13999938964844
2022-08-09,36.0099983215332
2022-08-10,40.459999084472656
2022-08-11,34.459999084472656
2022-08-12,36.31999969482422
2022-08-15,33.54999923706055
2022-08-16,32.630001068115234
2022-08-17,30.18000030517578
2022-08-18,28.969999313354492
2022-08-19,26.93000030517578
2022-08-22,25.549999237060547
2022-08-23,26.040000915527344
2022-08-24,26.399999618530273
2022-08-25,27.06999969482422
2022-08-26,25.75
2022-08-29,24.940000534057617
2022-08-30,24.489999771118164
2022-08-31,24.6299991607666
2022-09-01,25.049999237060547
2022-09-02,24.09000015258789
2022-09-06,24.530000686645508
2022-09-07,25.360000610351562
2022-09-08,25.940000534057617
2022-09-09,27.729999542236328
2022-09-12,28.510000228881836
2022-09-13,26.68000030517578
2022-09-14,25.34000015258789
2022-09-15,24.389999389648438
2022-09-16,23.149999618530273
2022-09-19,22.81999969482422
2022-09-20,21.780000686645508
2022-09-21,21.139999389648438
2022-09-22,19.899999618530273
2022-09-23,20.209999084472656
2022-09-26,20.31999969482422
2022-09-27,20.3799991607666
2022-09-28,21.3700008392334
2022-09-29,19.68000030517578
2022-09-30,19.489999771118164
2022-10-03,20.420000076293945
2022-10-04,21.239999771118164
2022-10-05,20.760000228881836
2022-10-06,20.540000915527344
2022-10-07,19.219999313354492
2022-10-10,18.479999542236328
2022-10-11,17.770000457763672
2022-10-12,18.100000381469727
2022-10-13,18.34000015258789
2022-10-14,17.829999923706055
2022-10-17,18.440000534057617
2022-10-18,18.6299991607666
2022-10-19,17.440000534057617
2022-10-20,17.799999237060547
2022-10-21,17.520000457763672
2022-10-24,17.670000076293945
2022-10-25,18.799999237060547
2022-10-26,17.989999771118164
2022-10-27,17.579999923706055
2022-10-28,17.389999389648438
2022-10-31,16.959999084472656
2022-11-01,17.1200008392334
2022-11-02,16.06999969482422
2022-11-03,15.289999961853027
2022-11-04,14.84000015258789
2022-11-07,14.9399995803833
2022-11-08,15.180000305175781
2022-11-09,13.739999771118164
2022-11-10,16.280000686645508
2022-11-11,16.940000534057617
2022-11-14,15.359999656677246
2022-11-15,15.520000457763672
2022-11-16,14.569999694824219
2022-11-17,14.359999656677246
2022-11-18,13.949999809265137
2022-11-21,13.300000190734863
2022-11-22,13.960000038146973
2022-11-23,14.100000381469727
2022-11-25,14.020000457763672
2022-11-28,13.479999542236328
2022-11-29,13.4399995803833
2022-11-30,14.40999984741211
2022-12-01,14.289999961853027
2022-12-02,14.279999732971191
2022-12-05,12.829999923706055
2022-12-06,11.100000381469727
2022-12-07,10.789999961853027
2022-12-08,10.40999984741211
2022-12-09,10.359999656677246
2022-12-12,10.699999809265137
2022-12-13,10.5600004196167
2022-12-14,10.529999732971191
2022-12-15,9.760000228881836
2022-12-16,9.819999694824219
2022-12-19,9.479999542236328
2022-12-20,9.829999923706055
2022-12-21,10.199999809265137
2022-12-22,9.84000015258789
2022-12-23,9.84000015258789
2022-12-27,9.300000190734863
2022-12-28,9.399999618530273
2022-12-29,10.430000305175781
2022-12-30,10.529999732971191
2023-01-03,10.729999542236328
2023-01-04,10.899999618530273
2023-01-05,9.850000381469727
2023-01-06,9.720000267028809
2023-01-09,10.180000305175781
2023-01-10,10.369999885559082
2023-01-11,10.760000228881836
2023-01-12,10.680000305175781
2023-01-13,10.8100004196167
2023-01-17,10.899999618530273
2023-01-18,10.699999809265137
2023-01-19,10.180000305175781
2023-01-20,10.9399995803833
2023-01-23,11.979999542236328
2023-01-24,11.899999618530273
2023-01-25,11.819999694824219
2023-01-26,11.899999618530273
2023-01-27,12.59000015258789
2023-01-30,12.210000038146973
2023-01-31,12.699999809265137
2023-02-01,13.359999656677246
2023-02-02,14.1899995803833
2023-02-03,13.220000267028809
2023-02-06,12.600000381469727
2023-02-07,12.850000381469727
2023-02-08,12.680000305175781
2023-02-09,16.110000610351562
2023-02-10,15.289999961853027
2023-02-13,15.859999656677246
2023-02-14,15.970000267028809
2023-02-15,16.8700008392334
2023-02-16,15.600000381469727
2023-02-17,14.989999771118164
2023-02-21,14.199999809265137
2023-02-22,15.170000076293945
2023-02-23,14.489999771118164
2023-02-24,14.210000038146973
2023-02-27,13.40999984741211
2023-02-28,13.5
2023-03-01,13.380000114440918
2023-03-02,13.699999809265137
2023-03-03,13.949999809265137
2023-03-06,13.609999656677246
2023-03-07,13.4399995803833
2023-03-08,13.289999961853027
2023-03-09,12.779999732971191
2023-03-10,12.3100004196167
2023-03-13,12.40999984741211
2023-03-14,12.770000457763672
2023-03-15,13.59000015258789
2023-03-16,13.760000228881836
2023-03-17,13.520000457763672
2023-03-20,13.600000381469727
2023-03-21,14.239999771118164
2023-03-22,13.8100004196167
2023-03-23,14.1899995803833
2023-03-24,14.170000076293945
2023-03-27,14.149999618530273
2023-03-28,13.970000267028809
2023-03-29,14.979999542236328
2023-03-30,15.0
2023-03-31,15.75
2023-04-03,15.829999923706055
2023-04-04,16.399999618530273
2023-04-05,15.699999809265137
2023-04-06,15.720000267028809
2023-04-10,15.859999656677246
2023-04-11,15.960000038146973
2023-04-12,16.15999984741211
2023-04-13,16.360000610351562
2023-04-14,16.469999313354492
2023-04-17,16.34000015258789
2023-04-18,16.600000381469727
2023-04-19,16.770000457763672
2023-04-20,16.489999771118164
2023-04-21,16.43000030517578
2023-04-24,15.859999656677246
2023-04-25,15.4399995803833
2023-04-26,15.9399995803833
2023-04-27,17.030000686645508
2023-04-28,17.0
2023-05-01,16.8700008392334
2023-05-02,16.260000228881836
2023-05-03,16.450000762939453
2023-05-04,16.6200008392334
2023-05-05,17.15999984741211
2023-05-08,17.6200008392334
2023-05-09,17.329999923706055
2023-05-10,17.809999465942383
2023-05-11,22.0
2023-05-12,21.510000228881836
2023-05-15,22.6299991607666
2023-05-16,22.8799991607666
2023-05-17,24.3799991607666
2023-05-18,25.079999923706055
2023-05-19,25.1200008392334
2023-05-22,25.09000015258789
2023-05-23,24.809999465942383
2023-05-24,24.43000030517578
2023-05-25,24.049999237060547
2023-05-26,24.049999237060547
2023-05-30,24.229999542236328
2023-05-31,25.010000228881836
2023-06-01,24.829999923706055
2023-06-02,24.809999465942383
2023-06-05,25.600000381469727
2023-06-06,23.299999237060547
2023-06-07,21.53499984741211
2023-06-08,22.489999771118164
2023-06-09,22.65999984741211
2023-06-12,22.3799991607666
2023-06-13,22.520000457763672
2023-06-14,22.5
2023-06-15,23.209999084472656
2023-06-16,23.969999313354492
2023-06-20,23.579999923706055
2023-06-21,23.350000381469727
2023-06-22,23.700000762939453
2023-06-23,23.389999389648438
2023-06-26,24.190000534057617
2023-06-27,26.040000915527344
2023-06-28,25.709999084472656
2023-06-29,25.56999969482422
2023-06-30,25.729999542236328
2023-07-03,25.920000076293945
2023-07-05,26.559999465942383
2023-07-06,25.549999237060547
2023-07-07,25.989999771118164
2023-07-10,27.079999923706055
2023-07-11,28.09000015258789
2023-07-12,28.299999237060547
2023-07-13,28.989999771118164
2023-07-14,28.149999618530273
2023-07-17,28.459999084472656
2023-07-18,28.309999465942383
2023-07-19,28.56999969482422
2023-07-20,28.030000686645508
2023-07-21,28.100000381469727
2023-07-24,28.149999618530273
2023-07-25,28.639999389648438
2023-07-26,29.940000534057617
2023-07-27,29.979999542236328
2023-07-28,31.260000228881836
2023-07-31,31.399999618530273
2023-08-01,31.43000030517578
2023-08-02,31.15999984741211
2023-08-03,30.59000015258789
2023-08-04,31.360000610351562
2023-08-07,30.780000686645508
2023-08-08,30.049999237060547
2023-08-09,29.40999984741211
2023-08-10,37.20000076293945
2023-08-11,38.88999938964844
2023-08-14,39.75
2023-08-15,39.630001068115234
2023-08-16,39.04999923706055
2023-08-17,37.81999969482422
2023-08-18,38.22999954223633
2023-08-21,39.0099983215332
2023-08-22,39.47999954223633
2023-08-23,40.18000030517578
2023-08-24,39.310001373291016
2023-08-25,39.7599983215332
2023-08-28,40.650001525878906
2023-08-29,41.220001220703125
2023-08-30,42.97999954223633
2023-08-31,43.220001220703125
2023-09-01,43.189998626708984
2023-09-05,42.540000915527344
2023-09-06,42.22999954223633
2023-09-07,42.47999954223633
2023-09-08,42.119998931884766
2023-09-11,42.400001525878906
2023-09-12,41.70000076293945
2023-09-13,40.810001373291016
2023-09-14,42.599998474121094
2023-09-15,42.81999969482422
2023-09-18,44.0099983215332
2023-09-19,39.72999954223633
2023-09-20,39.33000183105469
2023-09-21,38.439998626708984
2023-09-22,37.7599983215332
2023-09-25,38.20000076293945
2023-09-26,38.59000015258789
2023-09-27,39.560001373291016
2023-09-28,39.7400016784668
2023-09-29,39.959999084472656
2023-10-02,40.81999969482422
2023-10-03,39.130001068115234
2023-10-04,40.33000183105469
2023-10-05,39.70000076293945
2023-10-06,40.380001068115234
2023-10-09,40.849998474121094
2023-10-10,40.529998779296875
2023-10-11,40.279998779296875
2023-10-12,39.689998626708984
2023-10-13,38.52000045776367
2023-10-16,38.88999938964844
2023-10-17,39.63999938964844
2023-10-18,38.95000076293945
2023-10-19,38.540000915527344
2023-10-20,37.58000183105469
2023-10-23,37.63999938964844
2023-10-24,38.470001220703125
2023-10-25,36.150001525878906
2023-10-26,36.369998931884766
2023-10-27,36.220001220703125
2023-10-30,36.72999954223633
2023-10-31,36.439998626708984
2023-11-01,36.70000076293945
2023-11-02,37.36000061035156
2023-11-03,39.27000045776367
2023-11-06,39.41999816894531
2023-11-07,40.88999938964844
2023-11-08,40.119998931884766
2023-11-09,39.68000030517578
2023-11-10,43.790000915527344
2023-11-13,41.40999984741211
2023-11-14,42.79999923706055
2023-11-15,40.45000076293945
2023-11-16,38.93000030517578
2023-11-17,39.099998474121094
2023-11-20,39.5
2023-11-21,38.77000045776367
2023-11-22,39.2400016784668
2023-11-24,39.4900016784668
2023-11-27,39.38999938964844
2023-11-28,38.400001525878906
2023-11-29,39.029998779296875
2023-11-30,37.47999954223633
2023-12-01,38.25
2023-12-04,37.369998931884766
2023-12-05,37.06999969482422
2023-12-06,36.599998474121094
2023-12-07,36.84000015258789
2023-12-08,37.36000061035156
2023-12-11,36.7400016784668
2023-12-12,36.2599983215332
2023-12-13,37.93000030517578
2023-12-14,38.689998626708984
2023-12-15,39.95000076293945
2023-12-18,40.869998931884766
2023-12-19,43.59000015258789
2023-12-20,43.099998474121094
2023-12-21,43.0
2023-12-22,41.209999084472656
2023-12-26,40.400001525878906
2023-12-27,40.650001525878906
2023-12-28,40.7599983215332
2023-12-29,39.849998474121094
2024-01-02,38.779998779296875
2024-01-03,38.209999084472656
2024-01-04,38.119998931884766
2024-01-05,38.11000061035156
2024-01-08,39.290000915527344
2024-01-09,39.13999938964844
2024-01-10,40.529998779296875
2024-01-11,41.41999816894531
2024-01-12,41.709999084472656
2024-01-16,40.720001220703125
2024-01-17,41.18000030517578
2024-01-18,43.09000015258789
2024-01-19,41.13999938964844
2024-01-22,43.35499954223633
2024-01-23,44.72999954223633
2024-01-24,43.310001373291016
2024-01-25,44.06999969482422
2024-01-26,44.29999923706055
2024-01-29,46.56999969482422
2024-01-30,42.470001220703125
2024-01-31,41.130001068115234
2024-02-01,40.959999084472656
2024-02-02,45.86000061035156
2024-02-05,45.47999954223633
2024-02-06,46.040000915527344
2024-02-07,47.689998626708984
2024-02-08,46.54999923706055
2024-02-09,46.349998474121094
2024-02-12,47.060001373291016
2024-02-13,45.83000183105469
2024-02-14,46.869998931884766
2024-02-15,58.5
2024-02-16,59.869998931884766
2024-02-20,57.33000183105469
2024-02-21,55.41999816894531
2024-02-22,57.79999923706055
2024-02-23,57.38999938964844
2024-02-26,58.9900016784668
2024-02-27,60.630001068115234
2024-02-28,58.0099983215332
2024-02-29,59.720001220703125
2024-03-01,62.2599983215332
2024-03-04,61.869998931884766
2024-03-05,60.959999084472656
2024-03-06,62.619998931884766
2024-03-07,63.189998626708984
2024-03-08,63.41999816894531
2024-03-11,60.029998779296875
2024-03-12,61.11000061035156
2024-03-13,63.09000015258789
2024-03-14,63.189998626708984
2024-03-15,63.130001068115234
2024-03-18,68.1500015258789
2024-03-19,67.63999938964844
2024-03-20,70.5199966430664
2024-03-21,71.91000366210938
2024-03-22,71.2300033569336
2024-03-25,72.5999984741211
2024-03-26,71.08999633789062
2024-03-27,68.86000061035156
2024-03-28,69.22000122070312
2024-04-01,69.13999938964844
2024-04-02,69.72000122070312
2024-04-03,72.86000061035156
2024-04-04,72.77999877929688
2024-04-05,74.79499816894531
2024-04-08,78.05000305175781
2024-04-09,76.5199966430664
2024-04-10,76.33999633789062
2024-04-11,78.23999786376953
2024-04-12,75.56999969482422
2024-04-15,71.43000030517578
2024-04-16,72.31999969482422
2024-04-17,70.9000015258789
2024-04-18,68.86000061035156
2024-04-19,66.80000305175781
2024-04-22,67.8499984741211
2024-04-23,71.18499755859375
2024-04-24,69.69999694824219
2024-04-25,69.20999908447266
2024-04-26,73.81999969482422
2024-04-29,72.98999786376953
2024-04-30,70.56999969482422
2024-05-01,69.73999786376953
2024-05-02,72.47000122070312
2024-05-03,75.06999969482422
2024-05-06,76.8499984741211
2024-05-07,77.08999633789062
2024-05-08,74.0
2024-05-09,84.69000244140625
2024-05-10,86.43000030517578
2024-05-13,86.37000274658203
2024-05-14,83.44000244140625
2024-05-15,84.05999755859375
2024-05-16,83.2300033569336
2024-05-17,82.48999786376953
2024-05-20,84.56999969482422
2024-05-21,84.0
2024-05-22,80.0
2024-05-23,79.26000213623047
2024-05-24,82.1500015258789
2024-05-28,83.2300033569336
2024-05-29,83.88999938964844
2024-05-30,82.5
2024-05-31,81.4800033569336
2024-06-03,82.69999694824219
2024-06-04,81.63999938964844
2024-06-05,83.66999816894531
2024-06-06,83.2300033569336
2024-06-07,81.91000366210938
2024-06-10,80.37999725341797
2024-06-11,77.3499984741211
2024-06-12,76.54000091552734
2024-06-13,75.6500015258789
2024-06-14,77.5199966430664
2024-06-17,78.45999908447266
2024-06-18,80.83999633789062
2024-06-20,77.18000030517578
2024-06-21,78.58000183105469
2024-06-24,78.05000305175781
2024-06-25,81.20999908447266
2024-06-26,80.4800033569336
2024-06-27,83.12000274658203
2024-06-28,83.22000122070312
2024-07-01,84.81999969482422
2024-07-02,83.68000030517578
2024-07-03,86.95999908447266
2024-07-05,86.80000305175781
2024-07-08,85.18000030517578
2024-07-09,84.70999908447266
2024-07-10,84.36000061035156
2024-07-11,82.01000213623047
2024-07-12,84.86000061035156
2024-07-15,87.93000030517578
2024-07-16,86.52999877929688
2024-07-17,80.19000244140625
2024-07-18,80.93000030517578
2024-07-19,81.80000305175781
2024-07-22,83.23999786376953
2024-07-23,83.80999755859375
2024-07-24,78.68000030517578
2024-07-25,76.16999816894531
2024-07-26,77.52999877929688
2024-07-29,76.8499984741211
2024-07-30,74.83000183105469
2024-07-31,77.0999984741211
2024-08-01,75.08999633789062
2024-08-02,68.72000122070312
2024-08-05,67.13999938964844
2024-08-06,69.0
2024-08-07,67.19000244140625
2024-08-08,76.7300033569336
2024-08-09,77.37999725341797
2024-08-12,74.76000213623047
2024-08-13,79.79000091552734
2024-08-14,84.63999938964844
2024-08-15,85.58000183105469
2024-08-16,86.3499984741211
2024-08-19,85.81500244140625
2024-08-20,86.58000183105469
2024-08-21,90.88999938964844
2024-08-22,89.0
2024-08-23,90.19999694824219
2024-08-26,89.88999938964844
2024-08-27,90.30000305175781
2024-08-28,88.0
2024-08-29,91.61000061035156
2024-08-30,92.87000274658203
2024-09-03,88.12999725341797
2024-09-04,87.87999725341797
2024-09-05,88.19000244140625
2024-09-06,84.56999969482422
2024-09-09,86.30999755859375
2024-09-10,86.2300033569336
2024-09-11,97.56999969482422
2024-09-12,105.61000061035156
2024-09-13,112.58000183105469
2024-09-16,116.25
2024-09-17,123.63999938964844
2024-09-18,123.16000366210938
2024-09-19,124.0
2024-09-20,126.08999633789062
2024-09-23,126.12000274658203
2024-09-24,129.0800018310547
2024-09-25,130.7100067138672
2024-09-26,128.1300048828125
2024-09-27,127.75
2024-09-30,130.5500030517578
2024-10-01,130.64999389648438
2024-10-02,131.36000061035156
2024-10-03,135.25
2024-10-04,139.66000366210938
2024-10-07,139.9499969482422
2024-10-08,143.50999450683594
2024-10-09,143.39999389648438
2024-10-10,144.83999633789062
2024-10-11,147.0
2024-10-14,145.3000030517578
2024-10-15,143.80999755859375
2024-10-16,144.85000610351562
2024-10-17,143.0
2024-10-18,145.22000122070312
2024-10-21,158.85000610351562
2024-10-22,158.9499969482422
2024-10-23,159.39999389648438
2024-10-24,159.0
2024-10-25,161.6300048828125
2024-10-28,166.18499755859375
2024-10-29,172.24000549316406
2024-10-30,171.64999389648438
2024-10-31,169.38999938964844
2024-11-01,163.52999877929688
2024-11-04,159.11000061035156
2024-11-05,165.17999267578125
2024-11-06,168.5500030517578
2024-11-07,246.52999877929688
2024-11-08,290.010009765625
2024-11-11,286.42999267578125
2024-11-12,289.0299987792969
2024-11-13,283.9599914550781
2024-11-14,284.489990234375
2024-11-15,291.0899963378906
2024-11-18,298.0
2024-11-19,321.19000244140625
2024-11-20,325.2200012207031
2024-11-21,318.239990234375
2024-11-22,333.30999755859375
2024-11-25,319.5899963378906
2024-11-26,329.7699890136719
2024-11-27,328.55999755859375
2024-11-29,336.75
2024-12-02,340.5899963378906
2024-12-03,366.54998779296875
2024-12-04,373.70001220703125
2024-12-05,379.07000732421875
2024-12-06,401.5
2024-12-09,342.5400085449219
2024-12-10,321.05999755859375
2024-12-11,338.2099914550781
2024-12-12,326.2099914550781
2024-12-13,324.4700012207031
2024-12-16,343.9599914550781
2024-12-17,337.8900146484375
2024-12-18,313.07000732421875
2024-12-19,318.739990234375
2024-12-20,340.989990234375
2024-12-23,344.82000732421875
2024-12-24,341.8299865722656
2024-12-26,346.7300109863281
2024-12-27,335.1700134277344
2024-12-30,335.3800048828125
2024-12-31,323.8299865722656
2025-01-02,341.7799987792969
2025-01-03,350.6499938964844
2025-01-06,354.92999267578125
2025-01-07,330.0050048828125
2025-01-08,329.20001220703125
2025-01-10,318.4800109863281
2025-01-13,315.67999267578125
2025-01-14,321.0899963378906
2025-01-15,335.0299987792969
2025-01-16,332.010009765625
2025-01-17,342.3399963378906
2025-01-21,338.3900146484375
2025-01-22,361.7200012207031
2025-01-23,362.5199890136719
2025-01-24,363.1000061035156
2025-01-27,343.0199890136719
2025-01-28,360.75
2025-01-29,366.3399963378906
2025-01-30,365.510009765625
2025-01-31,369.5899963378906
2025-02-03,365.44000244140625
2025-02-04,380.260009765625
2025-02-05,368.2699890136719
2025-02-06,380.6300048828125
2025-02-07,375.7200012207031
2025-02-10,384.3999938964844
2025-02-11,375.25
2025-02-12,380.32000732421875
2025-02-13,471.6700134277344
2025-02-14,510.1300048828125
2025-02-18,496.0
2025-02-19,494.1700134277344
2025-02-20,450.010009765625
2025-02-21,415.30999755859375
2025-02-24,410.45001220703125
2025-02-25,377.05999755859375
2025-02-26,331.0
2025-02-27,320.489990234375
2025-02-28,325.739990234375
2025-03-03,337.3399963378906
2025-03-04,327.2300109863281
2025-03-05,318.0
2025-03-06,259.6300048828125
2025-03-07,270.4800109863281
2025-03-10,238.0800018310547
2025-03-11,257.760009765625
2025-03-12,272.5899963378906
2025-03-13,272.0
2025-03-14,292.8900146484375
2025-03-17,306.8500061035156
2025-03-18,278.8399963378906
2025-03-19,297.0299987792969
2025-03-20,306.739990234375
2025-03-21,314.0299987792969
2025-03-24,339.7200012207031
2025-03-25,346.2900085449219
2025-03-26,327.6199951171875
2025-03-27,261.70001220703125
2025-03-28,272.3800048828125
2025-03-31,264.9700012207031
2025-04-01,282.70001220703125
2025-04-02,290.3900146484375
2025-04-03,261.9800109863281
2025-04-04,219.3699951171875
2025-04-07,232.22000122070312
2025-04-08,235.27999877929688
2025-04-09,274.9599914550781
2025-04-10,263.8299865722656
2025-04-11,249.9499969482422
2025-04-14,236.07000732421875
2025-04-15,245.47000122070312
2025-04-16,229.80999755859375
2025-04-17,238.22000122070312
2025-04-21,228.1300048828125
2025-04-22,237.7100067138672
2025-04-23,252.35000610351562
2025-04-24,267.8800048828125
2025-04-25,276.8299865722656
2025-04-28,284.9800109863281
2025-04-29,288.8800048828125
2025-04-30,269.30999755859375
2025-05-01,279.489990234375
2025-05-02,307.5799865722656
2025-05-05,301.8399963378906
2025-05-06,304.6199951171875
2025-05-07,303.4599914550781
2025-05-08,339.510009765625
2025-05-09,328.5400085449219
2025-05-12,347.8999938964844
2025-05-13,370.1000061035156
2025-05-14,376.5400085449219
2025-05-15,366.6099853515625
2025-05-16,362.3399963378906
2025-05-19,370.6300048828125
2025-05-20,363.05499267578125
2025-05-21,358.3500061035156
2025-05-22,351.4700012207031
2025-05-23,354.2900085449219
2025-05-27,380.9100036621094
2025-05-28,390.260009765625
2025-05-29,384.2300109863281
2025-05-30,393.0
2025-06-02,401.9100036621094
2025-06-03,398.510009765625
2025-06-04,416.5199890136719
2025-06-05,414.1400146484375
2025-06-06,417.8900146484375
2025-06-09,383.6000061035156
2025-06-10,383.6099853515625
2025-06-11,383.42999267578125
2025-06-12,380.5799865722656
2025-06-13,364.489990234375
2025-06-16,370.67999267578125
2025-06-17,360.45001220703125
2025-06-18,344.3699951171875
2025-06-20,324.70001220703125
2025-06-23,335.3999938964844
2025-06-24,349.4800109863281
2025-06-25,338.79998779296875
2025-06-26,347.45001220703125
2025-06-27,333.7799987792969
2025-06-30,350.0799865722656
2025-07-01,336.69000244140625
2025-07-02,336.0
2025-07-03,341.6400146484375
2025-07-07,345.0
2025-07-08,344.75
2025-07-09,352.739990234375
2025-07-10,346.32000732421875
2025-07-11,335.1000061035156
2025-07-14,355.8999938964844
2025-07-15,352.9599914550781
2025-07-16,355.5
2025-07-17,363.7799987792969
2025-07-18,364.4599914550781
2025-07-21,366.1700134277344
2025-07-22,350.0
2025-07-23,362.1199951171875
2025-07-24,359.94000244140625
2025-07-25,364.1400146484375
2025-07-28,370.9599914550781
2025-07-29,361.6300048828125
2025-07-30,363.30999755859375
2025-07-31,390.70001220703125
2025-08-01,379.1700134277344
2025-08-04,395.010009765625
2025-08-05,377.92999267578125
2025-08-06,390.57000732421875
2025-08-07,437.3399963378906
2025-08-08,455.9800109863281
2025-08-11,465.5799865722656
2025-08-12,467.0
2025-08-13,446.3999938964844
2025-08-14,433.3399963378906
2025-08-15,438.67999267578125
2025-08-18,438.5400085449219
2025-08-19,412.6000061035156
2025-08-20,412.3800048828125
2025-08-21,418.760009765625
2025-08-22,441.67999267578125
2025-08-25,450.67999267578125
2025-08-26,469.3299865722656
2025-08-27,462.94000244140625
2025-08-28,483.75
2025-08-29,478.5899963378906
2025-09-02,481.7300109863281
2025-09-03,487.3500061035156
2025-09-04,499.9700012207031
2025-09-05,490.239990234375
2025-09-08,547.0399780273438
2025-09-09,558.1699829101562
2025-09-10,567.1199951171875
2025-09-11,571.3099975585938
2025-09-12,582.0
2025-09-15,593.1400146484375
2025-09-16,603.7999877929688
2025-09-17,606.6599731445312
2025-09-18,621.52001953125
2025-09-19,649.5900268554688
2025-09-22,643.5
2025-09-23,651.1799926757812
2025-09-24,641.9199829101562
2025-09-25,639.9099731445312
2025-09-26,669.8599853515625
2025-09-29,712.3599853515625
2025-09-30,718.5399780273438
2025-10-01,704.0900268554688
2025-10-02,683.6400146484375
2025-10-03,682.760009765625
2025-10-06,587.0
2025-10-07,631.8499755859375
2025-10-08,629.7000122070312
2025-10-09,600.3200073242188
2025-10-10,569.8900146484375
2025-10-13,590.1099853515625
2025-10-14,590.030029296875
2025-10-15,602.2999877929688
2025-10-16,605.6799926757812
2025-10-17,599.3099975585938
2025-10-20,565.9400024414062
2025-10-21,552.6400146484375
2025-10-22,564.8200073242188
2025-10-23,589.7000122070312
2025-10-24,620.0
2025-10-27,643.0999755859375
2025-10-28,626.8200073242188
2025-10-29,631.2000122070312
2025-10-30,620.6199951171875
2025-10-31,637.3300170898438
2025-11-03,632.1400146484375
2025-11-04,608.6799926757812
2025-11-05,617.0499877929688
2025-11-06,621.3599853515625
2025-11-07,619.9299926757812
2025-11-10,651.3200073242188
2025-11-11,594.9099731445312
2025-11-12,584.8599853515625
2025-11-13,556.1500244140625
2025-11-14,557.7000122070312
2025-11-17,539.27001953125
2025-11-18,526.010009765625
2025-11-19,530.0499877929688
2025-11-20,520.8200073242188
2025-11-21,520.260009765625
2025-11-24,559.7999877929688
2025-11-25,556.030029296875
2025-11-26,586.3699951171875
2025-11-28,599.47998046875
2025-12-01,623.5900268554688
2025-12-02,653.0
2025-12-03,662.2100219726562
2025-12-04,683.780029296875
2025-12-05,691.9400024414062
2025-12-08,689.760009765625
2025-12-09,724.6199951171875
2025-12-10,703.280029296875
2025-12-11,716.97998046875
2025-12-12,670.6699829101562
2025-12-15,675.1649780273438
2025-12-16,677.2999877929688
2025-12-17,657.1300048828125
2025-12-18,694.3699951171875
2025-12-19,721.3699951171875
2025-12-22,733.5999755859375
2025-12-23,728.4500122070312
2025-12-24,727.5
2025-12-26,714.22998046875
2025-12-29,698.8200073242188
2025-12-30,693.7100219726562
