Date,ARES
2014-05-02,11.194000244140625
2014-05-05,11.194000244140625
2014-05-06,11.121780395507812
2014-05-07,10.67041015625
2014-05-08,10.682446479797363
2014-05-09,10.586152076721191
2014-05-12,10.35745906829834
2014-05-13,10.351441383361816
2014-05-14,10.321349143981934
2014-05-15,10.556061744689941
2014-05-16,10.604209899902344
2014-05-19,10.736610412597656
2014-05-20,10.796792984008789
2014-05-21,10.772723197937012
2014-05-22,10.832902908325195
2014-05-23,10.93521499633789
2014-05-27,11.013452529907227
2014-05-28,11.24816608428955
2014-05-29,11.314361572265625
2014-05-30,11.434731483459473
2014-06-02,11.338440895080566
2014-06-03,11.260200500488281
2014-06-04,11.314361572265625
2014-06-05,11.085672378540039
2014-06-06,11.07363224029541
2014-06-09,11.25418472290039
2014-06-10,11.175946235656738
2014-06-11,11.290294647216797
2014-06-12,11.212051391601562
2014-06-13,11.049561500549316
2014-06-16,11.194000244140625
2014-06-17,11.103727340698242
2014-06-18,11.194000244140625
2014-06-19,11.221080780029297
2014-06-20,11.224091529846191
2014-06-23,11.308348655700684
2014-06-24,11.261404991149902
2014-06-25,11.236127853393555
2014-06-26,11.206033706665039
2014-06-27,11.350478172302246
2014-06-30,11.543060302734375
2014-07-01,11.344457626342773
2014-07-02,11.308348655700684
2014-07-03,11.404643058776855
2014-07-07,11.41667366027832
2014-07-08,11.585186004638672
2014-07-09,11.555099487304688
2014-07-10,11.549080848693848
2014-07-11,11.440751075744629
2014-07-14,11.525010108947754
2014-07-15,11.525010108947754
2014-07-16,11.482877731323242
2014-07-17,11.446767807006836
2014-07-18,11.549080848693848
2014-07-21,11.735647201538086
2014-07-22,11.807865142822266
2014-07-23,11.843971252441406
2014-07-24,11.946282386779785
2014-07-25,11.946282386779785
2014-07-28,11.693519592285156
2014-07-29,11.946282386779785
2014-07-30,11.771750450134277
2014-07-31,11.693519592285156
2014-08-01,11.555099487304688
2014-08-04,11.260200500488281
2014-08-05,11.24816608428955
2014-08-06,10.724575996398926
2014-08-07,10.706521987915039
2014-08-08,10.580134391784668
2014-08-11,10.802811622619629
2014-08-12,10.826884269714355
2014-08-13,10.947253227233887
2014-08-14,10.802811622619629
2014-08-15,10.869013786315918
2014-08-18,10.706521987915039
2014-08-19,10.71253490447998
2014-08-20,10.796792984008789
2014-08-21,10.796793937683105
2014-08-22,10.80286979675293
2014-08-25,10.973091125488281
2014-08-26,10.936615943908691
2014-08-27,10.924456596374512
2014-08-28,10.8515043258667
2014-08-29,10.869747161865234
2014-09-02,11.00956916809082
2014-09-03,10.990114212036133
2014-09-04,10.699524879455566
2014-09-05,10.997406959533691
2014-09-08,10.954854965209961
2014-09-09,10.790714263916016
2014-09-10,10.906220436096191
2014-09-11,10.881904602050781
2014-09-12,10.796793937683105
2014-09-15,10.808951377868652
2014-09-16,10.72688102722168
2014-09-17,10.76031494140625
2014-09-18,10.76031494140625
2014-09-19,10.906220436096191
2014-09-22,10.76031494140625
2014-09-23,10.736000061035156
2014-09-24,10.82110595703125
2014-09-25,10.796793937683105
2014-09-26,10.748160362243652
2014-09-29,10.766397476196289
2014-09-30,10.6387300491333
2014-10-01,10.529304504394531
2014-10-02,10.474593162536621
2014-10-03,10.681289672851562
2014-10-06,10.736000061035156
2014-10-07,10.632654190063477
2014-10-08,10.58402156829834
2014-10-09,10.389483451843262
2014-10-10,10.091595649719238
2014-10-13,9.976092338562012
2014-10-14,9.927456855773926
2014-10-15,10.079439163208008
2014-10-16,10.134151458740234
2014-10-17,10.20102310180664
2014-10-20,10.164546966552734
2014-10-21,10.20102310180664
2014-10-22,10.067279815673828
2014-10-23,9.897059440612793
2014-10-24,9.884904861450195
2014-10-27,9.988251686096191
2014-10-28,9.939617156982422
2014-10-29,9.799792289733887
2014-10-30,9.787633895874023
2014-10-31,9.653888702392578
2014-11-03,9.787633895874023
2014-11-04,9.599176406860352
2014-11-05,9.49582576751709
2014-11-06,9.3985595703125
2014-11-07,9.477588653564453
2014-11-10,9.48366928100586
2014-11-11,9.48366928100586
2014-11-12,9.775472640991211
2014-11-13,10.073359489440918
2014-11-14,10.097675323486328
2014-11-17,10.006486892700195
2014-11-18,9.787633895874023
2014-11-19,9.818028450012207
2014-11-20,10.015499114990234
2014-11-21,9.972304344177246
2014-11-24,9.972304344177246
2014-11-25,10.132750511169434
2014-11-26,10.009329795837402
2014-11-28,9.996988296508789
2014-12-01,10.034014701843262
2014-12-02,10.021674156188965
2014-12-03,9.97847843170166
2014-12-04,10.237656593322754
2014-12-05,10.39193344116211
2014-12-08,10.354904174804688
2014-12-09,10.385762214660645
2014-12-10,10.39193344116211
2014-12-11,10.361077308654785
2014-12-12,10.182116508483887
2014-12-15,10.274682998657227
2014-12-16,10.29936695098877
2014-12-17,10.404274940490723
2014-12-18,10.681966781616211
2014-12-19,10.626432418823242
2014-12-22,10.762192726135254
2014-12-23,10.583230972290039
2014-12-24,10.212971687316895
2014-12-26,10.212971687316895
2014-12-29,10.212971687316895
2014-12-30,10.280853271484375
2014-12-31,10.577058792114258
2015-01-02,10.361077308654785
2015-01-05,10.367247581481934
2015-01-06,10.200630187988281
2015-01-07,10.39193344116211
2015-01-08,10.836238861083984
2015-01-09,10.934976577758789
2015-01-12,10.768362045288086
2015-01-13,10.756016731262207
2015-01-14,10.706652641296387
2015-01-15,10.836238861083984
2015-01-16,11.027543067932129
2015-01-20,11.206500053405762
2015-01-21,11.181818962097168
2015-01-22,11.231185913085938
2015-01-23,11.570589065551758
2015-01-26,12.10129451751709
2015-01-27,12.03958511352539
2015-01-28,11.940845489501953
2015-01-29,11.83594036102295
2015-01-30,11.718692779541016
2015-02-02,11.74337387084961
2015-02-03,11.798917770385742
2015-02-04,11.656983375549316
2015-02-05,11.490365982055664
2015-02-06,11.323748588562012
2015-02-09,11.416314125061035
2015-02-10,11.440997123718262
2015-02-11,11.453341484069824
2015-02-12,11.533563613891602
2015-02-13,11.940845489501953
2015-02-17,12.15065860748291
2015-02-18,11.990216255187988
2015-02-19,12.058096885681152
2015-02-20,12.156831741333008
2015-02-23,12.095121383666992
2015-02-24,12.1259765625
2015-02-25,12.200026512145996
2015-02-26,12.255566596984863
2015-02-27,12.527092933654785
2015-03-02,12.693707466125488
2015-03-03,12.539436340332031
2015-03-04,12.576458930969238
2015-03-05,12.360474586486816
2015-03-06,12.132149696350098
2015-03-09,12.095121383666992
2015-03-10,12.261738777160645
2015-03-11,12.107463836669922
2015-03-12,12.03874397277832
2015-03-13,11.951277732849121
2015-03-16,11.4827241897583
2015-03-17,11.588926315307617
2015-03-18,11.61391830444336
2015-03-19,11.307795524597168
2015-03-20,11.414003372192383
2015-03-23,11.463981628417969
2015-03-24,11.463981628417969
2015-03-25,11.351524353027344
2015-03-26,11.326539993286133
2015-03-27,11.320293426513672
2015-03-30,11.426501274108887
2015-03-31,11.582682609558105
2015-04-01,11.35777473449707
2015-04-02,11.282805442810059
2015-04-06,11.189093589782715
2015-04-07,11.189093589782715
2015-04-08,11.09538745880127
2015-04-09,11.070393562316895
2015-04-10,11.370271682739258
2015-04-13,11.339030265808105
2015-04-14,11.01417064666748
2015-04-15,11.132872581481934
2015-04-16,11.164106369018555
2015-04-17,11.032913208007812
2015-04-20,10.932953834533691
2015-04-21,11.039156913757324
2015-04-22,11.007922172546387
2015-04-23,11.513960838317871
2015-04-24,11.395261764526367
2015-04-27,11.157858848571777
2015-04-28,11.089136123657227
2015-04-29,11.382767677307129
2015-04-30,11.314043998718262
2015-05-01,11.251571655273438
2015-05-04,11.551446914672852
2015-05-05,11.620166778564453
2015-05-06,11.620166778564453
2015-05-07,11.707633018493652
2015-05-08,11.7638578414917
2015-05-11,11.870064735412598
2015-05-12,11.788846015930176
2015-05-13,12.03874397277832
2015-05-14,12.307379722595215
2015-05-15,12.29488754272461
2015-05-18,12.151201248168945
2015-05-19,12.163692474365234
2015-05-20,12.334562301635742
2015-05-21,12.556072235107422
2015-05-22,12.467464447021484
2015-05-26,12.391524314880371
2015-05-27,12.467464447021484
2015-05-28,12.619354248046875
2015-05-29,12.334562301635742
2015-06-01,12.499109268188477
2015-06-02,12.283933639526367
2015-06-03,12.277606010437012
2015-06-04,12.132049560546875
2015-06-05,12.100407600402832
2015-06-08,12.037115097045898
2015-06-09,12.018131256103516
2015-06-10,12.201666831970215
2015-06-11,12.790228843688965
2015-06-12,12.923131942749023
2015-06-15,13.068692207336426
2015-06-16,12.916803359985352
2015-06-17,12.688972473144531
2015-06-18,12.707959175109863
2015-06-19,12.62568473815918
2015-06-22,12.378867149353027
2015-06-23,12.347222328186035
2015-06-24,12.151032447814941
2015-06-25,11.88522720336914
2015-06-26,11.929533004760742
2015-06-29,11.733342170715332
2015-06-30,11.708026885986328
2015-07-01,11.84725570678711
2015-07-02,12.081418991088867
2015-07-06,12.024462699890137
2015-07-07,11.815610885620117
2015-07-08,11.619427680969238
2015-07-09,11.708026885986328
2015-07-10,11.745997428894043
2015-07-13,11.783968925476074
2015-07-14,11.733342170715332
2015-07-15,11.708026885986328
2015-07-16,11.986490249633789
2015-07-17,12.043441772460938
2015-07-20,12.62568473815918
2015-07-21,12.663656234741211
2015-07-22,12.366207122802734
2015-07-23,12.461137771606445
2015-07-24,12.619354248046875
2015-07-27,12.30925464630127
2015-07-28,12.328237533569336
2015-07-29,12.277606010437012
2015-07-30,12.043441772460938
2015-07-31,12.011802673339844
2015-08-03,11.840924263000488
2015-08-04,12.163690567016602
2015-08-05,11.771312713623047
2015-08-06,12.024462699890137
2015-08-07,12.049775123596191
2015-08-10,12.056100845336914
2015-08-11,12.068760871887207
2015-08-12,12.030789375305176
2015-08-13,11.891561508178711
2015-08-14,11.82827377319336
2015-08-17,11.708026885986328
2015-08-18,11.745997428894043
2015-08-19,11.67005443572998
2015-08-20,10.916945457458496
2015-08-21,11.148265838623047
2015-08-24,10.807708740234375
2015-08-25,10.460731506347656
2015-08-26,10.473580360412598
2015-08-27,10.756306648254395
2015-08-28,11.141838073730469
2015-08-31,11.084006309509277
2015-09-01,10.865538597106934
2015-09-02,10.897666931152344
2015-09-03,10.92336654663086
2015-09-04,10.981199264526367
2015-09-08,10.92336654663086
2015-09-09,10.942647933959961
2015-09-10,10.961925506591797
2015-09-11,11.128987312316895
2015-09-14,11.173964500427246
2015-09-15,11.373156547546387
2015-09-16,11.456686973571777
2015-09-17,11.726560592651367
2015-09-18,12.054259300231934
2015-09-21,12.131365776062012
2015-09-22,11.73941421508789
2015-09-23,12.504040718078613
2015-09-24,12.124940872192383
2015-09-25,11.501665115356445
2015-09-28,11.662303924560547
2015-09-29,11.54664421081543
2015-09-30,11.231795310974121
2015-10-01,11.386004447937012
2015-10-02,11.177176475524902
2015-10-05,11.283197402954102
2015-10-06,11.084006309509277
2015-10-07,11.138623237609863
2015-10-08,11.13541316986084
2015-10-09,11.039031028747559
2015-10-12,10.929797172546387
2015-10-13,10.878392219543457
2015-10-14,10.71132755279541
2015-10-15,10.730605125427246
2015-10-16,10.91051959991455
2015-10-19,10.769158363342285
2015-10-20,10.77558422088623
2015-10-21,10.621370315551758
2015-10-22,10.306520462036133
2015-10-23,10.467159271240234
2015-10-26,10.33864974975586
2015-10-27,10.37077522277832
2015-10-28,10.441454887390137
2015-10-29,10.319374084472656
2015-10-30,10.402904510498047
2015-11-02,10.390053749084473
2015-11-03,10.396478652954102
2015-11-04,10.222987174987793
2015-11-05,10.280818939208984
2015-11-06,10.486431121826172
2015-11-09,10.71132755279541
2015-11-10,10.390053749084473
2015-11-11,10.377201080322266
2015-11-12,10.03022289276123
2015-11-13,9.426225662231445
2015-11-16,9.291288375854492
2015-11-17,9.104949951171875
2015-11-18,8.822226524353027
2015-11-19,8.873631477355957
2015-11-20,9.08120059967041
2015-11-23,9.0487699508667
2015-11-24,9.06174373626709
2015-11-25,9.139581680297852
2015-11-27,9.152552604675293
2015-11-30,9.126606941223145
2015-12-01,9.146068572998047
2015-12-02,9.210933685302734
2015-12-03,9.068227767944336
2015-12-04,9.016337394714355
2015-12-07,8.834707260131836
2015-12-08,8.867143630981445
2015-12-09,8.75687313079834
2015-12-10,9.055258750915527
2015-12-11,8.789305686950684
2015-12-14,8.082268714904785
2015-12-15,8.211999893188477
2015-12-16,8.328760147094727
2015-12-17,8.406597137451172
2015-12-18,8.3417329788208
2015-12-21,8.348217964172363
2015-12-22,8.575251579284668
2015-12-23,8.653088569641113
2015-12-24,8.400110244750977
2015-12-28,8.432540893554688
2015-12-29,8.30930233001709
2015-12-30,8.374164581298828
2015-12-31,8.387136459350586
2016-01-04,8.30930233001709
2016-01-05,8.231461524963379
2016-01-06,7.770915508270264
2016-01-07,7.660643577575684
2016-01-08,7.602262496948242
2016-01-11,7.57631778717041
2016-01-12,7.4401021003723145
2016-01-13,7.4401021003723145
2016-01-14,7.297396183013916
2016-01-15,7.076852321624756
2016-01-19,7.2714457511901855
2016-01-20,7.297396183013916
2016-01-21,7.20658016204834
2016-01-22,7.472528457641602
2016-01-25,7.362260341644287
2016-01-26,7.5957770347595215
2016-01-27,7.7384819984436035
2016-01-28,7.5633440017700195
2016-01-29,7.628209114074707
2016-02-01,7.290907859802246
2016-02-02,7.193611145019531
2016-02-03,7.200096130371094
2016-02-04,7.2260422706604
2016-02-05,7.16766357421875
2016-02-08,7.180636882781982
2016-02-09,7.102797985076904
2016-02-10,7.089824199676514
2016-02-11,7.115767955780029
2016-02-12,7.57631778717041
2016-02-16,7.816322326660156
2016-02-17,7.757942199707031
2016-02-18,7.686587333679199
2016-02-19,7.517938137054443
2016-02-22,7.54388427734375
2016-02-23,7.4401021003723145
2016-02-24,7.459558010101318
2016-02-25,7.53739595413208
2016-02-26,7.835777282714844
2016-02-29,7.719020843505859
2016-03-01,7.855242729187012
2016-03-02,8.09524154663086
2016-03-03,8.075783729553223
2016-03-04,8.244433403015137
2016-03-07,8.160109519958496
2016-03-08,7.959024429321289
2016-03-09,8.432540893554688
2016-03-10,8.76852798461914
2016-03-11,9.0386323928833
2016-03-14,9.348265647888184
2016-03-15,9.223093032836914
2016-03-16,9.064984321594238
2016-03-17,9.137453079223633
2016-03-18,9.130866050720215
2016-03-21,9.203330993652344
2016-03-22,9.269211769104004
2016-03-23,9.025456428527832
2016-03-24,9.315323829650879
2016-03-28,9.381204605102539
2016-03-29,9.934592247009277
2016-03-30,10.039999008178711
2016-03-31,10.145407676696777
2016-04-01,10.079524040222168
2016-04-04,9.941178321838379
2016-04-05,9.796244621276855
2016-04-06,9.565667152404785
2016-04-07,9.664487838745117
2016-04-08,9.657896995544434
2016-04-11,9.611780166625977
2016-04-12,9.763306617736816
2016-04-13,9.684252738952637
2016-04-14,9.743541717529297
2016-04-15,9.80283260345459
2016-04-18,10.171754837036133
2016-04-19,10.086113929748535
2016-04-20,10.211284637451172
2016-04-21,9.980708122253418
2016-04-22,9.90164852142334
2016-04-25,10.099291801452637
2016-04-26,10.237634658813477
2016-04-27,10.158581733703613
2016-04-28,9.921418190002441
2016-04-29,9.559080123901367
2016-05-02,9.829183578491211
2016-05-03,9.710604667663574
2016-05-04,9.361442565917969
2016-05-05,9.30214786529541
2016-05-06,9.32191276550293
2016-05-09,9.35485553741455
2016-05-10,9.315323829650879
2016-05-11,9.216506004333496
2016-05-12,9.157217025756836
2016-05-13,8.920049667358398
2016-05-16,8.893697738647461
2016-05-17,9.025456428527832
2016-05-18,9.223093032836914
2016-05-19,9.170392036437988
2016-05-20,9.370183944702148
2016-05-23,9.39016342163086
2016-05-24,9.276946067810059
2016-05-25,9.41014289855957
2016-05-26,9.236989974975586
2016-05-27,9.450098991394043
2016-05-31,9.39016342163086
2016-06-01,9.450098991394043
2016-06-02,9.463418960571289
2016-06-03,9.45676040649414
2016-06-06,9.496716499328613
2016-06-07,9.443438529968262
2016-06-08,9.303585052490234
2016-06-09,9.150411605834961
2016-06-10,9.263626098632812
2016-06-13,9.097136497497559
2016-06-14,8.910667419433594
2016-06-15,9.057177543640137
2016-06-16,8.864046096801758
2016-06-17,8.844067573547363
2016-06-20,8.850726127624512
2016-06-21,9.143753051757812
2016-06-22,9.123772621154785
2016-06-23,9.336885452270508
2016-06-24,8.95062255859375
2016-06-27,8.224715232849121
2016-06-28,8.15811824798584
2016-06-29,9.070494651794434
2016-06-30,9.383502960205078
2016-07-01,9.430118560791016
2016-07-05,9.403478622436523
2016-07-06,9.45676040649414
2016-07-07,9.836360931396484
2016-07-08,10.235943794250488
2016-07-11,10.269241333007812
2016-07-12,10.116067886352539
2016-07-13,10.13604736328125
2016-07-14,9.823041915893555
2016-07-15,9.989535331726074
2016-07-18,9.982872009277344
2016-07-19,9.92293643951416
2016-07-20,9.889636993408203
2016-07-21,9.962894439697266
2016-07-22,10.355815887451172
2016-07-25,11.055086135864258
2016-07-26,11.554563522338867
2016-07-27,11.454665184020996
2016-07-28,11.487964630126953
2016-07-29,11.554563522338867
2016-08-01,11.494621276855469
2016-08-02,11.22823429107666
2016-08-03,11.381409645080566
2016-08-04,11.441346168518066
2016-08-05,11.50128173828125
2016-08-08,11.408045768737793
2016-08-09,11.341453552246094
2016-08-10,11.34811019897461
2016-08-11,11.401387214660645
2016-08-12,11.547904968261719
2016-08-15,11.834268569946289
2016-08-16,11.96080207824707
2016-08-17,11.927504539489746
2016-08-18,11.887545585632324
2016-08-19,11.718402862548828
2016-08-22,11.921374320983887
2016-08-23,11.914607048034668
2016-08-24,11.87401294708252
2016-08-25,11.830038070678711
2016-08-26,11.833422660827637
2016-08-29,11.928136825561523
2016-08-30,12.178476333618164
2016-08-31,12.367919921875
2016-09-01,12.800933837890625
2016-09-02,12.252898216247559
2016-09-06,12.347622871398926
2016-09-07,12.246134757995605
2016-09-08,12.394980430603027
2016-09-09,12.340856552124023
2016-09-12,12.530298233032227
2016-09-13,12.685914993286133
2016-09-14,12.537066459655762
2016-09-15,12.58442211151123
2016-09-16,12.733272552490234
2016-09-19,12.855058670043945
2016-09-20,12.99036979675293
2016-09-21,12.462640762329102
2016-09-22,12.58442211151123
2016-09-23,12.63178539276123
2016-09-26,12.767105102539062
2016-09-27,12.58442211151123
2016-09-28,12.82122802734375
2016-09-29,12.618254661560059
2016-09-30,11.779291152954102
2016-10-03,12.192009925842285
2016-10-04,12.21906852722168
2016-10-05,12.530298233032227
2016-10-06,12.848289489746094
2016-10-07,12.422043800354004
2016-10-10,12.5505952835083
2016-10-11,12.5505952835083
2016-10-12,12.618254661560059
2016-10-13,12.82122802734375
2016-10-14,12.178476333618164
2016-10-17,11.941672325134277
2016-10-18,12.11081600189209
2016-10-19,11.84018611907959
2016-10-20,11.569554328918457
2016-10-21,11.569554328918457
2016-10-24,11.515425682067871
2016-10-25,11.60338020324707
2016-10-26,11.332743644714355
2016-10-27,11.637208938598633
2016-10-28,11.50189208984375
2016-10-31,11.332743644714355
2016-11-01,10.926800727844238
2016-11-02,10.250218391418457
2016-11-03,10.622336387634277
2016-11-04,10.487020492553711
2016-11-07,10.38553524017334
2016-11-08,10.38553524017334
2016-11-09,10.419363975524902
2016-11-10,11.400405883789062
2016-11-11,11.434235572814941
2016-11-14,11.434235572814941
2016-11-15,11.332743644714355
2016-11-16,11.197433471679688
2016-11-17,11.539859771728516
2016-11-18,11.98501968383789
2016-11-21,12.40963077545166
2016-11-22,12.395933151245117
2016-11-23,12.053504943847656
2016-11-25,11.964472770690918
2016-11-28,11.64259147644043
2016-11-29,11.539859771728516
2016-11-30,11.711079597473145
2016-12-01,11.676835060119629
2016-12-02,11.505619049072266
2016-12-05,11.64259147644043
2016-12-06,11.64259147644043
2016-12-07,11.676835060119629
2016-12-08,11.882290840148926
2016-12-09,11.505619049072266
2016-12-12,11.608345985412598
2016-12-13,10.957733154296875
2016-12-14,11.128944396972656
2016-12-15,10.786515235900879
2016-12-16,11.026219367980957
2016-12-19,11.108396530151367
2016-12-20,11.300161361694336
2016-12-21,11.64259147644043
2016-12-22,12.450724601745605
2016-12-23,12.635634422302246
2016-12-27,12.395933151245117
2016-12-28,12.224722862243652
2016-12-29,12.224722862243652
2016-12-30,13.149276733398438
2017-01-03,12.77260684967041
2017-01-04,12.978059768676758
2017-01-05,12.978059768676758
2017-01-06,13.046548843383789
2017-01-09,12.361693382263184
2017-01-10,12.258964538574219
2017-01-11,12.156231880187988
2017-01-12,12.087748527526855
2017-01-13,12.019261360168457
2017-01-17,11.779561996459961
2017-01-18,12.327447891235352
2017-01-19,13.628674507141113
2017-01-20,13.902620315551758
2017-01-23,14.313533782958984
2017-01-24,13.834139823913574
2017-01-25,13.594436645507812
2017-01-26,13.525951385498047
2017-01-27,13.491708755493164
2017-01-30,13.320494651794434
2017-01-31,13.457466125488281
2017-02-01,13.594436645507812
2017-02-02,13.423224449157715
2017-02-03,13.388978004455566
2017-02-06,13.423224449157715
2017-02-07,12.978059768676758
2017-02-08,13.217763900756836
2017-02-09,13.594436645507812
2017-02-10,14.245052337646484
2017-02-13,14.382025718688965
2017-02-14,14.313533782958984
2017-02-15,14.47790241241455
2017-02-16,14.409419059753418
2017-02-17,14.416266441345215
2017-02-21,14.895668029785156
2017-02-22,15.272337913513184
2017-02-23,15.785980224609375
2017-02-24,15.922954559326172
2017-02-27,14.929906845092773
2017-02-28,14.792941093444824
2017-03-01,15.066874504089355
2017-03-02,13.594436645507812
2017-03-03,13.525951385498047
2017-03-06,13.35473346710205
2017-03-07,13.320494651794434
2017-03-08,13.202366828918457
2017-03-09,13.202366828918457
2017-03-10,13.202366828918457
2017-03-13,13.237109184265137
2017-03-14,13.202366828918457
2017-03-15,13.028654098510742
2017-03-16,12.889678001403809
2017-03-17,12.889678001403809
2017-03-20,12.959163665771484
2017-03-21,12.75765609741211
2017-03-22,12.820194244384766
2017-03-23,12.750703811645508
2017-03-24,12.715961456298828
2017-03-27,12.681220054626465
2017-03-28,12.924424171447754
2017-03-29,13.167622566223145
2017-03-30,13.028654098510742
2017-03-31,13.167622566223145
2017-04-03,12.99390697479248
2017-04-04,13.341338157653809
2017-04-05,13.063393592834473
2017-04-06,12.889678001403809
2017-04-07,13.341338157653809
2017-04-10,13.306593894958496
2017-04-11,13.445566177368164
2017-04-12,13.376081466674805
2017-04-13,13.410825729370117
2017-04-17,13.341338157653809
2017-04-18,13.341338157653809
2017-04-19,13.320491790771484
2017-04-20,13.410825729370117
2017-04-21,13.341338157653809
2017-04-24,13.403877258300781
2017-04-25,13.341338157653809
2017-04-26,13.445566177368164
2017-04-27,13.688770294189453
2017-04-28,13.654026985168457
2017-05-01,13.619285583496094
2017-05-02,13.376081466674805
2017-05-03,12.959163665771484
2017-05-04,12.54224681854248
2017-05-05,13.167622566223145
2017-05-08,13.028654098510742
2017-05-09,12.715961456298828
2017-05-10,12.576990127563477
2017-05-11,13.098136901855469
2017-05-12,13.098136901855469
2017-05-15,13.167622566223145
2017-05-16,13.063393592834473
2017-05-17,12.611734390258789
2017-05-18,12.947673797607422
2017-05-19,12.842691421508789
2017-05-22,13.087647438049316
2017-05-23,12.954671859741211
2017-05-24,12.912681579589844
2017-05-25,12.898580551147461
2017-05-26,13.004310607910156
2017-05-30,12.828096389770508
2017-05-31,12.722372055053711
2017-06-01,12.722372055053711
2017-06-02,12.61664867401123
2017-06-05,12.651890754699707
2017-06-06,12.792856216430664
2017-06-07,12.757613182067871
2017-06-08,12.863341331481934
2017-06-09,12.828096389770508
2017-06-12,12.687129020690918
2017-06-13,12.687129020690918
2017-06-14,12.581406593322754
2017-06-15,12.475683212280273
2017-06-16,12.61664867401123
2017-06-19,12.61664867401123
2017-06-20,12.440437316894531
2017-06-21,12.369952201843262
2017-06-22,12.334712028503418
2017-06-23,12.581406593322754
2017-06-26,12.687129020690918
2017-06-27,12.651890754699707
2017-06-28,12.743517875671387
2017-06-29,12.61664867401123
2017-06-30,12.687129020690918
2017-07-03,12.898580551147461
2017-07-05,12.828096389770508
2017-07-06,12.722372055053711
2017-07-07,12.722372055053711
2017-07-10,12.722372055053711
2017-07-11,12.722372055053711
2017-07-12,12.898580551147461
2017-07-13,12.828096389770508
2017-07-14,12.863341331481934
2017-07-17,12.933822631835938
2017-07-18,13.039552688598633
2017-07-19,13.074792861938477
2017-07-20,13.18051815032959
2017-07-21,13.215764045715332
2017-07-24,13.11003589630127
2017-07-25,13.004310607910156
2017-07-26,13.11003589630127
2017-07-27,13.039552688598633
2017-07-28,13.004310607910156
2017-07-31,13.039552688598633
2017-08-01,13.004310607910156
2017-08-02,12.863341331481934
2017-08-03,12.863341331481934
2017-08-04,12.828096389770508
2017-08-07,12.828096389770508
2017-08-08,12.792856216430664
2017-08-09,12.863341331481934
2017-08-10,12.687129020690918
2017-08-11,12.61664867401123
2017-08-14,12.757613182067871
2017-08-15,12.687129020690918
2017-08-16,12.837740898132324
2017-08-17,12.7301607131958
2017-08-18,12.694303512573242
2017-08-21,12.7301607131958
2017-08-22,12.801880836486816
2017-08-23,12.873604774475098
2017-08-24,12.873604774475098
2017-08-25,12.945319175720215
2017-08-28,13.052900314331055
2017-08-29,13.017040252685547
2017-08-30,13.017040252685547
2017-08-31,13.017040252685547
2017-09-01,13.052900314331055
2017-09-05,12.837740898132324
2017-09-06,12.801880836486816
2017-09-07,12.766019821166992
2017-09-08,12.766019821166992
2017-09-11,12.909461975097656
2017-09-12,13.081583023071289
2017-09-13,13.017040252685547
2017-09-14,12.945319175720215
2017-09-15,13.124614715576172
2017-09-18,13.196337699890137
2017-09-19,13.124614715576172
2017-09-20,13.160477638244629
2017-09-21,13.088759422302246
2017-09-22,13.339774131774902
2017-09-25,13.447352409362793
2017-09-26,13.303912162780762
2017-09-27,13.26805305480957
2017-09-28,13.196337699890137
2017-09-29,13.37563419342041
2017-10-02,13.447352409362793
2017-10-03,13.519075393676758
2017-10-04,13.554931640625
2017-10-05,13.590794563293457
2017-10-06,13.447352409362793
2017-10-09,13.411494255065918
2017-10-10,13.339774131774902
2017-10-11,13.196337699890137
2017-10-12,13.088759422302246
2017-10-13,13.196337699890137
2017-10-16,13.37563419342041
2017-10-17,13.411494255065918
2017-10-18,13.124614715576172
2017-10-19,13.088759422302246
2017-10-20,13.303912162780762
2017-10-23,13.37563419342041
2017-10-24,13.411494255065918
2017-10-25,13.318257331848145
2017-10-26,13.303912162780762
2017-10-27,13.339774131774902
2017-10-30,13.303912162780762
2017-10-31,13.160477638244629
2017-11-01,13.26805305480957
2017-11-02,13.339774131774902
2017-11-03,13.447352409362793
2017-11-06,13.483213424682617
2017-11-07,13.483213424682617
2017-11-08,13.519075393676758
2017-11-09,13.590794563293457
2017-11-10,13.483213424682617
2017-11-13,13.66251277923584
2017-11-14,13.590794563293457
2017-11-15,13.483213424682617
2017-11-16,13.563860893249512
2017-11-17,13.600518226623535
2017-11-20,13.747157096862793
2017-11-21,13.820480346679688
2017-11-22,13.857136726379395
2017-11-24,13.681171417236328
2017-11-27,13.783818244934082
2017-11-28,13.820480346679688
2017-11-29,13.637181282043457
2017-11-30,13.527204513549805
2017-12-01,13.380570411682129
2017-12-04,13.527204513549805
2017-12-05,13.453886985778809
2017-12-06,13.527204513549805
2017-12-07,13.710500717163086
2017-12-08,13.563860893249512
2017-12-11,13.563860893249512
2017-12-12,13.783818244934082
2017-12-13,13.893796920776367
2017-12-14,13.959783554077148
2017-12-15,13.893796920776367
2017-12-18,13.820480346679688
2017-12-19,13.820480346679688
2017-12-20,13.967114448547363
2017-12-21,13.893796920776367
2017-12-22,13.967114448547363
2017-12-26,14.003776550292969
2017-12-27,14.150408744812012
2017-12-28,14.443680763244629
2017-12-29,14.663633346557617
2018-01-02,14.810274124145508
2018-01-03,14.773613929748535
2018-01-04,14.663633346557617
2018-01-05,14.736953735351562
2018-01-08,15.176865577697754
2018-01-09,15.690085411071777
2018-01-10,16.31330108642578
2018-01-11,16.826522827148438
2018-01-12,16.826522827148438
2018-01-16,17.04647445678711
2018-01-17,17.04647445678711
2018-01-18,16.86318016052246
2018-01-19,17.009815216064453
2018-01-22,17.743000030517578
2018-01-23,18.292882919311523
2018-01-24,18.402864456176758
2018-01-25,17.962955474853516
2018-01-26,18.10959243774414
2018-01-29,17.962955474853516
2018-01-30,17.706344604492188
2018-01-31,17.119796752929688
2018-02-01,17.33974838256836
2018-02-02,16.97315788269043
2018-02-05,15.800065040588379
2018-02-06,16.093341827392578
2018-02-07,16.31330108642578
2018-02-08,15.983362197875977
2018-02-09,15.8367280960083
2018-02-12,16.86318016052246
2018-02-13,16.899839401245117
2018-02-14,16.643232345581055
2018-02-15,17.926294326782227
2018-02-16,17.63302230834961
2018-02-20,17.376413345336914
2018-02-21,17.59636688232422
2018-02-22,17.6696834564209
2018-02-23,17.856063842773438
2018-02-26,18.37796401977539
2018-02-27,18.1542911529541
2018-02-28,18.191572189331055
2018-03-01,18.452512741088867
2018-03-02,18.340681076049805
2018-03-05,18.825300216674805
2018-03-06,17.035959243774414
2018-03-07,16.625898361206055
2018-03-08,16.402233123779297
2018-03-09,16.327678680419922
2018-03-12,16.402233123779297
2018-03-13,16.290401458740234
2018-03-14,16.327678680419922
2018-03-15,15.917623519897461
2018-03-16,15.917623519897461
2018-03-19,15.58212661743164
2018-03-20,15.768511772155762
2018-03-21,15.693955421447754
2018-03-22,16.253124237060547
2018-03-23,16.21584701538086
2018-03-26,16.21584701538086
2018-03-27,15.88034725189209
2018-03-28,15.656679153442383
2018-03-29,15.954896926879883
2018-04-02,15.805794715881348
2018-04-03,16.178571701049805
2018-04-04,16.402233123779297
2018-04-05,16.066730499267578
2018-04-06,15.58212661743164
2018-04-09,15.88034725189209
2018-04-10,16.43951416015625
2018-04-11,15.992183685302734
2018-04-12,15.954896926879883
2018-04-13,15.987101554870605
2018-04-16,16.24918556213379
2018-04-17,16.66103744506836
2018-04-18,16.66103744506836
2018-04-19,16.88567543029785
2018-04-20,16.848237991333008
2018-04-23,16.66103744506836
2018-04-24,16.36150550842285
2018-04-25,16.473827362060547
2018-04-26,16.586143493652344
2018-04-27,16.36150550842285
2018-04-30,16.473827362060547
2018-05-01,16.773351669311523
2018-05-02,16.848237991333008
2018-05-03,16.62359046936035
2018-05-04,16.286624908447266
2018-05-07,16.698467254638672
2018-05-08,16.39895248413086
2018-05-09,16.586143493652344
2018-05-10,16.511266708374023
2018-05-11,16.473827362060547
2018-05-14,16.88567543029785
2018-05-15,16.586143493652344
2018-05-16,16.39895248413086
2018-05-17,16.5487117767334
2018-05-18,16.286624908447266
2018-05-21,16.211748123168945
2018-05-22,16.174301147460938
2018-05-23,16.09942054748535
2018-05-24,16.136856079101562
2018-05-25,16.0245418548584
2018-05-29,15.949663162231445
2018-05-30,16.136856079101562
2018-05-31,16.586143493652344
2018-06-01,16.436386108398438
2018-06-04,16.473827362060547
2018-06-05,16.36150550842285
2018-06-06,16.174301147460938
2018-06-07,16.39895248413086
2018-06-08,16.24918556213379
2018-06-11,16.211748123168945
2018-06-12,15.91222095489502
2018-06-13,15.650135040283203
2018-06-14,15.824702262878418
2018-06-15,15.710851669311523
2018-06-18,15.559057235717773
2018-06-19,15.672904968261719
2018-06-20,15.483162879943848
2018-06-21,15.710851669311523
2018-06-22,15.938549041748047
2018-06-25,15.824702262878418
2018-06-26,15.748804092407227
2018-06-27,15.710851669311523
2018-06-28,15.90060043334961
2018-06-29,15.710851669311523
2018-07-02,15.938549041748047
2018-07-03,16.01444435119629
2018-07-05,16.090347290039062
2018-07-06,16.052398681640625
2018-07-09,16.280088424682617
2018-07-10,16.052398681640625
2018-07-11,15.78675365447998
2018-07-12,15.938549041748047
2018-07-13,16.280088424682617
2018-07-16,16.393936157226562
2018-07-17,16.090347290039062
2018-07-18,16.204193115234375
2018-07-19,16.052398681640625
2018-07-20,16.355981826782227
2018-07-23,16.318035125732422
2018-07-24,16.01444435119629
2018-07-25,16.01444435119629
2018-07-26,15.824702262878418
2018-07-27,15.862651824951172
2018-07-30,15.90060043334961
2018-07-31,16.204193115234375
2018-08-01,15.862651824951172
2018-08-02,16.1282901763916
2018-08-03,15.90060043334961
2018-08-06,15.976500511169434
2018-08-07,15.976500511169434
2018-08-08,15.938549041748047
2018-08-09,15.938549041748047
2018-08-10,16.01444435119629
2018-08-13,16.204193115234375
2018-08-14,16.58367919921875
2018-08-15,15.90060043334961
2018-08-16,15.78675365447998
2018-08-17,15.78675365447998
2018-08-20,15.90060043334961
2018-08-21,15.976500511169434
2018-08-22,16.24213218688965
2018-08-23,16.166244506835938
2018-08-24,15.938549041748047
2018-08-27,16.1282901763916
2018-08-28,16.355981826782227
2018-08-29,16.545730590820312
2018-08-30,16.431886672973633
2018-08-31,16.166244506835938
2018-09-04,16.1282901763916
2018-09-05,16.052398681640625
2018-09-06,15.938549041748047
2018-09-07,15.976500511169434
2018-09-10,16.01444435119629
2018-09-11,15.976500511169434
2018-09-12,15.976500511169434
2018-09-13,16.268796920776367
2018-09-14,16.576475143432617
2018-09-17,16.614938735961914
2018-09-18,17.15338706970215
2018-09-19,17.69183921813965
2018-09-20,17.653379440307617
2018-09-21,17.9226016998291
2018-09-24,17.730300903320312
2018-09-25,17.69183921813965
2018-09-26,17.768760681152344
2018-09-27,17.9226016998291
2018-09-28,17.845678329467773
2018-10-01,17.48415184020996
2018-10-02,17.19184684753418
2018-10-03,17.261079788208008
2018-10-04,16.899551391601562
2018-10-05,16.699552536010742
2018-10-08,16.653406143188477
2018-10-09,16.8149356842041
2018-10-10,16.099573135375977
2018-10-11,15.914960861206055
2018-10-12,15.938036918640137
2018-10-15,15.884190559387207
2018-10-16,16.02264976501465
2018-10-17,16.114957809448242
2018-10-18,15.984190940856934
2018-10-19,15.699586868286133
2018-10-22,15.461126327514648
2018-10-23,15.26113224029541
2018-10-24,14.907291412353516
2018-10-25,15.114980697631836
2018-10-26,15.007295608520508
2018-10-29,14.622688293457031
2018-10-30,14.930371284484863
2018-10-31,15.084211349487305
2018-11-01,15.822660446166992
2018-11-02,16.176496505737305
2018-11-05,16.268796920776367
2018-11-06,16.630334854125977
2018-11-07,16.71494483947754
2018-11-08,16.807247161865234
2018-11-09,17.02262306213379
2018-11-12,16.71494483947754
2018-11-13,17.130313873291016
2018-11-14,17.030315399169922
2018-11-15,16.922622680664062
2018-11-16,17.222614288330078
2018-11-19,17.076465606689453
2018-11-20,16.691862106323242
2018-11-21,17.11492919921875
2018-11-23,17.014936447143555
2018-11-26,17.568763732910156
2018-11-27,17.3687686920166
2018-11-28,17.699525833129883
2018-11-29,17.522611618041992
2018-11-30,17.261079788208008
2018-12-03,17.730300903320312
2018-12-04,16.976469039916992
2018-12-06,17.08416175842285
2018-12-07,16.507261276245117
2018-12-10,16.707242965698242
2018-12-11,16.730323791503906
2018-12-12,16.922622680664062
2018-12-13,17.053390502929688
2018-12-14,16.87420654296875
2018-12-17,16.391199111938477
2018-12-18,15.939346313476562
2018-12-19,14.942172050476074
2018-12-20,13.664527893066406
2018-12-21,13.306166648864746
2018-12-24,13.142563819885254
2018-12-26,13.42302417755127
2018-12-27,13.828129768371582
2018-12-28,13.983938217163086
2018-12-31,13.85150146484375
2019-01-02,13.633366584777832
2019-01-03,13.321743965148926
2019-01-04,14.05405044555664
2019-01-07,14.412412643432617
2019-01-08,14.762986183166504
2019-01-09,14.630547523498535
2019-01-10,14.677292823791504
2019-01-11,15.035651206970215
2019-01-14,15.308320045471191
2019-01-15,15.510875701904297
2019-01-16,15.432968139648438
2019-01-17,15.425178527832031
2019-01-18,15.619937896728516
2019-01-22,15.744587898254395
2019-01-23,16.0328369140625
2019-01-24,16.08736801147461
2019-01-25,16.336666107177734
2019-01-28,16.398990631103516
2019-01-29,16.243181228637695
2019-01-30,16.18864631652832
2019-01-31,16.250972747802734
2019-02-01,16.204225540161133
2019-02-04,16.87420654296875
2019-02-05,17.13908576965332
2019-02-06,17.310474395751953
2019-02-07,16.819677352905273
2019-02-08,16.83526039123535
2019-02-11,16.57817268371582
2019-02-12,16.85083770751953
2019-02-13,16.944326400756836
2019-02-14,17.450706481933594
2019-02-15,18.097318649291992
2019-02-19,18.42451286315918
2019-02-20,18.229761123657227
2019-02-21,18.16743278503418
2019-02-22,18.533584594726562
2019-02-25,18.54916763305664
2019-02-26,18.408939361572266
2019-02-27,18.385562896728516
2019-02-28,18.401147842407227
2019-03-01,18.229761123657227
2019-03-04,18.02720069885254
2019-03-05,17.816862106323242
2019-03-06,17.692211151123047
2019-03-07,17.489656448364258
2019-03-08,17.801280975341797
2019-03-11,18.42451286315918
2019-03-12,18.471261978149414
2019-03-13,18.829622268676758
2019-03-14,18.837514877319336
2019-03-15,18.86910057067871
2019-03-18,18.87699317932129
2019-03-19,18.79014778137207
2019-03-20,18.74277687072754
2019-03-21,18.758569717407227
2019-03-22,18.25328826904297
2019-03-25,18.2769718170166
2019-03-26,18.45855712890625
2019-03-27,18.26907730102539
2019-03-28,18.38750457763672
2019-03-29,18.324344635009766
2019-04-01,18.65593147277832
2019-04-02,18.711198806762695
2019-04-03,18.65593147277832
2019-04-04,18.65593147277832
2019-04-05,18.719097137451172
2019-04-08,18.79014778137207
2019-04-09,18.64803695678711
2019-04-10,18.687509536743164
2019-04-11,18.65593147277832
2019-04-12,18.758569717407227
2019-04-15,18.805938720703125
2019-04-16,18.845417022705078
2019-04-17,18.837514877319336
2019-04-18,19.31911849975586
2019-04-22,19.05068588256836
2019-04-23,19.09805679321289
2019-04-24,19.177001953125
2019-04-25,19.18490219116211
2019-04-26,19.090164184570312
2019-04-29,19.279644012451172
2019-04-30,19.303327560424805
2019-05-01,19.500707626342773
2019-05-02,19.327009201049805
2019-05-03,19.737548828125
2019-05-06,19.903345108032227
2019-05-07,19.903345108032227
2019-05-08,19.911243438720703
2019-05-09,20.077037811279297
2019-05-10,20.369152069091797
2019-05-13,19.990196228027344
2019-05-14,20.09282684326172
2019-05-15,20.384944915771484
2019-05-16,20.527053833007812
2019-05-17,20.463891983032227
2019-05-20,20.51126480102539
2019-05-21,20.740219116210938
2019-05-22,20.779695510864258
2019-05-23,20.76390266418457
2019-05-24,20.961280822753906
2019-05-28,21.063915252685547
2019-05-29,20.882333755493164
2019-05-30,20.89811897277832
2019-05-31,20.282304763793945
2019-06-03,20.684959411621094
2019-06-04,20.795486450195312
2019-06-05,20.98496437072754
2019-06-06,20.30599594116211
2019-06-07,20.369152069091797
2019-06-10,20.48758316040039
2019-06-11,20.44020652770996
2019-06-12,20.408632278442383
2019-06-13,21.375900268554688
2019-06-14,21.607730865478516
2019-06-17,21.951465606689453
2019-06-18,21.81557273864746
2019-06-19,22.343170166015625
2019-06-20,22.04738998413086
2019-06-21,21.84754753112793
2019-06-24,21.62371253967285
2019-06-25,20.632461547851562
2019-06-26,20.760364532470703
2019-06-27,20.848299026489258
2019-06-28,20.920244216918945
2019-07-01,21.439849853515625
2019-07-02,21.543779373168945
2019-07-03,21.807575225830078
2019-07-05,21.679672241210938
2019-07-08,21.615718841552734
2019-07-09,21.943471908569336
2019-07-10,22.36715316772461
2019-07-11,22.36715316772461
2019-07-12,22.838796615600586
2019-07-15,22.58298683166504
2019-07-16,22.630956649780273
2019-07-17,22.49506187438965
2019-07-18,22.726886749267578
2019-07-19,22.48706817626953
2019-07-22,22.58298683166504
2019-07-23,22.710895538330078
2019-07-24,23.214515686035156
2019-07-25,23.238496780395508
2019-07-26,23.44634437561035
2019-07-29,23.286460876464844
2019-07-30,23.574243545532227
2019-07-31,23.382389068603516
2019-08-01,22.91074562072754
2019-08-02,22.95870590209961
2019-08-05,21.32793426513672
2019-08-06,22.023406982421875
2019-08-07,22.071374893188477
2019-08-08,22.55101203918457
2019-08-09,22.543025970458984
2019-08-12,22.063385009765625
2019-08-13,22.431102752685547
2019-08-14,21.751619338989258
2019-08-15,21.663684844970703
2019-08-16,22.646944046020508
2019-08-19,23.238496780395508
2019-08-20,22.93472671508789
2019-08-21,23.110593795776367
2019-08-22,23.086610794067383
2019-08-23,22.327184677124023
2019-08-26,22.135332107543945
2019-08-27,22.23125457763672
2019-08-28,22.622955322265625
2019-08-29,23.382389068603516
2019-08-30,23.26247787475586
2019-09-03,22.678924560546875
2019-09-04,23.42236328125
2019-09-05,23.846038818359375
2019-09-06,23.909990310668945
2019-09-09,23.989933013916016
2019-09-10,23.286460876464844
2019-09-11,23.846038818359375
2019-09-12,24.301694869995117
2019-09-13,24.31785774230957
2019-09-16,24.600624084472656
2019-09-17,24.802600860595703
2019-09-18,24.923784255981445
2019-09-19,23.760398864746094
2019-09-20,23.720008850097656
2019-09-23,23.946218490600586
2019-09-24,23.15447998046875
2019-09-25,24.075483322143555
2019-09-26,24.035091400146484
2019-09-27,22.41929054260254
2019-09-30,21.659854888916016
2019-10-01,21.336700439453125
2019-10-02,21.191272735595703
2019-10-03,21.385169982910156
2019-10-04,21.34477424621582
2019-10-07,21.053930282592773
2019-10-08,20.948902130126953
2019-10-09,21.16703987121582
2019-10-10,21.062013626098633
2019-10-11,21.530593872070312
2019-10-14,21.255903244018555
2019-10-15,21.603300094604492
2019-10-16,21.31245994567871
2019-10-17,21.95069694519043
2019-10-18,22.50007438659668
2019-10-21,22.831314086914062
2019-10-22,22.588939666748047
2019-10-23,23.243345260620117
2019-10-24,22.774761199951172
2019-10-25,22.823232650756836
2019-10-28,23.671533584594727
2019-10-29,23.970458984375
2019-10-30,24.01893424987793
2019-10-31,23.88966178894043
2019-11-01,25.343891143798828
2019-11-04,26.442644119262695
2019-11-05,25.66705322265625
2019-11-06,25.852863311767578
2019-11-07,25.974056243896484
2019-11-08,25.52162742614746
2019-11-11,25.73975944519043
2019-11-12,25.52162742614746
2019-11-13,25.763996124267578
2019-11-14,25.618572235107422
2019-11-15,25.505468368530273
2019-11-18,26.119476318359375
2019-11-19,26.54766845703125
2019-11-20,26.781957626342773
2019-11-21,25.998292922973633
2019-11-22,25.957895278930664
2019-11-25,26.458797454833984
2019-11-26,26.886980056762695
2019-11-27,26.70116424560547
2019-11-29,26.733484268188477
2019-12-02,26.28914451599121
2019-12-03,26.394163131713867
2019-12-04,26.378005981445312
2019-12-05,26.781957626342773
2019-12-06,26.555749893188477
2019-12-09,26.571895599365234
2019-12-10,27.1859130859375
2019-12-11,27.14551544189453
2019-12-12,27.040491104125977
2019-12-13,27.589855194091797
2019-12-16,27.47568130493164
2019-12-17,27.573549270629883
2019-12-18,27.679561614990234
2019-12-19,28.087337493896484
2019-12-20,28.0220947265625
2019-12-23,28.37278175354004
2019-12-24,28.34015464782715
2019-12-26,28.37278175354004
2019-12-27,28.405399322509766
2019-12-30,29.14754867553711
2019-12-31,29.106775283813477
2020-01-02,28.984439849853516
2020-01-03,28.739774703979492
2020-01-06,29.025217056274414
2020-01-07,28.902881622314453
2020-01-08,29.449302673339844
2020-01-09,29.70211410522461
2020-01-10,29.53084945678711
2020-01-13,29.62057113647461
2020-01-14,29.359590530395508
2020-01-15,29.212787628173828
2020-01-16,30.036487579345703
2020-01-17,30.403484344482422
2020-01-21,30.109893798828125
2020-01-22,30.640005111694336
2020-01-23,30.90912437438965
2020-01-24,30.256689071655273
2020-01-27,29.343276977539062
2020-01-28,29.79998779296875
2020-01-29,30.18328285217285
2020-01-30,29.80814552307129
2020-01-31,29.40852928161621
2020-02-03,30.427953720092773
2020-02-04,31.08038902282715
2020-02-05,31.42292022705078
2020-02-06,31.757282257080078
2020-02-07,31.3576717376709
2020-02-10,32.010108947753906
2020-02-11,32.833797454833984
2020-02-12,33.135555267333984
2020-02-13,33.51885986328125
2020-02-14,32.629920959472656
2020-02-18,32.703311920166016
2020-02-19,33.535186767578125
2020-02-20,32.93982696533203
2020-02-21,32.58099365234375
2020-02-24,31.80621910095215
2020-02-25,30.37086296081543
2020-02-26,30.00386619567871
2020-02-27,28.878419876098633
2020-02-28,28.209671020507812
2020-03-02,29.76736068725586
2020-03-03,28.984439849853516
2020-03-04,30.06096076965332
2020-03-05,29.0496768951416
2020-03-06,27.524620056152344
2020-03-09,25.086135864257812
2020-03-10,26.684602737426758
2020-03-11,24.678367614746094
2020-03-12,22.835235595703125
2020-03-13,26.130037307739258
2020-03-16,22.63667106628418
2020-03-17,25.081199645996094
2020-03-18,22.215486526489258
2020-03-19,21.141874313354492
2020-03-20,18.920324325561523
2020-03-23,18.755155563354492
2020-03-24,22.207229614257812
2020-03-25,23.99932861328125
2020-03-26,25.139009475708008
2020-03-27,24.536134719848633
2020-03-30,25.907054901123047
2020-03-31,25.543676376342773
2020-04-01,24.71782112121582
2020-04-02,24.891250610351562
2020-04-03,23.817644119262695
2020-04-06,25.43631935119629
2020-04-07,26.518186569213867
2020-04-08,26.774194717407227
2020-04-09,29.028779983520508
2020-04-13,27.58354377746582
2020-04-14,26.741165161132812
2020-04-15,25.42806053161621
2020-04-16,26.369537353515625
2020-04-17,27.418365478515625
2020-04-20,26.072227478027344
2020-04-21,24.726083755493164
2020-04-22,25.618005752563477
2020-04-23,26.88981819152832
2020-04-24,27.82303810119629
2020-04-27,28.888391494750977
2020-04-28,28.84709930419922
2020-04-29,28.979230880737305
2020-04-30,27.707416534423828
2020-05-01,26.980663299560547
2020-05-04,26.460376739501953
2020-05-05,26.840267181396484
2020-05-06,28.904905319213867
2020-05-07,28.913166046142578
2020-05-08,28.39288330078125
2020-05-11,28.797544479370117
2020-05-12,28.021240234375
2020-05-13,27.740453720092773
2020-05-14,27.28622817993164
2020-05-15,27.773487091064453
2020-05-18,28.632373809814453
2020-05-19,28.24421501159668
2020-05-20,28.880128860473633
2020-05-21,28.838834762573242
2020-05-22,28.954450607299805
2020-05-26,30.28407859802246
2020-05-27,30.672239303588867
2020-05-28,30.019811630249023
2020-05-29,31.184261322021484
2020-06-01,30.919994354248047
2020-06-02,31.465063095092773
2020-06-03,32.20832443237305
2020-06-04,32.621246337890625
2020-06-05,32.75339126586914
2020-06-08,33.44709777832031
2020-06-09,32.703834533691406
2020-06-10,32.00185775756836
2020-06-11,30.829147338867188
2020-06-12,31.613704681396484
2020-06-15,31.82235336303711
2020-06-16,32.707008361816406
2020-06-17,32.55677032470703
2020-06-18,32.798797607421875
2020-06-19,32.56512451171875
2020-06-22,33.47480773925781
2020-06-23,32.406551361083984
2020-06-24,31.814006805419922
2020-06-25,32.523399353027344
2020-06-26,32.331451416015625
2020-06-29,31.52190589904785
2020-06-30,33.13263702392578
2020-07-01,32.990753173828125
2020-07-02,32.848880767822266
2020-07-06,32.848880767822266
2020-07-07,31.630403518676758
2020-07-08,32.36482620239258
2020-07-09,32.356475830078125
2020-07-10,32.8906135559082
2020-07-13,32.59016418457031
2020-07-14,33.15767288208008
2020-07-15,33.71684646606445
2020-07-16,33.65842056274414
2020-07-17,33.87540054321289
2020-07-20,34.084049224853516
2020-07-21,34.19254684448242
2020-07-22,34.03397750854492
2020-07-23,33.79194641113281
2020-07-24,32.58180618286133
2020-07-27,32.95737075805664
2020-07-28,32.98241424560547
2020-07-29,33.76691436767578
2020-07-30,33.24113082885742
2020-07-31,33.33292770385742
2020-08-03,34.000587463378906
2020-08-04,33.72519302368164
2020-08-05,33.85036849975586
2020-08-06,33.60834884643555
2020-08-07,34.05901336669922
2020-08-10,35.11057662963867
2020-08-11,33.691795349121094
2020-08-12,33.408050537109375
2020-08-13,33.50819396972656
2020-08-14,33.391361236572266
2020-08-17,33.70014953613281
2020-08-18,33.19106674194336
2020-08-19,33.374656677246094
2020-08-20,33.249481201171875
2020-08-21,33.17436218261719
2020-08-24,32.89895248413086
2020-08-25,32.77376937866211
2020-08-26,33.49985122680664
2020-08-27,34.03397750854492
2020-08-28,33.641719818115234
2020-08-31,33.75856399536133
2020-09-01,33.7752571105957
2020-09-02,34.1842041015625
2020-09-03,32.8906135559082
2020-09-04,33.040828704833984
2020-09-08,32.11445999145508
2020-09-09,32.848880767822266
2020-09-10,32.87391662597656
2020-09-11,33.232784271240234
2020-09-14,33.7752571105957
2020-09-15,33.85954284667969
2020-09-16,34.120853424072266
2020-09-17,33.2695198059082
2020-09-18,33.572959899902344
2020-09-21,32.81433868408203
2020-09-22,33.30323028564453
2020-09-23,33.14307403564453
2020-09-24,32.671051025390625
2020-09-25,33.572959899902344
2020-09-28,34.146141052246094
2020-09-29,33.88483810424805
2020-09-30,34.07028579711914
2020-10-01,34.16299819946289
2020-10-02,34.55916213989258
2020-10-05,35.61279296875
2020-10-06,35.46949768066406
2020-10-07,35.45264434814453
2020-10-08,36.219688415527344
2020-10-09,36.37141799926758
2020-10-12,36.472557067871094
2020-10-13,37.17217254638672
2020-10-14,36.969871520996094
2020-10-15,37.23117446899414
2020-10-16,37.65262985229492
2020-10-19,37.425052642822266
2020-10-20,37.44190216064453
2020-10-21,36.9445915222168
2020-10-22,37.40818405151367
2020-10-23,37.78749465942383
2020-10-26,36.57371139526367
2020-10-27,36.20283126831055
2020-10-28,35.45264434814453
2020-10-29,35.528499603271484
2020-10-30,35.654937744140625
2020-11-02,35.48636245727539
2020-11-03,35.073333740234375
2020-11-04,36.58213806152344
2020-11-05,37.526187896728516
2020-11-06,37.669490814208984
2020-11-09,37.340755462646484
2020-11-10,37.568336486816406
2020-11-11,37.59362030029297
2020-11-12,36.885581970214844
2020-11-13,37.298614501953125
2020-11-16,37.5767707824707
2020-11-17,37.90550231933594
2020-11-18,37.74534606933594
2020-11-19,37.93921661376953
2020-11-20,37.89706802368164
2020-11-23,37.72005844116211
2020-11-24,37.644195556640625
2020-11-25,37.964500427246094
2020-11-27,38.09093475341797
2020-11-30,37.97293472290039
2020-12-01,38.66411590576172
2020-12-02,38.66411590576172
2020-12-03,39.17829132080078
2020-12-04,39.60817337036133
2020-12-07,40.046485900878906
2020-12-08,40.703948974609375
2020-12-09,40.77138137817383
2020-12-10,40.84724044799805
2020-12-11,40.97367858886719
2020-12-14,40.872528076171875
2020-12-15,41.504703521728516
2020-12-16,41.649166107177734
2020-12-17,41.77664566040039
2020-12-18,41.9806022644043
2020-12-21,42.07406997680664
2020-12-22,41.827632904052734
2020-12-23,41.751155853271484
2020-12-24,41.69166946411133
2020-12-28,41.249759674072266
2020-12-29,40.56991958618164
2020-12-30,40.527427673339844
2020-12-31,39.98355484008789
2021-01-04,39.66912078857422
2021-01-05,39.218719482421875
2021-01-06,39.618133544921875
2021-01-07,40.280982971191406
2021-01-08,40.37446594238281
2021-01-11,39.7201042175293
2021-01-12,39.541648864746094
2021-01-13,39.312198638916016
2021-01-14,38.904293060302734
2021-01-15,38.36040496826172
2021-01-19,38.81081008911133
2021-01-20,39.44816970825195
2021-01-21,38.887298583984375
2021-01-22,38.47938537597656
2021-01-25,38.39440155029297
2021-01-26,39.05725860595703
2021-01-27,37.85053253173828
2021-01-28,39.2102165222168
2021-01-29,38.37740707397461
2021-02-01,39.44816970825195
2021-02-02,41.3602409362793
2021-02-03,40.57841873168945
2021-02-04,41.428218841552734
2021-02-05,41.3602409362793
2021-02-08,41.734169006347656
2021-02-09,41.946617126464844
2021-02-10,43.025875091552734
2021-02-11,42.991878509521484
2021-02-12,43.71420669555664
2021-02-16,44.793479919433594
2021-02-17,45.12489700317383
2021-02-18,44.20710372924805
2021-02-19,43.7567024230957
2021-02-22,42.745426177978516
2021-02-23,43.093849182128906
2021-02-24,44.3515739440918
2021-02-25,43.88417434692383
2021-02-26,44.17311096191406
2021-03-01,44.60651779174805
2021-03-02,44.19010543823242
2021-03-03,43.654727935791016
2021-03-04,42.847408294677734
2021-03-05,43.47625732421875
2021-03-08,44.60651779174805
2021-03-09,45.694271087646484
2021-03-10,45.617794036865234
2021-03-11,46.569580078125
2021-03-12,46.94349670410156
2021-03-15,47.07096862792969
2021-03-16,46.865272521972656
2021-03-17,47.46521759033203
2021-03-18,46.79669952392578
2021-03-19,46.453861236572266
2021-03-22,47.13095474243164
2021-03-23,46.63385009765625
2021-03-24,46.91668701171875
2021-03-25,46.25674057006836
2021-03-26,46.19673538208008
2021-03-29,45.32251739501953
2021-03-30,45.53678894042969
2021-03-31,48.0223274230957
2021-04-01,49.43650817871094
2021-04-05,50.67928695678711
2021-04-06,47.00239181518555
2021-04-07,47.696632385253906
2021-04-08,47.430931091308594
2021-04-09,47.250946044921875
2021-04-12,47.23381423950195
2021-04-13,47.876617431640625
2021-04-14,48.1851692199707
2021-04-15,47.876617431640625
2021-04-16,47.9023323059082
2021-04-19,48.00517654418945
2021-04-20,46.68527603149414
2021-04-21,47.19953155517578
2021-04-22,47.01953887939453
2021-04-23,47.456642150878906
2021-04-26,47.13095474243164
2021-04-27,47.92803955078125
2021-04-28,48.108036041259766
2021-04-29,46.51386260986328
2021-04-30,45.01396560668945
2021-05-03,44.662559509277344
2021-05-04,44.12260055541992
2021-05-05,45.005401611328125
2021-05-06,46.033897399902344
2021-05-07,45.99103927612305
2021-05-10,45.68248748779297
2021-05-11,44.96254348754883
2021-05-12,43.7454833984375
2021-05-13,43.82262420654297
2021-05-14,44.9196891784668
2021-05-17,44.49114227294922
2021-05-18,44.27687072753906
2021-05-19,43.87403869628906
2021-05-20,44.57686233520508
2021-05-21,47.1395263671875
2021-05-24,46.505287170410156
2021-05-25,46.65956115722656
2021-05-26,46.79669952392578
2021-05-27,47.12238311767578
2021-05-28,47.29380416870117
2021-06-01,47.38808822631836
2021-06-02,47.62806701660156
2021-06-03,48.15945816040039
2021-06-04,48.48515701293945
2021-06-07,49.38508224487305
2021-06-08,50.670711517333984
2021-06-09,50.387874603271484
2021-06-10,50.16502380371094
2021-06-11,50.816429138183594
2021-06-14,50.259307861328125
2021-06-15,50.112430572509766
2021-06-16,50.45803451538086
2021-06-17,50.112430572509766
2021-06-18,49.41258239746094
2021-06-21,50.224754333496094
2021-06-22,50.838199615478516
2021-06-23,51.149234771728516
2021-06-24,52.31565475463867
2021-06-25,54.18190383911133
2021-06-28,55.011348724365234
2021-06-29,54.501590728759766
2021-06-30,54.94223403930664
2021-07-01,55.2100715637207
2021-07-02,56.15183639526367
2021-07-06,56.16912078857422
2021-07-07,56.00496292114258
2021-07-08,55.26191329956055
2021-07-09,55.875362396240234
2021-07-12,56.039512634277344
2021-07-13,55.25327682495117
2021-07-14,54.82127380371094
2021-07-15,54.3892707824707
2021-07-16,53.7153434753418
2021-07-19,53.10189437866211
2021-07-20,54.61390686035156
2021-07-21,55.417442321777344
2021-07-22,56.246883392333984
2021-07-23,57.46512222290039
2021-07-26,57.8712158203125
2021-07-27,58.32050323486328
2021-07-28,59.348670959472656
2021-07-29,60.921173095703125
2021-07-30,61.871578216552734
2021-08-02,61.24949645996094
2021-08-03,62.882450103759766
2021-08-04,62.77876281738281
2021-08-05,63.60822296142578
2021-08-06,63.77238845825195
2021-08-09,62.9256706237793
2021-08-10,62.24309158325195
2021-08-11,61.370452880859375
2021-08-12,62.130767822265625
2021-08-13,64.35990905761719
2021-08-16,64.27349853515625
2021-08-17,62.519569396972656
2021-08-18,61.96660614013672
2021-08-19,61.353172302246094
2021-08-20,61.482757568359375
2021-08-23,62.66645431518555
2021-08-24,63.15029525756836
2021-08-25,63.426780700683594
2021-08-26,64.23894500732422
2021-08-27,64.89561462402344
2021-08-30,65.7768783569336
2021-08-31,66.68408203125
2021-09-01,67.09881591796875
2021-09-02,68.10107421875
2021-09-03,68.54170989990234
2021-09-07,68.51578521728516
2021-09-08,69.11196899414062
2021-09-09,68.90459442138672
2021-09-10,68.19609069824219
2021-09-13,68.01466369628906
2021-09-14,67.58264923095703
2021-09-15,68.99950408935547
2021-09-16,69.52105712890625
2021-09-17,68.4084243774414
2021-09-20,66.50482940673828
2021-09-21,66.4005126953125
2021-09-22,66.53089141845703
2021-09-23,67.51311492919922
2021-09-24,67.17412567138672
2021-09-27,65.67904663085938
2021-09-28,63.610286712646484
2021-09-29,64.0883560180664
2021-09-30,64.1752700805664
2021-10-01,64.69681549072266
2021-10-04,63.67111587524414
2021-10-05,64.92281341552734
2021-10-06,65.85289764404297
2021-10-07,67.13066101074219
2021-10-08,67.5652847290039
2021-10-11,66.48741912841797
2021-10-12,66.60041809082031
2021-10-13,67.22627258300781
2021-10-14,68.49534606933594
2021-10-15,66.696044921875
2021-10-18,66.53956604003906
2021-10-19,68.28672790527344
2021-10-20,69.25157165527344
2021-10-21,70.42503356933594
2021-10-22,70.99003601074219
2021-10-25,72.65895080566406
2021-10-26,73.44996643066406
2021-10-27,71.98966979980469
2021-10-28,74.95374298095703
2021-10-29,73.65858459472656
2021-11-01,73.00666046142578
2021-11-02,73.71073150634766
2021-11-03,75.2840347290039
2021-11-04,75.02326202392578
2021-11-05,74.45826721191406
2021-11-08,74.84942626953125
2021-11-09,76.0315933227539
2021-11-10,75.57958221435547
2021-11-11,74.7798843383789
2021-11-12,75.21450805664062
2021-11-15,75.17103576660156
2021-11-16,75.80557250976562
2021-11-17,77.22241973876953
2021-11-18,77.2137222290039
2021-11-19,76.75304412841797
2021-11-22,76.05767059326172
2021-11-23,74.38873291015625
2021-11-24,73.32827758789062
2021-11-26,71.42466735839844
2021-11-29,71.476806640625
2021-11-30,70.5467300415039
2021-12-01,70.45111846923828
2021-12-02,72.33734130859375
2021-12-03,69.44281005859375
2021-12-06,70.13819885253906
2021-12-07,70.05995178222656
2021-12-08,69.75572967529297
2021-12-09,69.49495697021484
2021-12-10,68.39972686767578
2021-12-13,67.54788970947266
2021-12-14,66.64387512207031
2021-12-15,67.55657958984375
2021-12-16,65.89498901367188
2021-12-17,67.06685638427734
2021-12-20,64.37334442138672
2021-12-21,67.28548431396484
2021-12-22,69.08699035644531
2021-12-23,71.15086364746094
2021-12-27,72.41016387939453
2021-12-28,71.74552154541016
2021-12-29,70.76606750488281
2021-12-30,70.87976837158203
2021-12-31,71.0721435546875
2022-01-03,69.2531509399414
2022-01-04,69.0782470703125
2022-01-05,64.8018569946289
2022-01-06,64.66192626953125
2022-01-07,65.58891296386719
2022-01-10,65.31782531738281
2022-01-11,68.6409683227539
2022-01-12,68.25619506835938
2022-01-13,66.9619140625
2022-01-14,67.44290924072266
2022-01-18,66.34100341796875
2022-01-19,65.42274475097656
2022-01-20,64.8193359375
2022-01-21,63.62126922607422
2022-01-24,63.525062561035156
2022-01-25,62.95660400390625
2022-01-26,62.807945251464844
2022-01-27,63.80489730834961
2022-01-28,64.85432434082031
2022-01-31,69.7166519165039
2022-02-01,67.87140655517578
2022-02-02,70.58241271972656
2022-02-03,68.44859313964844
2022-02-04,69.42804718017578
2022-02-07,68.99954986572266
2022-02-08,68.5972900390625
2022-02-09,71.0721435546875
2022-02-10,70.3637924194336
2022-02-11,69.87408447265625
2022-02-14,68.77215576171875
2022-02-15,70.67862701416016
2022-02-16,72.06909942626953
2022-02-17,69.09573364257812
2022-02-18,67.29421997070312
2022-02-22,66.04366302490234
2022-02-23,64.18092346191406
2022-02-24,66.05242156982422
2022-02-25,69.7166519165039
2022-02-28,70.91473388671875
2022-03-01,69.24439239501953
2022-03-02,71.89421081542969
2022-03-03,67.70524597167969
2022-03-04,65.29157257080078
2022-03-07,59.406070709228516
2022-03-08,58.041831970214844
2022-03-09,62.038368225097656
2022-03-10,62.4144172668457
2022-03-11,62.30946731567383
2022-03-14,61.18134307861328
2022-03-15,62.31821060180664
2022-03-16,66.56096649169922
2022-03-17,67.97230529785156
2022-03-18,71.09478759765625
2022-03-21,69.18069458007812
2022-03-22,70.82135772705078
2022-03-23,69.39239501953125
2022-03-24,69.8069839477539
2022-03-25,69.76287078857422
2022-03-28,70.23920440673828
2022-03-29,72.95597839355469
2022-03-30,72.0562515258789
2022-03-31,71.6505126953125
2022-04-01,73.2470474243164
2022-04-04,74.42903137207031
2022-04-05,71.7828140258789
2022-04-06,70.0804214477539
2022-04-07,70.56556701660156
2022-04-08,70.89193725585938
2022-04-11,67.96346282958984
2022-04-12,67.03728485107422
2022-04-13,69.37476348876953
2022-04-14,68.1839828491211
2022-04-18,67.6282730102539
2022-04-19,70.75080108642578
2022-04-20,72.3385238647461
2022-04-21,68.45741271972656
2022-04-22,66.70210266113281
2022-04-25,67.51359558105469
2022-04-26,63.235572814941406
2022-04-27,61.99184799194336
2022-04-28,62.62694549560547
2022-04-29,58.41065216064453
2022-05-02,59.645545959472656
2022-05-03,61.127418518066406
2022-05-04,63.509010314941406
2022-05-05,61.04802703857422
2022-05-06,59.883705139160156
2022-05-09,55.8261833190918
2022-05-10,56.84938049316406
2022-05-11,55.59684753417969
2022-05-12,56.32013702392578
2022-05-13,60.44822311401367
2022-05-16,59.328006744384766
2022-05-17,61.55963897705078
2022-05-18,58.91341781616211
2022-05-19,58.81638717651367
2022-05-20,58.8869743347168
2022-05-23,60.148319244384766
2022-05-24,58.56941604614258
2022-05-25,59.786678314208984
2022-05-26,62.15062713623047
2022-05-27,64.13526153564453
2022-05-31,62.77688980102539
2022-06-01,61.603736877441406
2022-06-02,63.86183166503906
2022-06-03,64.67333221435547
2022-06-06,64.71744537353516
2022-06-07,64.54985046386719
2022-06-08,63.9588737487793
2022-06-09,62.1594352722168
2022-06-10,57.996070861816406
2022-06-13,51.9450798034668
2022-06-14,52.12149429321289
2022-06-15,52.281917572021484
2022-06-16,47.87012481689453
2022-06-17,48.592063903808594
2022-06-21,49.98244857788086
2022-06-22,50.23199462890625
2022-06-23,51.3549919128418
2022-06-24,53.4138298034668
2022-06-27,53.85055160522461
2022-06-28,52.49583053588867
2022-06-29,51.1856575012207
2022-06-30,50.67762756347656
2022-07-01,52.18388748168945
2022-07-05,53.50295639038086
2022-07-06,52.92363357543945
2022-07-07,54.545745849609375
2022-07-08,54.23379898071289
2022-07-11,53.25340270996094
2022-07-12,53.77925109863281
2022-07-13,52.772117614746094
2022-07-14,52.23735046386719
2022-07-15,54.09119415283203
2022-07-18,53.93967819213867
2022-07-19,55.85591506958008
2022-07-20,57.24629592895508
2022-07-21,58.42277145385742
2022-07-22,58.05734634399414
2022-07-25,58.137569427490234
2022-07-26,57.13043212890625
2022-07-27,58.84165573120117
2022-07-28,63.529747009277344
2022-07-29,63.859535217285156
2022-08-01,64.85774993896484
2022-08-02,64.74187469482422
2022-08-03,65.57966613769531
2022-08-04,65.90052795410156
2022-08-05,65.35684967041016
2022-08-08,65.35684967041016
2022-08-09,64.26058959960938
2022-08-10,66.52442169189453
2022-08-11,66.79181671142578
2022-08-12,66.95222473144531
2022-08-15,67.27308654785156
2022-08-16,67.3622055053711
2022-08-17,68.17324829101562
2022-08-18,69.1091079711914
2022-08-19,66.73832702636719
2022-08-22,65.81140899658203
2022-08-23,67.29981994628906
2022-08-24,67.50481414794922
2022-08-25,69.63494873046875
2022-08-26,66.90766906738281
2022-08-29,65.35684967041016
2022-08-30,65.53510284423828
2022-08-31,66.07878112792969
2022-09-01,65.16969299316406
2022-09-02,64.83992004394531
2022-09-06,65.134033203125
2022-09-07,67.05029296875
2022-09-08,69.1447525024414
2022-09-09,70.17862701416016
2022-09-12,70.24992370605469
2022-09-13,67.83458709716797
2022-09-14,68.44955444335938
2022-09-15,68.467529296875
2022-09-16,67.07500457763672
2022-09-19,68.24292755126953
2022-09-20,66.23051452636719
2022-09-21,63.93956756591797
2022-09-22,60.35492706298828
2022-09-23,58.594051361083984
2022-09-26,57.264404296875
2022-09-27,57.569862365722656
2022-09-28,58.603031158447266
2022-09-29,56.10546875
2022-09-30,55.65626525878906
2022-10-03,57.515960693359375
2022-10-04,61.69355392456055
2022-10-05,61.271297454833984
2022-10-06,60.39085388183594
2022-10-07,58.567100524902344
2022-10-10,57.29136657714844
2022-10-11,55.216033935546875
2022-10-12,55.40470504760742
2022-10-13,56.455841064453125
2022-10-14,54.87464904785156
2022-10-17,57.89329528808594
2022-10-18,60.121337890625
2022-10-19,59.160037994384766
2022-10-20,59.6092529296875
2022-10-21,61.424034118652344
2022-10-24,61.9271354675293
2022-10-25,64.56846618652344
2022-10-26,64.83796691894531
2022-10-27,66.5898666381836
2022-10-28,69.07844543457031
2022-10-31,68.12613677978516
2022-11-01,70.15653991699219
2022-11-02,68.84485626220703
2022-11-03,69.17727661132812
2022-11-04,70.47994995117188
2022-11-07,71.51312255859375
2022-11-08,71.88148498535156
2022-11-09,71.10884094238281
2022-11-10,76.40943145751953
2022-11-11,75.55595397949219
2022-11-14,71.45024108886719
2022-11-15,72.1060791015625
2022-11-16,70.91120147705078
2022-11-17,69.97684478759766
2022-11-18,69.09642028808594
2022-11-21,69.75224304199219
2022-11-22,70.48895263671875
2022-11-23,70.97408294677734
2022-11-25,70.4979248046875
2022-11-28,69.36595153808594
2022-11-29,69.48271942138672
2022-11-30,70.42605590820312
2022-12-01,70.07568359375
2022-12-02,68.25191497802734
2022-12-05,65.06256103515625
2022-12-06,64.90983581542969
2022-12-07,63.85871887207031
2022-12-08,63.03217315673828
2022-12-09,62.133766174316406
2022-12-12,63.87668228149414
2022-12-13,65.96996307373047
2022-12-14,65.09851837158203
2022-12-15,62.50725173950195
2022-12-16,61.737125396728516
2022-12-19,60.31464767456055
2022-12-20,61.084781646728516
2022-12-21,62.3260498046875
2022-12-22,60.94886779785156
2022-12-23,61.329410552978516
2022-12-27,60.64082336425781
2022-12-28,60.0881462097168
2022-12-29,62.217323303222656
2022-12-30,62.008934020996094
2023-01-03,61.92738723754883
2023-01-04,62.87872314453125
2023-01-05,61.12102508544922
2023-01-06,62.63410186767578
2023-01-09,65.06227111816406
2023-01-10,65.6240005493164
2023-01-11,67.10083770751953
2023-01-12,69.53807830810547
2023-01-13,70.19042205810547
2023-01-17,70.73404693603516
2023-01-18,70.6434326171875
2023-01-19,68.79513549804688
2023-01-20,71.24140930175781
2023-01-23,72.1565170288086
2023-01-24,71.1780014038086
2023-01-25,71.03303527832031
2023-01-26,73.57897186279297
2023-01-27,75.11018371582031
2023-01-30,73.55179595947266
2023-01-31,75.19171142578125
2023-02-01,76.70479583740234
2023-02-02,76.6776123046875
2023-02-03,77.04003143310547
2023-02-06,76.66857147216797
2023-02-07,77.78296661376953
2023-02-08,77.50211334228516
2023-02-09,75.5450668334961
2023-02-10,77.32090759277344
2023-02-13,76.97660064697266
2023-02-14,76.04340362548828
2023-02-15,75.78970336914062
2023-02-16,75.65380096435547
2023-02-17,75.30044555664062
2023-02-21,72.95380401611328
2023-02-22,73.23468780517578
2023-02-23,74.26756286621094
2023-02-24,72.63670349121094
2023-02-27,72.61857604980469
2023-02-28,73.05348205566406
2023-03-01,73.14410400390625
2023-03-02,73.53367614746094
2023-03-03,75.30950927734375
2023-03-06,75.8621826171875
2023-03-07,74.57561492919922
2023-03-08,75.46353149414062
2023-03-09,72.41925811767578
2023-03-10,67.50856018066406
2023-03-13,65.89581298828125
2023-03-14,68.5595474243164
2023-03-15,68.27867889404297
2023-03-16,69.81652069091797
2023-03-17,68.69976806640625
2023-03-20,68.4159927368164
2023-03-21,71.87614440917969
2023-03-22,72.30638885498047
2023-03-23,73.58792877197266
2023-03-24,73.59706115722656
2023-03-27,74.22869873046875
2023-03-28,73.32246398925781
2023-03-29,74.5124740600586
2023-03-30,74.43922424316406
2023-03-31,76.3798599243164
2023-04-03,75.308837890625
2023-04-04,74.02730560302734
2023-04-05,72.51693725585938
2023-04-06,72.96544647216797
2023-04-10,73.72523498535156
2023-04-11,73.7343978881836
2023-04-12,74.74130249023438
2023-04-13,77.46915435791016
2023-04-14,75.84893035888672
2023-04-17,75.93132019042969
2023-04-18,78.5584716796875
2023-04-19,79.5379409790039
2023-04-20,78.96124267578125
2023-04-21,79.2724838256836
2023-04-24,79.50131225585938
2023-04-25,76.22423553466797
2023-04-26,74.7229995727539
2023-04-27,76.38900756835938
2023-04-28,80.17870330810547
2023-05-01,78.32962799072266
2023-05-02,75.48278045654297
2023-05-03,75.14408111572266
2023-05-04,72.80070495605469
2023-05-05,75.01593780517578
2023-05-08,75.02508544921875
2023-05-09,73.6886215209961
2023-05-10,74.71385192871094
2023-05-11,74.59485626220703
2023-05-12,75.08000183105469
2023-05-15,76.22423553466797
2023-05-16,74.52162170410156
2023-05-17,76.16014862060547
2023-05-18,76.07778930664062
2023-05-19,76.56293487548828
2023-05-22,77.92684936523438
2023-05-23,77.56986236572266
2023-05-24,76.31578063964844
2023-05-25,77.1487808227539
2023-05-26,77.99093627929688
2023-05-30,79.96817779541016
2023-05-31,79.72101593017578
2023-06-01,80.55401611328125
2023-06-02,81.73487091064453
2023-06-05,81.59756469726562
2023-06-06,83.71210479736328
2023-06-07,82.89741516113281
2023-06-08,84.17894744873047
2023-06-09,84.41694641113281
2023-06-12,85.05770874023438
2023-06-13,86.79695892333984
2023-06-14,86.20195770263672
2023-06-15,87.9278335571289
2023-06-16,87.15258026123047
2023-06-20,86.1834945678711
2023-06-21,85.96197509765625
2023-06-22,85.46360778808594
2023-06-23,83.44239044189453
2023-06-26,84.64220428466797
2023-06-27,85.85123443603516
2023-06-28,86.97720336914062
2023-06-29,88.26010131835938
2023-06-30,88.92459869384766
2023-07-03,89.07227325439453
2023-07-05,88.30624389648438
2023-07-06,86.55266571044922
2023-07-07,87.5678939819336
2023-07-10,86.4972915649414
2023-07-11,88.14012145996094
2023-07-12,89.21073150634766
2023-07-13,93.30852508544922
2023-07-14,93.253173828125
2023-07-17,93.17008972167969
2023-07-18,93.90843200683594
2023-07-19,94.20378112792969
2023-07-20,94.3053207397461
2023-07-21,93.71461486816406
2023-07-24,92.72710418701172
2023-07-25,93.57618713378906
2023-07-26,92.83783721923828
2023-07-27,91.18580627441406
2023-07-28,91.40728759765625
2023-07-31,91.57343292236328
2023-08-01,94.38836669921875
2023-08-02,92.70863342285156
2023-08-03,92.1087417602539
2023-08-04,92.51481628417969
2023-08-07,94.31454467773438
2023-08-08,92.47789001464844
2023-08-09,92.45020294189453
2023-08-10,93.6777114868164
2023-08-11,91.80415344238281
2023-08-14,93.70539855957031
2023-08-15,89.9859848022461
2023-08-16,89.96752166748047
2023-08-17,90.03211975097656
2023-08-18,91.54573059082031
2023-08-21,90.6412582397461
2023-08-22,90.90892791748047
2023-08-23,91.94261169433594
2023-08-24,91.99796295166016
2023-08-25,92.26564025878906
2023-08-28,93.02243041992188
2023-08-29,94.08380126953125
2023-08-30,94.97904205322266
2023-08-31,95.46820068359375
2023-09-01,95.22824096679688
2023-09-05,95.36666870117188
2023-09-06,93.88075256347656
2023-09-07,95.25592041015625
2023-09-08,97.79400634765625
2023-09-11,97.46173858642578
2023-09-12,97.4802017211914
2023-09-13,97.24945831298828
2023-09-14,97.59346008300781
2023-09-15,97.71431732177734
2023-09-18,97.94676971435547
2023-09-19,97.28665161132812
2023-09-20,98.7928237915039
2023-09-21,97.37962341308594
2023-09-22,97.21226501464844
2023-09-25,98.27216339111328
2023-09-26,95.65032196044922
2023-09-27,96.4219970703125
2023-09-28,97.51909637451172
2023-09-29,95.64104461669922
2023-10-02,95.24126434326172
2023-10-03,92.99131774902344
2023-10-04,95.1761703491211
2023-10-05,98.49530792236328
2023-10-06,100.80101776123047
2023-10-09,101.58199310302734
2023-10-10,102.53031158447266
2023-10-11,103.32987976074219
2023-10-12,101.74003601074219
2023-10-13,100.90327453613281
2023-10-16,102.30718231201172
2023-10-17,101.8237075805664
2023-10-18,100.09443664550781
2023-10-19,97.74222564697266
2023-10-20,95.01811218261719
2023-10-23,93.89314270019531
2023-10-24,97.06351470947266
2023-10-25,94.1534652709961
2023-10-26,94.45098114013672
2023-10-27,93.7536849975586
2023-10-30,94.29292297363281
2023-10-31,91.66180419921875
2023-11-01,94.56254577636719
2023-11-02,96.2546615600586
2023-11-03,99.5458984375
2023-11-06,96.72880554199219
2023-11-07,97.46330261230469
2023-11-08,98.36514282226562
2023-11-09,98.26287078857422
2023-11-10,100.17811584472656
2023-11-13,100.94977569580078
2023-11-14,102.1026382446289
2023-11-15,96.49639129638672
2023-11-16,94.8135757446289
2023-11-17,99.55518341064453
2023-11-20,100.77311706542969
2023-11-21,100.2989730834961
2023-11-22,101.17291259765625
2023-11-24,101.5447998046875
2023-11-27,101.27518463134766
2023-11-28,101.98178100585938
2023-11-29,103.33917999267578
2023-11-30,104.36188507080078
2023-12-01,103.95278930664062
2023-12-04,101.71214294433594
2023-12-05,101.91670227050781
2023-12-06,100.33614349365234
2023-12-07,100.68944549560547
2023-12-08,102.8650131225586
2023-12-11,102.93939971923828
2023-12-12,104.24102020263672
2023-12-13,105.94241333007812
2023-12-14,106.8035888671875
2023-12-15,109.19052124023438
2023-12-18,109.96743774414062
2023-12-19,109.7053451538086
2023-12-20,106.90653991699219
2023-12-21,107.81452941894531
2023-12-22,108.39488220214844
2023-12-26,110.7443618774414
2023-12-27,111.41831970214844
2023-12-28,112.2139663696289
2023-12-29,111.31535339355469
2024-01-02,108.07661437988281
2024-01-03,108.17021942138672
2024-01-04,109.03138732910156
2024-01-05,109.56494140625
2024-01-08,111.34342193603516
2024-01-09,108.37614440917969
2024-01-10,111.08133697509766
2024-01-11,110.75372314453125
2024-01-12,110.53842163085938
2024-01-16,109.45260620117188
2024-01-17,108.29191589355469
2024-01-18,106.88783264160156
2024-01-19,108.98458862304688
2024-01-22,111.10942840576172
2024-01-23,110.01424407958984
2024-01-24,109.95808410644531
2024-01-25,112.95343780517578
2024-01-26,113.40274810791016
2024-01-29,114.76939392089844
2024-01-30,114.43240356445312
2024-01-31,113.71165466308594
2024-02-01,114.77874755859375
2024-02-02,118.07365417480469
2024-02-05,116.53853607177734
2024-02-06,118.8692855834961
2024-02-07,120.61035919189453
2024-02-08,126.88189697265625
2024-02-09,127.9677505493164
2024-02-12,128.2953643798828
2024-02-13,126.28284454345703
2024-02-14,127.9677505493164
2024-02-15,126.53553009033203
2024-02-16,126.3389892578125
2024-02-20,124.12991333007812
2024-02-21,123.20321655273438
2024-02-22,125.38421630859375
2024-02-23,123.46530151367188
2024-02-26,122.90369415283203
2024-02-27,122.21099853515625
2024-02-28,122.85688018798828
2024-02-29,124.14863586425781
2024-03-01,124.6072998046875
2024-03-04,127.19081115722656
2024-03-05,126.85382080078125
2024-03-06,127.04102325439453
2024-03-07,126.88189697265625
2024-03-08,125.52462768554688
2024-03-11,124.11119842529297
2024-03-12,125.46846008300781
2024-03-13,126.10498046875
2024-03-14,125.15299987792969
2024-03-15,124.52149963378906
2024-03-18,122.69291687011719
2024-03-19,124.57804107666016
2024-03-20,125.83164978027344
2024-03-21,128.73472595214844
2024-03-22,126.1803970336914
2024-03-25,126.10498046875
2024-03-26,126.26522827148438
2024-03-27,125.62429809570312
2024-03-28,125.34152221679688
2024-04-01,124.78541564941406
2024-04-02,123.28675079345703
2024-04-03,124.39895629882812
2024-04-04,124.6063232421875
2024-04-05,126.4537353515625
2024-04-08,127.39629364013672
2024-04-09,126.11441802978516
2024-04-10,126.34062194824219
2024-04-11,126.36891174316406
2024-04-12,123.80514526367188
2024-04-15,121.87290954589844
2024-04-16,123.37156677246094
2024-04-17,124.13504791259766
2024-04-18,123.1924819946289
2024-04-19,122.08968353271484
2024-04-22,124.42723083496094
2024-04-23,128.65933227539062
2024-04-24,128.1409149169922
2024-04-25,126.04841613769531
2024-04-26,125.94474792480469
2024-04-29,127.1512222290039
2024-04-30,125.4451904296875
2024-05-01,124.13504791259766
2024-05-02,126.90616607666016
2024-05-03,124.33299255371094
2024-05-06,128.3482666015625
2024-05-07,129.40394592285156
2024-05-08,130.7046661376953
2024-05-09,134.2581329345703
2024-05-10,134.097900390625
2024-05-13,132.0996551513672
2024-05-14,136.60511779785156
2024-05-15,141.2142333984375
2024-05-16,138.2357177734375
2024-05-17,137.2366180419922
2024-05-20,136.25634765625
2024-05-21,135.3703155517578
2024-05-22,136.43544006347656
2024-05-23,136.43544006347656
2024-05-24,137.62307739257812
2024-05-28,136.04898071289062
2024-05-29,134.00364685058594
2024-05-30,134.76710510253906
2024-05-31,132.11851501464844
2024-06-03,130.26168823242188
2024-06-04,127.42456817626953
2024-06-05,131.54354858398438
2024-06-06,126.30293273925781
2024-06-07,125.29439544677734
2024-06-10,128.97979736328125
2024-06-11,127.98068237304688
2024-06-12,129.5924530029297
2024-06-13,126.07669830322266
2024-06-14,125.88687896728516
2024-06-17,127.21570587158203
2024-06-18,128.1363983154297
2024-06-20,127.86112213134766
2024-06-21,125.08956909179688
2024-06-24,127.04483795166016
2024-06-25,128.46856689453125
2024-06-26,128.56349182128906
2024-06-27,129.0380859375
2024-06-28,126.50385284423828
2024-07-01,129.275390625
2024-07-02,128.56349182128906
2024-07-03,131.31607055664062
2024-07-05,131.2306365966797
2024-07-08,128.8672637939453
2024-07-09,127.92757415771484
2024-07-10,131.68624877929688
2024-07-11,133.92626953125
2024-07-12,135.30255126953125
2024-07-15,138.5581512451172
2024-07-16,140.47544860839844
2024-07-17,136.41305541992188
2024-07-18,139.89645385742188
2024-07-19,139.81105041503906
2024-07-22,143.12359619140625
2024-07-23,143.12359619140625
2024-07-24,137.16287231445312
2024-07-25,137.91273498535156
2024-07-26,139.62118530273438
2024-07-29,137.96018981933594
2024-07-30,141.97512817382812
2024-07-31,145.41107177734375
2024-08-01,141.57647705078125
2024-08-02,132.17979431152344
2024-08-05,126.93093872070312
2024-08-06,128.8482666015625
2024-08-07,128.40213012695312
2024-08-08,131.8950653076172
2024-08-09,134.34390258789062
2024-08-12,133.20489501953125
2024-08-13,134.34390258789062
2024-08-14,136.5174560546875
2024-08-15,138.1974639892578
2024-08-16,137.6279754638672
2024-08-19,137.22933959960938
2024-08-20,137.3527374267578
2024-08-21,137.15341186523438
2024-08-22,136.20420837402344
2024-08-23,139.5262908935547
2024-08-26,139.4883270263672
2024-08-27,138.70999145507812
2024-08-28,137.80831909179688
2024-08-29,137.01100158691406
2024-08-30,138.95680236816406
2024-09-03,134.7994842529297
2024-09-04,133.6984405517578
2024-09-05,133.87881469726562
2024-09-06,130.46182250976562
2024-09-09,132.9581298828125
2024-09-10,132.96762084960938
2024-09-11,134.26795959472656
2024-09-12,136.52694702148438
2024-09-13,139.90594482421875
2024-09-16,142.69509887695312
2024-09-17,145.9522705078125
2024-09-18,145.52244567871094
2024-09-19,149.49600219726562
2024-09-20,149.63929748535156
2024-09-23,149.24765014648438
2024-09-24,150.2792510986328
2024-09-25,150.96701049804688
2024-09-26,149.05661010742188
2024-09-27,149.87808227539062
2024-09-30,148.85604858398438
2024-10-01,149.3049774169922
2024-10-02,150.96701049804688
2024-10-03,150.01182556152344
2024-10-04,153.20213317871094
2024-10-07,153.36451721191406
2024-10-08,146.5063018798828
2024-10-09,151.0720672607422
2024-10-10,150.73776245117188
2024-10-11,154.6922149658203
2024-10-14,156.02947998046875
2024-10-15,155.34176635742188
2024-10-16,156.1536407470703
2024-10-17,161.16835021972656
2024-10-18,162.27638244628906
2024-10-21,161.1301727294922
2024-10-22,160.2609405517578
2024-10-23,159.87887573242188
2024-10-24,163.1742706298828
2024-10-25,161.87521362304688
2024-10-28,163.31753540039062
2024-10-29,162.7635498046875
2024-10-30,161.42628479003906
2024-10-31,160.16542053222656
2024-11-01,154.61581420898438
2024-11-04,152.52395629882812
2024-11-05,157.07064819335938
2024-11-06,164.76943969726562
2024-11-07,160.72898864746094
2024-11-08,162.74441528320312
2024-11-11,163.6996307373047
2024-11-12,162.85903930664062
2024-11-13,159.9457550048828
2024-11-14,161.44537353515625
2024-11-15,159.7165069580078
2024-11-18,159.92662048339844
2024-11-19,162.7157745361328
2024-11-20,164.186767578125
2024-11-21,167.16693115234375
2024-11-22,167.654052734375
2024-11-25,168.14122009277344
2024-11-26,170.81573486328125
2024-11-27,166.94723510742188
2024-11-29,168.8098602294922
2024-12-02,166.15444946289062
2024-12-03,167.2051239013672
2024-12-04,168.9244842529297
2024-12-05,169.13462829589844
2024-12-06,170.08981323242188
2024-12-09,167.4343719482422
2024-12-10,168.21763610839844
2024-12-11,174.2735137939453
2024-12-12,174.55050659179688
2024-12-13,174.2735137939453
2024-12-16,175.4674835205078
2024-12-17,171.2048797607422
2024-12-18,162.45887756347656
2024-12-19,164.2445526123047
2024-12-20,169.00637817382812
2024-12-23,171.84811401367188
2024-12-24,173.8258056640625
2024-12-26,175.4194793701172
2024-12-27,172.328125
2024-12-30,171.86732482910156
2024-12-31,169.95684814453125
2025-01-02,171.68490600585938
2025-01-03,173.87384033203125
2025-01-06,173.09620666503906
2025-01-07,171.24327087402344
2025-01-08,175.01626586914062
2025-01-10,168.0463409423828
2025-01-13,168.4783477783203
2025-01-14,172.01132202148438
2025-01-15,177.12838745117188
2025-01-16,180.39251708984375
2025-01-17,183.67588806152344
2025-01-21,186.94004821777344
2025-01-22,186.06639099121094
2025-01-23,188.0728759765625
2025-01-24,189.43614196777344
2025-01-27,182.38941955566406
2025-01-28,185.8647918701172
2025-01-29,185.69198608398438
2025-01-30,190.16578674316406
2025-01-31,190.3002166748047
2025-02-03,188.66810607910156
2025-02-04,187.55445861816406
2025-02-05,182.07260131835938
2025-02-06,184.01190185546875
2025-02-07,182.7350311279297
2025-02-10,182.38941955566406
2025-02-11,178.9236602783203
2025-02-12,175.50588989257812
2025-02-13,177.0227508544922
2025-02-14,178.74124145507812
2025-02-18,180.1717071533203
2025-02-19,179.2788848876953
2025-02-20,172.51055908203125
2025-02-21,167.13427734375
2025-02-24,162.1612548828125
2025-02-25,160.67320251464844
2025-02-26,162.2188720703125
2025-02-27,160.44277954101562
2025-02-28,164.1101531982422
2025-03-03,162.977294921875
2025-03-04,154.5576934814453
2025-03-05,156.48741149902344
2025-03-06,147.2421417236328
2025-03-07,148.76864624023438
2025-03-10,135.59681701660156
2025-03-11,137.29608154296875
2025-03-12,140.0994110107422
2025-03-13,134.58877563476562
2025-03-14,138.59213256835938
2025-03-17,142.33657836914062
2025-03-18,139.34683227539062
2025-03-19,142.8203582763672
2025-03-20,142.55911254882812
2025-03-21,142.9171142578125
2025-03-24,148.76112365722656
2025-03-25,150.58010864257812
2025-03-26,148.30636596679688
2025-03-27,143.584716796875
2025-03-28,140.1982879638672
2025-03-31,141.85279846191406
2025-04-01,144.5909881591797
2025-04-02,149.4867706298828
2025-04-03,126.35260772705078
2025-04-04,114.2098388671875
2025-04-07,120.6827621459961
2025-04-08,119.21207427978516
2025-04-09,137.7503662109375
2025-04-10,131.3645477294922
2025-04-11,133.27061462402344
2025-04-14,133.8898468017578
2025-04-15,136.73446655273438
2025-04-16,135.0702667236328
2025-04-17,136.6570587158203
2025-04-21,132.6320343017578
2025-04-22,137.1214599609375
2025-04-23,141.21421813964844
2025-04-24,148.0064239501953
2025-04-25,148.88693237304688
2025-04-28,148.40313720703125
2025-04-29,147.83226013183594
2025-04-30,147.58070373535156
2025-05-01,147.32913208007812
2025-05-02,151.973388671875
2025-05-05,155.5436553955078
2025-05-06,154.45033264160156
2025-05-07,156.82081604003906
2025-05-08,160.468505859375
2025-05-09,159.5977020263672
2025-05-12,166.97044372558594
2025-05-13,166.90272521972656
2025-05-14,170.1246795654297
2025-05-15,163.2260284423828
2025-05-16,164.62896728515625
2025-05-19,163.16795349121094
2025-05-20,160.64263916015625
2025-05-21,153.8214111328125
2025-05-22,154.69223022460938
2025-05-23,155.08889770507812
2025-05-27,159.25906372070312
2025-05-28,158.66885375976562
2025-05-29,159.54930114746094
2025-05-30,160.12985229492188
2025-06-02,161.37799072265625
2025-06-03,163.06155395507812
2025-06-04,163.5259552001953
2025-06-05,164.4741668701172
2025-06-06,168.23794555664062
2025-06-09,166.70921325683594
2025-06-10,163.10992431640625
2025-06-11,163.3034210205078
2025-06-12,165.26754760742188
2025-06-13,161.15545654296875
2025-06-16,162.70428466796875
2025-06-17,160.90219116210938
2025-06-18,163.00625610351562
2025-06-20,161.4671630859375
2025-06-23,161.0677947998047
2025-06-24,165.4220428466797
2025-06-25,164.42843627929688
2025-06-26,166.67861938476562
2025-06-27,168.6949920654297
2025-06-30,168.7144775390625
2025-07-01,170.20486450195312
2025-07-02,173.37069702148438
2025-07-03,173.35121154785156
2025-07-07,170.3314971923828
2025-07-08,170.5653076171875
2025-07-09,172.38685607910156
2025-07-10,175.46502685546875
2025-07-11,172.77650451660156
2025-07-14,175.66958618164062
2025-07-15,169.97108459472656
2025-07-16,175.26046752929688
2025-07-17,178.42628479003906
2025-07-18,178.37757873535156
2025-07-21,174.25714111328125
2025-07-22,173.6337127685547
2025-07-23,175.8936309814453
2025-07-24,177.6177978515625
2025-07-25,181.39730834960938
2025-07-28,182.50778198242188
2025-07-29,183.06300354003906
2025-07-30,182.86817932128906
2025-07-31,180.7251739501953
2025-08-01,178.0950927734375
2025-08-04,183.66696166992188
2025-08-05,183.11172485351562
2025-08-06,184.38778686523438
2025-08-07,182.1083984375
2025-08-08,183.550048828125
2025-08-11,181.71875
2025-08-12,187.76792907714844
2025-08-13,185.9950714111328
2025-08-14,185.5177459716797
2025-08-15,182.91690063476562
2025-08-18,184.36831665039062
2025-08-19,175.91310119628906
2025-08-20,174.2960968017578
2025-08-21,173.64344787597656
2025-08-22,176.3806915283203
2025-08-25,173.51683044433594
2025-08-26,174.2960968017578
2025-08-27,174.861083984375
2025-08-28,175.60140991210938
2025-08-29,174.55909729003906
2025-09-02,175.12408447265625
2025-09-03,172.24075317382812
2025-09-04,175.38710021972656
2025-09-05,172.7180633544922
2025-09-08,171.68551635742188
2025-09-09,170.53607177734375
2025-09-10,174.2960968017578
2025-09-11,179.92642211914062
2025-09-12,178.05612182617188
2025-09-15,175.26046752929688
2025-09-16,175.07421875
2025-09-17,175.3486785888672
2025-09-18,179.78900146484375
2025-09-19,179.3773193359375
2025-09-22,178.38731384277344
2025-09-23,177.5639190673828
2025-09-24,164.8997039794922
2025-09-25,160.0869140625
2025-09-26,159.82225036621094
2025-09-29,160.18492126464844
2025-09-30,156.72479248046875
2025-10-01,151.08863830566406
2025-10-02,147.62850952148438
2025-10-03,149.38307189941406
2025-10-06,147.1286163330078
2025-10-07,145.697509765625
2025-10-08,146.8345489501953
2025-10-09,144.34481811523438
2025-10-10,138.09112548828125
2025-10-13,140.78668212890625
2025-10-14,146.61891174316406
2025-10-15,148.09901428222656
2025-10-16,138.44400024414062
2025-10-17,139.0615234375
2025-10-20,143.7076873779297
2025-10-21,147.13841247558594
2025-10-22,147.1286163330078
2025-10-23,145.4916534423828
2025-10-24,146.38365173339844
2025-10-27,147.98138427734375
2025-10-28,147.94216918945312
2025-10-29,147.54029846191406
2025-10-30,144.37423706054688
2025-10-31,145.76614379882812
2025-11-03,152.4217071533203
2025-11-04,149.9810028076172
2025-11-05,150.21624755859375
2025-11-06,148.26564025878906
2025-11-07,150.8337860107422
2025-11-10,150.30445861816406
2025-11-11,150.823974609375
2025-11-12,150.6475372314453
2025-11-13,145.5308837890625
2025-11-14,143.50184631347656
2025-11-17,139.2477569580078
2025-11-18,139.8653106689453
2025-11-19,142.29620361328125
2025-11-20,141.45323181152344
2025-11-21,144.51144409179688
2025-11-24,147.13841247558594
2025-11-25,149.84376525878906
2025-11-26,151.4905242919922
2025-11-28,153.74497985839844
2025-12-01,156.35232543945312
2025-12-02,156.75421142578125
2025-12-03,158.842041015625
2025-12-04,159.84185791015625
2025-12-05,162.18453979492188
2025-12-08,161.00828552246094
2025-12-09,172.71192932128906
2025-12-10,174.75076293945312
2025-12-11,173.36866760253906
2025-12-12,170.33984375
2025-12-15,169.2615966796875
2025-12-16,170.17318725585938
2025-12-17,166.2466583251953
2025-12-18,164.4215087890625
2025-12-19,163.4546661376953
2025-12-22,168.00274658203125
2025-12-23,166.47357177734375
2025-12-24,166.78927612304688
2025-12-26,166.4636993408203
2025-12-29,166.77940368652344
2025-12-30,161.03756713867188
