Date,CARR
2020-03-19,11.057829856872559
2020-03-20,11.748944282531738
2020-03-23,10.633946418762207
2020-03-24,10.781386375427246
2020-03-25,12.3939847946167
2020-03-26,14.236953735351562
2020-03-27,13.40761947631836
2020-03-30,14.651625633239746
2020-03-31,15.8956298828125
2020-04-01,13.868364334106445
2020-04-02,12.237332344055176
2020-04-03,15.591540336608887
2020-04-06,14.227742195129395
2020-04-07,14.052660942077637
2020-04-08,13.140389442443848
2020-04-09,13.619561195373535
2020-04-13,12.891586303710938
2020-04-14,12.781007766723633
2020-04-15,12.311052322387695
2020-04-16,11.877951622009277
2020-04-17,12.661218643188477
2020-04-20,13.315469741821289
2020-04-21,13.536628723144531
2020-04-22,13.628778457641602
2020-04-23,14.485760688781738
2020-04-24,14.97414779663086
2020-04-27,15.480964660644531
2020-04-28,15.66525936126709
2020-04-29,16.255008697509766
2020-04-30,16.319515228271484
2020-05-01,15.453319549560547
2020-05-04,15.112367630004883
2020-05-05,14.716129302978516
2020-05-06,15.011004447937012
2020-05-07,15.121582984924316
2020-05-08,16.91848373413086
2020-05-11,16.909265518188477
2020-05-12,16.402456283569336
2020-05-13,15.149229049682617
2020-05-14,15.250591278076172
2020-05-15,15.398030281066895
2020-05-18,16.172080993652344
2020-05-19,16.37480354309082
2020-05-20,17.259435653686523
2020-05-21,17.922901153564453
2020-05-22,17.554304122924805
2020-05-26,17.978193283081055
2020-05-27,18.420501708984375
2020-05-28,18.061119079589844
2020-05-29,18.862817764282227
2020-06-01,20.106822967529297
2020-06-02,19.682937622070312
2020-06-03,20.47541046142578
2020-06-04,20.899303436279297
2020-06-05,21.710206985473633
2020-06-08,22.456615447998047
2020-06-09,21.38768768310547
2020-06-10,20.456987380981445
2020-06-11,19.406494140625
2020-06-12,19.84880828857422
2020-06-15,20.24504852294922
2020-06-16,20.337194442749023
2020-06-17,19.590789794921875
2020-06-18,19.581575393676758
2020-06-19,19.765871047973633
2020-06-22,20.95458984375
2020-06-23,20.632068634033203
2020-06-24,20.106822967529297
2020-06-25,19.903348922729492
2020-06-26,19.394668579101562
2020-06-29,20.458274841308594
2020-06-30,20.550758361816406
2020-07-01,20.911460876464844
2020-07-02,21.188922882080078
2020-07-06,22.391267776489258
2020-07-07,22.206289291381836
2020-07-08,22.18779754638672
2020-07-09,22.113807678222656
2020-07-10,23.02018165588379
2020-07-13,22.456012725830078
2020-07-14,23.260650634765625
2020-07-15,24.462989807128906
2020-07-16,24.610971450805664
2020-07-17,24.49073600769043
2020-07-20,24.425996780395508
2020-07-21,24.573976516723633
2020-07-22,24.601726531982422
2020-07-23,25.295385360717773
2020-07-24,24.583227157592773
2020-07-27,24.278017044067383
2020-07-28,24.111539840698242
2020-07-29,25.138154983520508
2020-07-30,24.879186630249023
2020-07-31,25.19364356994629
2020-08-03,25.54509735107422
2020-08-04,25.683826446533203
2020-08-05,25.998287200927734
2020-08-06,26.146272659301758
2020-08-07,26.79368019104004
2020-08-10,27.246868133544922
2020-08-11,27.274614334106445
2020-08-12,27.552080154418945
2020-08-13,27.32086181640625
2020-08-14,27.302364349365234
2020-08-17,27.598325729370117
2020-08-18,27.246868133544922
2020-08-19,27.052648544311523
2020-08-20,26.830677032470703
2020-08-21,27.302364349365234
2020-08-24,28.097753524780273
2020-08-25,28.180997848510742
2020-08-26,28.698928833007812
2020-08-27,28.00527000427246
2020-08-28,28.02376365661621
2020-08-31,27.607576370239258
2020-09-01,28.02376365661621
2020-09-02,28.46770668029785
2020-09-03,27.12664031982422
2020-09-04,27.746305465698242
2020-09-08,27.348604202270508
2020-09-09,27.86653709411621
2020-09-10,26.950908660888672
2020-09-11,27.04339599609375
2020-09-14,26.960161209106445
2020-09-15,27.4595947265625
2020-09-16,27.977523803710938
2020-09-17,28.356721878051758
2020-09-18,28.476961135864258
2020-09-21,27.293113708496094
2020-09-22,27.986772537231445
2020-09-23,26.92316436767578
2020-09-24,27.63532066345215
2020-09-25,28.19950294494629
2020-09-28,28.43071937561035
2020-09-29,28.208744049072266
2020-09-30,28.24574089050293
2020-10-01,28.45846176147461
2020-10-02,28.883901596069336
2020-10-05,29.6700496673584
2020-10-06,29.142868041992188
2020-10-07,29.70703887939453
2020-10-08,29.54981231689453
2020-10-09,29.808778762817383
2020-10-12,30.520936965942383
2020-10-13,30.04924964904785
2020-10-14,30.067737579345703
2020-10-15,30.150981903076172
2020-10-16,30.298954010009766
2020-10-19,29.892019271850586
2020-10-20,30.733654022216797
2020-10-21,30.84464454650879
2020-10-22,31.34407615661621
2020-10-23,32.30595397949219
2020-10-26,31.177597045898438
2020-10-27,31.075862884521484
2020-10-28,30.798398971557617
2020-10-29,31.58643341064453
2020-10-30,30.95600700378418
2020-11-02,32.54134750366211
2020-11-03,34.256492614746094
2020-11-04,34.09889221191406
2020-11-05,35.41537857055664
2020-11-06,36.11069869995117
2020-11-09,35.971641540527344
2020-11-10,35.05380630493164
2020-11-11,35.28559112548828
2020-11-12,35.19287109375
2020-11-13,35.49881362915039
2020-11-16,37.54772186279297
2020-11-17,37.41792678833008
2020-11-18,36.51862335205078
2020-11-19,36.27758026123047
2020-11-20,35.7306022644043
2020-11-23,35.94382858276367
2020-11-24,36.50008773803711
2020-11-25,35.79548645019531
2020-11-27,35.05380630493164
2020-11-30,35.29484939575195
2020-12-01,34.85911178588867
2020-12-02,34.14524459838867
2020-12-03,34.01544952392578
2020-12-04,34.95182418823242
2020-12-07,34.15451431274414
2020-12-08,34.58098220825195
2020-12-09,35.08163070678711
2020-12-10,34.80349349975586
2020-12-11,34.45118713378906
2020-12-14,33.95055389404297
2020-12-15,34.92402267456055
2020-12-16,35.22995376586914
2020-12-17,35.878929138183594
2020-12-18,35.96237564086914
2020-12-21,35.71204376220703
2020-12-22,35.36795425415039
2020-12-23,35.48884582519531
2020-12-24,35.23774719238281
2020-12-28,35.116844177246094
2020-12-29,34.568145751953125
2020-12-30,35.08894348144531
2020-12-31,35.07965087890625
2021-01-04,34.43793869018555
2021-01-05,35.284236907958984
2021-01-06,37.246551513671875
2021-01-07,38.2137565612793
2021-01-08,37.84174728393555
2021-01-11,38.66014862060547
2021-01-12,38.81825637817383
2021-01-13,38.48345184326172
2021-01-14,37.944053649902344
2021-01-15,37.5534553527832
2021-01-19,37.544151306152344
2021-01-20,37.23725891113281
2021-01-21,36.958255767822266
2021-01-22,36.74433898925781
2021-01-25,36.167747497558594
2021-01-26,34.70764923095703
2021-01-27,33.69395065307617
2021-01-28,35.52604293823242
2021-01-29,35.805057525634766
2021-02-01,35.95384979248047
2021-02-02,35.78645324707031
2021-02-03,35.479557037353516
2021-02-04,35.646942138671875
2021-02-05,36.4095458984375
2021-02-08,36.92105484008789
2021-02-09,34.64254379272461
2021-02-10,34.58675003051758
2021-02-11,34.59605407714844
2021-02-12,34.67044448852539
2021-02-16,34.791351318359375
2021-02-17,34.63325119018555
2021-02-18,34.08454895019531
2021-02-19,35.0052490234375
2021-02-22,34.689048767089844
2021-02-23,34.5030517578125
2021-02-24,34.828556060791016
2021-02-25,33.6102409362793
2021-02-26,33.97294998168945
2021-03-01,34.59605407714844
2021-03-02,34.54024887084961
2021-03-03,34.52164840698242
2021-03-04,33.03364562988281
2021-03-05,34.354248046875
2021-03-08,34.46584701538086
2021-03-09,34.52164840698242
2021-03-10,36.06544494628906
2021-03-11,36.48395538330078
2021-03-12,36.81875228881836
2021-03-15,36.82804870605469
2021-03-16,35.87014389038086
2021-03-17,36.59555435180664
2021-03-18,38.13005447387695
2021-03-19,38.04635238647461
2021-03-22,38.5113525390625
2021-03-23,37.469749450683594
2021-03-24,37.33026123046875
2021-03-25,37.525550842285156
2021-03-26,38.2137565612793
2021-03-29,39.37627029418945
2021-03-30,39.394859313964844
2021-03-31,39.2646484375
2021-04-01,39.07864761352539
2021-04-05,39.59946060180664
2021-04-06,39.813358306884766
2021-04-07,39.70175552368164
2021-04-08,39.55296325683594
2021-04-09,39.7575569152832
2021-04-12,39.61805725097656
2021-04-13,40.13886260986328
2021-04-14,40.1109504699707
2021-04-15,40.538753509521484
2021-04-16,40.8084602355957
2021-04-19,40.79915237426758
2021-04-20,39.54365539550781
2021-04-21,40.045860290527344
2021-04-22,40.07374954223633
2021-04-23,41.357154846191406
2021-04-26,41.0130615234375
2021-04-27,41.812862396240234
2021-04-28,41.37575912475586
2021-04-29,41.059566497802734
2021-04-30,40.63991928100586
2021-05-03,40.528011322021484
2021-05-04,40.22027587890625
2021-05-05,40.350830078125
2021-05-06,41.1807861328125
2021-05-07,41.814918518066406
2021-05-10,42.346458435058594
2021-05-11,41.49784851074219
2021-05-12,39.56749725341797
2021-05-13,40.332191467285156
2021-05-14,40.695865631103516
2021-05-17,41.190101623535156
2021-05-18,40.714515686035156
2021-05-19,40.50935363769531
2021-05-20,40.92900466918945
2021-05-21,40.919677734375
2021-05-24,41.38594055175781
2021-05-25,41.7030029296875
2021-05-26,41.7030029296875
2021-05-27,42.25320816040039
2021-05-28,42.83137130737305
2021-06-01,43.68930435180664
2021-06-02,42.943267822265625
2021-06-03,42.64487075805664
2021-06-04,42.7940673828125
2021-06-07,42.95261001586914
2021-06-08,43.23237228393555
2021-06-09,43.073829650878906
2021-06-10,42.7661018371582
2021-06-11,42.98991012573242
2021-06-14,43.09248352050781
2021-06-15,43.39090347290039
2021-06-16,43.74527359008789
2021-06-17,43.01789093017578
2021-06-18,42.010746002197266
2021-06-21,43.362918853759766
2021-06-22,42.99923324584961
2021-06-23,43.10207748413086
2021-06-24,43.21427536010742
2021-06-25,43.99965286254883
2021-06-28,44.766326904296875
2021-06-29,45.5423469543457
2021-06-30,45.43949890136719
2021-07-01,45.579742431640625
2021-07-02,45.36470413208008
2021-07-06,45.03746795654297
2021-07-07,45.6545524597168
2021-07-08,44.92527389526367
2021-07-09,45.13096237182617
2021-07-12,46.00982666015625
2021-07-13,46.028526306152344
2021-07-14,45.8134880065918
2021-07-15,46.33708572387695
2021-07-16,45.888282775878906
2021-07-19,45.11225891113281
2021-07-20,46.654972076416016
2021-07-21,47.169193267822266
2021-07-22,47.50578308105469
2021-07-23,48.52490234375
2021-07-26,48.16026306152344
2021-07-27,48.580997467041016
2021-07-28,48.21636199951172
2021-07-29,50.43223571777344
2021-07-30,51.657047271728516
2021-08-02,51.05866622924805
2021-08-03,53.46153259277344
2021-08-04,53.33063888549805
2021-08-05,52.65746307373047
2021-08-06,52.713558197021484
2021-08-09,52.582664489746094
2021-08-10,52.928611755371094
2021-08-11,53.190391540527344
2021-08-12,52.33957290649414
2021-08-13,52.49851608276367
2021-08-16,52.91925811767578
2021-08-17,51.563560485839844
2021-08-18,51.582244873046875
2021-08-19,51.657047271728516
2021-08-20,51.76924514770508
2021-08-23,52.24607849121094
2021-08-24,52.928611755371094
2021-08-25,53.98512649536133
2021-08-26,53.64854049682617
2021-08-27,54.527408599853516
2021-08-30,54.256256103515625
2021-08-31,53.854225158691406
2021-09-01,54.1253662109375
2021-09-02,54.153411865234375
2021-09-03,53.67657470703125
2021-09-07,52.5639762878418
2021-09-08,52.97535705566406
2021-09-09,53.04080581665039
2021-09-10,52.76030731201172
2021-09-13,52.11518859863281
2021-09-14,51.40460205078125
2021-09-15,52.133880615234375
2021-09-16,51.48875427246094
2021-09-17,51.42329025268555
2021-09-20,50.32004165649414
2021-09-21,48.328556060791016
2021-09-22,49.1700325012207
2021-09-23,50.01150131225586
2021-09-24,49.66556167602539
2021-09-27,48.964332580566406
2021-09-28,48.580997467041016
2021-09-29,49.413124084472656
2021-09-30,48.39399719238281
2021-10-01,49.04848098754883
2021-10-04,48.92694091796875
2021-10-05,49.385074615478516
2021-10-06,49.18873596191406
2021-10-07,49.8806037902832
2021-10-08,48.15091323852539
2021-10-11,47.917171478271484
2021-10-12,47.02894592285156
2021-10-13,47.43099594116211
2021-10-14,49.56270980834961
2021-10-15,49.955406188964844
2021-10-18,50.469627380371094
2021-10-19,50.46028518676758
2021-10-20,50.50703811645508
2021-10-21,50.78752517700195
2021-10-22,51.105411529541016
2021-10-25,51.04931640625
2021-10-26,50.23588943481445
2021-10-27,49.70296096801758
2021-10-28,50.99613571166992
2021-10-29,48.94392776489258
2021-11-01,48.887691497802734
2021-11-02,49.10323715209961
2021-11-03,48.70027160644531
2021-11-04,49.637367248535156
2021-11-05,49.46869659423828
2021-11-08,49.984092712402344
2021-11-09,51.361602783203125
2021-11-10,51.19292449951172
2021-11-11,51.07110595703125
2021-11-12,52.58917999267578
2021-11-15,52.195613861083984
2021-11-16,52.720367431640625
2021-11-17,52.58917999267578
2021-11-18,53.432559967041016
2021-11-19,53.55438232421875
2021-11-22,52.860931396484375
2021-11-23,51.41783142089844
2021-11-24,52.18622970581055
2021-11-26,51.895748138427734
2021-11-29,52.45798873901367
2021-11-30,50.715003967285156
2021-12-01,50.227725982666016
2021-12-02,52.02693557739258
2021-12-03,52.58917999267578
2021-12-06,52.33617401123047
2021-12-07,53.076473236083984
2021-12-08,52.889041900634766
2021-12-09,52.46735763549805
2021-12-10,52.017555236816406
2021-12-13,51.474056243896484
2021-12-14,50.18086624145508
2021-12-15,50.18086624145508
2021-12-16,50.480751037597656
2021-12-17,48.97203826904297
2021-12-20,47.70697021484375
2021-12-21,48.8502197265625
2021-12-22,49.35770034790039
2021-12-23,49.63963317871094
2021-12-27,50.306888580322266
2021-12-28,50.259891510009766
2021-12-29,50.504241943359375
2021-12-30,50.3256721496582
2021-12-31,50.9741325378418
2022-01-03,49.35770034790039
2022-01-04,50.57941818237305
2022-01-05,49.216732025146484
2022-01-06,50.27869415283203
2022-01-07,48.71864700317383
2022-01-10,49.169742584228516
2022-01-11,49.37649154663086
2022-01-12,49.80880355834961
2022-01-13,49.056968688964844
2022-01-14,48.0232048034668
2022-01-18,46.66050720214844
2022-01-19,45.85228729248047
2022-01-20,45.1380500793457
2022-01-21,44.92189025878906
2022-01-24,44.79033279418945
2022-01-25,44.36742401123047
2022-01-26,43.85993957519531
2022-01-27,43.314849853515625
2022-01-28,43.65318298339844
2022-01-31,44.80912780761719
2022-02-01,44.21704864501953
2022-02-02,44.649356842041016
2022-02-03,43.45582962036133
2022-02-04,43.07991409301758
2022-02-07,42.96714401245117
2022-02-08,43.28665542602539
2022-02-09,45.091060638427734
2022-02-10,44.31103515625
2022-02-11,42.7603874206543
2022-02-14,42.0931396484375
2022-02-15,42.995330810546875
2022-02-16,42.9013557434082
2022-02-17,41.89577865600586
2022-02-18,41.425880432128906
2022-02-22,42.563026428222656
2022-02-23,41.20033264160156
2022-02-24,42.01795959472656
2022-02-25,42.50664138793945
2022-02-28,42.17771911621094
2022-03-01,41.08756637573242
2022-03-02,42.205909729003906
2022-03-03,43.11750793457031
2022-03-04,42.290489196777344
2022-03-07,40.89960479736328
2022-03-08,40.955997467041016
2022-03-09,41.905174255371094
2022-03-10,41.172142028808594
2022-03-11,40.6176643371582
2022-03-14,40.326332092285156
2022-03-15,42.47845458984375
2022-03-16,44.057289123535156
2022-03-17,44.282840728759766
2022-03-18,44.90310287475586
2022-03-21,44.621177673339844
2022-03-22,44.63056945800781
2022-03-23,43.71897506713867
2022-03-24,43.39004135131836
2022-03-25,43.596797943115234
2022-03-28,44.06669235229492
2022-03-29,45.18504333496094
2022-03-30,44.705745697021484
2022-03-31,43.10810470581055
2022-04-01,43.26787185668945
2022-04-04,42.525428771972656
2022-04-05,41.85819625854492
2022-04-06,41.2379264831543
2022-04-07,41.059364318847656
2022-04-08,40.768028259277344
2022-04-11,39.8846321105957
2022-04-12,39.26437759399414
2022-04-13,39.57450485229492
2022-04-14,38.794471740722656
2022-04-18,38.80387878417969
2022-04-19,39.94102096557617
2022-04-20,40.83382034301758
2022-04-21,40.24174880981445
2022-04-22,39.160987854003906
2022-04-25,39.433528900146484
2022-04-26,37.6385383605957
2022-04-27,37.83589172363281
2022-04-28,37.17557144165039
2022-04-29,36.100215911865234
2022-05-02,36.411502838134766
2022-05-03,36.2039794921875
2022-05-04,37.17557144165039
2022-05-05,35.80778503417969
2022-05-06,35.63799285888672
2022-05-09,35.96814727783203
2022-05-10,35.930419921875
2022-05-11,35.458763122558594
2022-05-12,36.88315200805664
2022-05-13,37.91135025024414
2022-05-16,37.600059509277344
2022-05-17,37.90192413330078
2022-05-18,35.241817474365234
2022-05-19,35.28897476196289
2022-05-20,35.80778503417969
2022-05-23,36.100215911865234
2022-05-24,35.788917541503906
2022-05-25,36.119083404541016
2022-05-26,37.10011291503906
2022-05-27,37.94908905029297
2022-05-31,37.08124923706055
2022-06-01,36.73221969604492
2022-06-02,37.807594299316406
2022-06-03,37.345367431640625
2022-06-06,37.32651138305664
2022-06-07,37.72270202636719
2022-06-08,37.156715393066406
2022-06-09,36.6473274230957
2022-06-10,35.222938537597656
2022-06-13,34.42113494873047
2022-06-14,33.902320861816406
2022-06-15,34.685264587402344
2022-06-16,32.61942672729492
2022-06-17,32.45905685424805
2022-06-21,33.0250358581543
2022-06-22,32.949256896972656
2022-06-23,32.987144470214844
2022-06-24,34.389251708984375
2022-06-27,34.209251403808594
2022-06-28,34.09556579589844
2022-06-29,33.906097412109375
2022-06-30,33.78293991088867
2022-07-01,34.105037689208984
2022-07-05,34.17135238647461
2022-07-06,34.27556610107422
2022-07-07,34.483985900878906
2022-07-08,34.17135238647461
2022-07-11,34.60713195800781
2022-07-12,34.22819519042969
2022-07-13,33.8492431640625
2022-07-14,33.735565185546875
2022-07-15,34.105037689208984
2022-07-18,33.6787109375
2022-07-19,35.21345138549805
2022-07-20,35.421871185302734
2022-07-21,36.25554656982422
2022-07-22,36.47344207763672
2022-07-25,36.2176513671875
2022-07-26,36.08502197265625
2022-07-27,37.45869445800781
2022-07-28,37.401859283447266
2022-07-29,38.396583557128906
2022-08-01,38.434478759765625
2022-08-02,38.28290557861328
2022-08-03,38.61448287963867
2022-08-04,39.60921859741211
2022-08-05,39.67552947998047
2022-08-08,39.73236846923828
2022-08-09,39.56184005737305
2022-08-10,40.603946685791016
2022-08-11,40.783939361572266
2022-08-12,41.655513763427734
2022-08-15,42.072357177734375
2022-08-16,42.053409576416016
2022-08-17,41.80709457397461
2022-08-18,41.968143463134766
2022-08-19,40.24393844604492
2022-08-22,39.42920684814453
2022-08-23,39.27763366699219
2022-08-24,39.467105865478516
2022-08-25,39.77973556518555
2022-08-26,38.12185287475586
2022-08-29,37.648170471191406
2022-08-30,37.240806579589844
2022-08-31,37.0608024597168
2022-09-01,37.69554138183594
2022-09-02,37.4965934753418
2022-09-06,38.17869567871094
2022-09-07,39.315528869628906
2022-09-08,39.90288543701172
2022-09-09,39.95026397705078
2022-09-12,40.06394577026367
2022-09-13,38.72816467285156
2022-09-14,38.06502151489258
2022-09-15,38.27342987060547
2022-09-16,36.416595458984375
2022-09-19,36.7765998840332
2022-09-20,35.81976318359375
2022-09-21,35.53554916381836
2022-09-22,34.29450607299805
2022-09-23,34.209251403808594
2022-09-26,33.422935485839844
2022-09-27,33.6787109375
2022-09-28,34.957664489746094
2022-09-29,33.74502944946289
2022-09-30,33.688201904296875
2022-10-03,34.872398376464844
2022-10-04,36.54922866821289
2022-10-05,36.18922424316406
2022-10-06,35.2513427734375
2022-10-07,33.470306396484375
2022-10-10,33.72608947753906
2022-10-11,33.29977798461914
2022-10-12,33.04399490356445
2022-10-13,33.015567779541016
2022-10-14,32.75031280517578
2022-10-17,33.6787109375
2022-10-18,34.40818786621094
2022-10-19,33.053470611572266
2022-10-20,32.26715087890625
2022-10-21,33.337669372558594
2022-10-24,33.96293640136719
2022-10-25,35.3271369934082
2022-10-26,35.18502426147461
2022-10-27,36.03159713745117
2022-10-28,38.000587463378906
2022-10-31,37.81985855102539
2022-11-01,37.77230453491211
2022-11-02,37.21108627319336
2022-11-03,37.44889450073242
2022-11-04,38.31448745727539
2022-11-07,39.03740692138672
2022-11-08,39.38935089111328
2022-11-09,38.37155532836914
2022-11-10,41.35834503173828
2022-11-11,42.27149200439453
2022-11-14,41.48200225830078
2022-11-15,42.185882568359375
2022-11-16,41.71979904174805
2022-11-17,40.939815521240234
2022-11-18,41.7768669128418
2022-11-21,41.748348236083984
2022-11-22,41.89101791381836
2022-11-23,42.00516128540039
2022-11-25,42.05271911621094
2022-11-28,41.19663619995117
2022-11-29,41.39638900756836
2022-11-30,42.15735626220703
2022-12-01,42.73759078979492
2022-12-02,42.499786376953125
2022-12-05,41.62467956542969
2022-12-06,40.9207878112793
2022-12-07,40.97786331176758
2022-12-08,41.34882736206055
2022-12-09,40.9207878112793
2022-12-12,41.14907455444336
2022-12-13,42.15735626220703
2022-12-14,41.66272735595703
2022-12-15,40.38811492919922
2022-12-16,39.712764739990234
2022-12-19,39.47495651245117
2022-12-20,39.35129165649414
2022-12-21,40.216007232666016
2022-12-22,39.82426452636719
2022-12-23,39.92936706542969
2022-12-27,40.005802154541016
2022-12-28,39.13631820678711
2022-12-29,39.986690521240234
2022-12-30,39.41340637207031
2023-01-03,39.75737762451172
2023-01-04,40.15867614746094
2023-01-05,39.68095016479492
2023-01-06,41.2097053527832
2023-01-09,41.563232421875
2023-01-10,42.04096603393555
2023-01-11,43.177978515625
2023-01-12,43.23530960083008
2023-01-13,43.82771301269531
2023-01-17,43.40729904174805
2023-01-18,41.582340240478516
2023-01-19,40.04402160644531
2023-01-20,40.67463302612305
2023-01-23,41.35301971435547
2023-01-24,41.754329681396484
2023-01-25,41.57278823852539
2023-01-26,41.7065544128418
2023-01-27,41.67789077758789
2023-01-30,41.639671325683594
2023-01-31,43.50284194946289
2023-02-01,44.08568572998047
2023-02-02,45.031612396240234
2023-02-03,44.802303314208984
2023-02-06,44.09524154663086
2023-02-07,42.41360092163086
2023-02-08,43.05377960205078
2023-02-09,42.92000198364258
2023-02-10,42.83401107788086
2023-02-13,43.41685485839844
2023-02-14,43.12065887451172
2023-02-15,43.455078125
2023-02-16,43.21620559692383
2023-02-17,43.2066535949707
2023-02-21,41.878536224365234
2023-02-22,41.65877914428711
2023-02-23,42.47093200683594
2023-02-24,42.27983474731445
2023-02-27,42.958221435546875
2023-02-28,43.02510452270508
2023-03-01,43.560176849365234
2023-03-02,44.03791046142578
2023-03-03,45.66222381591797
2023-03-06,46.225955963134766
2023-03-07,45.43290710449219
2023-03-08,45.280033111572266
2023-03-09,44.09524154663086
2023-03-10,43.60794448852539
2023-03-13,42.75757598876953
2023-03-14,43.713050842285156
2023-03-15,41.381690979003906
2023-03-16,42.499595642089844
2023-03-17,41.80210494995117
2023-03-20,42.98689270019531
2023-03-21,43.18754959106445
2023-03-22,42.21295928955078
2023-03-23,42.327613830566406
2023-03-24,41.96452713012695
2023-03-27,42.327613830566406
2023-03-28,42.75757598876953
2023-03-29,43.359527587890625
2023-03-30,43.08244323730469
2023-03-31,43.713050842285156
2023-04-03,43.65571975708008
2023-04-04,40.98038864135742
2023-04-05,40.22555923461914
2023-04-06,39.93891525268555
2023-04-10,40.41666030883789
2023-04-11,41.582340240478516
2023-04-12,41.90719985961914
2023-04-13,42.13651657104492
2023-04-14,42.327613830566406
2023-04-17,42.776676177978516
2023-04-18,42.81489944458008
2023-04-19,42.97734069824219
2023-04-20,43.359527587890625
2023-04-21,43.2066535949707
2023-04-24,40.06312942504883
2023-04-25,40.43577575683594
2023-04-26,38.84012985229492
2023-04-27,39.61406707763672
2023-04-28,39.958030700683594
2023-05-01,39.33697509765625
2023-05-02,39.958030700683594
2023-05-03,39.260536193847656
2023-05-04,39.447696685791016
2023-05-05,40.676231384277344
2023-05-08,40.887386322021484
2023-05-09,41.06015396118164
2023-05-10,41.34809494018555
2023-05-11,41.1081428527832
2023-05-12,40.695430755615234
2023-05-15,41.08894348144531
2023-05-16,40.455482482910156
2023-05-17,41.175323486328125
2023-05-18,41.53045654296875
2023-05-19,41.06975173950195
2023-05-22,40.7242317199707
2023-05-23,39.84121322631836
2023-05-24,39.639652252197266
2023-05-25,39.54366683959961
2023-05-26,39.246131896972656
2023-05-30,40.071571350097656
2023-05-31,39.255741119384766
2023-06-01,39.831607818603516
2023-06-02,41.69361877441406
2023-06-05,41.46326446533203
2023-06-06,42.08714294433594
2023-06-07,43.766780853271484
2023-06-08,43.766780853271484
2023-06-09,43.47883987426758
2023-06-12,43.9875373840332
2023-06-13,44.889747619628906
2023-06-14,44.30427169799805
2023-06-15,44.66899108886719
2023-06-16,44.995323181152344
2023-06-20,45.69597244262695
2023-06-21,46.28144454956055
2023-06-22,46.11284637451172
2023-06-23,46.295902252197266
2023-06-26,46.854732513427734
2023-06-27,47.68333053588867
2023-06-28,47.51954650878906
2023-06-29,47.68333053588867
2023-06-30,47.895301818847656
2023-07-03,48.213260650634766
2023-07-05,47.44246292114258
2023-07-06,47.278663635253906
2023-07-07,47.52918243408203
2023-07-10,49.38872528076172
2023-07-11,51.06520462036133
2023-07-12,51.180824279785156
2023-07-13,51.180824279785156
2023-07-14,51.87453842163086
2023-07-17,52.56825256347656
2023-07-18,53.223426818847656
2023-07-19,53.21379089355469
2023-07-20,52.67423629760742
2023-07-21,51.78782272338867
2023-07-24,51.84564208984375
2023-07-25,51.94197463989258
2023-07-26,52.4429931640625
2023-07-27,54.678306579589844
2023-07-28,56.8365364074707
2023-07-31,57.37608337402344
2023-08-01,57.616966247558594
2023-08-02,56.82689666748047
2023-08-03,55.97902297973633
2023-08-04,54.996253967285156
2023-08-07,55.97902297973633
2023-08-08,55.29493713378906
2023-08-09,54.10984420776367
2023-08-10,53.37759017944336
2023-08-11,53.512474060058594
2023-08-14,53.974952697753906
2023-08-15,53.3872184753418
2023-08-16,52.48153305053711
2023-08-17,51.11337661743164
2023-08-18,51.44096755981445
2023-08-21,51.61438751220703
2023-08-22,51.83599853515625
2023-08-23,53.21379089355469
2023-08-24,51.961246490478516
2023-08-25,53.01145935058594
2023-08-28,53.541385650634766
2023-08-29,54.68793869018555
2023-08-30,55.09260940551758
2023-08-31,55.35274887084961
2023-09-01,55.82486343383789
2023-09-05,54.360347747802734
2023-09-06,54.3410758972168
2023-09-07,55.16005325317383
2023-09-08,56.518577575683594
2023-09-11,56.78835678100586
2023-09-12,54.5145149230957
2023-09-13,53.223426818847656
2023-09-14,52.760948181152344
2023-09-15,52.47190475463867
2023-09-18,52.40446472167969
2023-09-19,51.8841667175293
2023-09-20,51.86491012573242
2023-09-21,50.641258239746094
2023-09-22,50.93994140625
2023-09-25,51.624027252197266
2023-09-26,50.7954216003418
2023-09-27,53.069278717041016
2023-09-28,53.89787292480469
2023-09-29,53.18489074707031
2023-10-02,52.56825256347656
2023-10-03,51.56622314453125
2023-10-04,52.616432189941406
2023-10-05,51.556583404541016
2023-10-06,52.2984733581543
2023-10-09,53.01145935058594
2023-10-10,53.39685821533203
2023-10-11,53.99422836303711
2023-10-12,52.49116897583008
2023-10-13,50.641258239746094
2023-10-16,51.20973587036133
2023-10-17,50.96885299682617
2023-10-18,48.31924057006836
2023-10-19,47.21122360229492
2023-10-20,46.51750183105469
2023-10-23,46.7294807434082
2023-10-24,46.39225387573242
2023-10-25,45.32278060913086
2023-10-26,44.882659912109375
2023-10-27,44.97938537597656
2023-10-30,45.8209342956543
2023-10-31,46.1014518737793
2023-11-01,48.03604507446289
2023-11-02,48.335914611816406
2023-11-03,48.877601623535156
2023-11-06,48.626102447509766
2023-11-07,48.80021286010742
2023-11-08,49.28386306762695
2023-11-09,48.7808723449707
2023-11-10,49.81587600708008
2023-11-13,49.27418899536133
2023-11-14,51.08304214477539
2023-11-15,50.63808059692383
2023-11-16,50.9572868347168
2023-11-17,51.47963333129883
2023-11-20,51.83753204345703
2023-11-21,51.00566482543945
2023-11-22,51.025001525878906
2023-11-24,51.24747848510742
2023-11-27,50.43494415283203
2023-11-28,49.94162368774414
2023-11-29,50.502662658691406
2023-11-30,50.260833740234375
2023-12-01,51.47963333129883
2023-12-04,51.71177673339844
2023-12-05,50.85088348388672
2023-12-06,51.27649688720703
2023-12-07,51.16041564941406
2023-12-08,53.46260070800781
2023-12-11,54.120357513427734
2023-12-12,54.48793029785156
2023-12-13,53.97526168823242
2023-12-14,56.886837005615234
2023-12-15,55.45522689819336
2023-12-18,54.90386962890625
2023-12-19,55.12635040283203
2023-12-20,54.34991455078125
2023-12-21,55.24281311035156
2023-12-22,55.417503356933594
2023-12-26,55.74748992919922
2023-12-27,56.07747268676758
2023-12-28,55.94159698486328
2023-12-29,55.7571907043457
2024-01-02,54.78666305541992
2024-01-03,53.28233337402344
2024-01-04,53.84523391723633
2024-01-05,54.07817459106445
2024-01-08,54.75754165649414
2024-01-09,55.126346588134766
2024-01-10,55.35927963256836
2024-01-11,55.18457794189453
2024-01-12,54.48579406738281
2024-01-16,54.204341888427734
2024-01-17,53.437618255615234
2024-01-18,53.767601013183594
2024-01-19,54.233455657958984
2024-01-22,54.660491943359375
2024-01-23,54.262569427490234
2024-01-24,53.35027313232422
2024-01-25,54.650787353515625
2024-01-26,53.874359130859375
2024-01-29,54.650787353515625
2024-01-30,54.670196533203125
2024-01-31,53.09792709350586
2024-02-01,53.952003479003906
2024-02-02,55.10693359375
2024-02-05,54.60226058959961
2024-02-06,52.709720611572266
2024-02-07,52.24386215209961
2024-02-08,53.437618255615234
2024-02-09,54.35962677001953
2024-02-12,54.38874435424805
2024-02-13,52.37973403930664
2024-02-14,53.37938690185547
2024-02-15,54.398441314697266
2024-02-16,52.408851623535156
2024-02-20,51.855648040771484
2024-02-21,52.18562698364258
2024-02-22,52.263267517089844
2024-02-23,52.60295486450195
2024-02-26,52.408851623535156
2024-02-27,53.41820526123047
2024-02-28,53.146461486816406
2024-02-29,53.942298889160156
2024-03-01,54.79636764526367
2024-03-04,55.466041564941406
2024-03-05,54.92253875732422
2024-03-06,56.01924133300781
2024-03-07,57.795310974121094
2024-03-08,56.339515686035156
2024-03-11,55.45632553100586
2024-03-12,56.19393539428711
2024-03-13,56.155113220214844
2024-03-14,55.62131881713867
2024-03-15,55.36898422241211
2024-03-18,55.417503356933594
2024-03-19,56.756839752197266
2024-03-20,56.82477951049805
2024-03-21,58.0573616027832
2024-03-22,56.155113220214844
2024-03-25,55.67955017089844
2024-03-26,55.84454345703125
2024-03-27,55.98041534423828
2024-03-28,56.41716003417969
2024-04-01,55.70867156982422
2024-04-02,55.126346588134766
2024-04-03,55.2622184753418
2024-04-04,54.204341888427734
2024-04-05,54.77695083618164
2024-04-08,56.13569641113281
2024-04-09,56.39774703979492
2024-04-10,55.21369552612305
2024-04-11,54.95165252685547
2024-04-12,55.16516876220703
2024-04-15,53.825828552246094
2024-04-16,53.146461486816406
2024-04-17,52.6514892578125
2024-04-18,51.807125091552734
2024-04-19,51.95269775390625
2024-04-22,52.0400505065918
2024-04-23,53.5152587890625
2024-04-24,53.15616989135742
2024-04-25,58.04765319824219
2024-04-26,58.717323303222656
2024-04-29,60.86219787597656
2024-04-30,59.67815017700195
2024-05-01,59.31905746459961
2024-05-02,59.32878875732422
2024-05-03,60.44839096069336
2024-05-06,62.366302490234375
2024-05-07,62.56100845336914
2024-05-08,62.60968780517578
2024-05-09,63.51510238647461
2024-05-10,63.768226623535156
2024-05-13,62.62915802001953
2024-05-14,63.24250793457031
2024-05-15,64.060302734375
2024-05-16,63.28144454956055
2024-05-17,63.505367279052734
2024-05-20,64.23554229736328
2024-05-21,64.46918487548828
2024-05-22,63.6221923828125
2024-05-23,62.64862060546875
2024-05-24,63.91425323486328
2024-05-28,62.96017837524414
2024-05-29,61.40247344970703
2024-05-30,61.66533660888672
2024-05-31,61.5192985534668
2024-06-03,60.35102844238281
2024-06-04,59.650062561035156
2024-06-05,61.49982833862305
2024-06-06,60.82807540893555
2024-06-07,61.05198669433594
2024-06-10,60.8864860534668
2024-06-11,60.36077117919922
2024-06-12,62.677833557128906
2024-06-13,62.298152923583984
2024-06-14,62.64862060546875
2024-06-17,63.39828872680664
2024-06-18,63.9824104309082
2024-06-20,62.52206802368164
2024-06-21,61.39915466308594
2024-06-24,63.10793685913086
2024-06-25,62.42441940307617
2024-06-26,61.3796272277832
2024-06-27,61.74090576171875
2024-06-28,61.59444046020508
2024-07-01,60.442237854003906
2024-07-02,61.35033416748047
2024-07-03,61.96549987792969
2024-07-05,61.750675201416016
2024-07-08,61.64326095581055
2024-07-09,60.82304763793945
2024-07-10,62.102195739746094
2024-07-11,64.84603118896484
2024-07-12,64.44568634033203
2024-07-15,65.7736587524414
2024-07-16,68.23429870605469
2024-07-17,65.98847198486328
2024-07-18,65.470947265625
2024-07-19,64.68001556396484
2024-07-22,66.3985824584961
2024-07-23,66.6622085571289
2024-07-24,64.43589782714844
2024-07-25,63.303226470947266
2024-07-26,65.19754028320312
2024-07-29,66.02752685546875
2024-07-30,65.84200286865234
2024-07-31,66.5059814453125
2024-08-01,64.50426483154297
2024-08-02,62.48301315307617
2024-08-05,62.05337905883789
2024-08-06,62.629478454589844
2024-08-07,61.623741149902344
2024-08-08,62.96147537231445
2024-08-09,62.86382293701172
2024-08-12,62.775943756103516
2024-08-13,63.928157806396484
2024-08-14,64.13321685791016
2024-08-15,66.78916931152344
2024-08-16,65.79318237304688
2024-08-19,67.02349090576172
2024-08-20,66.94538879394531
2024-08-21,68.01948547363281
2024-08-22,67.94136810302734
2024-08-23,69.57203674316406
2024-08-26,70.01142883300781
2024-08-27,70.07002258300781
2024-08-28,69.4353256225586
2024-08-29,69.41580200195312
2024-08-30,71.06600189208984
2024-09-03,68.4100570678711
2024-09-04,67.48242950439453
2024-09-05,67.4140853881836
2024-09-06,67.84371948242188
2024-09-09,69.06429290771484
2024-09-10,70.13837432861328
2024-09-11,71.9350357055664
2024-09-12,73.59501647949219
2024-09-13,74.70816040039062
2024-09-16,75.29402923583984
2024-09-17,76.12400817871094
2024-09-18,76.34860229492188
2024-09-19,78.67255401611328
2024-09-20,78.03785705566406
2024-09-23,78.9752426147461
2024-09-24,78.51631927490234
2024-09-25,77.79373931884766
2024-09-26,77.9011459350586
2024-09-27,78.62372589111328
2024-09-30,78.59442901611328
2024-10-01,77.48127746582031
2024-10-02,78.64325714111328
2024-10-03,78.164794921875
2024-10-04,78.89713287353516
2024-10-07,78.52607727050781
2024-10-08,78.9361801147461
2024-10-09,80.1469955444336
2024-10-10,78.53584289550781
2024-10-11,79.68804931640625
2024-10-14,80.72308349609375
2024-10-15,79.68804931640625
2024-10-16,79.14125061035156
2024-10-17,79.52206420898438
2024-10-18,79.62947845458984
2024-10-21,79.4634780883789
2024-10-22,78.26243591308594
2024-10-23,78.06714630126953
2024-10-24,71.18317413330078
2024-10-25,72.1719741821289
2024-10-28,74.07122802734375
2024-10-29,73.03349304199219
2024-10-30,72.05448913574219
2024-10-31,71.19297790527344
2024-11-01,71.0656967163086
2024-11-04,70.87969207763672
2024-11-05,72.34820556640625
2024-11-06,73.797119140625
2024-11-07,73.55236053466797
2024-11-08,75.06981658935547
2024-11-11,74.68800354003906
2024-11-12,73.8558578491211
2024-11-13,74.79568481445312
2024-11-14,73.39572143554688
2024-11-15,72.96495819091797
2024-11-18,72.49504852294922
2024-11-19,72.7691650390625
2024-11-20,72.93557739257812
2024-11-21,74.41388702392578
2024-11-22,75.38309478759766
2024-11-25,77.21382141113281
2024-11-26,75.32435607910156
2024-11-27,75.28518676757812
2024-11-29,75.74532318115234
2024-12-02,74.68800354003906
2024-12-03,73.992919921875
2024-12-04,73.797119140625
2024-12-05,72.43629455566406
2024-12-06,72.12301635742188
2024-12-09,71.66288757324219
2024-12-10,71.28107452392578
2024-12-11,72.15239715576172
2024-12-12,71.9957504272461
2024-12-13,71.47687530517578
2024-12-16,70.08668518066406
2024-12-17,68.80420684814453
2024-12-18,65.62244415283203
2024-12-19,65.28959655761719
2024-12-20,67.2787857055664
2024-12-23,67.57347106933594
2024-12-24,68.2218017578125
2024-12-26,68.40843963623047
2024-12-27,67.68152618408203
2024-12-30,67.02337646484375
2024-12-31,67.05284881591797
2025-01-02,67.12162017822266
2025-01-03,68.03516387939453
2025-01-06,67.49488830566406
2025-01-07,67.00373840332031
2025-01-08,67.23948669433594
2025-01-10,65.33379364013672
2025-01-13,65.92317962646484
2025-01-14,67.19036865234375
2025-01-15,67.58329772949219
2025-01-16,68.50666809082031
2025-01-17,68.42809295654297
2025-01-21,69.3023452758789
2025-01-22,68.79154968261719
2025-01-23,68.64420318603516
2025-01-24,68.87995910644531
2025-01-27,66.2375259399414
2025-01-28,66.10982513427734
2025-01-29,63.65403747558594
2025-01-30,64.80335235595703
2025-01-31,64.22377014160156
2025-02-03,62.03321838378906
2025-02-04,62.75030517578125
2025-02-05,63.418277740478516
2025-02-06,64.0567855834961
2025-02-07,63.03517532348633
2025-02-10,65.05874633789062
2025-02-11,64.00767517089844
2025-02-12,62.47526168823242
2025-02-13,62.54401779174805
2025-02-14,63.97820281982422
2025-02-18,65.41238403320312
2025-02-19,64.81317901611328
2025-02-20,65.92317962646484
2025-02-21,64.96052551269531
2025-02-24,65.37309265136719
2025-02-25,66.01158905029297
2025-02-26,64.93104553222656
2025-02-27,62.94676971435547
2025-02-28,63.65403747558594
2025-03-03,62.141265869140625
2025-03-04,60.97231674194336
2025-03-05,63.722808837890625
2025-03-06,64.21395874023438
2025-03-07,66.19823455810547
2025-03-10,65.86425018310547
2025-03-11,64.489013671875
2025-03-12,64.27289581298828
2025-03-13,63.1137580871582
2025-03-14,65.35344696044922
2025-03-17,66.43399047851562
2025-03-18,66.10982513427734
2025-03-19,66.48310089111328
2025-03-20,65.25521087646484
2025-03-21,64.99980926513672
2025-03-24,66.75814819335938
2025-03-25,66.90550231933594
2025-03-26,65.78565979003906
2025-03-27,64.5086441040039
2025-03-28,62.21003723144531
2025-03-31,62.27879333496094
2025-04-01,62.41632080078125
2025-04-02,63.88979721069336
2025-04-03,59.64619445800781
2025-04-04,56.16878890991211
2025-04-07,55.82498550415039
2025-04-08,54.56761932373047
2025-04-09,59.6953010559082
2025-04-10,58.0057258605957
2025-04-11,58.212005615234375
2025-04-14,59.518489837646484
2025-04-15,59.400611877441406
2025-04-16,58.143245697021484
2025-04-17,58.840694427490234
2025-04-21,57.1511116027832
2025-04-22,58.41830062866211
2025-04-23,57.563682556152344
2025-04-24,59.24344253540039
2025-04-25,58.99786376953125
2025-04-28,59.42025375366211
2025-04-29,59.744415283203125
2025-04-30,61.43400573730469
2025-05-01,68.56561279296875
2025-05-02,70.49224090576172
2025-05-05,69.7826919555664
2025-05-06,69.17169189453125
2025-05-07,68.97459411621094
2025-05-08,69.4771957397461
2025-05-09,70.40355682373047
2025-05-12,72.37454223632812
2025-05-13,73.56698608398438
2025-05-14,72.29570770263672
2025-05-15,72.4139633178711
2025-05-16,74.52291107177734
2025-05-19,74.72987365722656
2025-05-20,73.86262512207031
2025-05-21,71.04411315917969
2025-05-22,70.72876739501953
2025-05-23,69.95023345947266
2025-05-27,71.28064727783203
2025-05-28,70.00935363769531
2025-05-29,70.37399291992188
2025-05-30,70.16703033447266
2025-06-02,69.31950378417969
2025-06-03,69.77284240722656
2025-06-04,70.35427856445312
2025-06-05,70.36414337158203
2025-06-06,70.00935363769531
2025-06-09,70.61050415039062
2025-06-10,70.70906066894531
2025-06-11,71.42847442626953
2025-06-12,71.42847442626953
2025-06-13,70.20645141601562
2025-06-16,70.00935363769531
2025-06-17,68.76763153076172
2025-06-18,68.84648132324219
2025-06-20,69.4476318359375
2025-06-23,70.7386245727539
2025-06-24,71.40876007080078
2025-06-25,71.37919616699219
2025-06-26,71.536865234375
2025-06-27,72.6011962890625
2025-06-30,72.12816619873047
2025-07-01,73.22207641601562
2025-07-02,74.16813659667969
2025-07-03,74.55247497558594
2025-07-07,73.55712890625
2025-07-08,73.81336212158203
2025-07-09,74.78899383544922
2025-07-10,75.6562271118164
2025-07-11,75.50840759277344
2025-07-14,75.49855041503906
2025-07-15,74.28639221191406
2025-07-16,74.33566284179688
2025-07-17,75.81391143798828
2025-07-18,75.51825714111328
2025-07-21,75.08830261230469
2025-07-22,75.5330810546875
2025-07-23,78.68606567382812
2025-07-24,78.51803588867188
2025-07-25,79.7930679321289
2025-07-28,79.24945068359375
2025-07-29,70.83820343017578
2025-07-30,67.40847778320312
2025-07-31,67.8236083984375
2025-08-01,66.1433334350586
2025-08-04,65.76775360107422
2025-08-05,65.6095962524414
2025-08-06,65.34274291992188
2025-08-07,65.58984375
2025-08-08,65.263671875
2025-08-11,64.12701416015625
2025-08-12,64.96714782714844
2025-08-13,66.27183532714844
2025-08-14,64.9968032836914
2025-08-15,64.64098358154297
2025-08-18,65.71833038330078
2025-08-19,66.20265197753906
2025-08-20,66.06426239013672
2025-08-21,64.25550842285156
2025-08-22,66.96369934082031
2025-08-25,65.23401641845703
2025-08-26,65.70845031738281
2025-08-27,66.8055648803711
2025-08-28,65.40204620361328
2025-08-29,64.44330596923828
2025-09-02,62.763031005859375
2025-09-03,61.7449836730957
2025-09-04,62.80257034301758
2025-09-05,64.74971008300781
2025-09-08,64.84854888916016
2025-09-09,62.73338317871094
2025-09-10,61.77463912963867
2025-09-11,61.57695770263672
2025-09-12,60.95426940917969
2025-09-15,60.52926254272461
2025-09-16,60.222862243652344
2025-09-17,60.01530075073242
2025-09-18,60.39088439941406
2025-09-19,59.689125061035156
2025-09-22,59.61005401611328
2025-09-23,59.04667282104492
2025-09-24,58.30537796020508
2025-09-25,58.06816101074219
2025-09-26,58.1571159362793
2025-09-29,58.443748474121094
2025-09-30,59.007137298583984
2025-10-01,58.76991653442383
2025-10-02,58.2164192199707
2025-10-03,58.95771408081055
2025-10-06,59.1158561706543
2025-10-07,58.49317169189453
2025-10-08,59.10597229003906
2025-10-09,57.425697326660156
2025-10-10,56.002410888671875
2025-10-13,56.20997619628906
2025-10-14,56.832664489746094
2025-10-15,56.5460319519043
2025-10-16,56.09136962890625
2025-10-17,55.547752380371094
2025-10-20,57.00069046020508
2025-10-21,59.12574005126953
2025-10-22,56.08148956298828
2025-10-23,56.45707321166992
2025-10-24,57.16871643066406
2025-10-27,57.61349868774414
2025-10-28,58.05827713012695
2025-10-29,60.27582931518555
2025-10-30,58.390655517578125
2025-10-31,59.02566909790039
2025-11-03,57.408390045166016
2025-11-04,57.100807189941406
2025-11-05,56.40626907348633
2025-11-06,56.128456115722656
2025-11-07,57.061119079589844
2025-11-10,56.88252639770508
2025-11-11,56.525333404541016
2025-11-12,55.55298614501953
2025-11-13,54.729461669921875
2025-11-14,53.677734375
2025-11-17,52.715309143066406
2025-11-18,51.60404586791992
2025-11-19,50.849979400634766
2025-11-20,49.96692657470703
2025-11-21,52.00092697143555
2025-11-24,51.34607696533203
2025-11-25,53.528907775878906
2025-11-26,53.935707092285156
2025-11-28,54.45164489746094
2025-12-01,53.82656478881836
2025-12-02,53.39991760253906
2025-12-03,54.19367599487305
2025-12-04,54.07461166381836
2025-12-05,53.86625289916992
2025-12-08,52.616085052490234
2025-12-09,52.42757034301758
2025-12-10,52.98320388793945
2025-12-11,53.72734832763672
2025-12-12,52.526790618896484
2025-12-15,52.16960144042969
2025-12-16,53.022884368896484
2025-12-17,51.991004943847656
2025-12-18,52.784759521484375
2025-12-19,53.350311279296875
2025-12-22,52.784759521484375
2025-12-23,52.923667907714844
2025-12-24,53.082420349121094
2025-12-26,53.171714782714844
2025-12-29,53.191558837890625
2025-12-30,53.01296615600586
