Date,CDW
2013-06-27,15.89506721496582
2013-06-28,16.111377716064453
2013-07-01,15.869105339050293
2013-07-02,16.630542755126953
2013-07-03,16.509408950805664
2013-07-05,16.630542755126953
2013-07-08,16.639198303222656
2013-07-09,16.872819900512695
2013-07-10,16.526718139648438
2013-07-11,16.94203758239746
2013-07-12,16.881473541259766
2013-07-15,16.92473793029785
2013-07-16,17.39198875427246
2013-07-17,17.625608444213867
2013-07-18,18.02362632751465
2013-07-19,18.032291412353516
2013-07-22,17.599645614624023
2013-07-23,17.49581527709961
2013-07-24,17.798656463623047
2013-07-25,19.018695831298828
2013-07-26,18.681238174438477
2013-07-29,18.77642059326172
2013-07-30,18.689897537231445
2013-07-31,18.603363037109375
2013-08-01,18.741809844970703
2013-08-02,19.408071517944336
2013-08-05,19.719575881958008
2013-08-06,19.736881256103516
2013-08-07,19.858013153076172
2013-08-08,19.96184730529785
2013-08-09,19.944536209106445
2013-08-12,20.039722442626953
2013-08-13,20.24738311767578
2013-08-14,20.212779998779297
2013-08-15,19.901277542114258
2013-08-16,19.944536209106445
2013-08-19,19.979154586791992
2013-08-20,19.9964599609375
2013-08-21,19.92723846435547
2013-08-22,19.909940719604492
2013-08-23,20.134904861450195
2013-08-26,19.883968353271484
2013-08-27,19.22635841369629
2013-08-28,19.018695831298828
2013-08-29,19.10521697998047
2013-08-30,18.975439071655273
2013-09-03,19.494600296020508
2013-09-04,19.909940719604492
2013-09-05,20.178165435791016
2013-09-06,20.108938217163086
2013-09-09,19.866668701171875
2013-09-10,19.92723846435547
2013-09-11,20.264694213867188
2013-09-12,19.979154586791992
2013-09-13,20.333919525146484
2013-09-16,20.654067993164062
2013-09-17,20.100292205810547
2013-09-18,20.584840774536133
2013-09-19,20.29930305480957
2013-09-20,19.806095123291016
2013-09-23,20.645416259765625
2013-09-24,21.026132583618164
2013-09-25,20.879032135009766
2013-09-26,20.757890701293945
2013-09-27,20.74924087524414
2013-09-30,19.75418472290039
2013-10-01,20.074331283569336
2013-10-02,19.710922241210938
2013-10-03,20.178165435791016
2013-10-04,20.204120635986328
2013-10-07,19.944536209106445
2013-10-08,20.005109786987305
2013-10-09,19.624385833740234
2013-10-10,19.944536209106445
2013-10-11,19.892620086669922
2013-10-14,19.710922241210938
2013-10-15,19.59843635559082
2013-10-16,19.61574363708496
2013-10-17,19.710922241210938
2013-10-18,19.892620086669922
2013-10-21,19.520551681518555
2013-10-22,19.728221893310547
2013-10-23,19.65899658203125
2013-10-24,19.044654846191406
2013-10-25,19.165788650512695
2013-10-28,19.079261779785156
2013-10-29,18.992740631103516
2013-10-30,19.12253189086914
2013-10-31,19.027355194091797
2013-11-01,19.079261779785156
2013-11-04,19.8493595123291
2013-11-05,19.901277542114258
2013-11-06,19.892620086669922
2013-11-07,19.883968353271484
2013-11-08,19.858013153076172
2013-11-11,18.79372787475586
2013-11-12,18.248607635498047
2013-11-13,18.025779724121094
2013-11-14,17.91305923461914
2013-11-15,18.710735321044922
2013-11-18,18.48531723022461
2013-11-19,18.433284759521484
2013-11-20,18.840789794921875
2013-11-21,19.066226959228516
2013-11-22,19.222291946411133
2013-11-25,19.335006713867188
2013-11-26,19.256967544555664
2013-11-27,19.248306274414062
2013-11-29,19.335006713867188
2013-12-02,19.47373390197754
2013-12-03,19.47373390197754
2013-12-04,19.855234146118164
2013-12-05,19.5170841217041
2013-12-06,19.586448669433594
2013-12-09,19.61246109008789
2013-12-10,19.49974250793457
2013-12-11,19.378358840942383
2013-12-12,19.551767349243164
2013-12-13,19.291650772094727
2013-12-16,19.465057373046875
2013-12-17,19.204946517944336
2013-12-18,19.41303825378418
2013-12-19,19.126916885375977
2013-12-20,19.395700454711914
2013-12-23,19.326335906982422
2013-12-24,19.61246109008789
2013-12-26,19.855234146118164
2013-12-27,19.941936492919922
2013-12-30,20.13268280029297
2013-12-31,20.254074096679688
2014-01-02,20.271411895751953
2014-01-03,20.262741088867188
2014-01-06,20.59221076965332
2014-01-07,20.79163360595703
2014-01-08,20.79163360595703
2014-01-09,21.24250030517578
2014-01-10,21.57197380065918
2014-01-13,21.407241821289062
2014-01-14,21.22515869140625
2014-01-15,21.20781135559082
2014-01-16,21.21648597717285
2014-01-17,21.190471649169922
2014-01-21,21.50261688232422
2014-01-22,21.24250030517578
2014-01-23,21.112443923950195
2014-01-24,20.479501724243164
2014-01-27,20.202051162719727
2014-01-28,20.548860549926758
2014-01-29,19.924598693847656
2014-01-30,20.436153411865234
2014-01-31,20.52286148071289
2014-02-03,20.011295318603516
2014-02-04,20.262741088867188
2014-02-05,20.202051162719727
2014-02-06,20.288753509521484
2014-02-07,20.41880989074707
2014-02-10,20.063316345214844
2014-02-11,20.011295318603516
2014-02-12,20.52286148071289
2014-02-13,21.537288665771484
2014-02-14,21.0777645111084
2014-02-18,21.381216049194336
2014-02-19,21.415895462036133
2014-02-20,21.46792221069336
2014-02-21,21.40973663330078
2014-02-24,21.401044845581055
2014-02-25,21.097061157226562
2014-02-26,21.479217529296875
2014-02-27,22.18274688720703
2014-02-28,22.72993278503418
2014-03-03,22.521486282348633
2014-03-04,22.70387077331543
2014-03-05,23.19025993347168
2014-03-06,23.277122497558594
2014-03-07,22.36513900756836
2014-03-10,22.304344177246094
2014-03-11,22.226177215576172
2014-03-12,22.052457809448242
2014-03-13,21.583446502685547
2014-03-14,21.53133201599121
2014-03-17,22.121944427490234
2014-03-18,22.095888137817383
2014-03-19,22.14800453186035
2014-03-20,22.052457809448242
2014-03-21,21.991662979125977
2014-03-24,21.96561050415039
2014-03-25,22.79941177368164
2014-03-26,22.860212326049805
2014-03-27,22.89495849609375
2014-03-28,23.198944091796875
2014-03-31,23.83299446105957
2014-04-01,24.692853927612305
2014-04-02,24.84050941467285
2014-04-03,24.37148666381836
2014-04-04,24.293319702148438
2014-04-07,23.937213897705078
2014-04-08,23.772184371948242
2014-04-09,24.545204162597656
2014-04-10,24.258577346801758
2014-04-11,23.78956413269043
2014-04-14,23.928525924682617
2014-04-15,24.163036346435547
2014-04-16,24.62335968017578
2014-04-17,24.701541900634766
2014-04-21,24.67548179626465
2014-04-22,24.89261817932129
2014-04-23,24.80576515197754
2014-04-24,24.666790008544922
2014-04-25,24.180404663085938
2014-04-28,24.28462791442871
2014-04-29,24.223840713500977
2014-04-30,24.484403610229492
2014-05-01,24.50177574157715
2014-05-02,24.614683151245117
2014-05-05,24.788393020629883
2014-05-06,24.44097137451172
2014-05-07,24.102237701416016
2014-05-08,24.90998649597168
2014-05-09,25.448486328125
2014-05-12,26.07384490966797
2014-05-13,25.9609375
2014-05-14,25.752483367919922
2014-05-15,25.804594039916992
2014-05-16,25.91750717163086
2014-05-19,25.55272102355957
2014-05-20,25.396373748779297
2014-05-21,25.743793487548828
2014-05-22,24.450387954711914
2014-05-23,24.746122360229492
2014-05-27,25.067956924438477
2014-05-28,25.215816497802734
2014-05-29,25.328895568847656
2014-05-30,25.58114242553711
2014-06-02,25.650724411010742
2014-06-03,25.720306396484375
2014-06-04,25.894269943237305
2014-06-05,26.076934814453125
2014-06-06,26.155216217041016
2014-06-09,26.337881088256836
2014-06-10,26.494441986083984
2014-06-11,26.494441986083984
2014-06-12,26.355270385742188
2014-06-13,26.529237747192383
2014-06-16,26.72059440612793
2014-06-17,27.251182556152344
2014-06-18,27.242483139038086
2014-06-19,27.61649513244629
2014-06-20,27.920940399169922
2014-06-23,27.816551208496094
2014-06-24,27.62519645690918
2014-06-25,28.025314331054688
2014-06-26,27.877443313598633
2014-06-27,27.55561637878418
2014-06-30,27.72957420349121
2014-07-01,27.877443313598633
2014-07-02,28.138391494750977
2014-07-03,28.268850326538086
2014-07-07,27.451231002807617
2014-07-08,27.573013305664062
2014-07-09,27.8426456451416
2014-07-10,27.738265991210938
2014-07-11,27.381656646728516
2014-07-14,27.39904022216797
2014-07-15,27.11200714111328
2014-07-16,27.26857566833496
2014-07-17,27.14680290222168
2014-07-18,27.207691192626953
2014-07-21,27.0598201751709
2014-07-22,27.11200714111328
2014-07-23,27.120708465576172
2014-07-24,27.25987434387207
2014-07-25,26.97283935546875
2014-07-28,26.964143753051758
2014-07-29,27.06851577758789
2014-07-30,27.207691192626953
2014-07-31,26.868465423583984
2014-08-01,26.946735382080078
2014-08-04,26.737987518310547
2014-08-05,26.981542587280273
2014-08-06,27.0598201751709
2014-08-07,26.651004791259766
2014-08-08,26.83366584777832
2014-08-11,26.998931884765625
2014-08-12,27.19898796081543
2014-08-13,27.52082061767578
2014-08-14,27.781757354736328
2014-08-15,27.89484405517578
2014-08-18,28.434114456176758
2014-08-19,28.70376205444336
2014-08-20,28.616777420043945
2014-08-21,28.88068199157715
2014-08-22,28.845840454101562
2014-08-25,28.950361251831055
2014-08-26,29.159379959106445
2014-08-27,29.063581466674805
2014-08-28,28.69778060913086
2014-08-29,28.776161193847656
2014-09-02,28.863265991210938
2014-09-03,27.600383758544922
2014-09-04,27.321674346923828
2014-09-05,27.574256896972656
2014-09-08,27.556838989257812
2014-09-09,27.36522674560547
2014-09-10,27.312971115112305
2014-09-11,27.19974708557129
2014-09-12,27.330385208129883
2014-09-15,26.8426570892334
2014-09-16,26.999431610107422
2014-09-17,27.286855697631836
2014-09-18,27.678773880004883
2014-09-19,27.704896926879883
2014-09-22,27.260713577270508
2014-09-23,26.555240631103516
2014-09-24,26.973291397094727
2014-09-25,26.424596786499023
2014-09-26,26.624919891357422
2014-09-29,26.69460105895996
2014-09-30,27.042970657348633
2014-10-01,26.442020416259766
2014-10-02,26.215574264526367
2014-10-03,26.75556182861328
2014-10-06,26.624919891357422
2014-10-07,26.250415802001953
2014-10-08,26.267831802368164
2014-10-09,25.954288482666016
2014-10-10,25.2662353515625
2014-10-13,24.70012664794922
2014-10-14,24.752378463745117
2014-10-15,24.76109504699707
2014-10-16,24.604318618774414
2014-10-17,25.30107879638672
2014-10-20,25.213985443115234
2014-10-21,25.945579528808594
2014-10-22,25.710420608520508
2014-10-23,26.023971557617188
2014-10-24,26.093643188476562
2014-10-27,26.0152587890625
2014-10-28,26.424596786499023
2014-10-29,26.128475189208984
2014-10-30,26.241703033447266
2014-10-31,26.86008644104004
2014-11-03,27.05168342590332
2014-11-04,27.03426742553711
2014-11-05,27.286855697631836
2014-11-06,28.28842544555664
2014-11-07,28.384239196777344
2014-11-10,28.52359390258789
2014-11-11,28.384239196777344
2014-11-12,28.279726028442383
2014-11-13,28.3668212890625
2014-11-14,28.69778060913086
2014-11-17,28.628101348876953
2014-11-18,28.950361251831055
2014-11-19,28.654232025146484
2014-11-20,28.662933349609375
2014-11-21,29.245946884155273
2014-11-24,30.467796325683594
2014-11-25,30.476512908935547
2014-11-26,30.616174697875977
2014-11-28,30.616174697875977
2014-12-01,30.048885345458984
2014-12-02,30.013961791992188
2014-12-03,29.30703353881836
2014-12-04,29.795780181884766
2014-12-05,29.987775802612305
2014-12-08,29.629955291748047
2014-12-09,29.804508209228516
2014-12-10,29.673595428466797
2014-12-11,29.769594192504883
2014-12-12,29.96160316467285
2014-12-15,28.984115600585938
2014-12-16,29.027742385864258
2014-12-17,29.56886100769043
2014-12-18,30.24961280822754
2014-12-19,30.424161911010742
2014-12-22,30.616174697875977
2014-12-23,31.078712463378906
2014-12-24,31.20089340209961
2014-12-26,31.349275588989258
2014-12-29,31.18343162536621
2014-12-30,30.84307861328125
2014-12-31,30.694705963134766
2015-01-02,30.424161911010742
2015-01-05,30.101234436035156
2015-01-06,29.66486358642578
2015-01-07,30.28451919555664
2015-01-08,31.043798446655273
2015-01-09,31.16600227355957
2015-01-12,31.16600227355957
2015-01-13,31.663463592529297
2015-01-14,30.991437911987305
2015-01-15,30.877986907958984
2015-01-16,31.218374252319336
2015-01-20,30.991437911987305
2015-01-21,30.9390869140625
2015-01-22,31.192174911499023
2015-01-23,31.192174911499023
2015-01-26,31.148536682128906
2015-01-27,30.205963134765625
2015-01-28,30.171051025390625
2015-01-29,30.336870193481445
2015-01-30,29.9005069732666
2015-02-02,29.90923309326172
2015-02-03,30.781986236572266
2015-02-04,30.659809112548828
2015-02-05,30.94780921936035
2015-02-06,31.401643753051758
2015-02-09,31.462738037109375
2015-02-10,31.768192291259766
2015-02-11,31.41037368774414
2015-02-12,31.768192291259766
2015-02-13,32.31803512573242
2015-02-17,32.8940544128418
2015-02-18,33.112239837646484
2015-02-19,32.981327056884766
2015-02-20,32.946414947509766
2015-02-23,33.20695495605469
2015-02-24,33.30313491821289
2015-02-25,33.250675201416016
2015-02-26,33.373069763183594
2015-02-27,32.90095138549805
2015-03-02,33.224456787109375
2015-03-03,33.38181686401367
2015-03-04,33.250675201416016
2015-03-05,33.0058708190918
2015-03-06,32.69111251831055
2015-03-09,32.621158599853516
2015-03-10,31.80803680419922
2015-03-11,31.563209533691406
2015-03-12,31.099834442138672
2015-03-13,31.43207550048828
2015-03-16,31.77307891845703
2015-03-17,31.70311737060547
2015-03-18,32.122802734375
2015-03-19,32.629913330078125
2015-03-20,33.023353576660156
2015-03-23,33.20695495605469
2015-03-24,33.0758056640625
2015-03-25,32.67361831665039
2015-03-26,32.32389450073242
2015-03-27,33.06707000732422
2015-03-30,33.0058708190918
2015-03-31,32.559967041015625
2015-04-01,32.122802734375
2015-04-02,32.06158447265625
2015-04-06,32.280174255371094
2015-04-07,32.50751876831055
2015-04-08,33.18074035644531
2015-04-09,33.547950744628906
2015-04-10,33.59166717529297
2015-04-13,33.63539123535156
2015-04-14,33.250675201416016
2015-04-15,33.62664031982422
2015-04-16,33.39056396484375
2015-04-17,33.0758056640625
2015-04-20,33.4954948425293
2015-04-21,33.853965759277344
2015-04-22,34.03757858276367
2015-04-23,34.11625671386719
2015-04-24,33.98511505126953
2015-04-27,33.86271667480469
2015-04-28,33.86271667480469
2015-04-29,33.74031066894531
2015-04-30,33.50423812866211
2015-05-01,33.81024932861328
2015-05-04,33.94139862060547
2015-05-05,33.98511505126953
2015-05-06,33.78400421142578
2015-05-07,32.32389450073242
2015-05-08,32.08781814575195
2015-05-11,32.096561431884766
2015-05-12,32.28892517089844
2015-05-13,32.34138870239258
2015-05-14,32.67361831665039
2015-05-15,32.85721969604492
2015-05-18,32.82225799560547
2015-05-19,32.14902114868164
2015-05-20,32.10531997680664
2015-05-21,32.49774932861328
2015-05-22,32.43642807006836
2015-05-26,31.902084350585938
2015-05-27,32.2962646484375
2015-05-28,32.366329193115234
2015-05-29,32.49774932861328
2015-06-01,32.410133361816406
2015-06-02,32.30501937866211
2015-06-03,32.38386917114258
2015-06-04,31.954633712768555
2015-06-05,32.04225158691406
2015-06-08,31.884557723999023
2015-06-09,32.04225158691406
2015-06-10,32.49774932861328
2015-06-11,32.2962646484375
2015-06-12,32.164878845214844
2015-06-15,32.0510139465332
2015-06-16,31.910856246948242
2015-06-17,32.14735412597656
2015-06-18,32.7955436706543
2015-06-19,32.23494338989258
2015-06-22,32.38386917114258
2015-06-23,32.49774932861328
2015-06-24,31.98091697692871
2015-06-25,31.94588851928711
2015-06-26,30.9210205078125
2015-06-29,30.290340423583984
2015-06-30,30.02755355834961
2015-07-01,30.351655960083008
2015-07-02,30.176469802856445
2015-07-06,29.887401580810547
2015-07-07,30.123910903930664
2015-07-08,29.642131805419922
2015-07-09,29.554540634155273
2015-07-10,29.729721069335938
2015-07-13,30.115148544311523
2015-07-14,30.500572204589844
2015-07-15,30.0538387298584
2015-07-16,30.13266372680664
2015-07-17,29.913684844970703
2015-07-20,29.773534774780273
2015-07-21,29.54578399658203
2015-07-22,29.957489013671875
2015-07-23,29.9837589263916
2015-07-24,29.440664291381836
2015-07-27,29.177885055541992
2015-07-28,30.22027587890625
2015-07-29,30.70203971862793
2015-07-30,31.043655395507812
2015-07-31,31.472875595092773
2015-08-03,33.83794403076172
2015-08-04,34.249629974365234
2015-08-05,34.792724609375
2015-08-06,34.45110321044922
2015-08-07,34.08320999145508
2015-08-10,34.41606903076172
2015-08-11,34.503665924072266
2015-08-12,34.074440002441406
2015-08-13,34.00436782836914
2015-08-14,34.31970977783203
2015-08-17,34.80147933959961
2015-08-18,34.55621337890625
2015-08-19,34.55621337890625
2015-08-20,33.86421585083008
2015-08-21,33.564109802246094
2015-08-24,32.827022552490234
2015-08-25,32.94986343383789
2015-08-26,34.6434326171875
2015-08-27,35.1874885559082
2015-08-28,35.073402404785156
2015-08-31,34.88033676147461
2015-09-01,33.70450973510742
2015-09-02,34.0379524230957
2015-09-03,34.44161605834961
2015-09-04,33.9589958190918
2015-09-08,35.36296844482422
2015-09-09,35.450721740722656
2015-09-10,35.75784683227539
2015-09-11,36.06496810913086
2015-09-14,36.02985382080078
2015-09-15,36.46863555908203
2015-09-16,36.69677734375
2015-09-17,36.2229118347168
2015-09-18,35.82805633544922
2015-09-21,35.591129302978516
2015-09-22,35.389305114746094
2015-09-23,35.51214599609375
2015-09-24,35.6174430847168
2015-09-25,35.78415298461914
2015-09-28,34.511810302734375
2015-09-29,34.9417839050293
2015-09-30,35.8543701171875
2015-10-01,35.986000061035156
2015-10-02,35.6174430847168
2015-10-05,36.65290069580078
2015-10-06,36.705535888671875
2015-10-07,37.38120651245117
2015-10-08,37.34610366821289
2015-10-09,37.49528121948242
2015-10-12,37.76730728149414
2015-10-13,38.1270751953125
2015-10-14,38.03934097290039
2015-10-15,38.23236846923828
2015-10-16,38.56581115722656
2015-10-19,38.750099182128906
2015-10-20,38.60969543457031
2015-10-21,38.355224609375
2015-10-22,39.38188934326172
2015-10-23,39.33802795410156
2015-10-26,38.8992805480957
2015-10-27,38.82907485961914
2015-10-28,39.364341735839844
2015-10-29,39.25904083251953
2015-10-30,39.21517562866211
2015-11-02,39.171302795410156
2015-11-03,39.013343811035156
2015-11-04,40.30325698852539
2015-11-05,40.59283447265625
2015-11-06,38.2762451171875
2015-11-09,37.52159881591797
2015-11-10,37.67955780029297
2015-11-11,37.73220443725586
2015-11-12,37.38998794555664
2015-11-13,36.81084442138672
2015-11-16,37.451416015625
2015-11-17,38.68867874145508
2015-11-18,38.741310119628906
2015-11-19,39.662689208984375
2015-11-20,39.574928283691406
2015-11-23,39.458839416503906
2015-11-24,38.834320068359375
2015-11-25,38.8958854675293
2015-11-27,38.834320068359375
2015-11-30,37.97230529785156
2015-12-01,38.851905822753906
2015-12-02,38.36812973022461
2015-12-03,38.23618698120117
2015-12-04,39.24772262573242
2015-12-07,38.790340423583984
2015-12-08,38.96625518798828
2015-12-09,38.2713737487793
2015-12-10,38.57924270629883
2015-12-11,37.6644401550293
2015-12-14,37.54130172729492
2015-12-15,37.937129974365234
2015-12-16,38.517669677734375
2015-12-17,37.55010223388672
2015-12-18,37.303810119628906
2015-12-21,37.242244720458984
2015-12-22,37.646846771240234
2015-12-23,37.62047576904297
2015-12-24,37.78759002685547
2015-12-28,37.356597900390625
2015-12-29,38.121849060058594
2015-12-30,38.03388214111328
2015-12-31,36.97836685180664
2016-01-04,36.01961135864258
2016-01-05,36.00200653076172
2016-01-06,36.28347396850586
2016-01-07,34.91130447387695
2016-01-08,34.876121520996094
2016-01-11,35.043251037597656
2016-01-12,35.30711364746094
2016-01-13,33.38080978393555
2016-01-14,33.266456604003906
2016-01-15,32.62434387207031
2016-01-19,32.756282806396484
2016-01-20,32.58915328979492
2016-01-21,33.09932327270508
2016-01-22,33.732635498046875
2016-01-25,33.38080978393555
2016-01-26,33.79421615600586
2016-01-27,33.125709533691406
2016-01-28,32.8178596496582
2016-01-29,33.82060623168945
2016-02-01,33.591888427734375
2016-02-02,32.85305404663086
2016-02-03,33.00257873535156
2016-02-04,33.08174133300781
2016-02-05,31.859106063842773
2016-02-08,31.058670043945312
2016-02-09,31.146623611450195
2016-02-10,30.574872970581055
2016-02-11,29.633705139160156
2016-02-12,30.17906379699707
2016-02-16,31.89426612854004
2016-02-17,32.65953063964844
2016-02-18,33.00257873535156
2016-02-19,33.6007080078125
2016-02-22,34.26919174194336
2016-02-23,34.1703987121582
2016-02-24,34.311546325683594
2016-02-25,34.59379577636719
2016-02-26,34.23215866088867
2016-02-29,34.91133499145508
2016-03-01,35.59049987792969
2016-03-02,35.09654998779297
2016-03-03,36.031517028808594
2016-03-04,36.01388931274414
2016-03-07,35.97859573364258
2016-03-08,35.66988754272461
2016-03-09,35.75809097290039
2016-03-10,35.414093017578125
2016-03-11,35.84629821777344
2016-03-14,36.00505828857422
2016-03-15,36.357887268066406
2016-03-16,36.29612350463867
2016-03-17,36.075626373291016
2016-03-18,36.428443908691406
2016-03-21,36.278507232666016
2016-03-22,36.51664352416992
2016-03-23,35.87275314331055
2016-03-24,35.81983184814453
2016-03-28,35.89921569824219
2016-03-29,36.604854583740234
2016-03-30,36.61367416381836
2016-03-31,36.604854583740234
2016-04-01,36.83418273925781
2016-04-04,36.55192184448242
2016-04-05,36.393165588378906
2016-04-06,37.18699264526367
2016-04-07,36.74597930908203
2016-04-08,36.65778732299805
2016-04-11,36.710697174072266
2016-04-12,36.719520568847656
2016-04-13,37.257564544677734
2016-04-14,37.08997344970703
2016-04-15,37.10762405395508
2016-04-18,37.522178649902344
2016-04-19,37.80442428588867
2016-04-20,37.38105010986328
2016-04-21,37.20465087890625
2016-04-22,37.12526321411133
2016-04-25,35.43174362182617
2016-04-26,36.00505828857422
2016-04-27,36.040340423583984
2016-04-28,35.38762664794922
2016-04-29,33.95872116088867
2016-05-02,33.89696502685547
2016-05-03,33.81758499145508
2016-05-04,35.863929748535156
2016-05-05,35.705169677734375
2016-05-06,35.740440368652344
2016-05-09,35.996238708496094
2016-05-10,36.675411224365234
2016-05-11,36.604854583740234
2016-05-12,36.710697174072266
2016-05-13,36.472557067871094
2016-05-16,37.12526321411133
2016-05-17,36.64013671875
2016-05-18,37.11644744873047
2016-05-19,37.23110580444336
2016-05-20,37.654483795166016
2016-05-23,37.01604080200195
2016-05-24,37.01604080200195
2016-05-25,37.11330795288086
2016-05-26,37.024879455566406
2016-05-27,37.10446548461914
2016-05-31,37.635032653808594
2016-06-01,37.67924118041992
2016-06-02,37.714622497558594
2016-06-03,37.77651596069336
2016-06-06,37.546592712402344
2016-06-07,37.67041015625
2016-06-08,38.02412033081055
2016-06-09,37.926841735839844
2016-06-10,37.856101989746094
2016-06-13,37.52006912231445
2016-06-14,37.52006912231445
2016-06-15,37.49354934692383
2016-06-16,36.07869338989258
2016-06-17,35.83108901977539
2016-06-20,36.37051010131836
2016-06-21,36.644622802734375
2016-06-22,36.58273696899414
2016-06-23,36.90107727050781
2016-06-24,35.097137451171875
2016-06-27,34.743438720703125
2016-06-28,35.05293655395508
2016-06-29,35.12366485595703
2016-06-30,35.442020416259766
2016-07-01,35.63654708862305
2016-07-05,35.238624572753906
2016-07-06,35.36243438720703
2016-07-07,35.33589553833008
2016-07-08,35.75151443481445
2016-07-11,36.17596435546875
2016-07-12,36.255550384521484
2016-07-13,36.229026794433594
2016-07-14,36.441253662109375
2016-07-15,36.476619720458984
2016-07-18,36.57389450073242
2016-07-19,36.81266403198242
2016-07-20,37.511234283447266
2016-07-21,37.46700668334961
2016-07-22,37.369747161865234
2016-07-25,37.688079833984375
2016-07-26,37.723453521728516
2016-07-27,37.67924118041992
2016-07-28,37.74998092651367
2016-07-29,37.962215423583984
2016-08-01,38.041805267333984
2016-08-02,37.69693374633789
2016-08-03,39.10293960571289
2016-08-04,39.173675537109375
2016-08-05,39.553916931152344
2016-08-08,39.78383255004883
2016-08-09,40.5443229675293
2016-08-10,40.411678314208984
2016-08-11,40.252506256103516
2016-08-12,40.04911804199219
2016-08-15,40.07564926147461
2016-08-16,39.43012237548828
2016-08-17,39.359378814697266
2016-08-18,39.70425033569336
2016-08-19,39.67771530151367
2016-08-22,39.85457229614258
2016-08-23,39.84393310546875
2016-08-24,39.84393310546875
2016-08-25,39.737586975097656
2016-08-26,39.214603424072266
2016-08-29,39.51596450805664
2016-08-30,39.737586975097656
2016-08-31,39.5780143737793
2016-09-01,39.32095718383789
2016-09-02,39.68439865112305
2016-09-06,39.89712142944336
2016-09-07,39.932586669921875
2016-09-08,39.65779113769531
2016-09-09,38.72706604003906
2016-09-12,39.250038146972656
2016-09-13,38.895484924316406
2016-09-14,39.028438568115234
2016-09-15,39.56028366088867
2016-09-16,39.799625396728516
2016-09-19,40.45555877685547
2016-09-20,40.686031341552734
2016-09-21,41.26218795776367
2016-09-22,41.96244812011719
2016-09-23,41.022857666015625
2016-09-26,40.4289665222168
2016-09-27,40.48214340209961
2016-09-28,40.48214340209961
2016-09-29,40.14531326293945
2016-09-30,40.53532409667969
2016-10-03,40.43783950805664
2016-10-04,40.70375061035156
2016-10-05,40.52648162841797
2016-10-06,40.340328216552734
2016-10-07,39.98576354980469
2016-10-10,39.87940979003906
2016-10-11,39.24119186401367
2016-10-12,39.5780143737793
2016-10-13,39.59574890136719
2016-10-14,39.28550338745117
2016-10-17,39.17026138305664
2016-10-18,39.250038146972656
2016-10-19,39.14366912841797
2016-10-20,39.09049606323242
2016-10-21,39.26777648925781
2016-10-24,39.82621383666992
2016-10-25,39.68439865112305
2016-10-26,39.870540618896484
2016-10-27,39.6932373046875
2016-10-28,39.737586975097656
2016-10-31,39.80849075317383
2016-11-01,40.02122116088867
2016-11-02,38.87775802612305
2016-11-03,39.010719299316406
2016-11-04,38.76252746582031
2016-11-07,40.136444091796875
2016-11-08,39.50709533691406
2016-11-09,39.42732620239258
2016-11-10,39.436195373535156
2016-11-11,41.20899963378906
2016-11-14,43.23887252807617
2016-11-15,43.611167907714844
2016-11-16,44.896461486816406
2016-11-17,46.057647705078125
2016-11-18,45.58784866333008
2016-11-21,45.88924026489258
2016-11-22,45.542457580566406
2016-11-23,45.66693878173828
2016-11-25,46.09373474121094
2016-11-28,45.969242095947266
2016-11-29,46.04037857055664
2016-11-30,45.56024169921875
2016-12-01,46.9828987121582
2016-12-02,46.9828987121582
2016-12-05,46.902862548828125
2016-12-06,47.47193145751953
2016-12-07,48.33440399169922
2016-12-08,49.259124755859375
2016-12-09,47.50749588012695
2016-12-12,47.16960906982422
2016-12-13,47.49859619140625
2016-12-14,47.20518112182617
2016-12-15,47.44524383544922
2016-12-16,46.99177932739258
2016-12-19,47.01846694946289
2016-12-20,47.50749588012695
2016-12-21,47.0895881652832
2016-12-22,46.24489212036133
2016-12-23,47.151824951171875
2016-12-27,47.40079879760742
2016-12-28,46.91176223754883
2016-12-29,46.849510192871094
2016-12-30,46.31601333618164
2017-01-03,45.82699203491211
2017-01-04,46.573883056640625
2017-01-05,46.12041091918945
2017-01-06,45.96036911010742
2017-01-09,45.49800109863281
2017-01-10,46.449405670166016
2017-01-11,47.0895881652832
2017-01-12,46.89397430419922
2017-01-13,47.32076644897461
2017-01-17,46.849510192871094
2017-01-18,46.609439849853516
2017-01-19,46.24489212036133
2017-01-20,46.253780364990234
2017-01-23,45.7469596862793
2017-01-24,45.969242095947266
2017-01-25,46.01371765136719
2017-01-26,45.98704147338867
2017-01-27,45.77363586425781
2017-01-30,45.382408142089844
2017-01-31,45.800315856933594
2017-02-01,47.01846694946289
2017-02-02,46.95622253417969
2017-02-03,47.43635177612305
2017-02-06,47.480812072753906
2017-02-07,50.61952590942383
2017-02-08,50.82402420043945
2017-02-09,51.83766174316406
2017-02-10,52.20221710205078
2017-02-13,52.691261291503906
2017-02-14,52.797969818115234
2017-02-15,52.6823616027832
2017-02-16,52.308929443359375
2017-02-17,53.34033203125
2017-02-21,53.02914047241211
2017-02-22,53.41249084472656
2017-02-23,52.886478424072266
2017-02-24,52.939979553222656
2017-02-27,52.96672058105469
2017-02-28,52.51203536987305
2017-03-01,53.296592712402344
2017-03-02,53.19852066040039
2017-03-03,52.90431594848633
2017-03-06,53.02914047241211
2017-03-07,53.02914047241211
2017-03-08,52.74384689331055
2017-03-09,53.0826301574707
2017-03-10,52.77949523925781
2017-03-13,52.84190368652344
2017-03-14,52.975643157958984
2017-03-15,53.537315368652344
2017-03-16,54.02765655517578
2017-03-17,53.81368637084961
2017-03-20,53.252017974853516
2017-03-21,51.66506576538086
2017-03-22,51.76313781738281
2017-03-23,51.789878845214844
2017-03-24,51.37977600097656
2017-03-27,50.76460647583008
2017-03-28,50.69327926635742
2017-03-29,50.80026626586914
2017-03-30,51.15690612792969
2017-03-31,51.45110321044922
2017-04-03,51.39760971069336
2017-04-04,51.62050247192383
2017-04-05,51.06772994995117
2017-04-06,51.682899475097656
2017-04-07,51.65614700317383
2017-04-10,51.388702392578125
2017-04-11,51.281715393066406
2017-04-12,50.559547424316406
2017-04-13,50.621952056884766
2017-04-17,50.94292068481445
2017-04-18,51.17471694946289
2017-04-19,51.39760971069336
2017-04-20,51.87012481689453
2017-04-21,51.49567794799805
2017-04-24,52.41396713256836
2017-04-25,52.89540481567383
2017-04-26,53.252017974853516
2017-04-27,53.32334899902344
2017-04-28,52.68143844604492
2017-05-01,52.83299255371094
2017-05-02,52.6368522644043
2017-05-03,52.422889709472656
2017-05-04,52.74384689331055
2017-05-05,52.38722610473633
2017-05-08,52.627925872802734
2017-05-09,53.02914047241211
2017-05-10,53.278778076171875
2017-05-11,53.41249084472656
2017-05-12,52.3604736328125
2017-05-15,52.61011505126953
2017-05-16,53.109375
2017-05-17,52.45854568481445
2017-05-18,50.372318267822266
2017-05-19,50.89834976196289
2017-05-22,51.21930694580078
2017-05-23,51.55903244018555
2017-05-24,52.2831916809082
2017-05-25,53.09676742553711
2017-05-26,53.04313659667969
2017-05-30,53.078895568847656
2017-05-31,53.80306625366211
2017-06-01,54.6434440612793
2017-06-02,54.750736236572266
2017-06-05,54.750736236572266
2017-06-06,54.88485336303711
2017-06-07,55.44808578491211
2017-06-08,56.00239181518555
2017-06-09,54.34840393066406
2017-06-12,54.518280029296875
2017-06-13,55.03683090209961
2017-06-14,55.1262321472168
2017-06-15,55.48385238647461
2017-06-16,55.376564025878906
2017-06-19,55.90404510498047
2017-06-20,56.225894927978516
2017-06-21,56.118614196777344
2017-06-22,56.476219177246094
2017-06-23,58.30899429321289
2017-06-26,57.79939651489258
2017-06-27,56.234832763671875
2017-06-28,56.690799713134766
2017-06-29,56.20800018310547
2017-06-30,55.90404510498047
2017-07-03,56.10966110229492
2017-07-05,56.3153076171875
2017-07-06,54.74178695678711
2017-07-07,55.75205993652344
2017-07-10,55.993446350097656
2017-07-11,56.52986526489258
2017-07-12,56.72655487060547
2017-07-13,56.63714599609375
2017-07-14,56.82490921020508
2017-07-17,56.96794128417969
2017-07-18,56.85173034667969
2017-07-19,57.27191925048828
2017-07-20,56.92324447631836
2017-07-21,56.78913497924805
2017-07-24,56.780189514160156
2017-07-25,57.03947067260742
2017-07-26,57.15570068359375
2017-07-27,56.64609909057617
2017-07-28,56.655025482177734
2017-07-31,56.70868682861328
2017-08-01,57.19146728515625
2017-08-02,57.0573616027832
2017-08-03,57.53117752075195
2017-08-04,56.59245681762695
2017-08-07,57.04841613769531
2017-08-08,57.0662956237793
2017-08-09,56.2437744140625
2017-08-10,54.33948516845703
2017-08-11,54.58981704711914
2017-08-14,55.609012603759766
2017-08-15,55.144107818603516
2017-08-16,55.31398391723633
2017-08-17,54.929542541503906
2017-08-18,53.990821838378906
2017-08-21,53.84775161743164
2017-08-22,54.34840393066406
2017-08-23,54.751808166503906
2017-08-24,55.0655403137207
2017-08-25,55.710941314697266
2017-08-28,55.01176071166992
2017-08-29,55.19999694824219
2017-08-30,55.94400405883789
2017-08-31,56.84935760498047
2017-09-01,55.639225006103516
2017-09-05,54.1153564453125
2017-09-06,53.65818786621094
2017-09-07,53.165191650390625
2017-09-08,52.851444244384766
2017-09-11,53.72990798950195
2017-09-12,54.249820709228516
2017-09-13,54.95798110961914
2017-09-14,55.28066635131836
2017-09-15,55.47788619995117
2017-09-18,56.29360580444336
2017-09-19,56.33843231201172
2017-09-20,56.30256271362305
2017-09-21,56.186038970947266
2017-09-22,57.54855728149414
2017-09-25,57.10035705566406
2017-09-26,57.90711212158203
2017-09-27,58.46287536621094
2017-09-28,59.35927963256836
2017-09-29,59.162071228027344
2017-10-02,61.24169921875
2017-10-03,61.716796875
2017-10-04,62.47873306274414
2017-10-05,62.11119079589844
2017-10-06,62.4249267578125
2017-10-09,62.998626708984375
2017-10-10,63.01656723022461
2017-10-11,61.887107849121094
2017-10-12,61.806427001953125
2017-10-13,61.02656936645508
2017-10-16,61.21479034423828
2017-10-17,61.43891143798828
2017-10-18,61.537513732910156
2017-10-19,61.3044548034668
2017-10-20,62.407005310058594
2017-10-23,62.35322570800781
2017-10-24,62.71177673339844
2017-10-25,61.99466323852539
2017-10-26,62.12016677856445
2017-10-27,62.38908386230469
2017-10-30,62.12913513183594
2017-10-31,62.747650146484375
2017-11-01,61.77953338623047
2017-11-02,62.747650146484375
2017-11-03,62.78349685668945
2017-11-06,62.92690658569336
2017-11-07,61.268592834472656
2017-11-08,60.820377349853516
2017-11-09,60.20186996459961
2017-11-10,60.2915153503418
2017-11-13,60.7218017578125
2017-11-14,60.21082305908203
2017-11-15,58.94693374633789
2017-11-16,59.538551330566406
2017-11-17,59.26066589355469
2017-11-20,59.83435821533203
2017-11-21,59.52958679199219
2017-11-22,59.6194953918457
2017-11-24,59.68244934082031
2017-11-27,59.75437545776367
2017-11-28,62.425132751464844
2017-11-29,61.96651077270508
2017-11-30,62.95566940307617
2017-12-01,62.17333221435547
2017-12-04,63.072574615478516
2017-12-05,62.416160583496094
2017-12-06,61.534881591796875
2017-12-07,62.065425872802734
2017-12-08,62.73086929321289
2017-12-11,63.189483642578125
2017-12-12,63.1175422668457
2017-12-13,62.58699417114258
2017-12-14,60.78850555419922
2017-12-15,61.5528678894043
2017-12-18,63.018638610839844
2017-12-19,62.964656829833984
2017-12-20,63.30636978149414
2017-12-21,62.12837219238281
2017-12-22,62.22731018066406
2017-12-26,62.0384521484375
2017-12-27,62.58699417114258
2017-12-28,62.86576843261719
2017-12-29,62.48807144165039
2018-01-02,62.73086929321289
2018-01-03,64.56531524658203
2018-01-04,65.6983413696289
2018-01-05,65.59044647216797
2018-01-08,65.68937683105469
2018-01-09,65.51850128173828
2018-01-10,65.05089569091797
2018-01-11,65.40162658691406
2018-01-12,65.53649139404297
2018-01-16,64.88005828857422
2018-01-17,66.0760498046875
2018-01-18,66.35480499267578
2018-01-19,67.63175201416016
2018-01-22,67.4518814086914
2018-01-23,67.98243713378906
2018-01-24,67.47885131835938
2018-01-25,67.7756118774414
2018-01-26,68.05436706542969
2018-01-29,68.16227722167969
2018-01-30,67.43390655517578
2018-01-31,67.25407409667969
2018-02-01,68.79174041748047
2018-02-02,68.27018737792969
2018-02-05,66.37278747558594
2018-02-06,65.86021423339844
2018-02-07,61.50791549682617
2018-02-08,62.09242630004883
2018-02-09,62.17333221435547
2018-02-12,61.426971435546875
2018-02-13,62.38018035888672
2018-02-14,63.28837966918945
2018-02-15,64.1336898803711
2018-02-16,64.25956726074219
2018-02-20,63.76498794555664
2018-02-21,63.962825775146484
2018-02-22,64.26856994628906
2018-02-23,64.9720458984375
2018-02-26,66.30685424804688
2018-02-27,66.27976989746094
2018-02-28,65.77473449707031
2018-03-01,65.00813293457031
2018-03-02,65.964111328125
2018-03-05,66.6856460571289
2018-03-06,66.83895111083984
2018-03-07,67.26284790039062
2018-03-08,65.964111328125
2018-03-09,67.08245086669922
2018-03-12,67.93021392822266
2018-03-13,68.22785949707031
2018-03-14,68.02943420410156
2018-03-15,67.30792999267578
2018-03-16,68.39019775390625
2018-03-19,66.72172546386719
2018-03-20,67.8310317993164
2018-03-21,67.45223999023438
2018-03-22,66.06333923339844
2018-03-23,63.051029205322266
2018-03-26,64.55715942382812
2018-03-27,63.321571350097656
2018-03-28,63.06903839111328
2018-03-29,63.41178894042969
2018-04-02,62.08601379394531
2018-04-03,62.43773651123047
2018-04-04,62.753379821777344
2018-04-05,62.87965774536133
2018-04-06,61.283302307128906
2018-04-09,61.734256744384766
2018-04-10,63.240413665771484
2018-04-11,62.9788818359375
2018-04-12,63.19533920288086
2018-04-13,62.762386322021484
2018-04-16,63.71840286254883
2018-04-17,64.44892883300781
2018-04-18,65.03517150878906
2018-04-19,65.41395568847656
2018-04-20,64.5120849609375
2018-04-23,64.58422088623047
2018-04-24,63.79959487915039
2018-04-25,64.15131378173828
2018-04-26,64.17838287353516
2018-04-27,64.58422088623047
2018-04-30,64.29561614990234
2018-05-01,65.2696533203125
2018-05-02,68.59764099121094
2018-05-03,67.19068145751953
2018-05-04,68.1106185913086
2018-05-07,68.87722778320312
2018-05-08,69.07563018798828
2018-05-09,70.06771087646484
2018-05-10,70.53669738769531
2018-05-11,70.92450714111328
2018-05-14,70.66297149658203
2018-05-15,70.4375
2018-05-16,70.92450714111328
2018-05-17,71.16802978515625
2018-05-18,71.02369689941406
2018-05-21,72.02478790283203
2018-05-22,71.24015045166016
2018-05-23,72.30438995361328
2018-05-24,72.6208724975586
2018-05-25,72.96449279785156
2018-05-29,73.1453628540039
2018-05-30,73.6065444946289
2018-05-31,72.38577270507812
2018-06-01,73.24482727050781
2018-06-04,73.57035827636719
2018-06-05,76.1474838256836
2018-06-06,76.9071044921875
2018-06-07,76.56343841552734
2018-06-08,76.59962463378906
2018-06-11,76.50919342041016
2018-06-12,76.32836151123047
2018-06-13,75.7586669921875
2018-06-14,75.81289672851562
2018-06-15,77.28685760498047
2018-06-18,76.89802551269531
2018-06-19,76.60865783691406
2018-06-20,76.21981048583984
2018-06-21,76.01183319091797
2018-06-22,75.7496109008789
2018-06-25,74.48365783691406
2018-06-26,74.50174713134766
2018-06-27,73.12726593017578
2018-06-28,73.8958740234375
2018-06-29,73.05490112304688
2018-07-02,74.56501770019531
2018-07-03,74.30281066894531
2018-07-05,73.92302703857422
2018-07-06,74.97196960449219
2018-07-09,75.58684539794922
2018-07-10,76.23790740966797
2018-07-11,75.96662902832031
2018-07-12,76.95230102539062
2018-07-13,77.11505126953125
2018-07-16,76.80760192871094
2018-07-17,77.92886352539062
2018-07-18,78.8331527709961
2018-07-19,79.01398468017578
2018-07-20,78.1368637084961
2018-07-23,78.24535369873047
2018-07-24,76.95230102539062
2018-07-25,77.65760040283203
2018-07-26,78.45336151123047
2018-07-27,76.56343841552734
2018-07-30,75.57779693603516
2018-07-31,76.0389633178711
2018-08-01,75.85812377929688
2018-08-02,78.88739013671875
2018-08-03,77.0698471069336
2018-08-06,77.44056701660156
2018-08-07,77.7480239868164
2018-08-08,77.060791015625
2018-08-09,77.48578643798828
2018-08-10,76.54535675048828
2018-08-13,76.64482879638672
2018-08-14,77.63953399658203
2018-08-15,77.0698471069336
2018-08-16,77.63046264648438
2018-08-17,77.7480239868164
2018-08-20,77.73898315429688
2018-08-21,78.08260345458984
2018-08-22,77.71186065673828
2018-08-23,78.25572204589844
2018-08-24,78.67272186279297
2018-08-27,79.4432144165039
2018-08-28,79.87832641601562
2018-08-29,80.08680725097656
2018-08-30,79.43415069580078
2018-08-31,79.37069702148438
2018-09-04,79.50665283203125
2018-09-05,78.98997497558594
2018-09-06,79.28910827636719
2018-09-07,79.46134185791016
2018-09-10,80.21370697021484
2018-09-11,81.29241943359375
2018-09-12,80.65787506103516
2018-09-13,81.04766082763672
2018-09-14,81.71847534179688
2018-09-17,80.57632446289062
2018-09-18,80.92076110839844
2018-09-19,80.7213363647461
2018-09-20,80.77572631835938
2018-09-21,80.74852752685547
2018-09-24,80.65787506103516
2018-09-25,80.83917236328125
2018-09-26,80.35875701904297
2018-09-27,80.13214874267578
2018-09-28,80.6034927368164
2018-10-01,79.74237060546875
2018-10-02,79.28910827636719
2018-10-03,80.0414810180664
2018-10-04,78.31919860839844
2018-10-05,77.65748596191406
2018-10-08,75.91702270507812
2018-10-09,76.56969451904297
2018-10-10,73.74151611328125
2018-10-11,72.85316467285156
2018-10-12,74.66609954833984
2018-10-15,74.18568420410156
2018-10-16,76.5606460571289
2018-10-17,76.06207275390625
2018-10-18,75.51819610595703
2018-10-19,73.15229797363281
2018-10-22,74.4666976928711
2018-10-23,75.3822250366211
2018-10-24,72.94379425048828
2018-10-25,73.44236755371094
2018-10-26,72.21862030029297
2018-10-29,71.30311584472656
2018-10-30,72.75345611572266
2018-10-31,81.59156799316406
2018-11-01,80.88450622558594
2018-11-02,79.8058090209961
2018-11-05,79.50665283203125
2018-11-06,79.78765869140625
2018-11-07,81.7637939453125
2018-11-08,83.15068817138672
2018-11-09,82.5615005493164
2018-11-12,80.84825134277344
2018-11-13,81.25614929199219
2018-11-14,79.07156372070312
2018-11-15,80.27717590332031
2018-11-16,81.07486724853516
2018-11-19,79.64265441894531
2018-11-20,77.95658874511719
2018-11-21,78.61832427978516
2018-11-23,79.92355346679688
2018-11-26,81.63352966308594
2018-11-27,80.7421646118164
2018-11-28,82.86144256591797
2018-11-29,84.03477478027344
2018-11-30,84.29857635498047
2018-12-03,87.2910385131836
2018-12-04,85.36274719238281
2018-12-06,86.89990234375
2018-12-07,83.20709228515625
2018-12-10,82.42486572265625
2018-12-11,82.57948303222656
2018-12-12,83.27074432373047
2018-12-13,81.6881103515625
2018-12-14,79.77800750732422
2018-12-17,77.06751251220703
2018-12-18,77.34949493408203
2018-12-19,76.63095092773438
2018-12-20,73.29280853271484
2018-12-21,70.31853485107422
2018-12-24,68.51761627197266
2018-12-26,72.4651107788086
2018-12-27,72.27409362792969
2018-12-28,72.53787994384766
2018-12-31,73.7203140258789
2019-01-02,72.01032257080078
2019-01-03,70.1548080444336
2019-01-04,70.83696746826172
2019-01-07,70.55502319335938
2019-01-08,73.01082611083984
2019-01-09,73.97499084472656
2019-01-10,74.52982330322266
2019-01-11,73.30189514160156
2019-01-14,72.073974609375
2019-01-15,73.21095275878906
2019-01-16,73.247314453125
2019-01-17,73.45655059814453
2019-01-18,74.30242919921875
2019-01-22,73.0654296875
2019-01-23,74.02955627441406
2019-01-24,73.82037353515625
2019-01-25,74.54803466796875
2019-01-28,74.6480712890625
2019-01-29,74.51164245605469
2019-01-30,75.47576141357422
2019-01-31,75.73954010009766
2019-02-01,75.99420928955078
2019-02-04,76.57634735107422
2019-02-05,77.79518127441406
2019-02-06,77.6678466796875
2019-02-07,82.84326934814453
2019-02-08,82.14288330078125
2019-02-11,82.3248062133789
2019-02-12,84.33495330810547
2019-02-13,84.32583618164062
2019-02-14,85.36274719238281
2019-02-15,86.26324462890625
2019-02-19,86.11770629882812
2019-02-20,86.21774291992188
2019-02-21,86.40875244140625
2019-02-22,87.36222839355469
2019-02-25,87.19796752929688
2019-02-26,86.92423248291016
2019-02-27,86.6231689453125
2019-02-28,85.6651611328125
2019-03-01,86.52281188964844
2019-03-04,86.00274658203125
2019-03-05,85.61953735351562
2019-03-06,85.04470825195312
2019-03-07,83.69437408447266
2019-03-08,84.21442413330078
2019-03-11,86.41331481933594
2019-03-12,87.58118438720703
2019-03-13,88.47535705566406
2019-03-14,88.15599060058594
2019-03-15,89.25089263916016
2019-03-18,88.53007507324219
2019-03-19,89.0045166015625
2019-03-20,88.65780639648438
2019-03-21,89.94429779052734
2019-03-22,87.4717025756836
2019-03-25,87.28010559082031
2019-03-26,87.31659698486328
2019-03-27,85.94799041748047
2019-03-28,86.77828216552734
2019-03-29,87.92791748046875
2019-04-01,89.98080444335938
2019-04-02,90.57386016845703
2019-04-03,91.69611358642578
2019-04-04,91.75084686279297
2019-04-05,91.9606704711914
2019-04-08,93.05557250976562
2019-04-09,93.03733825683594
2019-04-10,94.93512725830078
2019-04-11,97.35295867919922
2019-04-12,97.62667083740234
2019-04-15,98.66681671142578
2019-04-16,98.24714660644531
2019-04-17,95.97525024414062
2019-04-18,96.15775299072266
2019-04-22,95.72891235351562
2019-04-23,96.8055419921875
2019-04-24,97.0610122680664
2019-04-25,96.02999114990234
2019-04-26,96.06647491455078
2019-04-29,95.68329620361328
2019-04-30,96.34935760498047
2019-05-01,97.95516967773438
2019-05-02,98.28361511230469
2019-05-03,99.53360748291016
2019-05-06,99.49711608886719
2019-05-07,97.41682434082031
2019-05-08,96.3858413696289
2019-05-09,96.15775299072266
2019-05-10,97.21612548828125
2019-05-13,93.10120391845703
2019-05-14,94.21430969238281
2019-05-15,94.9898681640625
2019-05-16,96.55919647216797
2019-05-17,95.19972229003906
2019-05-20,95.19058990478516
2019-05-21,97.00626373291016
2019-05-22,96.7964096069336
2019-05-23,93.59869384765625
2019-05-24,94.4129867553711
2019-05-28,94.22084045410156
2019-05-29,94.2116928100586
2019-05-30,93.79084014892578
2019-05-31,90.0670166015625
2019-06-03,90.90875244140625
2019-06-04,93.76338195800781
2019-06-05,94.40384674072266
2019-06-06,95.35537719726562
2019-06-07,95.94093322753906
2019-06-10,97.3316650390625
2019-06-11,96.84674835205078
2019-06-12,96.40758514404297
2019-06-13,97.08462524414062
2019-06-14,95.3736572265625
2019-06-17,95.34625244140625
2019-06-18,95.27303314208984
2019-06-19,96.08732604980469
2019-06-20,98.91452026367188
2019-06-21,99.35367584228516
2019-06-24,98.39298248291016
2019-06-25,98.3289566040039
2019-06-26,99.37197875976562
2019-06-27,101.00971984863281
2019-06-28,101.55870056152344
2019-07-01,102.95854949951172
2019-07-02,103.14154052734375
2019-07-03,103.88265991210938
2019-07-05,104.11140441894531
2019-07-08,101.00971984863281
2019-07-09,103.16900634765625
2019-07-10,102.89449310302734
2019-07-11,103.91010284423828
2019-07-12,106.33470153808594
2019-07-15,106.06022644042969
2019-07-16,104.63288879394531
2019-07-17,103.82776641845703
2019-07-18,102.8487548828125
2019-07-19,102.94023895263672
2019-07-22,102.75727081298828
2019-07-23,103.99243927001953
2019-07-24,103.93755340576172
2019-07-25,104.49565124511719
2019-07-26,104.70609283447266
2019-07-29,103.3062515258789
2019-07-30,103.91924285888672
2019-07-31,108.10968780517578
2019-08-01,108.43905639648438
2019-08-02,106.44451141357422
2019-08-05,98.38384246826172
2019-08-06,99.12493896484375
2019-08-07,99.40858459472656
2019-08-08,103.11412048339844
2019-08-09,104.971435546875
2019-08-12,102.80303192138672
2019-08-13,103.70880126953125
2019-08-14,100.65288543701172
2019-08-15,99.47262573242188
2019-08-16,102.19002532958984
2019-08-19,104.587158203125
2019-08-20,104.05650329589844
2019-08-21,106.02363586425781
2019-08-22,106.60920715332031
2019-08-23,102.94470977783203
2019-08-26,103.44004821777344
2019-08-27,103.2657470703125
2019-08-28,102.486083984375
2019-08-29,105.21035766601562
2019-08-30,105.94417572021484
2019-09-03,106.42115783691406
2019-09-04,108.29236602783203
2019-09-05,108.6684341430664
2019-09-06,108.59507751464844
2019-09-09,107.78787231445312
2019-09-10,102.2751235961914
2019-09-11,103.47673034667969
2019-09-12,104.86178588867188
2019-09-13,102.46774291992188
2019-09-16,103.65100860595703
2019-09-17,104.38480377197266
2019-09-18,110.42040252685547
2019-09-19,111.72293090820312
2019-09-20,111.04415130615234
2019-09-23,109.46648406982422
2019-09-24,108.84275817871094
2019-09-25,111.46609497070312
2019-09-26,113.1905746459961
2019-09-27,111.7137680053711
2019-09-30,113.04380798339844
2019-10-01,111.09919738769531
2019-10-02,109.9067611694336
2019-10-03,109.77833557128906
2019-10-04,112.27330780029297
2019-10-07,112.93372344970703
2019-10-08,112.81448364257812
2019-10-09,111.72293090820312
2019-10-10,112.4017105102539
2019-10-11,114.11702728271484
2019-10-14,113.1263656616211
2019-10-15,113.15386962890625
2019-10-16,113.43824005126953
2019-10-17,113.7134017944336
2019-10-18,113.65836334228516
2019-10-21,113.79595947265625
2019-10-22,112.28247833251953
2019-10-23,112.8603515625
2019-10-24,114.1537094116211
2019-10-25,114.52976989746094
2019-10-28,115.56629943847656
2019-10-29,115.74054718017578
2019-10-30,116.84127807617188
2019-10-31,117.32743835449219
2019-11-01,120.34525299072266
2019-11-04,120.89561462402344
2019-11-05,124.57383728027344
2019-11-06,121.95962524414062
2019-11-07,121.93211364746094
2019-11-08,122.47330474853516
2019-11-11,123.01446533203125
2019-11-12,122.74849700927734
2019-11-13,124.2711181640625
2019-11-14,121.83123779296875
2019-11-15,125.25259399414062
2019-11-18,126.25244140625
2019-11-19,126.39920043945312
2019-11-20,126.30745697021484
2019-11-21,126.2065658569336
2019-11-22,125.49829864501953
2019-11-25,126.95161437988281
2019-11-26,126.00418853759766
2019-11-27,125.50749969482422
2019-11-29,124.21977996826172
2019-12-02,123.32758331298828
2019-12-03,122.46295166015625
2019-12-04,124.4773178100586
2019-12-05,123.64028930664062
2019-12-06,125.70069122314453
2019-12-09,123.56671905517578
2019-12-10,124.86363983154297
2019-12-11,124.78087615966797
2019-12-12,125.82942199707031
2019-12-13,126.7216796875
2019-12-16,129.40750122070312
2019-12-17,128.18414306640625
2019-12-18,129.34307861328125
2019-12-19,130.84239196777344
2019-12-20,132.3784637451172
2019-12-23,131.41268920898438
2019-12-24,131.50465393066406
2019-12-26,133.03155517578125
2019-12-27,132.415283203125
2019-12-30,131.329833984375
2019-12-31,131.38510131835938
2020-01-02,132.34164428710938
2020-01-03,130.7504119873047
2020-01-06,129.76617431640625
2020-01-07,129.61903381347656
2020-01-08,129.42588806152344
2020-01-09,130.58482360839844
2020-01-10,130.9435577392578
2020-01-13,131.85415649414062
2020-01-14,132.415283203125
2020-01-15,133.00390625
2020-01-16,132.63597106933594
2020-01-17,125.87545776367188
2020-01-21,125.16716766357422
2020-01-22,125.62709045410156
2020-01-23,127.60466766357422
2020-01-24,126.85962677001953
2020-01-27,123.13439178466797
2020-01-28,124.59693145751953
2020-01-29,124.04505157470703
2020-01-30,123.09762573242188
2020-01-31,119.98867797851562
2020-02-03,122.23301696777344
2020-02-04,125.23158264160156
2020-02-05,125.1303939819336
2020-02-06,123.84264373779297
2020-02-07,122.02143859863281
2020-02-10,123.24480438232422
2020-02-11,125.0660171508789
2020-02-12,125.63627624511719
2020-02-13,126.27095031738281
2020-02-14,127.19993591308594
2020-02-18,124.05421447753906
2020-02-19,125.67308044433594
2020-02-20,127.15396881103516
2020-02-21,123.17118835449219
2020-02-24,119.49071502685547
2020-02-25,115.44129180908203
2020-02-26,115.15533447265625
2020-02-27,107.0749282836914
2020-02-28,105.35920715332031
2020-03-02,110.67237854003906
2020-03-03,106.64138793945312
2020-03-04,109.94364929199219
2020-03-05,104.98101806640625
2020-03-06,102.92401123046875
2020-03-09,90.5912094116211
2020-03-10,96.01506805419922
2020-03-11,94.88969421386719
2020-03-12,84.37409210205078
2020-03-13,93.4415054321289
2020-03-16,80.22317504882812
2020-03-17,80.5091323852539
2020-03-18,77.84330749511719
2020-03-19,81.42230987548828
2020-03-20,73.38800811767578
2020-03-23,78.9594497680664
2020-03-24,86.55099487304688
2020-03-25,84.77993774414062
2020-03-26,93.22010040283203
2020-03-27,86.47720336914062
2020-03-30,89.3920669555664
2020-03-31,86.03445434570312
2020-04-01,81.93888092041016
2020-04-02,81.14558410644531
2020-04-03,80.14937591552734
2020-04-06,88.4050521850586
2020-04-07,90.97862243652344
2020-04-08,94.33625030517578
2020-04-09,98.01670837402344
2020-04-13,95.82134246826172
2020-04-14,98.46870422363281
2020-04-15,95.63687133789062
2020-04-16,96.16265869140625
2020-04-17,100.37811279296875
2020-04-20,97.4079360961914
2020-04-21,91.18156433105469
2020-04-22,93.84735870361328
2020-04-23,93.03563690185547
2020-04-24,96.64231872558594
2020-04-27,98.03517150878906
2020-04-28,98.81000518798828
2020-04-29,102.65650939941406
2020-04-30,102.20452117919922
2020-05-01,98.53328704833984
2020-05-04,99.7969970703125
2020-05-05,101.45735168457031
2020-05-06,98.48715209960938
2020-05-07,98.39490509033203
2020-05-08,100.11984252929688
2020-05-11,96.8267822265625
2020-05-12,94.06876373291016
2020-05-13,90.40673065185547
2020-05-14,91.96561431884766
2020-05-15,90.22222137451172
2020-05-18,98.24732208251953
2020-05-19,97.76766204833984
2020-05-20,100.75630950927734
2020-05-21,99.2382583618164
2020-05-22,97.87754821777344
2020-05-26,99.97877502441406
2020-05-27,102.13551330566406
2020-05-28,101.49684143066406
2020-05-29,102.66313934326172
2020-06-01,103.58879852294922
2020-06-02,104.84764862060547
2020-06-03,106.5323257446289
2020-06-04,108.06889343261719
2020-06-05,116.02017211914062
2020-06-08,118.75081634521484
2020-06-09,115.15933227539062
2020-06-10,112.66009521484375
2020-06-11,102.32064819335938
2020-06-12,105.6159439086914
2020-06-15,105.43080139160156
2020-06-16,110.49411010742188
2020-06-17,108.46692657470703
2020-06-18,108.52247619628906
2020-06-19,108.2540283203125
2020-06-22,107.55054473876953
2020-06-23,107.32839965820312
2020-06-24,103.19999694824219
2020-06-25,104.0793685913086
2020-06-26,100.42310333251953
2020-06-29,105.52337646484375
2020-06-30,107.54127502441406
2020-07-01,106.93961334228516
2020-07-02,108.40213012695312
2020-07-06,108.80943298339844
2020-07-07,105.57892608642578
2020-07-08,104.94947814941406
2020-07-09,104.14418029785156
2020-07-10,105.3752670288086
2020-07-13,104.20896911621094
2020-07-14,105.89363098144531
2020-07-15,108.94827270507812
2020-07-16,108.0226058959961
2020-07-17,109.69804382324219
2020-07-20,109.39257049560547
2020-07-21,108.30030059814453
2020-07-22,110.22563934326172
2020-07-23,109.95720672607422
2020-07-24,106.04174041748047
2020-07-27,107.6523666381836
2020-07-28,105.38452911376953
2020-07-29,107.04144287109375
2020-07-30,107.08769989013672
2020-07-31,107.60607147216797
2020-08-03,108.7260971069336
2020-08-04,110.63294982910156
2020-08-05,108.06889343261719
2020-08-06,106.254638671875
2020-08-07,106.23612213134766
2020-08-10,104.59772491455078
2020-08-11,108.49470520019531
2020-08-12,107.93932342529297
2020-08-13,106.06027221679688
2020-08-14,105.07905578613281
2020-08-17,105.17163848876953
2020-08-18,102.72794342041016
2020-08-19,103.66282653808594
2020-08-20,103.9682846069336
2020-08-21,102.88529968261719
2020-08-24,104.2970962524414
2020-08-25,104.16706085205078
2020-08-26,103.2568130493164
2020-08-27,106.66558074951172
2020-08-28,107.1299819946289
2020-08-31,105.56031036376953
2020-09-01,104.57573699951172
2020-09-02,109.1640853881836
2020-09-03,104.18562316894531
2020-09-04,106.11756896972656
2020-09-08,103.7676773071289
2020-09-09,102.68096923828125
2020-09-10,102.2444076538086
2020-09-11,103.39615631103516
2020-09-14,105.09586334228516
2020-09-15,106.05256652832031
2020-09-16,105.80179595947266
2020-09-17,106.0989990234375
2020-09-18,104.78936004638672
2020-09-21,101.0647964477539
2020-09-22,102.3280029296875
2020-09-23,101.43634033203125
2020-09-24,102.56949615478516
2020-09-25,104.71505737304688
2020-09-28,108.2074203491211
2020-09-29,109.70283508300781
2020-09-30,111.02173614501953
2020-10-01,114.70915222167969
2020-10-02,114.69987487792969
2020-10-05,116.91976928710938
2020-10-06,114.30976104736328
2020-10-07,116.9661865234375
2020-10-08,117.21697235107422
2020-10-09,117.02191925048828
2020-10-12,120.75577545166016
2020-10-13,120.68144226074219
2020-10-14,120.30064392089844
2020-10-15,120.56074523925781
2020-10-16,121.32234191894531
2020-10-19,119.68763732910156
2020-10-20,120.11488342285156
2020-10-21,119.66905212402344
2020-10-22,120.22635650634766
2020-10-23,120.74649810791016
2020-10-26,116.72468566894531
2020-10-27,114.50480651855469
2020-10-28,110.27870178222656
2020-10-29,112.3406753540039
2020-10-30,113.87321472167969
2020-11-02,117.44918823242188
2020-11-03,121.41522979736328
2020-11-04,124.32244110107422
2020-11-05,128.34422302246094
2020-11-06,128.22352600097656
2020-11-09,133.7034912109375
2020-11-10,127.74047088623047
2020-11-11,128.82723999023438
2020-11-12,125.91072845458984
2020-11-13,127.79621887207031
2020-11-16,129.18017578125
2020-11-17,127.04387664794922
2020-11-18,126.0686264038086
2020-11-19,123.32861328125
2020-11-20,122.55767059326172
2020-11-23,121.87965393066406
2020-11-24,127.4695816040039
2020-11-25,122.92308807373047
2020-11-27,123.19327545166016
2020-11-30,121.57218170166016
2020-12-01,122.99762725830078
2020-12-02,122.24299621582031
2020-12-03,122.2802505493164
2020-12-04,124.37649536132812
2020-12-07,123.85475158691406
2020-12-08,123.85475158691406
2020-12-09,122.9323959350586
2020-12-10,122.70880126953125
2020-12-11,121.7678451538086
2020-12-14,122.7274398803711
2020-12-15,123.75228118896484
2020-12-16,123.22123718261719
2020-12-17,125.99757385253906
2020-12-18,125.18701934814453
2020-12-21,122.03803253173828
2020-12-22,121.81444549560547
2020-12-23,120.97591400146484
2020-12-24,120.39830780029297
2020-12-28,122.10324096679688
2020-12-29,120.62191772460938
2020-12-30,121.11568450927734
2020-12-31,122.78337097167969
2021-01-04,118.46977996826172
2021-01-05,119.10328674316406
2021-01-06,120.09085845947266
2021-01-07,122.95103454589844
2021-01-08,125.39199829101562
2021-01-11,124.51622009277344
2021-01-12,125.23361206054688
2021-01-13,125.72742462158203
2021-01-14,125.587646484375
2021-01-15,124.52552795410156
2021-01-19,123.88270568847656
2021-01-20,126.84542083740234
2021-01-21,128.26148986816406
2021-01-22,126.07213592529297
2021-01-25,125.98828125
2021-01-26,125.06594848632812
2021-01-27,123.92930603027344
2021-01-28,125.30817413330078
2021-01-29,122.6622543334961
2021-02-01,128.718017578125
2021-02-02,131.77386474609375
2021-02-03,131.3546142578125
2021-02-04,139.73023986816406
2021-02-05,140.65261840820312
2021-02-08,140.11219787597656
2021-02-09,141.20225524902344
2021-02-10,146.58724975585938
2021-02-11,146.18661499023438
2021-02-12,144.77978515625
2021-02-16,145.27359008789062
2021-02-17,147.0717010498047
2021-02-18,145.94439697265625
2021-02-19,149.7642364501953
2021-02-22,148.4319305419922
2021-02-23,146.4381866455078
2021-02-24,151.40724182128906
2021-02-25,146.54092407226562
2021-02-26,146.54092407226562
2021-03-01,149.97817993164062
2021-03-02,146.73707580566406
2021-03-03,145.39205932617188
2021-03-04,141.450439453125
2021-03-05,144.28990173339844
2021-03-08,144.90634155273438
2021-03-09,144.2805633544922
2021-03-10,146.12062072753906
2021-03-11,149.4364471435547
2021-03-12,149.50180053710938
2021-03-15,150.6320343017578
2021-03-16,150.35182189941406
2021-03-17,149.81939697265625
2021-03-18,146.73707580566406
2021-03-19,147.60572814941406
2021-03-22,148.79196166992188
2021-03-23,145.76565551757812
2021-03-24,146.0926055908203
2021-03-25,149.09083557128906
2021-03-26,156.82464599609375
2021-03-29,154.17201232910156
2021-03-30,153.94784545898438
2021-03-31,154.81646728515625
2021-04-01,158.26307678222656
2021-04-05,160.21522521972656
2021-04-06,160.2058868408203
2021-04-07,159.08509826660156
2021-04-08,163.07334899902344
2021-04-09,163.8673095703125
2021-04-12,162.75582885742188
2021-04-13,164.28761291503906
2021-04-14,166.37986755371094
2021-04-15,168.8924102783203
2021-04-16,171.87196350097656
2021-04-19,170.18138122558594
2021-04-20,168.8177032470703
2021-04-21,169.83580017089844
2021-04-22,168.9390869140625
2021-04-23,170.5643310546875
2021-04-26,171.03138732910156
2021-04-27,171.38629150390625
2021-04-28,170.0225830078125
2021-04-29,170.4615936279297
2021-04-30,166.56666564941406
2021-05-03,167.3792724609375
2021-05-04,164.6705780029297
2021-05-05,160.09373474121094
2021-05-06,161.2146453857422
2021-05-07,163.3348846435547
2021-05-10,160.11245727539062
2021-05-11,156.581787109375
2021-05-12,152.69622802734375
2021-05-13,157.41310119628906
2021-05-14,158.2724151611328
2021-05-17,157.98287963867188
2021-05-18,156.796630859375
2021-05-19,156.94606018066406
2021-05-20,156.97413635253906
2021-05-21,156.98348999023438
2021-05-24,157.81675720214844
2021-05-25,156.10336303710938
2021-05-26,155.49478149414062
2021-05-27,156.524658203125
2021-05-28,154.8768310546875
2021-06-01,153.42562866210938
2021-06-02,154.4461669921875
2021-06-03,154.74578857421875
2021-06-04,156.81491088867188
2021-06-07,155.19517517089844
2021-06-08,155.8692626953125
2021-06-09,155.24200439453125
2021-06-10,156.74005126953125
2021-06-11,157.9103546142578
2021-06-14,158.50958251953125
2021-06-15,160.03567504882812
2021-06-16,160.78465270996094
2021-06-17,158.45339965820312
2021-06-18,155.2139129638672
2021-06-21,158.91217041015625
2021-06-22,160.2322998046875
2021-06-23,158.32232666015625
2021-06-24,159.4364776611328
2021-06-25,160.82215881347656
2021-06-28,162.7134246826172
2021-06-29,165.09149169921875
2021-06-30,163.51858520507812
2021-07-01,164.59527587890625
2021-07-02,165.6157989501953
2021-07-06,164.7544708251953
2021-07-07,167.43215942382812
2021-07-08,165.5596466064453
2021-07-09,166.63632202148438
2021-07-12,165.09149169921875
2021-07-13,163.05979919433594
2021-07-14,164.82933044433594
2021-07-15,164.183349609375
2021-07-16,163.3219757080078
2021-07-19,161.44009399414062
2021-07-20,165.00726318359375
2021-07-21,165.95281982421875
2021-07-22,166.14947509765625
2021-07-23,169.4170379638672
2021-07-26,170.0068817138672
2021-07-27,169.7447052001953
2021-07-28,168.82723999023438
2021-07-29,171.43939208984375
2021-07-30,171.66407775878906
2021-08-02,171.9636993408203
2021-08-03,173.4803924560547
2021-08-04,176.2423858642578
2021-08-05,178.47073364257812
2021-08-06,177.93704223632812
2021-08-09,177.54380798339844
2021-08-10,179.31338500976562
2021-08-11,183.47036743164062
2021-08-12,185.2960968017578
2021-08-13,185.67990112304688
2021-08-16,186.3353729248047
2021-08-17,184.1538543701172
2021-08-18,182.8243408203125
2021-08-19,181.9442596435547
2021-08-20,183.29249572753906
2021-08-23,184.3504638671875
2021-08-24,184.77267456054688
2021-08-25,186.11424255371094
2021-08-26,185.82339477539062
2021-08-27,186.930419921875
2021-08-30,188.32830810546875
2021-08-31,188.2063446044922
2021-09-01,187.90609741210938
2021-09-02,190.69252014160156
2021-09-03,190.16709899902344
2021-09-07,188.80679321289062
2021-09-08,187.9999542236328
2021-09-09,187.21189880371094
2021-09-10,185.74830627441406
2021-09-13,184.60374450683594
2021-09-14,181.51718139648438
2021-09-15,183.02764892578125
2021-09-16,182.3240203857422
2021-09-17,179.3218536376953
2021-09-20,176.18838500976562
2021-09-21,176.15087890625
2021-09-22,177.90524291992188
2021-09-23,180.61654663085938
2021-09-24,181.1231231689453
2021-09-27,180.4007568359375
2021-09-28,174.63101196289062
2021-09-29,173.9273681640625
2021-09-30,170.76573181152344
2021-10-01,174.22764587402344
2021-10-04,171.3568115234375
2021-10-05,172.7452850341797
2021-10-06,164.677001953125
2021-10-07,166.48773193359375
2021-10-08,165.9435577392578
2021-10-11,163.77639770507812
2021-10-12,162.87576293945312
2021-10-13,163.26039123535156
2021-10-14,166.55337524414062
2021-10-15,166.73162841796875
2021-10-18,174.71543884277344
2021-10-19,176.0288848876953
2021-10-20,176.74191284179688
2021-10-21,178.7683563232422
2021-10-22,179.63145446777344
2021-10-25,179.69711303710938
2021-10-26,176.8169403076172
2021-10-27,172.97044372558594
2021-10-28,174.44338989257812
2021-10-29,175.10951232910156
2021-11-01,176.0382843017578
2021-11-02,177.51123046875
2021-11-03,174.06813049316406
2021-11-04,173.56150817871094
2021-11-05,175.5035400390625
2021-11-08,173.8617401123047
2021-11-09,175.4566192626953
2021-11-10,177.12655639648438
2021-11-11,176.67623901367188
2021-11-12,179.26559448242188
2021-11-15,179.04978942871094
2021-11-16,182.92440795898438
2021-11-17,183.16839599609375
2021-11-18,183.1589813232422
2021-11-19,183.93768310546875
2021-11-22,184.06900024414062
2021-11-23,184.20065307617188
2021-11-24,187.91592407226562
2021-11-26,179.79881286621094
2021-11-29,183.2224884033203
2021-11-30,178.10581970214844
2021-12-01,173.8262481689453
2021-12-02,182.1125946044922
2021-12-03,180.27854919433594
2021-12-06,182.82745361328125
2021-12-07,186.42984008789062
2021-12-08,187.00360107421875
2021-12-09,183.11903381347656
2021-12-10,183.28834533691406
2021-12-13,180.353759765625
2021-12-14,178.4162139892578
2021-12-15,180.72998046875
2021-12-16,176.666748046875
2021-12-17,178.7736053466797
2021-12-20,175.64154052734375
2021-12-21,181.81166076660156
2021-12-22,187.0506134033203
2021-12-23,190.70938110351562
2021-12-27,194.7162322998047
2021-12-28,193.38058471679688
2021-12-29,194.53750610351562
2021-12-30,191.84747314453125
2021-12-31,192.60935974121094
2022-01-03,192.82566833496094
2022-01-04,195.76026916503906
2022-01-05,191.43362426757812
2022-01-06,193.95437622070312
2022-01-07,186.58975219726562
2022-01-10,188.3109588623047
2022-01-11,188.50848388671875
2022-01-12,185.66796875
2022-01-13,182.51708984375
2022-01-14,180.2502899169922
2022-01-18,178.65130615234375
2022-01-19,178.14341735839844
2022-01-20,177.74838256835938
2022-01-21,173.68511962890625
2022-01-24,174.14602661132812
2022-01-25,170.1015625
2022-01-26,171.64413452148438
2022-01-27,170.92926025390625
2022-01-28,173.56289672851562
2022-01-31,177.81422424316406
2022-02-01,178.14341735839844
2022-02-02,183.03439331054688
2022-02-03,181.50125122070312
2022-02-04,180.87107849121094
2022-02-07,179.93988037109375
2022-02-08,183.18482971191406
2022-02-09,178.67015075683594
2022-02-10,172.4718017578125
2022-02-11,168.12635803222656
2022-02-14,165.6338653564453
2022-02-15,172.7069549560547
2022-02-16,174.4564208984375
2022-02-17,171.44656372070312
2022-02-18,170.95750427246094
2022-02-22,167.4115447998047
2022-02-23,159.04991149902344
2022-02-24,161.59695434570312
2022-02-25,167.47409057617188
2022-02-28,162.6912841796875
2022-03-01,159.81405639648438
2022-03-02,164.1629180908203
2022-03-03,164.4741973876953
2022-03-04,161.8516845703125
2022-03-07,156.06890869140625
2022-03-08,155.4462890625
2022-03-09,161.31398010253906
2022-03-10,160.48377990722656
2022-03-11,160.37062072753906
2022-03-14,157.1632080078125
2022-03-15,162.52145385742188
2022-03-16,163.57803344726562
2022-03-17,166.41751098632812
2022-03-18,169.22872924804688
2022-03-21,168.66268920898438
2022-03-22,168.0589599609375
2022-03-23,164.64402770996094
2022-03-24,165.87979125976562
2022-03-25,166.17225646972656
2022-03-28,167.2665557861328
2022-03-29,170.70980834960938
2022-03-30,168.6910400390625
2022-03-31,168.7570343017578
2022-04-01,167.72879028320312
2022-04-04,168.700439453125
2022-04-05,166.79489135742188
2022-04-06,166.38922119140625
2022-04-07,167.2760009765625
2022-04-08,165.60626220703125
2022-04-11,162.45542907714844
2022-04-12,161.9271240234375
2022-04-13,161.28565979003906
2022-04-14,163.17239379882812
2022-04-18,161.95541381835938
2022-04-19,164.0874481201172
2022-04-20,168.86085510253906
2022-04-21,166.41751098632812
2022-04-22,159.93667602539062
2022-04-25,160.9838104248047
2022-04-26,153.92747497558594
2022-04-27,153.32373046875
2022-04-28,159.08763122558594
2022-04-29,153.93690490722656
2022-05-02,154.8331298828125
2022-05-03,158.18202209472656
2022-05-04,167.077880859375
2022-05-05,161.5120849609375
2022-05-06,160.9554901123047
2022-05-09,155.4651641845703
2022-05-10,157.1160430908203
2022-05-11,155.1349639892578
2022-05-12,157.34243774414062
2022-05-13,159.74798583984375
2022-05-16,159.5876007080078
2022-05-17,162.87049865722656
2022-05-18,154.4557647705078
2022-05-19,152.776611328125
2022-05-20,151.12570190429688
2022-05-23,152.11622619628906
2022-05-24,150.28042602539062
2022-05-25,152.59884643554688
2022-05-26,157.5763397216797
2022-05-27,161.91033935546875
2022-05-31,160.7369384765625
2022-06-01,162.0144500732422
2022-06-02,166.6702117919922
2022-06-03,166.1591796875
2022-06-06,166.29165649414062
2022-06-07,168.5343780517578
2022-06-08,164.97630310058594
2022-06-09,164.26661682128906
2022-06-10,158.35231018066406
2022-06-13,152.2393035888672
2022-06-14,153.7722625732422
2022-06-15,155.0497589111328
2022-06-16,147.5645751953125
2022-06-17,147.81060791015625
2022-06-21,151.24566650390625
2022-06-22,151.056396484375
2022-06-23,149.6274871826172
2022-06-24,155.51345825195312
2022-06-27,156.87608337402344
2022-06-28,150.81033325195312
2022-06-29,149.5896453857422
2022-06-30,149.09754943847656
2022-07-01,148.56764221191406
2022-07-05,149.27737426757812
2022-07-06,149.6653594970703
2022-07-07,151.2362060546875
2022-07-08,152.85435485839844
2022-07-11,150.07225036621094
2022-07-12,149.7031707763672
2022-07-13,149.79783630371094
2022-07-14,150.2425994873047
2022-07-15,152.8354034423828
2022-07-18,151.0942840576172
2022-07-19,158.53208923339844
2022-07-20,160.1218719482422
2022-07-21,162.0522918701172
2022-07-22,160.96409606933594
2022-07-25,161.28578186035156
2022-07-26,160.96409606933594
2022-07-27,165.41162109375
2022-07-28,168.5817108154297
2022-07-29,171.78013610839844
2022-08-01,171.76126098632812
2022-08-02,170.64462280273438
2022-08-03,172.1870574951172
2022-08-04,170.3512420654297
2022-08-05,170.03900146484375
2022-08-08,168.98858642578125
2022-08-09,163.25408935546875
2022-08-10,166.55662536621094
2022-08-11,166.27276611328125
2022-08-12,170.5878448486328
2022-08-15,171.91262817382812
2022-08-16,173.691650390625
2022-08-17,172.81158447265625
2022-08-18,177.06044006347656
2022-08-19,178.25277709960938
2022-08-22,175.1678924560547
2022-08-23,174.94076538085938
2022-08-24,174.96923828125
2022-08-25,178.2902374267578
2022-08-26,170.50015258789062
2022-08-29,168.89657592773438
2022-08-30,166.11639404296875
2022-08-31,161.9698944091797
2022-09-01,161.7896270751953
2022-09-02,159.88238525390625
2022-09-06,160.7079315185547
2022-09-07,164.2186737060547
2022-09-08,165.4427032470703
2022-09-09,166.5908203125
2022-09-12,168.6878204345703
2022-09-13,163.63038635253906
2022-09-14,163.24139404296875
2022-09-15,161.00205993652344
2022-09-16,162.09326171875
2022-09-19,161.95091247558594
2022-09-20,159.6451873779297
2022-09-21,156.94094848632812
2022-09-22,154.32211303710938
2022-09-23,151.73175048828125
2022-09-26,150.20408630371094
2022-09-27,149.66323852539062
2022-09-28,153.20245361328125
2022-09-29,150.83978271484375
2022-09-30,148.09764099121094
2022-10-03,151.73175048828125
2022-10-04,157.83287048339844
2022-10-05,158.03213500976562
2022-10-06,156.56141662597656
2022-10-07,151.45655822753906
2022-10-10,150.32740783691406
2022-10-11,144.79554748535156
2022-10-12,144.7860870361328
2022-10-13,149.81503295898438
2022-10-14,146.19989013671875
2022-10-17,151.11495971679688
2022-10-18,152.93678283691406
2022-10-19,151.3142547607422
2022-10-20,150.31793212890625
2022-10-21,154.12286376953125
2022-10-24,156.27674865722656
2022-10-25,159.93931579589844
2022-10-26,159.0094757080078
2022-10-27,159.8159637451172
2022-10-28,164.0384063720703
2022-10-31,163.9720001220703
2022-11-01,163.7537384033203
2022-11-02,163.5829620361328
2022-11-03,163.99095153808594
2022-11-04,163.5924530029297
2022-11-07,163.49755859375
2022-11-08,166.73318481445312
2022-11-09,163.28880310058594
2022-11-10,176.01300048828125
2022-11-11,174.92181396484375
2022-11-14,173.15695190429688
2022-11-15,175.37725830078125
2022-11-16,173.5269775390625
2022-11-17,173.83059692382812
2022-11-18,176.10787963867188
2022-11-21,175.6524200439453
2022-11-22,178.8595428466797
2022-11-23,180.12550354003906
2022-11-25,179.1355743408203
2022-11-28,176.37527465820312
2022-11-29,175.2140350341797
2022-11-30,179.5543670654297
2022-12-01,182.0006103515625
2022-12-02,180.867919921875
2022-12-05,177.92674255371094
2022-12-06,175.84222412109375
2022-12-07,175.94692993164062
2022-12-08,177.94577026367188
2022-12-09,176.5465850830078
2022-12-12,180.48716735839844
2022-12-13,183.6853485107422
2022-12-14,182.78111267089844
2022-12-15,175.32821655273438
2022-12-16,172.5488739013672
2022-12-19,169.74093627929688
2022-12-20,170.3216094970703
2022-12-21,172.36801147460938
2022-12-22,169.2555389404297
2022-12-23,169.5601043701172
2022-12-27,170.3691864013672
2022-12-28,167.0187225341797
2022-12-29,171.19729614257812
2022-12-30,169.97894287109375
2023-01-03,170.86416625976562
2023-01-04,172.42514038085938
2023-01-05,169.48397827148438
2023-01-06,174.39541625976562
2023-01-09,175.0998077392578
2023-01-10,177.40325927734375
2023-01-11,181.40093994140625
2023-01-12,184.0756072998047
2023-01-13,185.46531677246094
2023-01-17,188.10191345214844
2023-01-18,188.5492401123047
2023-01-19,187.78778076171875
2023-01-20,189.18695068359375
2023-01-23,190.33868408203125
2023-01-24,187.64500427246094
2023-01-25,182.86676025390625
2023-01-26,184.9418182373047
2023-01-27,183.98040771484375
2023-01-30,184.68479919433594
2023-01-31,186.5884552001953
2023-02-01,189.5867462158203
2023-02-02,192.34707641601562
2023-02-03,191.39523315429688
2023-02-06,190.42437744140625
2023-02-07,189.6914825439453
2023-02-08,191.9473114013672
2023-02-09,193.5654296875
2023-02-10,195.73562622070312
2023-02-13,201.02781677246094
2023-02-14,198.067626953125
2023-02-15,202.3794403076172
2023-02-16,203.93092346191406
2023-02-17,203.62632751464844
2023-02-21,195.6023712158203
2023-02-22,194.16505432128906
2023-02-23,195.3296661376953
2023-02-24,193.33457946777344
2023-02-27,193.32505798339844
2023-02-28,193.22958374023438
2023-03-01,191.6640167236328
2023-03-02,192.3704376220703
2023-03-03,192.4754638671875
2023-03-06,193.773681640625
2023-03-07,190.2798614501953
2023-03-08,190.90036010742188
2023-03-09,187.30152893066406
2023-03-10,181.82212829589844
2023-03-13,179.86520385742188
2023-03-14,182.61447143554688
2023-03-15,180.0847930908203
2023-03-16,184.7909393310547
2023-03-17,179.51202392578125
2023-03-20,182.7480926513672
2023-03-21,185.65965270996094
2023-03-22,182.0225830078125
2023-03-23,182.42355346679688
2023-03-24,183.005859375
2023-03-27,182.9676513671875
2023-03-28,177.3832550048828
2023-03-29,179.75067138671875
2023-03-30,181.4403076171875
2023-03-31,186.0414581298828
2023-04-03,184.89593505859375
2023-04-04,180.6766357421875
2023-04-05,179.43565368652344
2023-04-06,177.0778045654297
2023-04-10,180.4570770263672
2023-04-11,179.9416046142578
2023-04-12,179.5501708984375
2023-04-13,180.61936950683594
2023-04-14,178.47154235839844
2023-04-17,180.342529296875
2023-04-18,181.6503143310547
2023-04-19,157.62307739257812
2023-04-20,157.20306396484375
2023-04-21,155.72348022460938
2023-04-24,158.40586853027344
2023-04-25,157.61355590820312
2023-04-26,157.62307739257812
2023-04-27,160.40098571777344
2023-04-28,161.89013671875
2023-05-01,162.58702087402344
2023-05-02,160.23867797851562
2023-05-03,157.47988891601562
2023-05-04,156.42027282714844
2023-05-05,158.45361328125
2023-05-08,158.58726501464844
2023-05-09,160.14324951171875
2023-05-10,161.0023956298828
2023-05-11,159.89500427246094
2023-05-12,162.5106658935547
2023-05-15,163.62753295898438
2023-05-16,162.3101806640625
2023-05-17,165.38397216796875
2023-05-18,166.79676818847656
2023-05-19,164.7539520263672
2023-05-22,167.73228454589844
2023-05-23,162.4724578857422
2023-05-24,160.68115234375
2023-05-25,163.45907592773438
2023-05-26,166.88845825195312
2023-05-30,167.2620391845703
2023-05-31,164.4649200439453
2023-06-01,165.98800659179688
2023-06-02,166.88845825195312
2023-06-05,162.2138214111328
2023-06-06,161.94557189941406
2023-06-07,164.97262573242188
2023-06-08,162.90350341796875
2023-06-09,163.26751708984375
2023-06-12,165.97840881347656
2023-06-13,168.01878356933594
2023-06-14,169.14913940429688
2023-06-15,170.7009735107422
2023-06-16,170.653076171875
2023-06-20,169.8388671875
2023-06-21,169.2832489013672
2023-06-22,171.0170440673828
2023-06-23,169.93463134765625
2023-06-26,169.47483825683594
2023-06-27,170.18368530273438
2023-06-28,170.01124572753906
2023-06-29,173.04783630371094
2023-06-30,175.77792358398438
2023-07-03,175.50970458984375
2023-07-05,176.4772186279297
2023-07-06,175.01158142089844
2023-07-07,175.61508178710938
2023-07-10,179.49465942382812
2023-07-11,180.22268676757812
2023-07-12,178.6899871826172
2023-07-13,180.26095581054688
2023-07-14,178.5463104248047
2023-07-17,181.63079833984375
2023-07-18,180.31846618652344
2023-07-19,181.7649383544922
2023-07-20,180.48129272460938
2023-07-21,180.5867156982422
2023-07-24,181.99481201171875
2023-07-25,182.9048614501953
2023-07-26,181.6499786376953
2023-07-27,180.15560913085938
2023-07-28,178.44094848632812
2023-07-31,179.19769287109375
2023-08-01,179.44676208496094
2023-08-02,188.70980834960938
2023-08-03,190.8938751220703
2023-08-04,189.54319763183594
2023-08-07,194.30404663085938
2023-08-08,194.1508026123047
2023-08-09,193.1066436767578
2023-08-10,194.13162231445312
2023-08-11,194.91712951660156
2023-08-14,197.92495727539062
2023-08-15,196.0666046142578
2023-08-16,193.05874633789062
2023-08-17,191.89010620117188
2023-08-18,191.87094116210938
2023-08-21,192.94381713867188
2023-08-22,194.34239196777344
2023-08-23,196.21029663085938
2023-08-24,193.36669921875
2023-08-25,195.97975158691406
2023-08-28,198.7176971435547
2023-08-29,199.3805694580078
2023-08-30,199.92819213867188
2023-08-31,202.84866333007812
2023-09-01,204.798828125
2023-09-05,204.2800750732422
2023-09-06,204.89491271972656
2023-09-07,204.5298309326172
2023-09-08,204.30889892578125
2023-09-11,202.91590881347656
2023-09-12,200.72555541992188
2023-09-13,200.13951110839844
2023-09-14,201.54209899902344
2023-09-15,198.86178588867188
2023-09-18,200.48536682128906
2023-09-19,200.46615600585938
2023-09-20,200.78317260742188
2023-09-21,196.97885131835938
2023-09-22,197.67056274414062
2023-09-25,196.9404296875
2023-09-26,192.36758422851562
2023-09-27,190.8785400390625
2023-09-28,194.90379333496094
2023-09-29,193.8278045654297
2023-10-02,193.0784912109375
2023-10-03,193.83743286132812
2023-10-04,197.3439178466797
2023-10-05,195.05751037597656
2023-10-06,197.545654296875
2023-10-09,199.93777465820312
2023-10-10,201.88796997070312
2023-10-11,205.41371154785156
2023-10-12,203.26174926757812
2023-10-13,199.111572265625
2023-10-16,200.61026000976562
2023-10-17,200.68710327148438
2023-10-18,198.05484008789062
2023-10-19,194.87496948242188
2023-10-20,192.5404815673828
2023-10-23,191.7047119140625
2023-10-24,192.03135681152344
2023-10-25,190.8881378173828
2023-10-26,190.61912536621094
2023-10-27,191.08029174804688
2023-10-30,189.30299377441406
2023-10-31,192.5212860107422
2023-11-01,191.33001708984375
2023-11-02,198.54476928710938
2023-11-03,201.22511291503906
2023-11-06,202.7429656982422
2023-11-07,199.822509765625
2023-11-08,201.05218505859375
2023-11-09,200.30282592773438
2023-11-10,203.3481903076172
2023-11-13,203.6364288330078
2023-11-14,209.87127685546875
2023-11-15,210.3131866455078
2023-11-16,207.03721618652344
2023-11-17,206.82589721679688
2023-11-20,208.69920349121094
2023-11-21,208.31492614746094
2023-11-22,209.08572387695312
2023-11-24,208.76779174804688
2023-11-27,207.043212890625
2023-11-28,204.9043731689453
2023-11-29,204.3359375
2023-11-30,203.17019653320312
2023-12-01,204.78875732421875
2023-12-04,204.82728576660156
2023-12-05,202.71737670898438
2023-12-06,201.92735290527344
2023-12-07,204.80804443359375
2023-12-08,205.39572143554688
2023-12-11,207.833251953125
2023-12-12,209.6637420654297
2023-12-13,210.0491485595703
2023-12-14,212.3806610107422
2023-12-15,215.06866455078125
2023-12-18,215.51182556152344
2023-12-19,215.76234436035156
2023-12-20,214.27862548828125
2023-12-21,216.87030029296875
2023-12-22,218.3443603515625
2023-12-26,220.3675537109375
2023-12-27,220.19415283203125
2023-12-28,220.33865356445312
2023-12-29,219.00914001464844
2024-01-02,212.6022491455078
2024-01-03,209.35548400878906
2024-01-04,207.2165985107422
2024-01-05,206.21466064453125
2024-01-08,210.23220825195312
2024-01-09,210.20326232910156
2024-01-10,212.21688842773438
2024-01-11,213.08396911621094
2024-01-12,211.12814331054688
2024-01-16,212.6504364013672
2024-01-17,211.06077575683594
2024-01-18,216.8028564453125
2024-01-19,218.18057250976562
2024-01-22,218.6141357421875
2024-01-23,216.59092712402344
2024-01-24,218.05532836914062
2024-01-25,220.6180877685547
2024-01-26,221.29249572753906
2024-01-29,220.7336883544922
2024-01-30,221.80311584472656
2024-01-31,218.4310760498047
2024-02-01,221.668212890625
2024-02-02,224.15390014648438
2024-02-05,222.29446411132812
2024-02-06,222.0728759765625
2024-02-07,228.91331481933594
2024-02-08,235.040771484375
2024-02-09,236.26434326171875
2024-02-12,233.1524200439453
2024-02-13,228.7880401611328
2024-02-14,230.72454833984375
2024-02-15,233.875
2024-02-16,232.5454559326172
2024-02-20,232.95010375976562
2024-02-21,232.5165557861328
2024-02-22,238.50914001464844
2024-02-23,238.67337036132812
2024-02-26,237.82339477539062
2024-02-27,235.93035888671875
2024-02-28,236.54847717285156
2024-02-29,237.80406188964844
2024-03-01,238.87619018554688
2024-03-04,238.24838256835938
2024-03-05,236.6064453125
2024-03-06,238.75062561035156
2024-03-07,239.861328125
2024-03-08,239.4846649169922
2024-03-11,239.47500610351562
2024-03-12,241.339111328125
2024-03-13,240.14146423339844
2024-03-14,238.0648651123047
2024-03-15,237.12799072265625
2024-03-18,236.65469360351562
2024-03-19,239.53297424316406
2024-03-20,242.23736572265625
2024-03-21,246.1104736328125
2024-03-22,246.94110107421875
2024-03-25,245.18324279785156
2024-03-26,245.4440155029297
2024-03-27,249.06597900390625
2024-03-28,247.04734802246094
2024-04-01,244.4202117919922
2024-04-02,243.0390167236328
2024-04-03,247.0280303955078
2024-04-04,243.91795349121094
2024-04-05,246.4774932861328
2024-04-08,245.57923889160156
2024-04-09,245.56959533691406
2024-04-10,238.83755493164062
2024-04-11,239.53297424316406
2024-04-12,234.6167449951172
2024-04-15,233.13900756835938
2024-04-16,231.8157501220703
2024-04-17,228.69602966308594
2024-04-18,227.6529083251953
2024-04-19,227.73016357421875
2024-04-22,229.52667236328125
2024-04-23,232.2600555419922
2024-04-24,232.4725341796875
2024-04-25,235.1093292236328
2024-04-26,233.9889373779297
2024-04-29,237.54331970214844
2024-04-30,233.6026153564453
2024-05-01,207.28294372558594
2024-05-02,210.9532012939453
2024-05-03,212.06393432617188
2024-05-06,214.24679565429688
2024-05-07,213.1456756591797
2024-05-08,212.79800415039062
2024-05-09,215.35751342773438
2024-05-10,214.86495971679688
2024-05-13,214.46893310546875
2024-05-14,214.01498413085938
2024-05-15,215.81150817871094
2024-05-16,216.4875946044922
2024-05-17,216.00462341308594
2024-05-20,220.44760131835938
2024-05-21,222.5145721435547
2024-05-22,228.20343017578125
2024-05-23,224.2523651123047
2024-05-24,223.75848388671875
2024-05-28,218.08364868164062
2024-05-29,213.7355499267578
2024-05-30,215.79824829101562
2024-05-31,216.55355834960938
2024-06-03,216.4276885986328
2024-06-04,214.8976287841797
2024-06-05,215.8853759765625
2024-06-06,214.80078125
2024-06-07,217.15399169921875
2024-06-10,216.82473754882812
2024-06-11,217.27020263671875
2024-06-12,219.14891052246094
2024-06-13,217.98683166503906
2024-06-14,216.13719177246094
2024-06-17,219.1973419189453
2024-06-18,223.2646026611328
2024-06-20,224.6009979248047
2024-06-21,228.04849243164062
2024-06-24,224.29110717773438
2024-06-25,217.52200317382812
2024-06-26,216.07907104492188
2024-06-27,216.97967529296875
2024-06-28,216.76661682128906
2024-07-01,212.26361083984375
2024-07-02,212.19578552246094
2024-07-03,211.2176971435547
2024-07-05,209.4649200439453
2024-07-08,210.01687622070312
2024-07-09,208.01229858398438
2024-07-10,211.9536895751953
2024-07-11,216.74728393554688
2024-07-12,221.27938842773438
2024-07-15,225.41444396972656
2024-07-16,232.2610321044922
2024-07-17,229.4914093017578
2024-07-18,226.3150634765625
2024-07-19,221.60861206054688
2024-07-22,225.17236328125
2024-07-23,222.87722778320312
2024-07-24,221.96694946289062
2024-07-25,221.3955841064453
2024-07-26,222.48020935058594
2024-07-29,224.07803344726562
2024-07-30,225.12393188476562
2024-07-31,211.2176971435547
2024-08-01,206.84054565429688
2024-08-02,203.21871948242188
2024-08-05,200.1392059326172
2024-08-06,201.86294555664062
2024-08-07,202.3859100341797
2024-08-08,205.60098266601562
2024-08-09,206.9761199951172
2024-08-12,205.39759826660156
2024-08-13,209.07752990722656
2024-08-14,209.8328857421875
2024-08-15,214.85890197753906
2024-08-16,215.72076416015625
2024-08-19,212.2732391357422
2024-08-20,214.16163635253906
2024-08-21,217.83187866210938
2024-08-22,218.07398986816406
2024-08-23,222.48020935058594
2024-08-26,222.66468811035156
2024-08-27,220.4119415283203
2024-08-28,217.9940948486328
2024-08-29,216.65406799316406
2024-08-30,219.10104370117188
2024-09-03,211.3620147705078
2024-09-04,208.2644500732422
2024-09-05,208.59461975097656
2024-09-06,206.0602569580078
2024-09-09,207.934326171875
2024-09-10,209.6044464111328
2024-09-11,209.5462188720703
2024-09-12,212.3039093017578
2024-09-13,213.7701416015625
2024-09-16,215.032470703125
2024-09-17,216.84829711914062
2024-09-18,215.19752502441406
2024-09-19,221.26641845703125
2024-09-20,218.77090454101562
2024-09-23,217.6154022216797
2024-09-24,217.7804412841797
2024-09-25,214.86740112304688
2024-09-26,222.00440979003906
2024-09-27,219.98468017578125
2024-09-30,219.74192810058594
2024-10-01,211.49795532226562
2024-10-02,212.99334716796875
2024-10-03,211.93492126464844
2024-10-04,215.26553344726562
2024-10-07,214.1002960205078
2024-10-08,217.1298828125
2024-10-09,219.15931701660156
2024-10-10,215.26553344726562
2024-10-11,215.56654357910156
2024-10-14,217.00363159179688
2024-10-15,213.75071716308594
2024-10-16,213.7798614501953
2024-10-17,214.77029418945312
2024-10-18,211.9834747314453
2024-10-21,213.96435546875
2024-10-22,210.7891082763672
2024-10-23,211.3426055908203
2024-10-24,212.80882263183594
2024-10-25,210.7211456298828
2024-10-28,212.16793823242188
2024-10-29,213.52740478515625
2024-10-30,189.4072265625
2024-10-31,182.77516174316406
2024-11-01,182.9208526611328
2024-11-04,185.56199645996094
2024-11-05,187.39724731445312
2024-11-06,196.91322326660156
2024-11-07,197.02005004882812
2024-11-08,194.0778350830078
2024-11-11,192.07754516601562
2024-11-12,186.3485565185547
2024-11-13,180.61949157714844
2024-11-14,175.5313720703125
2024-11-15,172.48236083984375
2024-11-18,172.90960693359375
2024-11-19,169.00613403320312
2024-11-20,170.889892578125
2024-11-21,173.00669860839844
2024-11-22,173.77381896972656
2024-11-25,176.7019500732422
2024-11-26,173.25250244140625
2024-11-27,172.22935485839844
2024-11-29,171.43031311035156
2024-12-02,176.0003662109375
2024-12-03,175.0357208251953
2024-12-04,173.72023010253906
2024-12-05,173.73971557617188
2024-12-06,175.4547119140625
2024-12-09,177.79331970214844
2024-12-10,174.43153381347656
2024-12-11,173.69097900390625
2024-12-12,173.49610900878906
2024-12-13,171.5570068359375
2024-12-16,173.2427520751953
2024-12-17,172.14166259765625
2024-12-18,167.10391235351562
2024-12-19,168.8480987548828
2024-12-20,170.06614685058594
2024-12-23,171.0697784423828
2024-12-24,171.82984924316406
2024-12-26,172.58987426757812
2024-12-27,171.31338500976562
2024-12-30,168.91632080078125
2024-12-31,169.58865356445312
2025-01-02,165.6812286376953
2025-01-03,169.77378845214844
2025-01-06,174.70436096191406
2025-01-07,176.35118103027344
2025-01-08,176.7019500732422
2025-01-10,178.4559326171875
2025-01-13,176.29269409179688
2025-01-14,181.7884521484375
2025-01-15,182.66543579101562
2025-01-16,182.98699951171875
2025-01-17,183.90293884277344
2025-01-21,186.68980407714844
2025-01-22,189.33050537109375
2025-01-23,192.43890380859375
2025-01-24,190.1392822265625
2025-01-27,189.07713317871094
2025-01-28,189.7787322998047
2025-01-29,190.52902221679688
2025-01-30,192.70199584960938
2025-01-31,194.04669189453125
2025-02-03,193.36460876464844
2025-02-04,194.2415771484375
2025-02-05,200.85792541503906
2025-02-06,194.74827575683594
2025-02-07,187.10879516601562
2025-02-10,186.67031860351562
2025-02-11,186.8359832763672
2025-02-12,184.10757446289062
2025-02-13,182.79209899902344
2025-02-14,184.5460662841797
2025-02-18,187.53756713867188
2025-02-19,189.52536010742188
2025-02-20,187.86886596679688
2025-02-21,181.72996520996094
2025-02-24,181.9151153564453
2025-02-25,178.50784301757812
2025-02-26,176.2102508544922
2025-02-27,175.00770568847656
2025-02-28,174.2255401611328
2025-03-03,168.65267944335938
2025-03-04,167.49899291992188
2025-03-05,168.74066162109375
2025-03-06,163.529541015625
2025-03-07,164.61477661132812
2025-03-10,165.72935485839844
2025-03-11,162.34654235839844
2025-03-12,162.94293212890625
2025-03-13,159.8533935546875
2025-03-14,163.27536010742188
2025-03-17,166.82437133789062
2025-03-18,166.95147705078125
2025-03-19,168.98509216308594
2025-03-20,164.34103393554688
2025-03-21,161.8772430419922
2025-03-24,166.5115203857422
2025-03-25,164.76144409179688
2025-03-26,163.5979766845703
2025-03-27,160.18580627441406
2025-03-28,157.9077606201172
2025-03-31,156.68565368652344
2025-04-01,158.465087890625
2025-04-02,160.8017578125
2025-04-03,148.1894989013672
2025-04-04,141.26739501953125
2025-04-07,143.9169464111328
2025-04-08,142.77305603027344
2025-04-09,155.92306518554688
2025-04-10,143.4281005859375
2025-04-11,145.48126220703125
2025-04-14,148.355712890625
2025-04-15,147.4659881591797
2025-04-16,145.45196533203125
2025-04-17,148.09173583984375
2025-04-21,145.10972595214844
2025-04-22,148.6392059326172
2025-04-23,151.40611267089844
2025-04-24,155.39511108398438
2025-04-25,154.4271697998047
2025-04-28,155.05291748046875
2025-04-29,156.39234924316406
2025-04-30,156.9789581298828
2025-05-01,158.77793884277344
2025-05-02,163.10914611816406
2025-05-05,162.05322265625
2025-05-06,160.27378845214844
2025-05-07,171.60533142089844
2025-05-08,176.0733642578125
2025-05-09,174.9490509033203
2025-05-12,184.60870361328125
2025-05-13,186.4272003173828
2025-05-14,185.1366424560547
2025-05-15,184.22738647460938
2025-05-16,184.8140106201172
2025-05-19,183.84605407714844
2025-05-20,183.90475463867188
2025-05-21,177.76480102539062
2025-05-22,179.29000854492188
2025-05-23,178.70628356933594
2025-05-27,182.19879150390625
2025-05-28,179.86390686035156
2025-05-29,178.8927001953125
2025-05-30,176.94041442871094
2025-06-02,171.4465789794922
2025-06-03,175.9495849609375
2025-06-04,173.4479217529297
2025-06-05,172.4962921142578
2025-06-06,174.86062622070312
2025-06-09,174.06594848632812
2025-06-10,175.34132385253906
2025-06-11,172.41783142089844
2025-06-12,171.43679809570312
2025-06-13,167.1888885498047
2025-06-16,169.08229064941406
2025-06-17,167.56167602539062
2025-06-18,166.77684020996094
2025-06-20,167.3850860595703
2025-06-23,170.47537231445312
2025-06-24,176.43028259277344
2025-06-25,174.45838928222656
2025-06-26,173.9188232421875
2025-06-27,174.04635620117188
2025-06-30,175.2039794921875
2025-07-01,177.72525024414062
2025-07-02,179.37339782714844
2025-07-03,178.67686462402344
2025-07-07,173.99728393554688
2025-07-08,177.22491455078125
2025-07-09,177.32302856445312
2025-07-10,176.29293823242188
2025-07-11,174.01693725585938
2025-07-14,174.3308563232422
2025-07-15,172.43743896484375
2025-07-16,172.398193359375
2025-07-17,176.5774383544922
2025-07-18,176.18502807617188
2025-07-21,173.51658630371094
2025-07-22,176.6559295654297
2025-07-23,177.93124389648438
2025-07-24,177.40150451660156
2025-07-25,177.70562744140625
2025-07-28,178.33349609375
2025-07-29,178.7259063720703
2025-07-30,176.5283966064453
2025-07-31,171.07379150390625
2025-08-01,165.65846252441406
2025-08-04,168.8762664794922
2025-08-05,162.1071014404297
2025-08-06,162.37196350097656
2025-08-07,158.81080627441406
2025-08-08,159.83108520507812
2025-08-11,157.1136016845703
2025-08-12,160.949462890625
2025-08-13,164.30462646484375
2025-08-14,162.94097900390625
2025-08-15,160.6551513671875
2025-08-18,162.69570922851562
2025-08-19,164.40274047851562
2025-08-20,163.74542236328125
2025-08-21,161.0671844482422
2025-08-22,163.83372497558594
2025-08-25,163.91741943359375
2025-08-26,161.1700439453125
2025-08-27,162.70620727539062
2025-08-28,163.33642578125
2025-08-29,162.24337768554688
2025-09-02,159.79141235351562
2025-09-03,160.8746337890625
2025-09-04,163.7106170654297
2025-09-05,167.13748168945312
2025-09-08,165.28619384765625
2025-09-09,166.36936950683594
2025-09-10,168.16160583496094
2025-09-11,163.19854736328125
2025-09-12,161.78054809570312
2025-09-15,160.63829040527344
2025-09-16,163.61215209960938
2025-09-17,164.7347412109375
2025-09-18,160.3822479248047
2025-09-19,158.75746154785156
2025-09-22,161.65255737304688
2025-09-23,162.06614685058594
2025-09-24,158.01890563964844
2025-09-25,154.5723876953125
2025-09-26,161.85934448242188
2025-09-29,159.771728515625
2025-09-30,156.84710693359375
2025-10-01,156.5615234375
2025-10-02,156.98495483398438
2025-10-03,156.8372344970703
2025-10-06,154.9465789794922
2025-10-07,152.87864685058594
2025-10-08,154.5231475830078
2025-10-09,149.47149658203125
2025-10-10,142.8245849609375
2025-10-13,145.25685119628906
2025-10-14,148.03379821777344
2025-10-15,146.55670166015625
2025-10-16,148.7920379638672
2025-10-17,150.1214141845703
2025-10-20,153.0066680908203
2025-10-21,154.13909912109375
2025-10-22,153.97169494628906
2025-10-23,156.05931091308594
2025-10-24,155.74420166015625
2025-10-27,156.7978515625
2025-10-28,153.77474975585938
2025-10-29,154.9170379638672
2025-10-30,154.40496826171875
2025-10-31,156.93569946289062
2025-11-03,152.46505737304688
2025-11-04,139.49623107910156
2025-11-05,144.08505249023438
2025-11-06,139.3977508544922
2025-11-07,140.27415466308594
2025-11-10,141.1210174560547
2025-11-11,140.49078369140625
2025-11-12,145.13870239257812
2025-11-13,144.5084686279297
2025-11-14,142.86398315429688
2025-11-17,138.09791564941406
2025-11-18,137.6744842529297
2025-11-19,137.57601928710938
2025-11-20,134.5529022216797
2025-11-21,138.0585174560547
2025-11-24,139.75225830078125
2025-11-25,141.671142578125
2025-11-26,142.82839965820312
2025-11-28,142.65036010742188
2025-12-01,141.47332763671875
2025-12-02,142.5910186767578
2025-12-03,142.11624145507812
2025-12-04,142.9668731689453
2025-12-05,144.65826416015625
2025-12-08,144.3516387939453
2025-12-09,145.52870178222656
2025-12-10,147.91246032714844
2025-12-11,148.22898864746094
2025-12-12,143.35263061523438
2025-12-15,143.30319213867188
2025-12-16,143.44166564941406
2025-12-17,142.12612915039062
2025-12-18,141.52276611328125
2025-12-19,139.11920166015625
2025-12-22,137.9916229248047
2025-12-23,136.63653564453125
2025-12-24,137.20033264160156
2025-12-26,138.18946838378906
2025-12-29,137.10142517089844
2025-12-30,136.88381958007812
