Date,CTVA
2019-05-24,26.609039306640625
2019-05-28,26.39341163635254
2019-05-29,26.150266647338867
2019-05-30,26.425525665283203
2019-05-31,24.74640464782715
2019-06-03,22.76449966430664
2019-06-04,25.462095260620117
2019-06-05,25.700660705566406
2019-06-06,24.682180404663086
2019-06-07,24.140823364257812
2019-06-10,23.223270416259766
2019-06-11,22.89295196533203
2019-06-12,23.003055572509766
2019-06-13,22.91130256652832
2019-06-14,23.1131649017334
2019-06-17,23.810503005981445
2019-06-18,25.049196243286133
2019-06-19,24.91156578063965
2019-06-20,24.920740127563477
2019-06-21,24.96662139892578
2019-06-24,25.700660705566406
2019-06-25,25.388694763183594
2019-06-26,26.847606658935547
2019-06-27,27.132043838500977
2019-06-28,27.132043838500977
2019-07-01,27.232975006103516
2019-07-02,26.599863052368164
2019-07-03,26.425525665283203
2019-07-05,26.278718948364258
2019-07-08,25.480451583862305
2019-07-09,24.764753341674805
2019-07-10,24.315155029296875
2019-07-11,24.250926971435547
2019-07-12,25.324466705322266
2019-07-15,25.764892578125
2019-07-16,25.563032150268555
2019-07-17,24.66382598876953
2019-07-18,24.452787399291992
2019-07-19,25.131778717041016
2019-07-22,25.47127342224121
2019-07-23,25.801591873168945
2019-07-24,25.985105514526367
2019-07-25,25.709836959838867
2019-07-26,26.131914138793945
2019-07-29,26.407175064086914
2019-07-30,26.84960174560547
2019-07-31,27.19063949584961
2019-08-01,28.803638458251953
2019-08-02,28.997203826904297
2019-08-05,27.559322357177734
2019-08-06,27.69758415222168
2019-08-07,28.24139404296875
2019-08-08,29.13545799255371
2019-08-09,29.153892517089844
2019-08-12,27.310461044311523
2019-08-13,27.282808303833008
2019-08-14,26.12144660949707
2019-08-15,26.19518280029297
2019-08-16,27.872705459594727
2019-08-19,28.1768741607666
2019-08-20,27.89113998413086
2019-08-21,28.18608856201172
2019-08-22,27.918792724609375
2019-08-23,26.775863647460938
2019-08-26,26.748212814331055
2019-08-27,26.480915069580078
2019-08-28,26.88646697998047
2019-08-29,27.384191513061523
2019-08-30,27.024728775024414
2019-09-03,26.020057678222656
2019-09-04,26.204397201538086
2019-09-05,26.232053756713867
2019-09-06,26.167526245117188
2019-09-09,26.499347686767578
2019-09-10,26.32422637939453
2019-09-11,26.97864532470703
2019-09-12,27.559322357177734
2019-09-13,27.76210594177246
2019-09-16,27.098466873168945
2019-09-17,26.711341857910156
2019-09-18,26.868038177490234
2019-09-19,26.858821868896484
2019-09-20,26.656042098999023
2019-09-23,26.619173049926758
2019-09-24,26.029272079467773
2019-09-25,25.992408752441406
2019-09-26,25.476242065429688
2019-09-27,25.623720169067383
2019-09-30,25.808063507080078
2019-10-01,25.393295288085938
2019-10-02,24.831043243408203
2019-10-03,24.775739669799805
2019-10-04,23.86324119567871
2019-10-07,23.964630126953125
2019-10-08,24.167402267456055
2019-10-09,24.121322631835938
2019-10-10,23.715768814086914
2019-10-11,24.572959899902344
2019-10-14,24.2687931060791
2019-10-15,24.609830856323242
2019-10-16,24.766525268554688
2019-10-17,24.674352645874023
2019-10-18,24.001501083374023
2019-10-21,23.503768920898438
2019-10-22,23.946189880371094
2019-10-23,23.60516357421875
2019-10-24,24.3056640625
2019-10-25,24.637483596801758
2019-10-28,24.674352645874023
2019-10-29,24.68357276916504
2019-10-30,25.328771591186523
2019-10-31,24.314882278442383
2019-11-01,24.130535125732422
2019-11-04,23.72498321533203
2019-11-05,23.651248931884766
2019-11-06,24.084449768066406
2019-11-07,24.102888107299805
2019-11-08,24.14897346496582
2019-11-11,24.646703720092773
2019-11-12,24.628263473510742
2019-11-13,23.706552505493164
2019-11-14,24.314882278442383
2019-11-15,23.485336303710938
2019-11-18,23.485336303710938
2019-11-19,23.68811798095703
2019-11-20,23.024478912353516
2019-11-21,23.144304275512695
2019-11-22,23.540637969970703
2019-11-25,23.900108337402344
2019-11-26,23.854022979736328
2019-11-27,24.13193702697754
2019-11-29,24.10413360595703
2019-12-02,23.325992584228516
2019-12-03,22.835010528564453
2019-12-04,23.01102638244629
2019-12-05,22.99249839782715
2019-12-06,23.40009880065918
2019-12-09,23.87254524230957
2019-12-10,23.96518898010254
2019-12-11,24.270893096923828
2019-12-12,24.99345588684082
2019-12-13,24.53953742980957
2019-12-16,25.521488189697266
2019-12-17,24.798921585083008
2019-12-18,25.771608352661133
2019-12-19,25.669710159301758
2019-12-20,26.105104446411133
2019-12-23,26.549760818481445
2019-12-24,26.688709259033203
2019-12-26,27.040735244750977
2019-12-27,26.994413375854492
2019-12-30,26.735034942626953
2019-12-31,27.383493423461914
2020-01-02,26.623863220214844
2020-01-03,26.308902740478516
2020-01-06,26.271852493286133
2020-01-07,26.373748779296875
2020-01-08,26.586814880371094
2020-01-09,26.614606857299805
2020-01-10,26.26258659362793
2020-01-13,26.475645065307617
2020-01-14,26.531234741210938
2020-01-15,26.56829071044922
2020-01-16,27.068523406982422
2020-01-17,26.216264724731445
2020-01-21,25.771608352661133
2020-01-22,26.086572647094727
2020-01-23,26.3552188873291
2020-01-24,25.892040252685547
2020-01-27,25.16020965576172
2020-01-28,25.5307559967041
2020-01-29,25.753082275390625
2020-01-30,27.08705711364746
2020-01-31,26.790613174438477
2020-02-03,27.90226173400879
2020-02-04,28.671144485473633
2020-02-05,29.37518310546875
2020-02-06,29.264022827148438
2020-02-07,28.75452423095703
2020-02-10,28.34691619873047
2020-02-11,28.2635440826416
2020-02-12,28.661890029907227
2020-02-13,28.34691619873047
2020-02-14,28.44881248474121
2020-02-18,29.088010787963867
2020-02-19,29.199180603027344
2020-02-20,29.245494842529297
2020-02-21,28.9212646484375
2020-02-24,28.402502059936523
2020-02-25,26.290376663208008
2020-02-26,26.40153694152832
2020-02-27,25.2806339263916
2020-02-28,25.197261810302734
2020-03-02,26.28631591796875
2020-03-03,25.988454818725586
2020-03-04,26.90065574645996
2020-03-05,25.420658111572266
2020-03-06,23.54970932006836
2020-03-09,21.473981857299805
2020-03-10,24.11750602722168
2020-03-11,23.270463943481445
2020-03-12,20.794485092163086
2020-03-13,23.10291862487793
2020-03-16,19.305177688598633
2020-03-17,21.101661682128906
2020-03-18,20.07775115966797
2020-03-19,21.65084457397461
2020-03-20,20.971345901489258
2020-03-23,20.403547286987305
2020-03-24,20.785179138183594
2020-03-25,21.78115463256836
2020-03-26,22.46995735168457
2020-03-27,21.604297637939453
2020-03-30,22.423416137695312
2020-03-31,21.87423324584961
2020-04-01,20.952728271484375
2020-04-02,20.70140838623047
2020-04-03,21.055118560791016
2020-04-06,22.581661224365234
2020-04-07,22.83298110961914
2020-04-08,24.247821807861328
2020-04-09,25.997764587402344
2020-04-13,24.72254180908203
2020-04-14,24.61084747314453
2020-04-15,23.745182037353516
2020-04-16,23.419397354125977
2020-04-17,23.745182037353516
2020-04-20,22.926061630249023
2020-04-21,22.59096908569336
2020-04-22,23.214618682861328
2020-04-23,23.642791748046875
2020-04-24,24.452600479125977
2020-04-27,23.791723251342773
2020-04-28,24.378143310546875
2020-04-29,25.17864227294922
2020-04-30,24.378143310546875
2020-05-01,23.726564407348633
2020-05-04,23.661405563354492
2020-05-05,24.368833541870117
2020-05-06,23.279775619506836
2020-05-07,24.62015151977539
2020-05-08,24.182668685913086
2020-05-11,22.693359375
2020-05-12,21.64153480529785
2020-05-13,21.66014862060547
2020-05-14,21.82863426208496
2020-05-15,21.313814163208008
2020-05-18,22.474506378173828
2020-05-19,22.455785751342773
2020-05-20,23.485443115234375
2020-05-21,22.979976654052734
2020-05-22,22.97062110900879
2020-05-26,24.000263214111328
2020-05-27,24.150033950805664
2020-05-28,25.263927459716797
2020-05-29,25.563465118408203
2020-06-01,25.104808807373047
2020-06-02,26.218700408935547
2020-06-03,26.6773624420166
2020-06-04,28.240562438964844
2020-06-05,28.689865112304688
2020-06-08,28.090797424316406
2020-06-09,27.697654724121094
2020-06-10,27.27643394470215
2020-06-11,25.366899490356445
2020-06-12,25.778759002685547
2020-06-15,25.058000564575195
2020-06-16,26.04085350036621
2020-06-17,25.600910186767578
2020-06-18,25.722599029541016
2020-06-19,25.394977569580078
2020-06-22,25.816200256347656
2020-06-23,25.666433334350586
2020-06-24,24.402772903442383
2020-06-25,24.52445411682129
2020-06-26,24.262361526489258
2020-06-29,24.46828842163086
2020-06-30,25.076719284057617
2020-07-01,25.31073570251465
2020-07-02,25.806840896606445
2020-07-06,25.76940155029297
2020-07-07,25.404338836669922
2020-07-08,24.20619773864746
2020-07-09,24.103227615356445
2020-07-10,24.9175968170166
2020-07-13,25.123533248901367
2020-07-14,25.348176956176758
2020-07-15,26.153175354003906
2020-07-16,26.134450912475586
2020-07-17,26.536958694458008
2020-07-20,25.947246551513672
2020-07-21,26.536958694458008
2020-07-22,26.827131271362305
2020-07-23,26.83649444580078
2020-07-24,26.696083068847656
2020-07-27,26.967538833618164
2020-07-28,26.387187957763672
2020-07-29,26.967538833618164
2020-07-30,26.65864372253418
2020-07-31,26.733524322509766
2020-08-03,26.696083068847656
2020-08-04,26.87393569946289
2020-08-05,26.72416877746582
2020-08-06,23.794334411621094
2020-08-07,23.700733184814453
2020-08-10,23.794334411621094
2020-08-11,25.067359924316406
2020-08-12,24.674219131469727
2020-08-13,25.32329750061035
2020-08-14,26.216947555541992
2020-08-17,26.122880935668945
2020-08-18,26.715513229370117
2020-08-19,26.86602020263672
2020-08-20,27.091787338256836
2020-08-21,26.75313949584961
2020-08-24,26.847211837768555
2020-08-25,26.95068359375
2020-08-26,27.496286392211914
2020-08-27,27.5527286529541
2020-08-28,27.76908302307129
2020-08-31,26.856616973876953
2020-09-01,27.693830490112305
2020-09-02,28.3428955078125
2020-09-03,27.665603637695312
2020-09-04,27.580944061279297
2020-09-08,26.621444702148438
2020-09-09,27.035348892211914
2020-09-10,27.411619186401367
2020-09-11,27.298736572265625
2020-09-14,27.251705169677734
2020-09-15,27.703231811523438
2020-09-16,27.496286392211914
2020-09-17,27.82552146911621
2020-09-18,27.27052116394043
2020-09-21,26.546188354492188
2020-09-22,26.423900604248047
2020-09-23,25.831274032592773
2020-09-24,25.99118423461914
2020-09-25,26.696699142456055
2020-09-28,27.251705169677734
2020-09-29,26.894241333007812
2020-09-30,27.101194381713867
2020-10-01,26.97890281677246
2020-10-02,27.62797737121582
2020-10-05,28.324087142944336
2020-10-06,28.30527687072754
2020-10-07,28.71917724609375
2020-10-08,30.412412643432617
2020-10-09,31.447172164916992
2020-10-12,31.597681045532227
2020-10-13,31.701148986816406
2020-10-14,31.81403160095215
2020-10-15,31.97395896911621
2020-10-16,32.05860900878906
2020-10-19,31.53182601928711
2020-10-20,31.108522415161133
2020-10-21,30.9486083984375
2020-10-22,31.164968490600586
2020-10-23,31.202585220336914
2020-10-26,30.769874572753906
2020-10-27,30.42181968688965
2020-10-28,29.970287322998047
2020-10-29,30.57232666015625
2020-10-30,31.023860931396484
2020-11-02,31.494197845458984
2020-11-03,30.97682762145996
2020-11-04,30.835718154907227
2020-11-05,31.926918029785156
2020-11-06,31.701148986816406
2020-11-09,32.58539581298828
2020-11-10,34.081085205078125
2020-11-11,34.45737075805664
2020-11-12,33.09796142578125
2020-11-13,33.99478530883789
2020-11-16,35.3353157043457
2020-11-17,34.948265075683594
2020-11-18,34.6367301940918
2020-11-19,34.89162063598633
2020-11-20,35.0804328918457
2020-11-23,35.67517852783203
2020-11-24,36.723060607910156
2020-11-25,36.42096710205078
2020-11-27,36.26047897338867
2020-11-30,36.17552185058594
2020-12-01,36.16606903076172
2020-12-02,36.128299713134766
2020-12-03,36.0716667175293
2020-12-04,36.48705291748047
2020-12-07,35.81678009033203
2020-12-08,36.26991271972656
2020-12-09,36.82689666748047
2020-12-10,36.57201385498047
2020-12-11,36.24160385131836
2020-12-14,36.59089660644531
2020-12-15,37.025150299072266
2020-12-16,36.89298629760742
2020-12-17,37.45940399169922
2020-12-18,37.20451354980469
2020-12-21,37.33667755126953
2020-12-22,36.7985725402832
2020-12-23,36.987396240234375
2020-12-24,37.28947448730469
2020-12-28,36.20383071899414
2020-12-29,35.81678009033203
2020-12-30,36.28880310058594
2020-12-31,36.55313491821289
2021-01-04,36.20383071899414
2021-01-05,36.64752960205078
2021-01-06,38.7716178894043
2021-01-07,39.46076583862305
2021-01-08,40.82961654663086
2021-01-11,41.17891311645508
2021-01-12,42.0851936340332
2021-01-13,41.660369873046875
2021-01-14,41.735897064208984
2021-01-15,41.30162811279297
2021-01-19,41.093955993652344
2021-01-20,41.216670989990234
2021-01-21,39.31915283203125
2021-01-22,39.706214904785156
2021-01-25,38.988746643066406
2021-01-26,37.270591735839844
2021-01-27,36.524818420410156
2021-01-28,38.03527069091797
2021-01-29,37.62934112548828
2021-02-01,38.431766510009766
2021-02-02,39.168113708496094
2021-02-03,39.51741409301758
2021-02-04,40.272640228271484
2021-02-05,41.44325256347656
2021-02-08,41.16947555541992
2021-02-09,40.999542236328125
2021-02-10,40.63136672973633
2021-02-11,41.10340118408203
2021-02-12,41.88693618774414
2021-02-16,42.74601364135742
2021-02-17,42.46281433105469
2021-02-18,41.726463317871094
2021-02-19,42.925392150878906
2021-02-22,44.06766891479492
2021-02-23,43.83164978027344
2021-02-24,43.81277084350586
2021-02-25,42.82154083251953
2021-02-26,42.745792388916016
2021-03-01,43.80615997314453
2021-03-02,43.342247009277344
2021-03-03,42.92567825317383
2021-03-04,41.515018463134766
2021-03-05,42.45230484008789
2021-03-08,42.50911331176758
2021-03-09,42.3292236328125
2021-03-10,44.49729537963867
2021-03-11,44.36474609375
2021-03-12,44.40261459350586
2021-03-15,44.336341857910156
2021-03-16,43.711490631103516
2021-03-17,44.743438720703125
2021-03-18,44.45941925048828
2021-03-19,44.56354904174805
2021-03-22,44.781314849853516
2021-03-23,43.40851593017578
2021-03-24,43.73042297363281
2021-03-25,44.28899383544922
2021-03-26,45.35883331298828
2021-03-29,45.22627639770508
2021-03-30,44.44047927856445
2021-03-31,44.13752365112305
2021-04-01,44.25113296508789
2021-04-05,44.5351676940918
2021-04-06,45.19788360595703
2021-04-07,44.260597229003906
2021-04-08,44.43101501464844
2021-04-09,44.620365142822266
2021-04-12,44.591957092285156
2021-04-13,44.37420654296875
2021-04-14,44.70557403564453
2021-04-15,44.989601135253906
2021-04-16,44.97066879272461
2021-04-19,44.989601135253906
2021-04-20,44.45941925048828
2021-04-21,45.70912551879883
2021-04-22,45.51978302001953
2021-04-23,46.040496826171875
2021-04-26,46.2677116394043
2021-04-27,46.54227066040039
2021-04-28,46.57066345214844
2021-04-29,46.92097091674805
2021-04-30,46.16356658935547
2021-05-03,47.081912994384766
2021-05-04,47.13871765136719
2021-05-05,45.141082763671875
2021-05-06,45.83220672607422
2021-05-07,46.25823974609375
2021-05-10,44.487815856933594
2021-05-11,44.582489013671875
2021-05-12,42.77421188354492
2021-05-13,43.60024642944336
2021-05-14,43.98004150390625
2021-05-17,43.885101318359375
2021-05-18,43.467315673828125
2021-05-19,42.555824279785156
2021-05-20,41.90067672729492
2021-05-21,42.44187927246094
2021-05-24,42.8691520690918
2021-05-25,42.34693145751953
2021-05-26,42.5178337097168
2021-05-27,42.89763641357422
2021-05-28,43.201473236083984
2021-06-01,43.64772415161133
2021-06-02,43.3533821105957
2021-06-03,43.6572151184082
2021-06-04,43.63822555541992
2021-06-07,43.6097412109375
2021-06-08,43.58126449584961
2021-06-09,43.191978454589844
2021-06-10,42.3089485168457
2021-06-11,42.28996658325195
2021-06-14,41.739261627197266
2021-06-15,42.07158660888672
2021-06-16,41.49239730834961
2021-06-17,41.31199264526367
2021-06-18,40.552406311035156
2021-06-21,41.217044830322266
2021-06-22,41.292999267578125
2021-06-23,41.368961334228516
2021-06-24,42.10956573486328
2021-06-25,41.92915344238281
2021-06-28,42.10006332397461
2021-06-29,42.04309844970703
2021-06-30,42.10956573486328
2021-07-01,42.36591720581055
2021-07-02,42.251983642578125
2021-07-06,41.86270523071289
2021-07-07,41.188568115234375
2021-07-08,40.73282241821289
2021-07-09,41.25502395629883
2021-07-12,41.587345123291016
2021-07-13,40.87523651123047
2021-07-14,40.51442337036133
2021-07-15,40.27705764770508
2021-07-16,39.6978759765625
2021-07-19,38.86233901977539
2021-07-20,39.621925354003906
2021-07-21,40.077659606933594
2021-07-22,40.134647369384766
2021-07-23,40.00171661376953
2021-07-26,40.210594177246094
2021-07-27,40.381507873535156
2021-07-28,40.65685272216797
2021-07-29,41.036651611328125
2021-07-30,40.618865966796875
2021-08-02,40.33402633666992
2021-08-03,40.894229888916016
2021-08-04,40.134647369384766
2021-08-05,39.3465690612793
2021-08-06,42.49884796142578
2021-08-09,42.89763641357422
2021-08-10,43.32489776611328
2021-08-11,43.42933654785156
2021-08-12,43.86744689941406
2021-08-13,43.800785064697266
2021-08-16,43.01980972290039
2021-08-17,42.92456817626953
2021-08-18,41.84836959838867
2021-08-19,40.52452087402344
2021-08-20,39.943565368652344
2021-08-23,39.953086853027344
2021-08-24,40.52452087402344
2021-08-25,41.69598388671875
2021-08-26,41.89598083496094
2021-08-27,42.07693099975586
2021-08-30,41.67692184448242
2021-08-31,41.87693786621094
2021-09-01,42.267417907714844
2021-09-02,42.78171157836914
2021-09-03,42.78171157836914
2021-09-07,42.21980285644531
2021-09-08,42.038841247558594
2021-09-09,41.50550079345703
2021-09-10,41.353118896484375
2021-09-13,41.08644104003906
2021-09-14,40.24832534790039
2021-09-15,40.924537658691406
2021-09-16,40.55310821533203
2021-09-17,39.876895904541016
2021-09-20,39.51498794555664
2021-09-21,39.42926788330078
2021-09-22,39.943565368652344
2021-09-23,40.39119338989258
2021-09-24,40.295955657958984
2021-09-27,41.391212463378906
2021-09-28,40.99120330810547
2021-09-29,40.81977081298828
2021-09-30,40.076908111572266
2021-10-01,41.42930603027344
2021-10-04,40.52452087402344
2021-10-05,41.391212463378906
2021-10-06,40.000709533691406
2021-10-07,40.46738815307617
2021-10-08,40.74357604980469
2021-10-11,40.43881607055664
2021-10-12,39.953086853027344
2021-10-13,40.22928237915039
2021-10-14,41.30549240112305
2021-10-15,41.4388313293457
2021-10-18,41.21977233886719
2021-10-19,41.55311584472656
2021-10-20,42.029319763183594
2021-10-21,40.67691421508789
2021-10-22,40.71500015258789
2021-10-25,40.4959602355957
2021-10-26,40.67691421508789
2021-10-27,40.10546875
2021-10-28,40.99120330810547
2021-10-29,41.09596633911133
2021-11-01,40.9626350402832
2021-11-02,40.80073165893555
2021-11-03,42.67695236206055
2021-11-04,45.14365768432617
2021-11-05,45.33413314819336
2021-11-08,44.32460403442383
2021-11-09,45.572227478027344
2021-11-10,45.543582916259766
2021-11-11,45.55312728881836
2021-11-12,46.51788330078125
2021-11-15,46.202667236328125
2021-11-16,46.25997543334961
2021-11-17,46.18355941772461
2021-11-18,46.48922348022461
2021-11-19,45.66775894165039
2021-11-22,45.419410705566406
2021-11-23,45.75373077392578
2021-11-24,45.43851852416992
2021-11-26,44.73167037963867
2021-11-29,44.50241470336914
2021-11-30,42.98366165161133
2021-12-01,42.658897399902344
2021-12-02,44.12034225463867
2021-12-03,43.97706985473633
2021-12-06,44.98956298828125
2021-12-07,45.610443115234375
2021-12-08,45.95432662963867
2021-12-09,45.877899169921875
2021-12-10,45.81102752685547
2021-12-13,44.54063415527344
2021-12-14,44.23497009277344
2021-12-15,44.02482604980469
2021-12-16,44.874942779541016
2021-12-17,44.01527404785156
2021-12-20,42.754417419433594
2021-12-21,43.766929626464844
2021-12-22,43.87199020385742
2021-12-23,44.35913848876953
2021-12-27,44.903602600097656
2021-12-28,45.25702667236328
2021-12-29,45.22837448120117
2021-12-30,45.00867462158203
2021-12-31,45.1614990234375
2022-01-03,44.79853439331055
2022-01-04,45.62955093383789
2022-01-05,45.12330627441406
2022-01-06,45.75373077392578
2022-01-07,46.25041961669922
2022-01-10,45.26657485961914
2022-01-11,46.24087142944336
2022-01-12,46.67070388793945
2022-01-13,46.708919525146484
2022-01-14,46.422359466552734
2022-01-18,45.98295974731445
2022-01-19,45.10419464111328
2022-01-20,44.45466232299805
2022-01-21,43.403953552246094
2022-01-24,44.00572204589844
2022-01-25,43.98662567138672
2022-01-26,43.94841384887695
2022-01-27,44.74121856689453
2022-01-28,45.333438873291016
2022-01-31,45.9256591796875
2022-02-01,45.782379150390625
2022-02-02,45.97341537475586
2022-02-03,46.355491638183594
2022-02-04,47.9984245300293
2022-02-07,47.32979202270508
2022-02-08,48.11305618286133
2022-02-09,49.230628967285156
2022-02-10,48.66706466674805
2022-02-11,48.76258087158203
2022-02-14,48.61930847167969
2022-02-15,48.60974884033203
2022-02-16,49.15420913696289
2022-02-17,48.97272872924805
2022-02-18,48.42826843261719
2022-02-22,48.39961242675781
2022-02-23,48.16081619262695
2022-02-24,47.8073844909668
2022-02-25,49.517189025878906
2022-02-28,49.83324432373047
2022-03-01,48.24333190917969
2022-03-02,49.13407516479492
2022-03-03,49.34478759765625
2022-03-04,49.30646896362305
2022-03-07,49.05744934082031
2022-03-08,47.965579986572266
2022-03-09,49.354366302490234
2022-03-10,51.32738494873047
2022-03-11,51.38485336303711
2022-03-14,51.92120361328125
2022-03-15,52.668270111083984
2022-03-16,52.44797897338867
2022-03-17,53.434505462646484
2022-03-18,53.49196243286133
2022-03-21,54.5455207824707
2022-03-22,54.095367431640625
2022-03-23,54.986106872558594
2022-03-24,56.020503997802734
2022-03-25,57.26560974121094
2022-03-28,56.53770446777344
2022-03-29,55.579925537109375
2022-03-30,55.90557098388672
2022-03-31,55.05314636230469
2022-04-01,55.828956604003906
2022-04-04,56.19289779663086
2022-04-05,55.81937026977539
2022-04-06,55.59907913208008
2022-04-07,56.020503997802734
2022-04-08,57.1219482421875
2022-04-11,57.22730255126953
2022-04-12,58.07014846801758
2022-04-13,58.37663650512695
2022-04-14,58.434112548828125
2022-04-18,58.37663650512695
2022-04-19,58.558624267578125
2022-04-20,58.731021881103516
2022-04-21,57.667884826660156
2022-04-22,55.24470520019531
2022-04-25,54.88074493408203
2022-04-26,54.239036560058594
2022-04-27,54.80412673950195
2022-04-28,55.37879943847656
2022-04-29,55.254276275634766
2022-05-02,54.9190559387207
2022-05-03,54.84243392944336
2022-05-04,56.64306640625
2022-05-05,55.58949279785156
2022-05-06,53.38661575317383
2022-05-09,50.838924407958984
2022-05-10,50.58989715576172
2022-05-11,51.336971282958984
2022-05-12,51.903526306152344
2022-05-13,53.26713943481445
2022-05-16,54.29465103149414
2022-05-17,55.32215118408203
2022-05-18,54.82280731201172
2022-05-19,56.656959533691406
2022-05-20,56.87782287597656
2022-05-23,58.49110794067383
2022-05-24,59.624244689941406
2022-05-25,59.54741287231445
2022-05-26,60.661346435546875
2022-05-27,60.411678314208984
2022-05-31,60.1331901550293
2022-06-01,59.85470962524414
2022-06-02,60.05638122558594
2022-06-03,59.537818908691406
2022-06-06,59.2689323425293
2022-06-07,59.90272521972656
2022-06-08,59.537818908691406
2022-06-09,58.65435791015625
2022-06-10,55.67746353149414
2022-06-13,54.00655746459961
2022-06-14,54.15060806274414
2022-06-15,53.32475662231445
2022-06-16,51.893924713134766
2022-06-17,51.10649490356445
2022-06-21,53.171112060546875
2022-06-22,51.30815505981445
2022-06-23,48.90743637084961
2022-06-24,51.4329948425293
2022-06-27,52.08598327636719
2022-06-28,52.11479568481445
2022-06-29,52.364463806152344
2022-06-30,51.989952087402344
2022-07-01,51.97074890136719
2022-07-05,50.03097152709961
2022-07-06,49.973358154296875
2022-07-07,50.75118637084961
2022-07-08,50.635955810546875
2022-07-11,50.808799743652344
2022-07-12,50.47270965576172
2022-07-13,49.90613555908203
2022-07-14,49.44520568847656
2022-07-15,49.9349479675293
2022-07-18,50.1654167175293
2022-07-19,51.60585021972656
2022-07-20,51.87472152709961
2022-07-21,51.74028396606445
2022-07-22,51.8651123046875
2022-07-25,53.26713943481445
2022-07-26,53.257537841796875
2022-07-27,54.36186599731445
2022-07-28,54.69797134399414
2022-07-29,55.26454162597656
2022-08-01,54.640357971191406
2022-08-02,53.526424407958984
2022-08-03,53.48801040649414
2022-08-04,53.02707290649414
2022-08-05,55.600643157958984
2022-08-08,56.74338912963867
2022-08-09,57.34836196899414
2022-08-10,57.70366668701172
2022-08-11,58.0213508605957
2022-08-12,59.45576095581055
2022-08-15,59.311363220214844
2022-08-16,59.783077239990234
2022-08-17,59.56166458129883
2022-08-18,60.04300308227539
2022-08-19,59.04180908203125
2022-08-22,58.76262664794922
2022-08-23,59.46539306640625
2022-08-24,59.59054183959961
2022-08-25,60.88054275512695
2022-08-26,59.994869232177734
2022-08-29,59.60017395019531
2022-08-30,59.46539306640625
2022-08-31,59.13808059692383
2022-09-01,58.54121017456055
2022-09-02,58.95516586303711
2022-09-06,58.06948471069336
2022-09-07,59.51352310180664
2022-09-08,59.72532272338867
2022-09-09,60.187408447265625
2022-09-12,59.79270553588867
2022-09-13,60.312564849853516
2022-09-14,61.42927932739258
2022-09-15,59.802330017089844
2022-09-16,59.061058044433594
2022-09-19,59.128448486328125
2022-09-20,59.10919189453125
2022-09-21,57.02015686035156
2022-09-22,57.5303840637207
2022-09-23,55.759033203125
2022-09-26,55.46060562133789
2022-09-27,55.1236572265625
2022-09-28,56.20186996459961
2022-09-29,55.075531005859375
2022-09-30,55.017757415771484
2022-10-03,56.972023010253906
2022-10-04,59.45576095581055
2022-10-05,59.22472381591797
2022-10-06,58.61821365356445
2022-10-07,58.56046676635742
2022-10-10,58.772247314453125
2022-10-11,58.49307632446289
2022-10-12,58.52195739746094
2022-10-13,60.601375579833984
2022-10-14,56.5388069152832
2022-10-17,58.107994079589844
2022-10-18,59.32099151611328
2022-10-19,59.494266510009766
2022-10-20,59.619422912597656
2022-10-21,60.53397750854492
2022-10-24,60.99607467651367
2022-10-25,62.536373138427734
2022-10-26,63.41240310668945
2022-10-27,63.50868606567383
2022-10-28,63.55682373046875
2022-10-31,62.902198791503906
2022-11-01,64.60615539550781
2022-11-02,64.41361999511719
2022-11-03,64.48100280761719
2022-11-04,62.93107223510742
2022-11-07,63.576080322265625
2022-11-08,64.68316650390625
2022-11-09,64.54840087890625
2022-11-10,64.84749603271484
2022-11-11,62.493263244628906
2022-11-14,64.38439178466797
2022-11-15,64.37474060058594
2022-11-16,63.052886962890625
2022-11-17,63.130062103271484
2022-11-18,62.90814971923828
2022-11-21,62.859920501708984
2022-11-22,63.76687240600586
2022-11-23,63.487064361572266
2022-11-25,63.998435974121094
2022-11-28,62.64765548706055
2022-11-29,63.26515197753906
2022-11-30,64.79926300048828
2022-12-01,63.92125701904297
2022-12-02,64.94398498535156
2022-12-05,62.09767532348633
2022-12-06,61.42228317260742
2022-12-07,61.51877212524414
2022-12-08,61.499481201171875
2022-12-09,60.77583694458008
2022-12-12,60.10044479370117
2022-12-13,60.438140869140625
2022-12-14,59.53118896484375
2022-12-15,58.11285400390625
2022-12-16,57.678672790527344
2022-12-19,56.25069808959961
2022-12-20,56.8199577331543
2022-12-21,57.30237579345703
2022-12-22,56.82960891723633
2022-12-23,57.292728424072266
2022-12-27,57.65937423706055
2022-12-28,56.569095611572266
2022-12-29,56.90678787231445
2022-12-30,56.71381378173828
2023-01-03,56.858551025390625
2023-01-04,57.59183883666992
2023-01-05,56.96467971801758
2023-01-06,58.86543273925781
2023-01-09,58.96192169189453
2023-01-10,59.57942199707031
2023-01-11,59.8978271484375
2023-01-12,60.380252838134766
2023-01-13,60.51532745361328
2023-01-17,60.496028900146484
2023-01-18,59.34785461425781
2023-01-19,60.03290557861328
2023-01-20,60.16798400878906
2023-01-23,59.72415542602539
2023-01-24,60.31269836425781
2023-01-25,60.910919189453125
2023-01-26,60.910919189453125
2023-01-27,61.586307525634766
2023-01-30,60.33200454711914
2023-01-31,62.184513092041016
2023-02-01,62.213462829589844
2023-02-02,59.82063293457031
2023-02-03,59.33821105957031
2023-02-06,58.56632995605469
2023-02-07,58.575984954833984
2023-02-08,59.70486068725586
2023-02-09,60.3995475769043
2023-02-10,62.20381546020508
2023-02-13,60.27412033081055
2023-02-14,59.99430847167969
2023-02-15,59.92677307128906
2023-02-16,60.544281005859375
2023-02-17,59.6373176574707
2023-02-21,57.948829650878906
2023-02-22,59.76274490356445
2023-02-23,59.82063293457031
2023-02-24,59.51188278198242
2023-02-27,59.92677307128906
2023-02-28,60.245941162109375
2023-03-01,60.110538482666016
2023-03-02,61.46459197998047
2023-03-03,61.60967254638672
2023-03-06,61.1744384765625
2023-03-07,60.90362548828125
2023-03-08,60.15890121459961
2023-03-09,57.953712463378906
2023-03-10,56.957515716552734
2023-03-13,56.69636917114258
2023-03-14,56.986534118652344
2023-03-15,54.98445129394531
2023-03-16,55.09084701538086
2023-03-17,54.7523307800293
2023-03-20,55.729190826416016
2023-03-21,56.58998107910156
2023-03-22,55.55509948730469
2023-03-23,54.94577407836914
2023-03-24,54.97478485107422
2023-03-27,55.80656433105469
2023-03-28,56.19343566894531
2023-03-29,57.97304916381836
2023-03-30,57.982730865478516
2023-03-31,58.33091354370117
2023-04-03,58.9982795715332
2023-04-04,58.41796875
2023-04-05,58.72745895385742
2023-04-06,57.837650299072266
2023-04-10,58.31157302856445
2023-04-11,58.93056869506836
2023-04-12,59.762351989746094
2023-04-13,60.661827087402344
2023-04-14,60.09119415283203
2023-04-17,60.71018981933594
2023-04-18,60.90362548828125
2023-04-19,60.2072639465332
2023-04-20,59.85905838012695
2023-04-21,59.46251678466797
2023-04-24,59.49153518676758
2023-04-25,58.543697357177734
2023-04-26,57.68290328979492
2023-04-27,58.67909622192383
2023-04-28,59.11433410644531
2023-05-01,59.443180084228516
2023-05-02,58.65007781982422
2023-05-03,58.031089782714844
2023-05-04,55.01347732543945
2023-05-05,56.3385124206543
2023-05-08,55.700172424316406
2023-05-09,55.226253509521484
2023-05-10,55.68082809448242
2023-05-11,54.965118408203125
2023-05-12,55.14888000488281
2023-05-15,56.0
2023-05-16,55.10051727294922
2023-05-17,54.1236686706543
2023-05-18,54.34611511230469
2023-05-19,55.10051727294922
2023-05-22,54.9941291809082
2023-05-23,54.19136428833008
2023-05-24,53.43695068359375
2023-05-25,53.05009078979492
2023-05-26,53.359588623046875
2023-05-30,53.1661491394043
2023-05-31,51.87628173828125
2023-06-01,52.23511505126953
2023-06-02,54.23295593261719
2023-06-05,54.504512786865234
2023-06-06,55.88167953491211
2023-06-07,56.33749771118164
2023-06-08,56.08534622192383
2023-06-09,54.737274169921875
2023-06-12,55.2803840637207
2023-06-13,55.95926284790039
2023-06-14,55.309471130371094
2023-06-15,55.93986892700195
2023-06-16,55.50344467163086
2023-06-20,54.83426284790039
2023-06-21,56.80301284790039
2023-06-22,56.143531799316406
2023-06-23,55.50344467163086
2023-06-26,56.25990676879883
2023-06-27,55.60042953491211
2023-06-28,55.22218322753906
2023-06-29,55.95926284790039
2023-06-30,55.57133102416992
2023-07-03,56.25020980834961
2023-07-05,54.84395980834961
2023-07-06,54.91184616088867
2023-07-07,55.57133102416992
2023-07-10,52.45817184448242
2023-07-11,52.87519836425781
2023-07-12,52.39997863769531
2023-07-13,52.962486267089844
2023-07-14,52.613346099853516
2023-07-17,52.943092346191406
2023-07-18,53.43769836425781
2023-07-19,54.494815826416016
2023-07-20,54.91184616088867
2023-07-21,54.649986267089844
2023-07-24,54.98942947387695
2023-07-25,54.53361511230469
2023-07-26,54.10689163208008
2023-07-27,53.91291809082031
2023-07-28,54.446327209472656
2023-07-31,54.727577209472656
2023-08-01,54.252357482910156
2023-08-02,54.21356964111328
2023-08-03,54.00990295410156
2023-08-04,54.329952239990234
2023-08-07,52.92368698120117
2023-08-08,52.54545974731445
2023-08-09,51.75989532470703
2023-08-10,50.634891510009766
2023-08-11,50.828853607177734
2023-08-14,50.43122863769531
2023-08-15,49.121952056884766
2023-08-16,48.50125503540039
2023-08-17,48.90858840942383
2023-08-18,49.2286262512207
2023-08-21,48.69522476196289
2023-08-22,47.8902702331543
2023-08-23,47.59932327270508
2023-08-24,48.152122497558594
2023-08-25,48.433372497558594
2023-08-28,49.39350509643555
2023-08-29,49.76204299926758
2023-08-30,49.71354293823242
2023-08-31,49.13955307006836
2023-09-01,49.72328186035156
2023-09-05,49.57734680175781
2023-09-06,49.129825592041016
2023-09-07,48.21533203125
2023-09-08,48.234798431396484
2023-09-11,48.458553314208984
2023-09-12,50.22917175292969
2023-09-13,50.579402923583984
2023-09-14,51.182579040527344
2023-09-15,51.12420654296875
2023-09-18,50.4626579284668
2023-09-19,51.11448287963867
2023-09-20,50.36537170410156
2023-09-21,50.13188171386719
2023-09-22,50.024864196777344
2023-09-25,49.878936767578125
2023-09-26,49.41196060180664
2023-09-27,49.37303924560547
2023-09-28,49.52870178222656
2023-09-29,49.77192687988281
2023-10-02,48.692039489746094
2023-10-03,48.97417449951172
2023-10-04,49.0811882019043
2023-10-05,48.47800827026367
2023-10-06,48.692039489746094
2023-10-09,49.21738815307617
2023-10-10,49.14928436279297
2023-10-11,48.52665328979492
2023-10-12,48.09858322143555
2023-10-13,48.205604553222656
2023-10-16,48.458553314208984
2023-10-17,50.16106414794922
2023-10-18,49.840023040771484
2023-10-19,49.57734680175781
2023-10-20,48.89633560180664
2023-10-23,47.446773529052734
2023-10-24,47.096527099609375
2023-10-25,47.31056594848633
2023-10-26,47.38839340209961
2023-10-27,46.52254104614258
2023-10-30,46.91168975830078
2023-10-31,46.8338508605957
2023-11-01,46.44470977783203
2023-11-02,48.21533203125
2023-11-03,48.867149353027344
2023-11-06,48.61421203613281
2023-11-07,47.94293212890625
2023-11-08,47.30083465576172
2023-11-09,43.302345275878906
2023-11-10,42.36840057373047
2023-11-13,44.061187744140625
2023-11-14,45.02432632446289
2023-11-15,45.46211242675781
2023-11-16,45.69560623168945
2023-11-17,46.03611373901367
2023-11-20,45.58858871459961
2023-11-21,45.01459884643555
2023-11-22,45.10215759277344
2023-11-24,45.403743743896484
2023-11-27,44.48925018310547
2023-11-28,44.265480041503906
2023-11-29,44.265480041503906
2023-11-30,44.12881088256836
2023-12-01,45.10511016845703
2023-12-04,44.14833068847656
2023-12-05,42.849853515625
2023-12-06,43.10368728637695
2023-12-07,43.44539260864258
2023-12-08,44.079986572265625
2023-12-11,44.71458435058594
2023-12-12,43.748046875
2023-12-13,44.46075439453125
2023-12-14,45.43705368041992
2023-12-15,45.446815490722656
2023-12-18,46.061885833740234
2023-12-19,46.725765228271484
2023-12-20,45.485862731933594
2023-12-21,46.16927719116211
2023-12-22,46.33525085449219
2023-12-26,46.862449645996094
2023-12-27,46.84292221069336
2023-12-28,46.950321197509766
2023-12-29,46.78434753417969
2024-01-02,47.40917205810547
2024-01-03,46.940555572509766
2024-01-04,46.471927642822266
2024-01-05,46.20832824707031
2024-01-08,45.895912170410156
2024-01-09,45.40776062011719
2024-01-10,44.95866394042969
2024-01-11,44.93913269042969
2024-01-12,45.017242431640625
2024-01-16,44.41193389892578
2024-01-17,43.777339935302734
2024-01-18,43.3575325012207
2024-01-19,44.51932907104492
2024-01-22,43.904258728027344
2024-01-23,44.35335922241211
2024-01-24,44.33382797241211
2024-01-25,44.16786193847656
2024-01-26,44.77316665649414
2024-01-29,44.84150695800781
2024-01-30,44.74387741088867
2024-01-31,44.40217208862305
2024-02-01,52.77883529663086
2024-02-02,51.78300476074219
2024-02-05,50.5723991394043
2024-02-06,50.85551834106445
2024-02-07,52.78859329223633
2024-02-08,51.97826385498047
2024-02-09,52.329734802246094
2024-02-12,53.7356071472168
2024-02-13,52.35902404785156
2024-02-14,52.79835891723633
2024-02-15,53.38414001464844
2024-02-16,53.50129699707031
2024-02-20,53.071720123291016
2024-02-21,52.93504333496094
2024-02-22,53.41343307495117
2024-02-23,53.59892272949219
2024-02-26,53.52082061767578
2024-02-27,53.8234748840332
2024-02-28,53.24746322631836
2024-02-29,52.40536880493164
2024-03-01,52.542457580566406
2024-03-04,52.49349594116211
2024-03-05,52.816612243652344
2024-03-06,52.90475082397461
2024-03-07,53.35517120361328
2024-03-08,53.54121017456055
2024-03-11,53.94267272949219
2024-03-12,53.96225357055664
2024-03-13,54.14829635620117
2024-03-14,54.05038070678711
2024-03-15,53.94267272949219
2024-03-18,53.570587158203125
2024-03-19,53.53141403198242
2024-03-20,54.56934356689453
2024-03-21,54.6182975769043
2024-03-22,53.92308807373047
2024-03-25,54.47142791748047
2024-03-26,55.12746810913086
2024-03-27,55.81289291381836
2024-03-28,56.46893310546875
2024-04-01,56.47872543334961
2024-04-02,55.97935104370117
2024-04-03,56.214359283447266
2024-04-04,55.763938903808594
2024-04-05,55.666011810302734
2024-04-08,56.32205581665039
2024-04-09,56.32205581665039
2024-04-10,55.96955490112305
2024-04-11,55.28413391113281
2024-04-12,52.6403694152832
2024-04-15,52.552242279052734
2024-04-16,52.20953369140625
2024-04-17,52.4151611328125
2024-04-18,52.83620834350586
2024-04-19,53.65871047973633
2024-04-22,54.05038070678711
2024-04-23,54.030799865722656
2024-04-24,53.629337310791016
2024-04-25,53.560794830322266
2024-04-26,53.77621078491211
2024-04-29,54.34413528442383
2024-04-30,53.00266647338867
2024-05-01,52.78724670410156
2024-05-02,55.79330825805664
2024-05-03,55.96955490112305
2024-05-06,55.18621826171875
2024-05-07,56.32205581665039
2024-05-08,55.63664627075195
2024-05-09,56.6256103515625
2024-05-10,56.28289794921875
2024-05-13,56.10664367675781
2024-05-14,56.351436614990234
2024-05-15,55.940181732177734
2024-05-16,54.83372116088867
2024-05-17,55.27434539794922
2024-05-20,55.55830383300781
2024-05-21,55.47018814086914
2024-05-22,55.79330825805664
2024-05-23,54.41267395019531
2024-05-24,54.35391616821289
2024-05-28,54.50080108642578
2024-05-29,53.13975524902344
2024-05-30,54.08955001831055
2024-05-31,54.77496337890625
2024-06-03,54.41267395019531
2024-06-04,52.733455657958984
2024-06-05,53.08697509765625
2024-06-06,53.931495666503906
2024-06-07,51.94785690307617
2024-06-10,50.77927017211914
2024-06-11,50.710533142089844
2024-06-12,51.005130767822266
2024-06-13,50.65161895751953
2024-06-14,50.25880813598633
2024-06-17,51.10333251953125
2024-06-18,50.95602798461914
2024-06-20,51.427391052246094
2024-06-21,51.967491149902344
2024-06-24,51.957672119140625
2024-06-25,52.085330963134766
2024-06-26,52.67453384399414
2024-06-27,52.68435287475586
2024-06-28,52.96912384033203
2024-07-01,52.11479187011719
2024-07-02,51.820194244384766
2024-07-03,51.53540802001953
2024-07-05,51.49612808227539
2024-07-08,50.78908920288086
2024-07-09,49.807090759277344
2024-07-10,50.101688385009766
2024-07-11,51.329193115234375
2024-07-12,52.144248962402344
2024-07-15,51.94785690307617
2024-07-16,53.22445297241211
2024-07-17,54.540340423583984
2024-07-18,54.20645523071289
2024-07-19,53.79401397705078
2024-07-22,53.78419876098633
2024-07-23,53.411033630371094
2024-07-24,52.851287841796875
2024-07-25,54.285011291503906
2024-07-26,54.39303207397461
2024-07-29,54.46177673339844
2024-07-30,54.530513763427734
2024-07-31,55.09025192260742
2024-08-01,52.04605484008789
2024-08-02,50.65161895751953
2024-08-05,50.38646697998047
2024-08-06,50.25880813598633
2024-08-07,49.866004943847656
2024-08-08,50.622154235839844
2024-08-09,50.6319694519043
2024-08-12,50.298091888427734
2024-08-13,50.79890823364258
2024-08-14,51.05423355102539
2024-08-15,51.810367584228516
2024-08-16,52.8316535949707
2024-08-19,53.332481384277344
2024-08-20,52.63525390625
2024-08-21,53.30301284790039
2024-08-22,53.56814956665039
2024-08-23,54.579612731933594
2024-08-26,54.64835739135742
2024-08-27,54.55997848510742
2024-08-28,54.99205780029297
2024-08-29,55.974056243896484
2024-08-30,56.26865768432617
2024-09-03,54.732173919677734
2024-09-04,54.663230895996094
2024-09-05,54.27911376953125
2024-09-06,54.49579620361328
2024-09-09,54.95870590209961
2024-09-10,54.545040130615234
2024-09-11,54.31850814819336
2024-09-12,54.86021423339844
2024-09-13,55.77619171142578
2024-09-16,55.421627044677734
2024-09-17,56.180015563964844
2024-09-18,56.57398223876953
2024-09-19,57.71649169921875
2024-09-20,56.711875915527344
2024-09-23,57.12554168701172
2024-09-24,56.97779846191406
2024-09-25,56.28835678100586
2024-09-26,57.14523696899414
2024-09-27,57.69679641723633
2024-09-30,57.903629302978516
2024-10-01,57.11569595336914
2024-10-02,57.755889892578125
2024-10-03,57.21417999267578
2024-10-04,57.450565338134766
2024-10-07,56.59368133544922
2024-10-08,56.03227615356445
2024-10-09,55.648155212402344
2024-10-10,55.6973991394043
2024-10-11,55.983028411865234
2024-10-14,56.88916015625
2024-10-15,56.436092376708984
2024-10-16,58.06121826171875
2024-10-17,58.06121826171875
2024-10-18,58.514278411865234
2024-10-21,58.356693267822266
2024-10-22,58.22864532470703
2024-10-23,59.87347412109375
2024-10-24,59.86362075805664
2024-10-25,59.44010543823242
2024-10-28,60.20834732055664
2024-10-29,59.87347412109375
2024-10-30,60.6417121887207
2024-10-31,60.00151443481445
2024-11-01,59.942420959472656
2024-11-04,60.28714370727539
2024-11-05,60.819000244140625
2024-11-06,60.80915451049805
2024-11-07,57.755889892578125
2024-11-08,57.450565338134766
2024-11-11,57.63770294189453
2024-11-12,56.268653869628906
2024-11-13,56.79066467285156
2024-11-14,56.544437408447266
2024-11-15,54.377601623535156
2024-11-18,56.13076400756836
2024-11-19,57.36192321777344
2024-11-20,57.874080657958984
2024-11-21,59.843929290771484
2024-11-22,60.30684280395508
2024-11-25,63.16311264038086
2024-11-26,62.296382904052734
2024-11-27,61.55769729614258
2024-11-29,61.30160903930664
2024-12-02,61.459632873535156
2024-12-03,61.232479095458984
2024-12-04,60.412750244140625
2024-12-05,60.02758026123047
2024-12-06,58.7535514831543
2024-12-09,59.000457763671875
2024-12-10,58.684417724609375
2024-12-11,59.03996276855469
2024-12-12,58.56590270996094
2024-12-13,58.7535514831543
2024-12-16,58.220237731933594
2024-12-17,57.84493637084961
2024-12-18,55.71167755126953
2024-12-19,55.46477508544922
2024-12-20,56.768436431884766
2024-12-23,56.215362548828125
2024-12-24,56.768436431884766
2024-12-26,56.71905517578125
2024-12-27,56.531402587890625
2024-12-30,55.85982131958008
2024-12-31,56.25486755371094
2025-01-02,55.64254379272461
2025-01-03,55.24749755859375
2025-01-06,56.23512268066406
2025-01-07,56.324005126953125
2025-01-08,56.44252395629883
2025-01-10,56.38325881958008
2025-01-13,59.1881103515625
2025-01-14,60.13622283935547
2025-01-15,60.16584396362305
2025-01-16,60.86705780029297
2025-01-17,61.54851531982422
2025-01-21,62.3386116027832
2025-01-22,61.73616409301758
2025-01-23,63.39537048339844
2025-01-24,63.168216705322266
2025-01-27,63.671905517578125
2025-01-28,63.4842529296875
2025-01-29,64.1953353881836
2025-01-30,65.33110809326172
2025-01-31,64.46199798583984
2025-02-03,63.81016540527344
2025-02-04,64.88668060302734
2025-02-05,63.02994918823242
2025-02-06,61.5880241394043
2025-02-07,61.56827163696289
2025-02-10,61.43988037109375
2025-02-11,62.19047164916992
2025-02-12,61.29174041748047
2025-02-13,62.08183288574219
2025-02-14,63.168216705322266
2025-02-18,63.66202163696289
2025-02-19,62.852176666259766
2025-02-20,63.039825439453125
2025-02-21,61.983070373535156
2025-02-24,61.83492660522461
2025-02-25,62.200347900390625
2025-02-26,62.02257537841797
2025-02-27,62.042327880859375
2025-02-28,62.200347900390625
2025-03-03,59.813743591308594
2025-03-04,59.21956253051758
2025-03-05,60.56636428833008
2025-03-06,60.26927185058594
2025-03-07,59.97218704223633
2025-03-10,59.65529251098633
2025-03-11,59.387916564941406
2025-03-12,58.42732620239258
2025-03-13,58.02130889892578
2025-03-14,59.23937225341797
2025-03-17,60.98228454589844
2025-03-18,60.98228454589844
2025-03-19,61.85374069213867
2025-03-20,61.22986602783203
2025-03-21,61.12092590332031
2025-03-24,61.467529296875
2025-03-25,61.249664306640625
2025-03-26,62.0914192199707
2025-03-27,61.83393859863281
2025-03-28,60.46733474731445
2025-03-31,62.319183349609375
2025-04-01,62.93315887451172
2025-04-02,63.37879943847656
2025-04-03,60.70500183105469
2025-04-04,55.24848937988281
2025-04-07,55.03062057495117
2025-04-08,54.981109619140625
2025-04-09,57.991600036621094
2025-04-10,57.37761306762695
2025-04-11,58.704612731933594
2025-04-14,59.70480728149414
2025-04-15,59.12053680419922
2025-04-16,58.62538528442383
2025-04-17,59.16014862060547
2025-04-21,58.546165466308594
2025-04-22,60.06131362915039
2025-04-23,60.477237701416016
2025-04-24,61.11102294921875
2025-04-25,60.873355865478516
2025-04-28,60.96248245239258
2025-04-29,61.20015335083008
2025-04-30,61.388309478759766
2025-05-01,61.41801452636719
2025-05-02,62.0220947265625
2025-05-05,61.80423355102539
2025-05-06,61.843841552734375
2025-05-07,61.87355041503906
2025-05-08,66.2110366821289
2025-05-09,67.13201141357422
2025-05-12,67.30035400390625
2025-05-13,67.2409439086914
2025-05-14,66.93394470214844
2025-05-15,67.62715911865234
2025-05-16,67.94405364990234
2025-05-19,68.14209747314453
2025-05-20,68.5085220336914
2025-05-21,68.2906494140625
2025-05-22,67.92424011230469
2025-05-23,68.38968658447266
2025-05-27,69.7265853881836
2025-05-28,69.637451171875
2025-05-29,69.03337860107422
2025-05-30,70.11279296875
2025-06-02,70.4304428100586
2025-06-03,70.66869354248047
2025-06-04,70.8572998046875
2025-06-05,70.67861938476562
2025-06-06,71.11539459228516
2025-06-09,71.4826889038086
2025-06-10,71.02606201171875
2025-06-11,71.54224395751953
2025-06-12,71.98895263671875
2025-06-13,71.89961242675781
2025-06-16,73.64672088623047
2025-06-17,73.66657257080078
2025-06-18,73.57723999023438
2025-06-20,73.18016052246094
2025-06-23,73.89488983154297
2025-06-24,72.7533187866211
2025-06-25,72.70367431640625
2025-06-26,73.75592041015625
2025-06-27,73.84526062011719
2025-06-30,73.9842300415039
2025-07-01,74.55998229980469
2025-07-02,76.43614196777344
2025-07-03,76.5552749633789
2025-07-07,76.01922607421875
2025-07-08,75.89016723632812
2025-07-09,75.64200592041016
2025-07-10,74.28203582763672
2025-07-11,73.03125762939453
2025-07-14,72.57463073730469
2025-07-15,71.56209564208984
2025-07-16,72.44558715820312
2025-07-17,72.63418579101562
2025-07-18,72.51507568359375
2025-07-21,72.46543884277344
2025-07-22,73.20994567871094
2025-07-23,73.35884857177734
2025-07-24,72.58456420898438
2025-07-25,72.89229583740234
2025-07-28,71.86982727050781
2025-07-29,72.3463134765625
2025-07-30,71.45291900634766
2025-07-31,71.601806640625
2025-08-01,70.64883422851562
2025-08-04,71.39334106445312
2025-08-05,71.7804946899414
2025-08-06,70.64883422851562
2025-08-07,70.52972412109375
2025-08-08,70.3907470703125
2025-08-11,71.92938995361328
2025-08-12,70.5098648071289
2025-08-13,71.80034637451172
2025-08-14,71.34371948242188
2025-08-15,71.2345199584961
2025-08-18,71.7606430053711
2025-08-19,71.86982727050781
2025-08-20,72.42572784423828
2025-08-21,72.44558715820312
2025-08-22,72.83273315429688
2025-08-25,73.06105041503906
2025-08-26,73.3985595703125
2025-08-27,74.48057556152344
2025-08-28,73.77577209472656
2025-08-29,73.64672088623047
2025-09-02,73.55716705322266
2025-09-03,72.03467559814453
2025-09-04,72.29340362548828
2025-09-05,71.94512176513672
2025-09-08,72.59192657470703
2025-09-09,72.14413452148438
2025-09-10,71.42766571044922
2025-09-11,72.63172912597656
2025-09-12,73.92535400390625
2025-09-15,69.72606658935547
2025-09-16,69.53699493408203
2025-09-17,70.29326629638672
2025-09-18,70.31317138671875
2025-09-19,70.5121841430664
2025-09-22,69.40763854980469
2025-09-23,69.13896179199219
2025-09-24,69.26831817626953
2025-09-25,66.75074005126953
2025-09-26,67.75578308105469
2025-09-29,67.43734741210938
2025-09-30,67.29803466796875
2025-10-01,61.168277740478516
2025-10-02,63.17835998535156
2025-10-03,63.0589485168457
2025-10-06,63.98439025878906
2025-10-07,65.28795623779297
2025-10-08,62.800228118896484
2025-10-09,62.441993713378906
2025-10-10,61.526512145996094
2025-10-13,62.36238479614258
2025-10-14,62.36238479614258
2025-10-15,61.606117248535156
2025-10-16,60.700584411621094
2025-10-17,61.0986213684082
2025-10-20,61.67577362060547
2025-10-21,61.66582489013672
2025-10-22,62.810176849365234
2025-10-23,63.16840744018555
2025-10-24,63.34752655029297
2025-10-27,63.6161994934082
2025-10-28,63.14850616455078
2025-10-29,62.88978576660156
2025-10-30,61.39714813232422
2025-10-31,61.138423919677734
2025-11-03,61.7553825378418
2025-11-04,62.19321823120117
2025-11-05,63.35747528076172
2025-11-06,62.84003448486328
2025-11-07,63.83512496948242
2025-11-10,65.23820495605469
2025-11-11,65.39742279052734
2025-11-12,66.15369415283203
2025-11-13,65.87505340576172
2025-11-14,65.67604064941406
2025-11-17,63.56644821166992
2025-11-18,64.18340301513672
2025-11-19,64.3625259399414
2025-11-20,64.0639877319336
2025-11-21,65.21829986572266
2025-11-24,65.33771514892578
2025-11-25,65.72579956054688
2025-11-26,66.3228530883789
2025-11-28,67.13882446289062
2025-12-01,66.39051055908203
2025-12-02,65.45262145996094
2025-12-03,65.1532974243164
2025-12-04,66.14107513427734
2025-12-05,65.85172271728516
2025-12-08,64.94376373291016
2025-12-09,65.69207763671875
2025-12-10,64.95374298095703
2025-12-11,65.89163208007812
2025-12-12,65.9714584350586
2025-12-15,65.73198699951172
2025-12-16,65.33289337158203
2025-12-17,66.28075408935547
2025-12-18,66.80956268310547
2025-12-19,66.16102600097656
2025-12-22,66.93927001953125
2025-12-23,66.99913787841797
2025-12-24,67.1787338256836
2025-12-26,67.28849029541016
2025-12-29,67.49801635742188
2025-12-30,67.2186508178711
