Date,CVNA
2017-04-28,2.2200000286102295
2017-05-01,2.1540000438690186
2017-05-02,2.0199999809265137
2017-05-03,1.74399995803833
2017-05-04,1.996000051498413
2017-05-05,2.184000015258789
2017-05-08,2.1600000858306885
2017-05-09,2.109999895095825
2017-05-10,2.1480000019073486
2017-05-11,2.200000047683716
2017-05-12,2.2699999809265137
2017-05-15,2.303999900817871
2017-05-16,2.3519999980926514
2017-05-17,2.3320000171661377
2017-05-18,2.303999900817871
2017-05-19,2.2799999713897705
2017-05-22,2.2160000801086426
2017-05-23,2.1619999408721924
2017-05-24,2.181999921798706
2017-05-25,2.130000114440918
2017-05-26,2.1459999084472656
2017-05-30,2.0360000133514404
2017-05-31,2.009999990463257
2017-06-01,1.8660000562667847
2017-06-02,1.906000018119812
2017-06-05,1.7999999523162842
2017-06-06,1.906000018119812
2017-06-07,2.5320000648498535
2017-06-08,2.640000104904175
2017-06-09,2.6600000858306885
2017-06-12,2.799999952316284
2017-06-13,3.0220000743865967
2017-06-14,3.3399999141693115
2017-06-15,3.5360000133514404
2017-06-16,3.861999988555908
2017-06-19,3.9079999923706055
2017-06-20,3.7820000648498535
2017-06-21,3.9059998989105225
2017-06-22,4.228000164031982
2017-06-23,4.285999774932861
2017-06-26,4.677999973297119
2017-06-27,4.434000015258789
2017-06-28,4.131999969482422
2017-06-29,4.119999885559082
2017-06-30,4.093999862670898
2017-07-03,3.8420000076293945
2017-07-05,4.236000061035156
2017-07-06,4.035999774932861
2017-07-07,4.199999809265137
2017-07-10,4.3979997634887695
2017-07-11,4.311999797821045
2017-07-12,4.480000019073486
2017-07-13,4.5960001945495605
2017-07-14,4.585999965667725
2017-07-17,4.360000133514404
2017-07-18,4.306000232696533
2017-07-19,4.452000141143799
2017-07-20,4.320000171661377
2017-07-21,4.28000020980835
2017-07-24,4.323999881744385
2017-07-25,4.173999786376953
2017-07-26,4.269999980926514
2017-07-27,4.197999954223633
2017-07-28,4.081999778747559
2017-07-31,3.9040000438690186
2017-08-01,3.742000102996826
2017-08-02,3.812000036239624
2017-08-03,3.4820001125335693
2017-08-04,3.6040000915527344
2017-08-07,3.7139999866485596
2017-08-08,3.8459999561309814
2017-08-09,3.618000030517578
2017-08-10,3.441999912261963
2017-08-11,3.2660000324249268
2017-08-14,3.0739998817443848
2017-08-15,2.9579999446868896
2017-08-16,3.0299999713897705
2017-08-17,3.0360000133514404
2017-08-18,2.8420000076293945
2017-08-21,2.9240000247955322
2017-08-22,3.1019999980926514
2017-08-23,3.187999963760376
2017-08-24,3.184000015258789
2017-08-25,2.9679999351501465
2017-08-28,3.0999999046325684
2017-08-29,3.1480000019073486
2017-08-30,3.50600004196167
2017-08-31,3.569999933242798
2017-09-01,3.4679999351501465
2017-09-05,3.3480000495910645
2017-09-06,3.5739998817443848
2017-09-07,3.75
2017-09-08,3.680000066757202
2017-09-11,3.686000108718872
2017-09-12,3.7039999961853027
2017-09-13,3.609999895095825
2017-09-14,3.628000020980835
2017-09-15,3.5320000648498535
2017-09-18,3.2660000324249268
2017-09-19,3.3380000591278076
2017-09-20,3.5179998874664307
2017-09-21,3.361999988555908
2017-09-22,3.2339999675750732
2017-09-25,3.299999952316284
2017-09-26,3.2039999961853027
2017-09-27,3.0999999046325684
2017-09-28,2.9800000190734863
2017-09-29,2.936000108718872
2017-10-02,3.130000114440918
2017-10-03,3.0859999656677246
2017-10-04,3.0759999752044678
2017-10-05,3.0899999141693115
2017-10-06,3.052000045776367
2017-10-09,2.9619998931884766
2017-10-10,2.7799999713897705
2017-10-11,2.8499999046325684
2017-10-12,2.802000045776367
2017-10-13,2.803999900817871
2017-10-16,2.799999952316284
2017-10-17,2.7980000972747803
2017-10-18,2.7980000972747803
2017-10-19,2.691999912261963
2017-10-20,2.6679999828338623
2017-10-23,2.6059999465942383
2017-10-24,2.7279999256134033
2017-10-25,2.6059999465942383
2017-10-26,2.5299999713897705
2017-10-27,2.552000045776367
2017-10-30,2.5
2017-10-31,2.8359999656677246
2017-11-01,2.802000045776367
2017-11-02,2.799999952316284
2017-11-03,2.812000036239624
2017-11-06,3.2720000743865967
2017-11-07,3.0299999713897705
2017-11-08,2.931999921798706
2017-11-09,2.7720000743865967
2017-11-10,2.8380000591278076
2017-11-13,3.00600004196167
2017-11-14,3.0260000228881836
2017-11-15,2.990000009536743
2017-11-16,3.0799999237060547
2017-11-17,3.0999999046325684
2017-11-20,2.98799991607666
2017-11-21,2.934000015258789
2017-11-22,3.063999891281128
2017-11-24,3.0859999656677246
2017-11-27,3.1480000019073486
2017-11-28,3.308000087738037
2017-11-29,3.118000030517578
2017-11-30,3.242000102996826
2017-12-01,3.5820000171661377
2017-12-04,4.041999816894531
2017-12-05,4.085999965667725
2017-12-06,4.110000133514404
2017-12-07,4.4039998054504395
2017-12-08,4.248000144958496
2017-12-11,4.133999824523926
2017-12-12,4.260000228881836
2017-12-13,4.415999889373779
2017-12-14,4.6479997634887695
2017-12-15,4.374000072479248
2017-12-18,4.306000232696533
2017-12-19,4.056000232696533
2017-12-20,4.197999954223633
2017-12-21,4.245999813079834
2017-12-22,4.25
2017-12-26,4.245999813079834
2017-12-27,4.056000232696533
2017-12-28,3.9260001182556152
2017-12-29,3.8239998817443848
2018-01-02,3.6619999408721924
2018-01-03,3.6740000247955322
2018-01-04,3.75
2018-01-05,3.941999912261963
2018-01-08,4.010000228881836
2018-01-09,4.033999919891357
2018-01-10,4.208000183105469
2018-01-11,4.113999843597412
2018-01-12,4.190000057220459
2018-01-16,4.1020002365112305
2018-01-17,4.076000213623047
2018-01-18,4.047999858856201
2018-01-19,4.171999931335449
2018-01-22,4.070000171661377
2018-01-23,4.203999996185303
2018-01-24,4.150000095367432
2018-01-25,4.067999839782715
2018-01-26,3.947999954223633
2018-01-29,3.76200008392334
2018-01-30,3.799999952316284
2018-01-31,3.818000078201294
2018-02-01,3.697999954223633
2018-02-02,3.6600000858306885
2018-02-05,3.5139999389648438
2018-02-06,3.696000099182129
2018-02-07,3.697999954223633
2018-02-08,3.5320000648498535
2018-02-09,3.619999885559082
2018-02-12,3.927999973297119
2018-02-13,4.0920000076293945
2018-02-14,4.179999828338623
2018-02-15,4.372000217437744
2018-02-16,4.283999919891357
2018-02-20,4.296000003814697
2018-02-21,4.125999927520752
2018-02-22,4.196000099182129
2018-02-23,4.276000022888184
2018-02-26,4.375999927520752
2018-02-27,4.144000053405762
2018-02-28,4.007999897003174
2018-03-01,3.8259999752044678
2018-03-02,3.746000051498413
2018-03-05,3.7260000705718994
2018-03-06,3.7360000610351562
2018-03-07,3.492000102996826
2018-03-08,3.4019999504089355
2018-03-09,3.6059999465942383
2018-03-12,3.697999954223633
2018-03-13,3.7739999294281006
2018-03-14,4.248000144958496
2018-03-15,4.004000186920166
2018-03-16,4.196000099182129
2018-03-19,4.073999881744385
2018-03-20,4.052000045776367
2018-03-21,4.170000076293945
2018-03-22,4.185999870300293
2018-03-23,4.191999912261963
2018-03-26,4.466000080108643
2018-03-27,4.453999996185303
2018-03-28,4.521999835968018
2018-03-29,4.585999965667725
2018-04-02,4.51800012588501
2018-04-03,4.541999816894531
2018-04-04,4.47599983215332
2018-04-05,4.664000034332275
2018-04-06,4.581999778747559
2018-04-09,4.748000144958496
2018-04-10,4.796000003814697
2018-04-11,4.535999774932861
2018-04-12,4.644000053405762
2018-04-13,4.679999828338623
2018-04-16,5.406000137329102
2018-04-17,6.019999980926514
2018-04-18,5.955999851226807
2018-04-19,5.938000202178955
2018-04-20,5.874000072479248
2018-04-23,5.992000102996826
2018-04-24,5.616000175476074
2018-04-25,5.8520002365112305
2018-04-26,5.495999813079834
2018-04-27,5.489999771118164
2018-04-30,5.242000102996826
2018-05-01,5.3979997634887695
2018-05-02,5.340000152587891
2018-05-03,5.236000061035156
2018-05-04,5.093999862670898
2018-05-07,5.047999858856201
2018-05-08,4.99399995803833
2018-05-09,4.952000141143799
2018-05-10,5.355999946594238
2018-05-11,5.5
2018-05-14,5.435999870300293
2018-05-15,5.294000148773193
2018-05-16,5.354000091552734
2018-05-17,5.355999946594238
2018-05-18,5.3520002365112305
2018-05-21,5.343999862670898
2018-05-22,5.3420000076293945
2018-05-23,5.236000061035156
2018-05-24,5.1519999504089355
2018-05-25,5.019999980926514
2018-05-29,5.421999931335449
2018-05-30,5.6620001792907715
2018-05-31,5.769999980926514
2018-06-01,5.633999824523926
2018-06-04,5.946000099182129
2018-06-05,6.211999893188477
2018-06-06,6.581999778747559
2018-06-07,7.070000171661377
2018-06-08,7.208000183105469
2018-06-11,7.3520002365112305
2018-06-12,7.785999774932861
2018-06-13,7.418000221252441
2018-06-14,8.07800006866455
2018-06-15,8.564000129699707
2018-06-18,8.637999534606934
2018-06-19,8.736000061035156
2018-06-20,7.74399995803833
2018-06-21,7.585999965667725
2018-06-22,8.071999549865723
2018-06-25,7.935999870300293
2018-06-26,8.100000381469727
2018-06-27,8.293999671936035
2018-06-28,8.357999801635742
2018-06-29,8.319999694824219
2018-07-02,8.529999732971191
2018-07-03,8.345999717712402
2018-07-05,8.996000289916992
2018-07-06,9.434000015258789
2018-07-09,8.96399974822998
2018-07-10,8.82800006866455
2018-07-11,8.793999671936035
2018-07-12,9.112000465393066
2018-07-13,8.819999694824219
2018-07-16,9.034000396728516
2018-07-17,9.180000305175781
2018-07-18,9.366000175476074
2018-07-19,9.067999839782715
2018-07-20,8.838000297546387
2018-07-23,8.67199993133545
2018-07-24,8.765999794006348
2018-07-25,9.100000381469727
2018-07-26,9.067999839782715
2018-07-27,8.842000007629395
2018-07-30,8.223999977111816
2018-07-31,8.600000381469727
2018-08-01,8.748000144958496
2018-08-02,8.684000015258789
2018-08-03,9.015999794006348
2018-08-06,9.380000114440918
2018-08-07,9.430000305175781
2018-08-08,9.411999702453613
2018-08-09,10.222000122070312
2018-08-10,10.812000274658203
2018-08-13,10.727999687194824
2018-08-14,10.960000038146973
2018-08-15,10.668000221252441
2018-08-16,10.87600040435791
2018-08-17,11.083999633789062
2018-08-20,11.706000328063965
2018-08-21,11.675999641418457
2018-08-22,11.593999862670898
2018-08-23,11.527999877929688
2018-08-24,12.015999794006348
2018-08-27,12.477999687194824
2018-08-28,12.604000091552734
2018-08-29,12.607999801635742
2018-08-30,12.418000221252441
2018-08-31,12.947999954223633
2018-09-04,13.468000411987305
2018-09-05,12.430000305175781
2018-09-06,11.791999816894531
2018-09-07,12.300000190734863
2018-09-10,13.656000137329102
2018-09-11,14.163999557495117
2018-09-12,13.486000061035156
2018-09-13,12.802000045776367
2018-09-14,12.685999870300293
2018-09-17,12.053999900817871
2018-09-18,11.854000091552734
2018-09-19,11.789999961853027
2018-09-20,12.010000228881836
2018-09-21,12.001999855041504
2018-09-24,11.907999992370605
2018-09-25,11.866000175476074
2018-09-26,12.229999542236328
2018-09-27,12.0
2018-09-28,11.817999839782715
2018-10-01,11.494000434875488
2018-10-02,10.892000198364258
2018-10-03,10.90999984741211
2018-10-04,10.661999702453613
2018-10-05,10.77400016784668
2018-10-08,10.531999588012695
2018-10-09,10.248000144958496
2018-10-10,9.314000129699707
2018-10-11,8.779999732971191
2018-10-12,9.380000114440918
2018-10-15,8.729999542236328
2018-10-16,9.130000114440918
2018-10-17,8.965999603271484
2018-10-18,8.552000045776367
2018-10-19,8.034000396728516
2018-10-22,8.317999839782715
2018-10-23,8.326000213623047
2018-10-24,7.708000183105469
2018-10-25,8.092000007629395
2018-10-26,7.74399995803833
2018-10-29,7.550000190734863
2018-10-30,7.535999774932861
2018-10-31,7.75
2018-11-01,8.878000259399414
2018-11-02,9.265999794006348
2018-11-05,9.288000106811523
2018-11-06,9.010000228881836
2018-11-07,9.234000205993652
2018-11-08,10.293999671936035
2018-11-09,9.779999732971191
2018-11-12,8.802000045776367
2018-11-13,9.105999946594238
2018-11-14,9.050000190734863
2018-11-15,9.569999694824219
2018-11-16,9.208000183105469
2018-11-19,8.47599983215332
2018-11-20,8.244000434875488
2018-11-21,8.336000442504883
2018-11-23,8.531999588012695
2018-11-26,9.013999938964844
2018-11-27,9.206000328063965
2018-11-28,9.484000205993652
2018-11-29,9.45199966430664
2018-11-30,8.657999992370605
2018-12-03,8.571999549865723
2018-12-04,7.679999828338623
2018-12-06,7.716000080108643
2018-12-07,7.142000198364258
2018-12-10,7.093999862670898
2018-12-11,6.763999938964844
2018-12-12,7.1519999504089355
2018-12-13,6.708000183105469
2018-12-14,6.429999828338623
2018-12-17,6.553999900817871
2018-12-18,6.949999809265137
2018-12-19,6.51200008392334
2018-12-20,6.28000020980835
2018-12-21,5.9679999351501465
2018-12-24,6.1620001792907715
2018-12-26,6.748000144958496
2018-12-27,6.664000034332275
2018-12-28,6.357999801635742
2018-12-31,6.541999816894531
2019-01-02,6.452000141143799
2019-01-03,6.038000106811523
2019-01-04,6.156000137329102
2019-01-07,6.633999824523926
2019-01-08,7.119999885559082
2019-01-09,6.99399995803833
2019-01-10,6.829999923706055
2019-01-11,7.360000133514404
2019-01-14,7.099999904632568
2019-01-15,7.111999988555908
2019-01-16,7.073999881744385
2019-01-17,7.1620001792907715
2019-01-18,7.381999969482422
2019-01-22,7.130000114440918
2019-01-23,7.4079999923706055
2019-01-24,7.679999828338623
2019-01-25,7.960000038146973
2019-01-28,7.941999912261963
2019-01-29,7.4120001792907715
2019-01-30,7.461999893188477
2019-01-31,7.429999828338623
2019-02-01,7.056000232696533
2019-02-04,7.242000102996826
2019-02-05,6.874000072479248
2019-02-06,6.682000160217285
2019-02-07,6.604000091552734
2019-02-08,6.435999870300293
2019-02-11,6.395999908447266
2019-02-12,7.01800012588501
2019-02-13,6.625999927520752
2019-02-14,6.860000133514404
2019-02-15,7.070000171661377
2019-02-19,7.3460001945495605
2019-02-20,7.228000164031982
2019-02-21,6.953999996185303
2019-02-22,7.599999904632568
2019-02-25,7.697999954223633
2019-02-26,8.100000381469727
2019-02-27,8.36400032043457
2019-02-28,8.972000122070312
2019-03-01,8.723999977111816
2019-03-04,8.413999557495117
2019-03-05,9.595999717712402
2019-03-06,10.119999885559082
2019-03-07,9.895999908447266
2019-03-08,9.920000076293945
2019-03-11,10.428000450134277
2019-03-12,10.619999885559082
2019-03-13,11.194000244140625
2019-03-14,11.15999984741211
2019-03-15,11.336000442504883
2019-03-18,11.371999740600586
2019-03-19,11.597999572753906
2019-03-20,11.593999862670898
2019-03-21,11.597999572753906
2019-03-22,11.12399959564209
2019-03-25,11.267999649047852
2019-03-26,11.597999572753906
2019-03-27,11.630000114440918
2019-03-28,11.569999694824219
2019-03-29,11.612000465393066
2019-04-01,11.788000106811523
2019-04-02,12.564000129699707
2019-04-03,12.399999618530273
2019-04-04,11.98799991607666
2019-04-05,12.10200023651123
2019-04-08,11.760000228881836
2019-04-09,12.017999649047852
2019-04-10,12.59000015258789
2019-04-11,12.710000038146973
2019-04-12,13.199999809265137
2019-04-15,12.87600040435791
2019-04-16,12.920000076293945
2019-04-17,12.640000343322754
2019-04-18,12.595999717712402
2019-04-22,13.079999923706055
2019-04-23,13.317999839782715
2019-04-24,13.307999610900879
2019-04-25,13.208000183105469
2019-04-26,13.916000366210938
2019-04-29,14.074000358581543
2019-04-30,14.312000274658203
2019-05-01,14.137999534606934
2019-05-02,14.088000297546387
2019-05-03,14.435999870300293
2019-05-06,14.407999992370605
2019-05-07,14.208000183105469
2019-05-08,14.329999923706055
2019-05-09,15.045999526977539
2019-05-10,13.35200023651123
2019-05-13,12.447999954223633
2019-05-14,13.13599967956543
2019-05-15,13.095999717712402
2019-05-16,13.868000030517578
2019-05-17,13.62600040435791
2019-05-20,13.435999870300293
2019-05-21,13.406000137329102
2019-05-22,13.022000312805176
2019-05-23,12.656000137329102
2019-05-24,11.878000259399414
2019-05-28,12.027999877929688
2019-05-29,11.592000007629395
2019-05-30,11.75
2019-05-31,11.576000213623047
2019-06-03,11.663999557495117
2019-06-04,12.260000228881836
2019-06-05,11.934000015258789
2019-06-06,12.020000457763672
2019-06-07,12.640000343322754
2019-06-10,12.267999649047852
2019-06-11,12.255999565124512
2019-06-12,12.25
2019-06-13,12.355999946594238
2019-06-14,11.996000289916992
2019-06-17,12.727999687194824
2019-06-18,13.194000244140625
2019-06-19,12.699999809265137
2019-06-20,13.380000114440918
2019-06-21,13.40999984741211
2019-06-24,12.295999526977539
2019-06-25,12.062000274658203
2019-06-26,11.814000129699707
2019-06-27,12.395999908447266
2019-06-28,12.517999649047852
2019-07-01,13.121999740600586
2019-07-02,12.9399995803833
2019-07-03,12.833999633789062
2019-07-05,13.157999992370605
2019-07-08,13.321999549865723
2019-07-09,13.223999977111816
2019-07-10,13.529999732971191
2019-07-11,12.918000221252441
2019-07-12,13.461999893188477
2019-07-15,13.180000305175781
2019-07-16,12.402000427246094
2019-07-17,12.184000015258789
2019-07-18,11.928000450134277
2019-07-19,11.581999778747559
2019-07-22,11.6899995803833
2019-07-23,12.526000022888184
2019-07-24,13.031999588012695
2019-07-25,13.12600040435791
2019-07-26,13.289999961853027
2019-07-29,13.107999801635742
2019-07-30,12.468000411987305
2019-07-31,12.711999893188477
2019-08-01,12.562000274658203
2019-08-02,12.477999687194824
2019-08-05,12.194000244140625
2019-08-06,11.956000328063965
2019-08-07,11.581999778747559
2019-08-08,14.494000434875488
2019-08-09,15.619999885559082
2019-08-12,15.675999641418457
2019-08-13,16.086000442504883
2019-08-14,15.777999877929688
2019-08-15,15.784000396728516
2019-08-16,15.890000343322754
2019-08-19,15.430000305175781
2019-08-20,15.324000358581543
2019-08-21,16.618000030517578
2019-08-22,15.984000205993652
2019-08-23,15.720000267028809
2019-08-26,16.187999725341797
2019-08-27,16.030000686645508
2019-08-28,16.392000198364258
2019-08-29,16.492000579833984
2019-08-30,16.23200035095215
2019-09-03,15.923999786376953
2019-09-04,16.356000900268555
2019-09-05,16.922000885009766
2019-09-06,16.722000122070312
2019-09-09,16.600000381469727
2019-09-10,15.501999855041504
2019-09-11,15.593999862670898
2019-09-12,16.082000732421875
2019-09-13,16.055999755859375
2019-09-16,16.305999755859375
2019-09-17,16.172000885009766
2019-09-18,15.482000350952148
2019-09-19,15.312000274658203
2019-09-20,15.10200023651123
2019-09-23,14.928000450134277
2019-09-24,14.092000007629395
2019-09-25,14.104000091552734
2019-09-26,13.661999702453613
2019-09-27,13.215999603271484
2019-09-30,13.199999809265137
2019-10-01,13.407999992370605
2019-10-02,12.843999862670898
2019-10-03,13.456000328063965
2019-10-04,13.562000274658203
2019-10-07,13.22599983215332
2019-10-08,13.277999877929688
2019-10-09,13.82800006866455
2019-10-10,13.85200023651123
2019-10-11,14.45199966430664
2019-10-14,14.869999885559082
2019-10-15,15.565999984741211
2019-10-16,15.3100004196167
2019-10-17,15.42199993133545
2019-10-18,14.770000457763672
2019-10-21,15.45199966430664
2019-10-22,15.15999984741211
2019-10-23,15.392000198364258
2019-10-24,15.704000473022461
2019-10-25,15.845999717712402
2019-10-28,16.554000854492188
2019-10-29,16.937999725341797
2019-10-30,16.496000289916992
2019-10-31,16.215999603271484
2019-11-01,16.54599952697754
2019-11-04,16.59600067138672
2019-11-05,16.304000854492188
2019-11-06,15.815999984741211
2019-11-07,14.62399959564209
2019-11-08,15.592000007629395
2019-11-11,15.498000144958496
2019-11-12,15.640000343322754
2019-11-13,15.038000106811523
2019-11-14,15.600000381469727
2019-11-15,16.31399917602539
2019-11-18,16.965999603271484
2019-11-19,17.667999267578125
2019-11-20,17.79599952697754
2019-11-21,17.83799934387207
2019-11-22,17.95599937438965
2019-11-25,18.211999893188477
2019-11-26,18.56800079345703
2019-11-27,18.996000289916992
2019-11-29,19.06399917602539
2019-12-02,18.399999618530273
2019-12-03,18.392000198364258
2019-12-04,18.472000122070312
2019-12-05,17.582000732421875
2019-12-06,17.284000396728516
2019-12-09,17.865999221801758
2019-12-10,18.416000366210938
2019-12-11,18.950000762939453
2019-12-12,19.399999618530273
2019-12-13,18.378000259399414
2019-12-16,19.083999633789062
2019-12-17,18.93600082397461
2019-12-18,18.673999786376953
2019-12-19,19.253999710083008
2019-12-20,19.18199920654297
2019-12-23,19.04599952697754
2019-12-24,19.275999069213867
2019-12-26,19.687999725341797
2019-12-27,19.56399917602539
2019-12-30,18.45599937438965
2019-12-31,18.40999984741211
2020-01-02,19.389999389648438
2020-01-03,18.549999237060547
2020-01-06,18.468000411987305
2020-01-07,18.18199920654297
2020-01-08,17.826000213623047
2020-01-09,17.31399917602539
2020-01-10,17.52199935913086
2020-01-13,18.573999404907227
2020-01-14,17.20400047302246
2020-01-15,17.354000091552734
2020-01-16,17.441999435424805
2020-01-17,16.799999237060547
2020-01-21,16.70599937438965
2020-01-22,16.743999481201172
2020-01-23,16.58799934387207
2020-01-24,16.621999740600586
2020-01-27,16.940000534057617
2020-01-28,16.988000869750977
2020-01-29,16.350000381469727
2020-01-30,15.97599983215332
2020-01-31,15.850000381469727
2020-02-03,17.25
2020-02-04,18.260000228881836
2020-02-05,17.950000762939453
2020-02-06,18.211999893188477
2020-02-07,17.77199935913086
2020-02-10,17.88800048828125
2020-02-11,17.15999984741211
2020-02-12,17.329999923706055
2020-02-13,17.479999542236328
2020-02-14,17.724000930786133
2020-02-18,18.86199951171875
2020-02-19,21.356000900268555
2020-02-20,21.761999130249023
2020-02-21,22.01799964904785
2020-02-24,21.420000076293945
2020-02-25,20.808000564575195
2020-02-26,20.312000274658203
2020-02-27,17.753999710083008
2020-02-28,16.582000732421875
2020-03-02,16.472000122070312
2020-03-03,16.010000228881836
2020-03-04,16.489999771118164
2020-03-05,14.90999984741211
2020-03-06,13.204000473022461
2020-03-09,11.637999534606934
2020-03-10,12.553999900817871
2020-03-11,11.317999839782715
2020-03-12,9.026000022888184
2020-03-13,10.184000015258789
2020-03-16,7.835999965667725
2020-03-17,8.121999740600586
2020-03-18,5.98199987411499
2020-03-19,6.001999855041504
2020-03-20,5.869999885559082
2020-03-23,7.159999847412109
2020-03-24,10.241999626159668
2020-03-25,12.501999855041504
2020-03-26,11.3100004196167
2020-03-27,9.807999610900879
2020-03-30,10.47599983215332
2020-03-31,11.017999649047852
2020-04-01,10.112000465393066
2020-04-02,9.321999549865723
2020-04-03,9.182000160217285
2020-04-06,10.565999984741211
2020-04-07,11.105999946594238
2020-04-08,11.696000099182129
2020-04-09,12.270000457763672
2020-04-13,15.055999755859375
2020-04-14,16.81599998474121
2020-04-15,14.267999649047852
2020-04-16,14.244000434875488
2020-04-17,15.612000465393066
2020-04-20,16.059999465942383
2020-04-21,17.115999221801758
2020-04-22,16.534000396728516
2020-04-23,17.562000274658203
2020-04-24,18.447999954223633
2020-04-27,18.062000274658203
2020-04-28,16.591999053955078
2020-04-29,16.97800064086914
2020-04-30,16.02199935913086
2020-05-01,15.199999809265137
2020-05-04,16.00200080871582
2020-05-05,17.200000762939453
2020-05-06,18.229999542236328
2020-05-07,19.534000396728516
2020-05-08,20.01799964904785
2020-05-11,20.134000778198242
2020-05-12,18.743999481201172
2020-05-13,17.979999542236328
2020-05-14,17.90999984741211
2020-05-15,18.531999588012695
2020-05-18,19.718000411987305
2020-05-19,17.781999588012695
2020-05-20,18.222000122070312
2020-05-21,18.947999954223633
2020-05-22,19.290000915527344
2020-05-26,19.83799934387207
2020-05-27,19.22800064086914
2020-05-28,18.658000946044922
2020-05-29,18.59600067138672
2020-06-01,18.3700008392334
2020-06-02,21.823999404907227
2020-06-03,21.47800064086914
2020-06-04,20.399999618530273
2020-06-05,23.173999786376953
2020-06-08,22.72800064086914
2020-06-09,22.709999084472656
2020-06-10,23.760000228881836
2020-06-11,21.45199966430664
2020-06-12,22.242000579833984
2020-06-15,22.86400032043457
2020-06-16,23.606000900268555
2020-06-17,23.79199981689453
2020-06-18,24.59600067138672
2020-06-19,25.224000930786133
2020-06-22,25.47800064086914
2020-06-23,25.52199935913086
2020-06-24,22.450000762939453
2020-06-25,23.43199920654297
2020-06-26,23.48200035095215
2020-06-29,24.073999404907227
2020-06-30,24.040000915527344
2020-07-01,25.076000213623047
2020-07-02,25.70599937438965
2020-07-06,26.88800048828125
2020-07-07,26.621999740600586
2020-07-08,27.784000396728516
2020-07-09,27.72800064086914
2020-07-10,27.492000579833984
2020-07-13,25.309999465942383
2020-07-14,27.190000534057617
2020-07-15,27.29800033569336
2020-07-16,27.389999389648438
2020-07-17,28.219999313354492
2020-07-20,28.968000411987305
2020-07-21,29.006000518798828
2020-07-22,29.83799934387207
2020-07-23,29.59000015258789
2020-07-24,29.672000885009766
2020-07-27,30.166000366210938
2020-07-28,30.275999069213867
2020-07-29,31.091999053955078
2020-07-30,31.173999786376953
2020-07-31,30.989999771118164
2020-08-03,31.898000717163086
2020-08-04,33.3380012512207
2020-08-05,34.82400131225586
2020-08-06,44.597999572753906
2020-08-07,38.400001525878906
2020-08-10,38.02399826049805
2020-08-11,37.529998779296875
2020-08-12,38.64400100708008
2020-08-13,38.68600082397461
2020-08-14,39.33599853515625
2020-08-17,39.0
2020-08-18,40.52199935913086
2020-08-19,39.86199951171875
2020-08-20,40.518001556396484
2020-08-21,40.439998626708984
2020-08-24,40.178001403808594
2020-08-25,40.58599853515625
2020-08-26,41.56399917602539
2020-08-27,41.60200119018555
2020-08-28,43.6879997253418
2020-08-31,43.19200134277344
2020-09-01,45.4379997253418
2020-09-02,44.59600067138672
2020-09-03,39.70199966430664
2020-09-04,37.400001525878906
2020-09-08,36.20000076293945
2020-09-09,35.97200012207031
2020-09-10,35.72600173950195
2020-09-11,34.847999572753906
2020-09-14,34.310001373291016
2020-09-15,34.38399887084961
2020-09-16,35.18000030517578
2020-09-17,33.28799819946289
2020-09-18,32.95600128173828
2020-09-21,34.73400115966797
2020-09-22,45.36600112915039
2020-09-23,43.73400115966797
2020-09-24,41.66999816894531
2020-09-25,40.652000427246094
2020-09-28,43.604000091552734
2020-09-29,45.20600128173828
2020-09-30,44.61199951171875
2020-10-01,47.619998931884766
2020-10-02,44.540000915527344
2020-10-05,45.00199890136719
2020-10-06,42.93000030517578
2020-10-07,43.391998291015625
2020-10-08,42.79999923706055
2020-10-09,42.689998626708984
2020-10-12,41.900001525878906
2020-10-13,43.369998931884766
2020-10-14,42.64400100708008
2020-10-15,44.87799835205078
2020-10-16,44.268001556396484
2020-10-19,42.736000061035156
2020-10-20,39.99599838256836
2020-10-21,38.44599914550781
2020-10-22,40.439998626708984
2020-10-23,40.52799987792969
2020-10-26,40.2760009765625
2020-10-27,41.66400146484375
2020-10-28,40.599998474121094
2020-10-29,38.237998962402344
2020-10-30,37.06999969482422
2020-11-02,37.00199890136719
2020-11-03,38.20000076293945
2020-11-04,40.2400016784668
2020-11-05,40.902000427246094
2020-11-06,42.0
2020-11-09,38.83000183105469
2020-11-10,38.49800109863281
2020-11-11,41.45000076293945
2020-11-12,42.948001861572266
2020-11-13,42.215999603271484
2020-11-16,42.00199890136719
2020-11-17,44.31800079345703
2020-11-18,44.83599853515625
2020-11-19,45.400001525878906
2020-11-20,46.86000061035156
2020-11-23,48.01599884033203
2020-11-24,47.34400177001953
2020-11-25,47.63199996948242
2020-11-27,49.827999114990234
2020-11-30,50.04199981689453
2020-12-01,50.22600173950195
2020-12-02,45.09000015258789
2020-12-03,45.58399963378906
2020-12-04,48.61800003051758
2020-12-07,51.7760009765625
2020-12-08,52.268001556396484
2020-12-09,51.099998474121094
2020-12-10,52.09400177001953
2020-12-11,51.652000427246094
2020-12-14,50.194000244140625
2020-12-15,51.20800018310547
2020-12-16,52.19200134277344
2020-12-17,54.39799880981445
2020-12-18,53.24800109863281
2020-12-21,55.720001220703125
2020-12-22,58.30400085449219
2020-12-23,54.0
2020-12-24,54.94200134277344
2020-12-28,50.29800033569336
2020-12-29,50.10200119018555
2020-12-30,50.06800079345703
2020-12-31,47.90800094604492
2021-01-04,47.25400161743164
2021-01-05,51.11600112915039
2021-01-06,50.16600036621094
2021-01-07,54.03200149536133
2021-01-08,55.6879997253418
2021-01-11,54.82600021362305
2021-01-12,57.6879997253418
2021-01-13,57.88600158691406
2021-01-14,59.36600112915039
2021-01-15,57.513999938964844
2021-01-19,55.0
2021-01-20,53.97600173950195
2021-01-21,54.5099983215332
2021-01-22,54.694000244140625
2021-01-25,54.5620002746582
2021-01-26,52.26599884033203
2021-01-27,47.86199951171875
2021-01-28,51.20199966430664
2021-01-29,52.237998962402344
2021-02-01,52.847999572753906
2021-02-02,56.130001068115234
2021-02-03,56.762001037597656
2021-02-04,56.90599822998047
2021-02-05,57.630001068115234
2021-02-08,57.63199996948242
2021-02-09,58.582000732421875
2021-02-10,59.58599853515625
2021-02-11,58.86800003051758
2021-02-12,59.209999084472656
2021-02-16,59.25
2021-02-17,59.12200164794922
2021-02-18,59.08000183105469
2021-02-19,61.74800109863281
2021-02-22,56.38800048828125
2021-02-23,56.05400085449219
2021-02-24,56.987998962402344
2021-02-25,52.731998443603516
2021-02-26,56.70000076293945
2021-03-01,62.38399887084961
2021-03-02,62.96799850463867
2021-03-03,57.625999450683594
2021-03-04,53.99800109863281
2021-03-05,52.30799865722656
2021-03-08,48.237998962402344
2021-03-09,52.08399963378906
2021-03-10,52.09000015258789
2021-03-11,55.40800094604492
2021-03-12,57.3380012512207
2021-03-15,56.891998291015625
2021-03-16,56.72999954223633
2021-03-17,57.25600051879883
2021-03-18,52.5620002746582
2021-03-19,53.84400177001953
2021-03-22,54.784000396728516
2021-03-23,54.83399963378906
2021-03-24,50.56999969482422
2021-03-25,51.27199935913086
2021-03-26,51.79999923706055
2021-03-29,49.742000579833984
2021-03-30,50.900001525878906
2021-03-31,52.47999954223633
2021-04-01,53.06399917602539
2021-04-05,53.465999603271484
2021-04-06,55.52000045776367
2021-04-07,53.459999084472656
2021-04-08,54.20000076293945
2021-04-09,54.2599983215332
2021-04-12,53.85599899291992
2021-04-13,55.34199905395508
2021-04-14,54.018001556396484
2021-04-15,56.3380012512207
2021-04-16,55.018001556396484
2021-04-19,55.29999923706055
2021-04-20,52.5260009765625
2021-04-21,53.63600158691406
2021-04-22,53.00199890136719
2021-04-23,55.60200119018555
2021-04-26,58.87799835205078
2021-04-27,58.95199966430664
2021-04-28,58.698001861572266
2021-04-29,57.74800109863281
2021-04-30,57.051998138427734
2021-05-03,58.0
2021-05-04,57.84600067138672
2021-05-05,56.124000549316406
2021-05-06,52.689998626708984
2021-05-07,49.5620002746582
2021-05-10,48.43600082397461
2021-05-11,47.8380012512207
2021-05-12,45.30799865722656
2021-05-13,44.77399826049805
2021-05-14,47.50600051879883
2021-05-17,45.3120002746582
2021-05-18,45.470001220703125
2021-05-19,45.630001068115234
2021-05-20,48.34199905395508
2021-05-21,49.284000396728516
2021-05-24,50.7599983215332
2021-05-25,51.959999084472656
2021-05-26,51.82600021362305
2021-05-27,53.41400146484375
2021-05-28,53.018001556396484
2021-06-01,54.62799835205078
2021-06-02,55.72999954223633
2021-06-03,54.779998779296875
2021-06-04,55.9739990234375
2021-06-07,55.970001220703125
2021-06-08,55.26599884033203
2021-06-09,52.902000427246094
2021-06-10,53.33399963378906
2021-06-11,54.93199920654297
2021-06-14,55.737998962402344
2021-06-15,54.63999938964844
2021-06-16,55.891998291015625
2021-06-17,58.231998443603516
2021-06-18,58.86399841308594
2021-06-21,59.145999908447266
2021-06-22,62.619998931884766
2021-06-23,62.94599914550781
2021-06-24,60.902000427246094
2021-06-25,60.03200149536133
2021-06-28,61.09400177001953
2021-06-29,60.34400177001953
2021-06-30,60.36399841308594
2021-07-01,61.60200119018555
2021-07-02,62.41600036621094
2021-07-06,63.24800109863281
2021-07-07,63.375999450683594
2021-07-08,64.50199890136719
2021-07-09,64.68399810791016
2021-07-12,64.8239974975586
2021-07-13,64.61399841308594
2021-07-14,62.88600158691406
2021-07-15,62.2400016784668
2021-07-16,62.65399932861328
2021-07-19,62.20800018310547
2021-07-20,65.06800079345703
2021-07-21,66.33999633789062
2021-07-22,67.0459976196289
2021-07-23,67.78399658203125
2021-07-26,67.3280029296875
2021-07-27,67.39800262451172
2021-07-28,67.86399841308594
2021-07-29,67.83799743652344
2021-07-30,67.51200103759766
2021-08-02,66.79000091552734
2021-08-03,66.4739990234375
2021-08-04,66.18199920654297
2021-08-05,67.4000015258789
2021-08-06,69.12999725341797
2021-08-09,71.26799774169922
2021-08-10,74.0199966430664
2021-08-11,72.13999938964844
2021-08-12,71.62999725341797
2021-08-13,72.19599914550781
2021-08-16,72.30000305175781
2021-08-17,70.45800018310547
2021-08-18,70.13200378417969
2021-08-19,69.98999786376953
2021-08-20,69.9520034790039
2021-08-23,71.51599884033203
2021-08-24,70.6780014038086
2021-08-25,70.87799835205078
2021-08-26,70.3479995727539
2021-08-27,67.50399780273438
2021-08-30,67.552001953125
2021-08-31,65.61199951171875
2021-09-01,66.09600067138672
2021-09-02,64.00399780273438
2021-09-03,65.73200225830078
2021-09-07,66.03600311279297
2021-09-08,65.77999877929688
2021-09-09,65.76200103759766
2021-09-10,65.94400024414062
2021-09-13,65.21199798583984
2021-09-14,65.81400299072266
2021-09-15,65.97200012207031
2021-09-16,68.447998046875
2021-09-17,66.0199966430664
2021-09-20,65.30000305175781
2021-09-21,63.64400100708008
2021-09-22,64.21199798583984
2021-09-23,63.849998474121094
2021-09-24,64.39800262451172
2021-09-27,63.82400131225586
2021-09-28,61.15599822998047
2021-09-29,61.1619987487793
2021-09-30,60.30799865722656
2021-10-01,60.566001892089844
2021-10-04,58.81399917602539
2021-10-05,57.35599899291992
2021-10-06,57.152000427246094
2021-10-07,57.0620002746582
2021-10-08,56.486000061035156
2021-10-11,56.54800033569336
2021-10-12,56.29600143432617
2021-10-13,56.507999420166016
2021-10-14,56.816001892089844
2021-10-15,57.4119987487793
2021-10-18,57.78799819946289
2021-10-19,58.16999816894531
2021-10-20,57.805999755859375
2021-10-21,60.35200119018555
2021-10-22,59.518001556396484
2021-10-25,58.44599914550781
2021-10-26,58.3120002746582
2021-10-27,58.305999755859375
2021-10-28,59.59199905395508
2021-10-29,60.63600158691406
2021-11-01,60.38399887084961
2021-11-02,60.060001373291016
2021-11-03,60.28200149536133
2021-11-04,60.11800003051758
2021-11-05,59.577999114990234
2021-11-08,58.54600143432617
2021-11-09,59.16999816894531
2021-11-10,57.45199966430664
2021-11-11,57.25600051879883
2021-11-12,58.88600158691406
2021-11-15,59.63600158691406
2021-11-16,60.15800094604492
2021-11-17,58.448001861572266
2021-11-18,57.7239990234375
2021-11-19,58.34400177001953
2021-11-22,56.9379997253418
2021-11-23,56.402000427246094
2021-11-24,58.040000915527344
2021-11-26,58.22200012207031
2021-11-29,58.39400100708008
2021-11-30,56.08399963378906
2021-12-01,53.30799865722656
2021-12-02,53.130001068115234
2021-12-03,52.27000045776367
2021-12-06,52.624000549316406
2021-12-07,52.79800033569336
2021-12-08,53.57400131225586
2021-12-09,53.608001708984375
2021-12-10,54.16400146484375
2021-12-13,52.80400085449219
2021-12-14,48.20000076293945
2021-12-15,45.29999923706055
2021-12-16,40.82400131225586
2021-12-17,44.71799850463867
2021-12-20,41.12200164794922
2021-12-21,45.400001525878906
2021-12-22,47.56800079345703
2021-12-23,48.15599822998047
2021-12-27,46.43600082397461
2021-12-28,46.75199890136719
2021-12-29,45.05799865722656
2021-12-30,46.61600112915039
2021-12-31,46.358001708984375
2022-01-03,47.92599868774414
2022-01-04,44.1879997253418
2022-01-05,39.599998474121094
2022-01-06,38.2760009765625
2022-01-07,36.94200134277344
2022-01-10,36.6879997253418
2022-01-11,37.2400016784668
2022-01-12,35.50600051879883
2022-01-13,32.599998474121094
2022-01-14,31.277999877929688
2022-01-18,32.417999267578125
2022-01-19,31.426000595092773
2022-01-20,31.597999572753906
2022-01-21,27.1299991607666
2022-01-24,31.579999923706055
2022-01-25,29.305999755859375
2022-01-26,28.190000534057617
2022-01-27,28.336000442504883
2022-01-28,29.197999954223633
2022-01-31,32.4119987487793
2022-02-01,32.95600128173828
2022-02-02,31.68000030517578
2022-02-03,29.38800048828125
2022-02-04,30.062000274658203
2022-02-07,29.266000747680664
2022-02-08,30.625999450683594
2022-02-09,32.53799819946289
2022-02-10,30.908000946044922
2022-02-11,28.270000457763672
2022-02-14,28.125999450683594
2022-02-15,28.5
2022-02-16,27.724000930786133
2022-02-17,27.04599952697754
2022-02-18,25.280000686645508
2022-02-22,23.850000381469727
2022-02-23,22.729999542236328
2022-02-24,25.209999084472656
2022-02-25,30.513999938964844
2022-02-28,30.0939998626709
2022-03-01,29.011999130249023
2022-03-02,27.722000122070312
2022-03-03,24.666000366210938
2022-03-04,20.76799964904785
2022-03-07,20.988000869750977
2022-03-08,21.040000915527344
2022-03-09,23.309999465942383
2022-03-10,22.695999145507812
2022-03-11,22.757999420166016
2022-03-14,21.09600067138672
2022-03-15,24.08799934387207
2022-03-16,25.889999389648438
2022-03-17,26.972000122070312
2022-03-18,28.486000061035156
2022-03-21,27.261999130249023
2022-03-22,28.256000518798828
2022-03-23,28.238000869750977
2022-03-24,29.729999542236328
2022-03-25,25.70400047302246
2022-03-28,25.972000122070312
2022-03-29,27.738000869750977
2022-03-30,25.195999145507812
2022-03-31,23.857999801635742
2022-04-01,23.892000198364258
2022-04-04,26.591999053955078
2022-04-05,24.29199981689453
2022-04-06,22.746000289916992
2022-04-07,22.246000289916992
2022-04-08,21.461999893188477
2022-04-11,21.20199966430664
2022-04-12,20.1560001373291
2022-04-13,21.01799964904785
2022-04-14,20.305999755859375
2022-04-18,19.309999465942383
2022-04-19,20.354000091552734
2022-04-20,18.5
2022-04-21,16.628000259399414
2022-04-22,16.75
2022-04-25,16.242000579833984
2022-04-26,14.097999572753906
2022-04-27,13.14799976348877
2022-04-28,12.87399959564209
2022-04-29,11.592000007629395
2022-05-02,12.093999862670898
2022-05-03,11.465999603271484
2022-05-04,11.930000305175781
2022-05-05,9.784000396728516
2022-05-06,9.295999526977539
2022-05-09,7.754000186920166
2022-05-10,7.335999965667725
2022-05-11,6.0
2022-05-12,7.480000019073486
2022-05-13,7.6620001792907715
2022-05-16,7.679999828338623
2022-05-17,8.319999694824219
2022-05-18,7.010000228881836
2022-05-19,6.576000213623047
2022-05-20,6.714000225067139
2022-05-23,6.047999858856201
2022-05-24,5.329999923706055
2022-05-25,6.191999912261963
2022-05-26,6.2179999351501465
2022-05-27,6.769999980926514
2022-05-31,5.888000011444092
2022-06-01,5.297999858856201
2022-06-02,6.015999794006348
2022-06-03,5.303999900817871
2022-06-06,4.97599983215332
2022-06-07,5.081999778747559
2022-06-08,5.039999961853027
2022-06-09,4.625999927520752
2022-06-10,4.4019999504089355
2022-06-13,4.205999851226807
2022-06-14,4.184000015258789
2022-06-15,4.886000156402588
2022-06-16,4.28000020980835
2022-06-17,4.854000091552734
2022-06-21,4.98199987411499
2022-06-22,5.0279998779296875
2022-06-23,5.728000164031982
2022-06-24,6.303999900817871
2022-06-27,6.067999839782715
2022-06-28,4.947999954223633
2022-06-29,4.622000217437744
2022-06-30,4.515999794006348
2022-07-01,4.374000072479248
2022-07-05,5.515999794006348
2022-07-06,5.260000228881836
2022-07-07,5.355999946594238
2022-07-08,5.01800012588501
2022-07-11,4.418000221252441
2022-07-12,4.414000034332275
2022-07-13,4.193999767303467
2022-07-14,4.046000003814697
2022-07-15,4.25
2022-07-18,4.449999809265137
2022-07-19,4.570000171661377
2022-07-20,5.47599983215332
2022-07-21,5.642000198364258
2022-07-22,5.076000213623047
2022-07-25,5.039999961853027
2022-07-26,4.835999965667725
2022-07-27,5.271999835968018
2022-07-28,5.435999870300293
2022-07-29,5.829999923706055
2022-08-01,6.033999919891357
2022-08-02,6.809999942779541
2022-08-03,6.980000019073486
2022-08-04,6.708000183105469
2022-08-05,9.395999908447266
2022-08-08,9.291999816894531
2022-08-09,8.28600025177002
2022-08-10,9.461999893188477
2022-08-11,10.026000022888184
2022-08-12,10.420000076293945
2022-08-15,10.199999809265137
2022-08-16,10.918000221252441
2022-08-17,9.923999786376953
2022-08-18,9.571999549865723
2022-08-19,8.460000038146973
2022-08-22,7.191999912261963
2022-08-23,6.940000057220459
2022-08-24,7.2179999351501465
2022-08-25,7.697999954223633
2022-08-26,7.107999801635742
2022-08-29,6.8420000076293945
2022-08-30,6.618000030517578
2022-08-31,6.5980000495910645
2022-09-01,6.556000232696533
2022-09-02,6.315999984741211
2022-09-06,6.297999858856201
2022-09-07,6.6620001792907715
2022-09-08,6.796000003814697
2022-09-09,7.323999881744385
2022-09-12,8.456000328063965
2022-09-13,7.361999988555908
2022-09-14,7.214000225067139
2022-09-15,7.4039998054504395
2022-09-16,6.584000110626221
2022-09-19,6.690000057220459
2022-09-20,6.193999767303467
2022-09-21,6.131999969482422
2022-09-22,5.394000053405762
2022-09-23,5.239999771118164
2022-09-26,4.888000011444092
2022-09-27,4.966000080108643
2022-09-28,5.374000072479248
2022-09-29,4.314000129699707
2022-09-30,4.059999942779541
2022-10-03,4.291999816894531
2022-10-04,4.6519999504089355
2022-10-05,4.309999942779541
2022-10-06,4.22599983215332
2022-10-07,3.8540000915527344
2022-10-10,3.6419999599456787
2022-10-11,3.6640000343322754
2022-10-12,3.813999891281128
2022-10-13,3.7739999294281006
2022-10-14,3.427999973297119
2022-10-17,3.6440000534057617
2022-10-18,3.6740000247955322
2022-10-19,2.997999906539917
2022-10-20,2.8959999084472656
2022-10-21,2.8499999046325684
2022-10-24,2.6760001182556152
2022-10-25,3.055999994277954
2022-10-26,3.0199999809265137
2022-10-27,2.9040000438690186
2022-10-28,2.8980000019073486
2022-10-31,2.7060000896453857
2022-11-01,3.055999994277954
2022-11-02,2.694000005722046
2022-11-03,2.869999885559082
2022-11-04,1.7519999742507935
2022-11-07,1.4780000448226929
2022-11-08,1.472000002861023
2022-11-09,1.5180000066757202
2022-11-10,1.9980000257492065
2022-11-11,2.375999927520752
2022-11-14,1.9479999542236328
2022-11-15,1.9859999418258667
2022-11-16,1.7100000381469727
2022-11-17,1.6640000343322754
2022-11-18,1.6119999885559082
2022-11-21,1.409999966621399
2022-11-22,1.3600000143051147
2022-11-23,1.6239999532699585
2022-11-25,1.593999981880188
2022-11-28,1.49399995803833
2022-11-29,1.468000054359436
2022-11-30,1.5420000553131104
2022-12-01,1.6260000467300415
2022-12-02,1.6139999628067017
2022-12-05,1.4199999570846558
2022-12-06,1.3420000076293945
2022-12-07,0.765999972820282
2022-12-08,0.9919999837875366
2022-12-09,1.0099999904632568
2022-12-12,0.9900000095367432
2022-12-13,0.9660000205039978
2022-12-14,1.0520000457763672
2022-12-15,1.093999981880188
2022-12-16,1.00600004196167
2022-12-19,0.8840000033378601
2022-12-20,0.8320000171661377
2022-12-21,0.8640000224113464
2022-12-22,0.8259999752044678
2022-12-23,0.8100000023841858
2022-12-27,0.7440000176429749
2022-12-28,0.765999972820282
2022-12-29,0.8899999856948853
2022-12-30,0.9480000138282776
2023-01-03,0.9259999990463257
2023-01-04,1.0080000162124634
2023-01-05,0.9100000262260437
2023-01-06,0.8820000290870667
2023-01-09,0.8880000114440918
2023-01-10,0.8840000033378601
2023-01-11,1.100000023841858
2023-01-12,1.6059999465942383
2023-01-13,1.4040000438690186
2023-01-17,1.4620000123977661
2023-01-18,1.3960000276565552
2023-01-19,1.2760000228881836
2023-01-20,1.2979999780654907
2023-01-23,1.4359999895095825
2023-01-24,1.3279999494552612
2023-01-25,1.2860000133514404
2023-01-26,1.2999999523162842
2023-01-27,1.5540000200271606
2023-01-30,2.0
2023-01-31,2.0339999198913574
2023-02-01,2.7119998931884766
2023-02-02,2.8499999046325684
2023-02-03,2.890000104904175
2023-02-06,2.686000108718872
2023-02-07,2.638000011444092
2023-02-08,2.802000045776367
2023-02-09,2.390000104904175
2023-02-10,2.1679999828338623
2023-02-13,2.2039999961853027
2023-02-14,2.1440000534057617
2023-02-15,2.5380001068115234
2023-02-16,2.184000015258789
2023-02-17,2.2739999294281006
2023-02-21,2.01200008392334
2023-02-22,2.0139999389648438
2023-02-23,2.0160000324249268
2023-02-24,1.6019999980926514
2023-02-27,1.7860000133514404
2023-02-28,1.8839999437332153
2023-03-01,1.781999945640564
2023-03-02,1.8940000534057617
2023-03-03,2.0179998874664307
2023-03-06,1.8220000267028809
2023-03-07,1.7760000228881836
2023-03-08,1.7699999809265137
2023-03-09,1.687999963760376
2023-03-10,1.4620000123977661
2023-03-13,1.496000051498413
2023-03-14,1.3660000562667847
2023-03-15,1.409999966621399
2023-03-16,1.4819999933242798
2023-03-17,1.5299999713897705
2023-03-20,1.4140000343322754
2023-03-21,1.5859999656677246
2023-03-22,1.6859999895095825
2023-03-23,1.6699999570846558
2023-03-24,1.6380000114440918
2023-03-27,1.5240000486373901
2023-03-28,1.472000002861023
2023-03-29,1.5740000009536743
2023-03-30,1.7660000324249268
2023-03-31,1.9579999446868896
2023-04-03,1.8580000400543213
2023-04-04,1.899999976158142
2023-04-05,1.7000000476837158
2023-04-06,1.8020000457763672
2023-04-10,1.8619999885559082
2023-04-11,1.9520000219345093
2023-04-12,1.8480000495910645
2023-04-13,1.8739999532699585
2023-04-14,1.7940000295639038
2023-04-17,1.812000036239624
2023-04-18,1.7599999904632568
2023-04-19,1.7259999513626099
2023-04-20,1.600000023841858
2023-04-21,1.628000020980835
2023-04-24,1.6740000247955322
2023-04-25,1.5099999904632568
2023-04-26,1.503999948501587
2023-04-27,1.468000054359436
2023-04-28,1.3880000114440918
2023-05-01,1.3860000371932983
2023-05-02,1.444000005722046
2023-05-03,1.4140000343322754
2023-05-04,1.440000057220459
2023-05-05,1.7920000553131104
2023-05-08,2.259999990463257
2023-05-09,2.369999885559082
2023-05-10,2.630000114440918
2023-05-11,2.3919999599456787
2023-05-12,2.0999999046325684
2023-05-15,2.315999984741211
2023-05-16,2.119999885559082
2023-05-17,2.359999895095825
2023-05-18,2.3919999599456787
2023-05-19,2.1480000019073486
2023-05-22,2.2939999103546143
2023-05-23,2.381999969482422
2023-05-24,2.305999994277954
2023-05-25,2.187999963760376
2023-05-26,2.3480000495910645
2023-05-30,2.74399995803833
2023-05-31,2.5840001106262207
2023-06-01,3.1600000858306885
2023-06-02,3.135999917984009
2023-06-05,3.0
2023-06-06,2.9560000896453857
2023-06-07,3.1059999465942383
2023-06-08,4.8460001945495605
2023-06-09,3.813999891281128
2023-06-12,4.251999855041504
2023-06-13,4.702000141143799
2023-06-14,4.679999828338623
2023-06-15,5.276000022888184
2023-06-16,5.064000129699707
2023-06-20,4.703999996185303
2023-06-21,4.834000110626221
2023-06-22,5.107999801635742
2023-06-23,4.2820000648498535
2023-06-26,4.182000160217285
2023-06-27,4.860000133514404
2023-06-28,5.605999946594238
2023-06-29,5.1479997634887695
2023-06-30,5.184000015258789
2023-07-03,5.159999847412109
2023-07-05,5.170000076293945
2023-07-06,4.863999843597412
2023-07-07,5.889999866485596
2023-07-10,6.854000091552734
2023-07-11,7.113999843597412
2023-07-12,7.7779998779296875
2023-07-13,7.535999774932861
2023-07-14,7.539999961853027
2023-07-17,7.306000232696533
2023-07-18,7.960000038146973
2023-07-19,11.15999984741211
2023-07-20,9.345999717712402
2023-07-21,9.12399959564209
2023-07-24,9.248000144958496
2023-07-25,8.821999549865723
2023-07-26,8.75
2023-07-27,8.092000007629395
2023-07-28,8.803999900817871
2023-07-31,9.1899995803833
2023-08-01,9.821999549865723
2023-08-02,10.369999885559082
2023-08-03,10.357999801635742
2023-08-04,9.088000297546387
2023-08-07,8.961999893188477
2023-08-08,8.802000045776367
2023-08-09,8.288000106811523
2023-08-10,7.892000198364258
2023-08-11,8.220000267028809
2023-08-14,8.218000411987305
2023-08-15,7.863999843597412
2023-08-16,7.611999988555908
2023-08-17,7.447999954223633
2023-08-18,7.8420000076293945
2023-08-21,8.067999839782715
2023-08-22,7.673999786376953
2023-08-23,8.055999755859375
2023-08-24,7.552000045776367
2023-08-25,8.239999771118164
2023-08-28,9.074000358581543
2023-08-29,9.479999542236328
2023-08-30,9.942000389099121
2023-08-31,10.069999694824219
2023-09-01,10.170000076293945
2023-09-05,9.968000411987305
2023-09-06,10.10200023651123
2023-09-07,9.526000022888184
2023-09-08,9.392000198364258
2023-09-11,10.161999702453613
2023-09-12,10.15999984741211
2023-09-13,9.845999717712402
2023-09-14,11.17199993133545
2023-09-15,10.4399995803833
2023-09-18,10.390000343322754
2023-09-19,9.5
2023-09-20,8.741999626159668
2023-09-21,8.579999923706055
2023-09-22,8.39799976348877
2023-09-25,8.050000190734863
2023-09-26,7.906000137329102
2023-09-27,8.166000366210938
2023-09-28,8.248000144958496
2023-09-29,8.395999908447266
2023-10-02,7.849999904632568
2023-10-03,7.642000198364258
2023-10-04,7.526000022888184
2023-10-05,7.1479997634887695
2023-10-06,7.53000020980835
2023-10-09,7.77400016784668
2023-10-10,7.808000087738037
2023-10-11,7.573999881744385
2023-10-12,6.77400016784668
2023-10-13,6.77400016784668
2023-10-16,6.921999931335449
2023-10-17,6.8979997634887695
2023-10-18,6.492000102996826
2023-10-19,6.317999839782715
2023-10-20,6.214000225067139
2023-10-23,6.349999904632568
2023-10-24,6.335999965667725
2023-10-25,5.894000053405762
2023-10-26,5.820000171661377
2023-10-27,5.716000080108643
2023-10-30,5.504000186920166
2023-10-31,5.400000095367432
2023-11-01,5.197999954223633
2023-11-02,5.984000205993652
2023-11-03,6.455999851226807
2023-11-06,6.645999908447266
2023-11-07,6.834000110626221
2023-11-08,6.797999858856201
2023-11-09,6.0879998207092285
2023-11-10,5.8379998207092285
2023-11-13,5.728000164031982
2023-11-14,6.642000198364258
2023-11-15,6.831999778747559
2023-11-16,6.4720001220703125
2023-11-17,6.406000137329102
2023-11-20,6.624000072479248
2023-11-21,6.236000061035156
2023-11-22,6.269999980926514
2023-11-24,6.2820000648498535
2023-11-27,6.185999870300293
2023-11-28,6.323999881744385
2023-11-29,6.4019999504089355
2023-11-30,6.263999938964844
2023-12-01,7.039999961853027
2023-12-04,8.013999938964844
2023-12-05,7.751999855041504
2023-12-06,7.47599983215332
2023-12-07,7.579999923706055
2023-12-08,8.052000045776367
2023-12-11,7.966000080108643
2023-12-12,7.900000095367432
2023-12-13,9.013999938964844
2023-12-14,10.12399959564209
2023-12-15,10.279999732971191
2023-12-18,11.13599967956543
2023-12-19,11.960000038146973
2023-12-20,11.09000015258789
2023-12-21,11.642000198364258
2023-12-22,10.947999954223633
2023-12-26,10.711999893188477
2023-12-27,10.878000259399414
2023-12-28,10.982000350952148
2023-12-29,10.588000297546387
2024-01-02,9.77400016784668
2024-01-03,9.338000297546387
2024-01-04,9.317999839782715
2024-01-05,9.37399959564209
2024-01-08,9.666000366210938
2024-01-09,9.432000160217285
2024-01-10,9.347999572753906
2024-01-11,9.208000183105469
2024-01-12,8.555999755859375
2024-01-16,8.458000183105469
2024-01-17,8.442000389099121
2024-01-18,8.567999839782715
2024-01-19,8.984000205993652
2024-01-22,9.670000076293945
2024-01-23,9.107999801635742
2024-01-24,8.406000137329102
2024-01-25,8.199999809265137
2024-01-26,8.359999656677246
2024-01-29,8.984000205993652
2024-01-30,8.82800006866455
2024-01-31,8.612000465393066
2024-02-01,8.505999565124512
2024-02-02,8.6899995803833
2024-02-05,8.760000228881836
2024-02-06,9.637999534606934
2024-02-07,9.618000030517578
2024-02-08,10.477999687194824
2024-02-09,10.62600040435791
2024-02-12,11.055999755859375
2024-02-13,10.394000053405762
2024-02-14,10.831999778747559
2024-02-15,11.52400016784668
2024-02-16,10.496000289916992
2024-02-20,10.362000465393066
2024-02-21,9.880000114440918
2024-02-22,10.482000350952148
2024-02-23,13.845999717712402
2024-02-26,13.97599983215332
2024-02-27,16.083999633789062
2024-02-28,15.093999862670898
2024-02-29,15.185999870300293
2024-03-01,16.591999053955078
2024-03-04,16.308000564575195
2024-03-05,15.465999603271484
2024-03-06,15.562000274658203
2024-03-07,15.894000053405762
2024-03-08,17.059999465942383
2024-03-11,15.619999885559082
2024-03-12,15.255999565124512
2024-03-13,15.934000015258789
2024-03-14,15.336000442504883
2024-03-15,15.916000366210938
2024-03-18,16.158000946044922
2024-03-19,15.776000022888184
2024-03-20,17.284000396728516
2024-03-21,17.54199981689453
2024-03-22,17.187999725341797
2024-03-25,17.68199920654297
2024-03-26,18.16200065612793
2024-03-27,18.062000274658203
2024-03-28,17.582000732421875
2024-04-01,17.357999801635742
2024-04-02,16.573999404907227
2024-04-03,16.479999542236328
2024-04-04,16.488000869750977
2024-04-05,16.76799964904785
2024-04-08,16.534000396728516
2024-04-09,16.736000061035156
2024-04-10,16.104000091552734
2024-04-11,16.08799934387207
2024-04-12,14.998000144958496
2024-04-15,13.965999603271484
2024-04-16,14.128000259399414
2024-04-17,13.831999778747559
2024-04-18,14.229999542236328
2024-04-19,14.272000312805176
2024-04-22,14.288000106811523
2024-04-23,15.12399959564209
2024-04-24,15.069999694824219
2024-04-25,15.5
2024-04-26,16.86199951171875
2024-04-29,16.75200080871582
2024-04-30,16.583999633789062
2024-05-01,17.417999267578125
2024-05-02,23.299999237060547
2024-05-03,24.333999633789062
2024-05-06,24.5939998626709
2024-05-07,23.332000732421875
2024-05-08,22.884000778198242
2024-05-09,24.082000732421875
2024-05-10,23.399999618530273
2024-05-13,23.3799991607666
2024-05-14,24.190000534057617
2024-05-15,24.214000701904297
2024-05-16,23.586000442504883
2024-05-17,23.5
2024-05-20,23.5
2024-05-21,23.006000518798828
2024-05-22,23.143999099731445
2024-05-23,21.98200035095215
2024-05-24,21.829999923706055
2024-05-28,20.917999267578125
2024-05-29,21.010000228881836
2024-05-30,20.47800064086914
2024-05-31,19.996000289916992
2024-06-03,19.79199981689453
2024-06-04,20.219999313354492
2024-06-05,20.607999801635742
2024-06-06,20.93400001525879
2024-06-07,21.312000274658203
2024-06-10,21.610000610351562
2024-06-11,20.823999404907227
2024-06-12,22.214000701904297
2024-06-13,21.347999572753906
2024-06-14,20.61199951171875
2024-06-17,21.788000106811523
2024-06-18,22.1560001373291
2024-06-20,21.969999313354492
2024-06-21,22.597999572753906
2024-06-24,23.899999618530273
2024-06-25,25.715999603271484
2024-06-26,25.31999969482422
2024-06-27,26.576000213623047
2024-06-28,25.743999481201172
2024-07-01,24.8700008392334
2024-07-02,25.506000518798828
2024-07-03,25.56800079345703
2024-07-05,25.610000610351562
2024-07-08,24.464000701904297
2024-07-09,25.139999389648438
2024-07-10,26.194000244140625
2024-07-11,25.986000061035156
2024-07-12,27.24799919128418
2024-07-15,28.417999267578125
2024-07-16,29.006000518798828
2024-07-17,26.75
2024-07-18,25.836000442504883
2024-07-19,26.011999130249023
2024-07-22,25.777999877929688
2024-07-23,25.82200050354004
2024-07-24,24.68400001525879
2024-07-25,24.81999969482422
2024-07-26,26.56999969482422
2024-07-29,25.52199935913086
2024-07-30,25.356000900268555
2024-07-31,26.645999908447266
2024-08-01,29.304000854492188
2024-08-02,27.440000534057617
2024-08-05,27.06800079345703
2024-08-06,27.790000915527344
2024-08-07,25.72800064086914
2024-08-08,26.68199920654297
2024-08-09,27.18400001525879
2024-08-12,26.695999145507812
2024-08-13,29.29800033569336
2024-08-14,28.399999618530273
2024-08-15,30.312000274658203
2024-08-16,31.18600082397461
2024-08-19,31.149999618530273
2024-08-20,30.836000442504883
2024-08-21,31.354000091552734
2024-08-22,30.604000091552734
2024-08-23,31.95599937438965
2024-08-26,31.597999572753906
2024-08-27,31.74799919128418
2024-08-28,30.86199951171875
2024-08-29,30.016000747680664
2024-08-30,30.124000549316406
2024-09-03,28.90399932861328
2024-09-04,28.947999954223633
2024-09-05,28.22800064086914
2024-09-06,26.68199920654297
2024-09-09,27.09600067138672
2024-09-10,26.143999099731445
2024-09-11,26.70800018310547
2024-09-12,28.104000091552734
2024-09-13,28.3799991607666
2024-09-16,30.579999923706055
2024-09-17,31.31599998474121
2024-09-18,32.32600021362305
2024-09-19,34.14799880981445
2024-09-20,34.77000045776367
2024-09-23,35.029998779296875
2024-09-24,34.540000915527344
2024-09-25,33.93000030517578
2024-09-26,34.242000579833984
2024-09-27,33.95600128173828
2024-09-30,34.821998596191406
2024-10-01,35.15999984741211
2024-10-02,35.38999938964844
2024-10-03,35.327999114990234
2024-10-04,36.034000396728516
2024-10-07,35.94599914550781
2024-10-08,38.198001861572266
2024-10-09,38.013999938964844
2024-10-10,38.31399917602539
2024-10-11,38.45000076293945
2024-10-14,37.81800079345703
2024-10-15,38.40399932861328
2024-10-16,38.68000030517578
2024-10-17,38.38399887084961
2024-10-18,38.262001037597656
2024-10-21,38.29800033569336
2024-10-22,39.470001220703125
2024-10-23,39.46799850463867
2024-10-24,40.04399871826172
2024-10-25,40.50600051879883
2024-10-28,41.00400161743164
2024-10-29,41.74800109863281
2024-10-30,41.46200180053711
2024-10-31,49.46200180053711
2024-11-01,45.816001892089844
2024-11-04,45.215999603271484
2024-11-05,47.13600158691406
2024-11-06,47.7859992980957
2024-11-07,48.2859992980957
2024-11-08,48.869998931884766
2024-11-11,50.012001037597656
2024-11-12,49.349998474121094
2024-11-13,47.99599838256836
2024-11-14,48.0880012512207
2024-11-15,48.20000076293945
2024-11-18,48.9379997253418
2024-11-19,49.88600158691406
2024-11-20,48.900001525878906
2024-11-21,49.67599868774414
2024-11-22,51.87200164794922
2024-11-25,52.15999984741211
2024-11-26,51.20000076293945
2024-11-27,50.99399948120117
2024-11-29,52.08399963378906
2024-12-02,50.987998962402344
2024-12-03,51.152000427246094
2024-12-04,52.0260009765625
2024-12-05,51.145999908447266
2024-12-06,50.242000579833984
2024-12-09,48.805999755859375
2024-12-10,47.30400085449219
2024-12-11,50.189998626708984
2024-12-12,49.55400085449219
2024-12-13,49.650001525878906
2024-12-16,51.152000427246094
2024-12-17,50.7400016784668
2024-12-18,46.604000091552734
2024-12-19,44.59600067138672
2024-12-20,44.891998291015625
2024-12-23,44.52000045776367
2024-12-24,44.77799987792969
2024-12-26,44.8120002746582
2024-12-27,43.018001556396484
2024-12-30,42.11000061035156
2024-12-31,40.672000885009766
2025-01-02,39.9119987487793
2025-01-03,35.43199920654297
2025-01-06,37.77000045776367
2025-01-07,39.66999816894531
2025-01-08,39.400001525878906
2025-01-10,38.61199951171875
2025-01-13,38.902000427246094
2025-01-14,39.03799819946289
2025-01-15,42.80799865722656
2025-01-16,46.38399887084961
2025-01-17,46.097999572753906
2025-01-21,46.4640007019043
2025-01-22,46.810001373291016
2025-01-23,48.624000549316406
2025-01-24,48.09400177001953
2025-01-27,48.43000030517578
2025-01-28,48.970001220703125
2025-01-29,49.09199905395508
2025-01-30,48.78799819946289
2025-01-31,49.49599838256836
2025-02-03,50.32600021362305
2025-02-04,51.529998779296875
2025-02-05,51.19599914550781
2025-02-06,52.63399887084961
2025-02-07,52.81399917602539
2025-02-10,53.5620002746582
2025-02-11,54.22999954223633
2025-02-12,53.58599853515625
2025-02-13,54.47999954223633
2025-02-14,57.066001892089844
2025-02-18,56.90599822998047
2025-02-19,56.36399841308594
2025-02-20,49.54399871826172
2025-02-21,44.65999984741211
2025-02-24,43.130001068115234
2025-02-25,44.33599853515625
2025-02-26,46.5260009765625
2025-02-27,44.641998291015625
2025-02-28,46.619998931884766
2025-03-03,43.88999938964844
2025-03-04,43.018001556396484
2025-03-05,43.178001403808594
2025-03-06,37.369998931884766
2025-03-07,37.694000244140625
2025-03-10,34.321998596191406
2025-03-11,34.444000244140625
2025-03-12,35.858001708984375
2025-03-13,33.33399963378906
2025-03-14,36.236000061035156
2025-03-17,37.29999923706055
2025-03-18,33.30400085449219
2025-03-19,35.21799850463867
2025-03-20,37.08399963378906
2025-03-21,38.189998626708984
2025-03-24,42.72600173950195
2025-03-25,44.332000732421875
2025-03-26,40.9739990234375
2025-03-27,40.790000915527344
2025-03-28,40.88199996948242
2025-03-31,41.816001892089844
2025-04-01,42.518001556396484
2025-04-02,45.263999938964844
2025-04-03,36.358001708984375
2025-04-04,32.513999938964844
2025-04-07,33.57400131225586
2025-04-08,35.263999938964844
2025-04-09,44.0880012512207
2025-04-10,40.731998443603516
2025-04-11,41.2400016784668
2025-04-14,40.94599914550781
2025-04-15,42.762001037597656
2025-04-16,41.86000061035156
2025-04-17,42.28200149536133
2025-04-21,39.16600036621094
2025-04-22,42.38999938964844
2025-04-23,44.1879997253418
2025-04-24,47.00400161743164
2025-04-25,47.43000030517578
2025-04-28,48.305999755859375
2025-04-29,48.71799850463867
2025-04-30,48.869998931884766
2025-05-01,50.374000549316406
2025-05-02,51.41999816894531
2025-05-05,51.91400146484375
2025-05-06,51.762001037597656
2025-05-07,51.83399963378906
2025-05-08,57.10599899291992
2025-05-09,53.624000549316406
2025-05-12,55.92399978637695
2025-05-13,58.61199951171875
2025-05-14,61.104000091552734
2025-05-15,59.47999954223633
2025-05-16,59.97800064086914
2025-05-19,61.04199981689453
2025-05-20,60.45800018310547
2025-05-21,58.417999267578125
2025-05-22,60.45000076293945
2025-05-23,60.821998596191406
2025-05-27,62.582000732421875
2025-05-28,64.06199645996094
2025-05-29,63.93000030517578
2025-05-30,65.43199920654297
2025-06-02,66.28800201416016
2025-06-03,68.02400207519531
2025-06-04,69.12799835205078
2025-06-05,68.66000366210938
2025-06-06,68.29199981689453
2025-06-09,67.98200225830078
2025-06-10,67.69999694824219
2025-06-11,68.06400299072266
2025-06-12,63.790000915527344
2025-06-13,59.40599822998047
2025-06-16,58.0099983215332
2025-06-17,58.79600143432617
2025-06-18,61.582000732421875
2025-06-20,63.97800064086914
2025-06-23,64.01599884033203
2025-06-24,64.59400177001953
2025-06-25,63.152000427246094
2025-06-26,61.29600143432617
2025-06-27,63.85200119018555
2025-06-30,67.39199829101562
2025-07-01,67.6520004272461
2025-07-02,68.6780014038086
2025-07-03,69.66600036621094
2025-07-07,71.46399688720703
2025-07-08,69.18399810791016
2025-07-09,70.21800231933594
2025-07-10,69.11000061035156
2025-07-11,68.73400115966797
2025-07-14,69.46800231933594
2025-07-15,69.68199920654297
2025-07-16,70.40399932861328
2025-07-17,69.22000122070312
2025-07-18,69.50399780273438
2025-07-21,68.38400268554688
2025-07-22,68.31199645996094
2025-07-23,68.5999984741211
2025-07-24,65.21800231933594
2025-07-25,66.42400360107422
2025-07-28,67.26599884033203
2025-07-29,67.30000305175781
2025-07-30,66.71800231933594
2025-07-31,78.03399658203125
2025-08-01,73.55599975585938
2025-08-04,72.13200378417969
2025-08-05,70.14800262451172
2025-08-06,70.97799682617188
2025-08-07,71.55000305175781
2025-08-08,69.51200103759766
2025-08-11,69.05000305175781
2025-08-12,69.02200317382812
2025-08-13,69.9739990234375
2025-08-14,68.51799774169922
2025-08-15,69.99800109863281
2025-08-18,71.9020004272461
2025-08-19,68.8479995727539
2025-08-20,67.72200012207031
2025-08-21,67.81400299072266
2025-08-22,71.56199645996094
2025-08-25,72.42400360107422
2025-08-26,74.44000244140625
2025-08-27,73.47000122070312
2025-08-28,75.47599792480469
2025-08-29,74.38400268554688
2025-09-02,73.27799987792969
2025-09-03,72.46399688720703
2025-09-04,74.03399658203125
2025-09-05,73.7760009765625
2025-09-08,74.44200134277344
2025-09-09,75.0
2025-09-10,73.02400207519531
2025-09-11,70.8479995727539
2025-09-12,72.35399627685547
2025-09-15,73.06999969482422
2025-09-16,72.91799926757812
2025-09-17,75.61199951171875
2025-09-18,75.63200378417969
2025-09-19,78.37799835205078
2025-09-22,78.16999816894531
2025-09-23,75.62000274658203
2025-09-24,74.96199798583984
2025-09-25,74.2760009765625
2025-09-26,73.85800170898438
2025-09-29,78.53199768066406
2025-09-30,75.447998046875
2025-10-01,79.08200073242188
2025-10-02,78.94200134277344
2025-10-03,75.14399719238281
2025-10-06,73.91999816894531
2025-10-07,74.06199645996094
2025-10-08,72.18199920654297
2025-10-09,72.00599670410156
2025-10-10,65.8479995727539
2025-10-13,67.65599822998047
2025-10-14,69.18199920654297
2025-10-15,71.08399963378906
2025-10-16,68.94200134277344
2025-10-17,66.76200103759766
2025-10-20,67.5199966430664
2025-10-21,71.17400360107422
2025-10-22,65.3759994506836
2025-10-23,68.4020004272461
2025-10-24,70.23999786376953
2025-10-27,71.02999877929688
2025-10-28,72.44000244140625
2025-10-29,70.79000091552734
2025-10-30,61.013999938964844
2025-10-31,61.30799865722656
2025-11-03,66.46600341796875
2025-11-04,61.95800018310547
2025-11-05,61.93600082397461
2025-11-06,58.02799987792969
2025-11-07,60.79800033569336
2025-11-10,64.45600128173828
2025-11-11,65.3759994506836
2025-11-12,65.63800048828125
2025-11-13,63.70800018310547
2025-11-14,63.6619987487793
2025-11-17,64.6240005493164
2025-11-18,63.444000244140625
2025-11-19,65.94999694824219
2025-11-20,62.650001525878906
2025-11-21,61.97600173950195
2025-11-24,66.18000030517578
2025-11-25,70.24600219726562
2025-11-26,71.46600341796875
2025-11-28,74.9000015258789
2025-12-01,75.052001953125
2025-12-02,76.43599700927734
2025-12-03,79.0
2025-12-04,79.7699966430664
2025-12-05,79.9540023803711
2025-12-08,89.59600067138672
2025-12-09,91.26599884033203
2025-12-10,93.53399658203125
2025-12-11,94.5459976196289
2025-12-12,91.13600158691406
2025-12-15,89.58399963378906
2025-12-16,91.03600311279297
2025-12-17,89.24600219726562
2025-12-18,93.14800262451172
2025-12-19,90.04399871826172
2025-12-22,86.71800231933594
2025-12-23,87.47000122070312
2025-12-24,88.31400299072266
2025-12-26,87.69400024414062
2025-12-29,86.70999908447266
2025-12-30,85.91000366210938
