Date,FER
2012-08-13,8.44057559967041
2012-08-14,8.44057559967041
2012-08-15,8.44057559967041
2012-08-16,8.44057559967041
2012-08-17,8.44057559967041
2012-08-20,8.44057559967041
2012-08-21,9.112833976745605
2012-08-22,9.112833976745605
2012-08-23,9.112833976745605
2012-08-24,9.112833976745605
2012-08-27,9.112833976745605
2012-08-28,9.112833976745605
2012-08-29,9.112833976745605
2012-08-30,9.112833976745605
2012-08-31,9.112833976745605
2012-09-04,9.112833976745605
2012-09-05,9.112833976745605
2012-09-06,9.112833976745605
2012-09-07,9.112833976745605
2012-09-10,9.112833976745605
2012-09-11,9.112833976745605
2012-09-12,9.112833976745605
2012-09-13,9.112833976745605
2012-09-14,9.112833976745605
2012-09-17,9.112833976745605
2012-09-18,9.112833976745605
2012-09-19,9.112833976745605
2012-09-20,9.112833976745605
2012-09-21,9.112833976745605
2012-09-24,9.112833976745605
2012-09-25,9.112833976745605
2012-09-26,9.112833976745605
2012-09-27,9.112833976745605
2012-09-28,9.112833976745605
2012-10-01,9.112833976745605
2012-10-02,9.112833976745605
2012-10-03,9.112833976745605
2012-10-04,9.112833976745605
2012-10-05,9.112833976745605
2012-10-08,9.112833976745605
2012-10-09,9.112833976745605
2012-10-10,9.44896411895752
2012-10-11,9.44896411895752
2012-10-12,9.44896411895752
2012-10-15,9.44896411895752
2012-10-16,9.44896411895752
2012-10-17,9.44896411895752
2012-10-18,9.44896411895752
2012-10-19,9.44896411895752
2012-10-22,9.44896411895752
2012-10-23,9.44896411895752
2012-10-24,9.44896411895752
2012-10-25,9.44896411895752
2012-10-26,9.44896411895752
2012-10-31,9.44896411895752
2012-11-01,9.44896411895752
2012-11-02,9.44896411895752
2012-11-05,9.44896411895752
2012-11-06,9.44896411895752
2012-11-07,9.44896411895752
2012-11-08,10.337836265563965
2012-11-09,10.337836265563965
2012-11-12,10.337836265563965
2012-11-13,10.337836265563965
2012-11-14,10.337836265563965
2012-11-15,10.337836265563965
2012-11-16,10.337836265563965
2012-11-19,10.337836265563965
2012-11-20,10.337836265563965
2012-11-21,10.337836265563965
2012-11-23,10.337836265563965
2012-11-26,10.337836265563965
2012-11-27,10.337836265563965
2012-11-28,10.337836265563965
2012-11-29,10.337836265563965
2012-11-30,10.337836265563965
2012-12-03,10.337836265563965
2012-12-04,10.337836265563965
2012-12-05,10.337836265563965
2012-12-06,10.337836265563965
2012-12-07,10.337836265563965
2012-12-10,10.337836265563965
2012-12-11,10.337836265563965
2012-12-12,10.337836265563965
2012-12-13,10.337836265563965
2012-12-14,10.337836265563965
2012-12-17,10.337836265563965
2012-12-18,10.337836265563965
2012-12-19,10.337836265563965
2012-12-20,10.337836265563965
2012-12-21,10.337836265563965
2012-12-24,10.337836265563965
2012-12-26,10.337836265563965
2012-12-27,10.337836265563965
2012-12-28,10.337836265563965
2012-12-31,10.337836265563965
2013-01-02,10.337836265563965
2013-01-03,10.337836265563965
2013-01-04,10.337836265563965
2013-01-07,10.337836265563965
2013-01-08,10.337836265563965
2013-01-09,10.337836265563965
2013-01-10,10.337836265563965
2013-01-11,10.337836265563965
2013-01-14,10.337836265563965
2013-01-15,10.337836265563965
2013-01-16,10.337836265563965
2013-01-17,10.337836265563965
2013-01-18,10.337836265563965
2013-01-22,10.337836265563965
2013-01-23,10.337836265563965
2013-01-24,10.337836265563965
2013-01-25,10.337836265563965
2013-01-28,10.337836265563965
2013-01-29,10.337836265563965
2013-01-30,10.337836265563965
2013-01-31,10.337836265563965
2013-02-01,10.337836265563965
2013-02-04,10.337836265563965
2013-02-05,10.337836265563965
2013-02-06,10.337836265563965
2013-02-07,10.337836265563965
2013-02-08,10.337836265563965
2013-02-11,10.337836265563965
2013-02-12,10.337836265563965
2013-02-13,10.337836265563965
2013-02-14,10.337836265563965
2013-02-15,10.337836265563965
2013-02-19,10.337836265563965
2013-02-20,10.337836265563965
2013-02-21,10.337836265563965
2013-02-22,10.337836265563965
2013-02-25,10.337836265563965
2013-02-26,10.337836265563965
2013-02-27,10.337836265563965
2013-02-28,10.337836265563965
2013-03-01,10.337836265563965
2013-03-04,10.337836265563965
2013-03-05,10.337836265563965
2013-03-06,10.337836265563965
2013-03-07,10.337836265563965
2013-03-08,10.337836265563965
2013-03-11,10.337836265563965
2013-03-12,10.337836265563965
2013-03-13,10.337836265563965
2013-03-14,10.337836265563965
2013-03-15,10.337836265563965
2013-03-18,10.337836265563965
2013-03-19,10.337836265563965
2013-03-20,10.337836265563965
2013-03-21,10.337836265563965
2013-03-22,10.337836265563965
2013-03-25,10.337836265563965
2013-03-26,10.337836265563965
2013-03-27,10.337836265563965
2013-03-28,10.337836265563965
2013-04-01,10.337836265563965
2013-04-02,10.337836265563965
2013-04-03,10.337836265563965
2013-04-04,10.337836265563965
2013-04-05,10.337836265563965
2013-04-08,10.337836265563965
2013-04-09,10.337836265563965
2013-04-10,10.337836265563965
2013-04-11,12.437524795532227
2013-04-12,12.437524795532227
2013-04-15,12.437524795532227
2013-04-16,12.437524795532227
2013-04-17,12.437524795532227
2013-04-18,12.437524795532227
2013-04-19,12.437524795532227
2013-04-22,12.437524795532227
2013-04-23,12.437524795532227
2013-04-24,12.437524795532227
2013-04-25,12.317264556884766
2013-04-26,12.317264556884766
2013-04-29,12.317264556884766
2013-04-30,12.41436767578125
2013-05-01,12.41436767578125
2013-05-02,12.41436767578125
2013-05-03,12.41436767578125
2013-05-06,12.41436767578125
2013-05-07,12.41436767578125
2013-05-08,12.41436767578125
2013-05-09,12.41436767578125
2013-05-10,12.41436767578125
2013-05-13,12.41436767578125
2013-05-14,12.95217514038086
2013-05-15,12.95217514038086
2013-05-16,12.95217514038086
2013-05-17,12.95217514038086
2013-05-20,12.95217514038086
2013-05-21,12.95217514038086
2013-05-22,12.95217514038086
2013-05-23,11.951257705688477
2013-05-24,11.951257705688477
2013-05-28,11.951257705688477
2013-05-29,12.10064697265625
2013-05-30,12.10064697265625
2013-05-31,12.10064697265625
2013-06-03,12.10064697265625
2013-06-04,12.10064697265625
2013-06-05,12.10064697265625
2013-06-06,12.10064697265625
2013-06-07,12.10064697265625
2013-06-10,12.10064697265625
2013-06-11,12.10064697265625
2013-06-12,12.10064697265625
2013-06-13,12.10064697265625
2013-06-14,12.10064697265625
2013-06-17,12.10064697265625
2013-06-18,12.10064697265625
2013-06-19,12.10064697265625
2013-06-20,12.10064697265625
2013-06-21,12.10064697265625
2013-06-24,12.10064697265625
2013-06-25,12.10064697265625
2013-06-26,12.10064697265625
2013-06-27,12.10064697265625
2013-06-28,12.10064697265625
2013-07-01,12.10064697265625
2013-07-02,12.10064697265625
2013-07-03,12.287385940551758
2013-07-05,12.287385940551758
2013-07-08,12.287385940551758
2013-07-09,12.287385940551758
2013-07-10,12.287385940551758
2013-07-11,12.287385940551758
2013-07-12,12.287385940551758
2013-07-15,12.287385940551758
2013-07-16,12.287385940551758
2013-07-17,12.287385940551758
2013-07-18,12.287385940551758
2013-07-19,12.287385940551758
2013-07-22,12.287385940551758
2013-07-23,12.287385940551758
2013-07-24,12.287385940551758
2013-07-25,12.287385940551758
2013-07-26,12.287385940551758
2013-07-29,12.287385940551758
2013-07-30,12.287385940551758
2013-07-31,12.772906303405762
2013-08-01,12.772906303405762
2013-08-02,12.772906303405762
2013-08-05,12.772906303405762
2013-08-06,12.772906303405762
2013-08-07,12.772906303405762
2013-08-08,12.772906303405762
2013-08-09,12.772906303405762
2013-08-12,12.772906303405762
2013-08-13,12.772906303405762
2013-08-14,12.772906303405762
2013-08-15,12.772906303405762
2013-08-16,12.772906303405762
2013-08-19,12.772906303405762
2013-08-20,12.772906303405762
2013-08-21,12.772906303405762
2013-08-22,12.772906303405762
2013-08-23,13.243485450744629
2013-08-26,13.243485450744629
2013-08-27,13.243485450744629
2013-08-28,13.243485450744629
2013-08-29,13.243485450744629
2013-08-30,13.243485450744629
2013-09-03,13.243485450744629
2013-09-04,13.243485450744629
2013-09-05,13.243485450744629
2013-09-06,13.243485450744629
2013-09-09,13.243485450744629
2013-09-10,13.243485450744629
2013-09-11,13.131442070007324
2013-09-12,13.131442070007324
2013-09-13,13.131442070007324
2013-09-16,13.131442070007324
2013-09-17,13.131442070007324
2013-09-18,13.131442070007324
2013-09-19,13.25842571258545
2013-09-20,13.25842571258545
2013-09-23,13.25842571258545
2013-09-24,13.25842571258545
2013-09-25,13.669248580932617
2013-09-26,13.669248580932617
2013-09-27,13.669248580932617
2013-09-30,13.669248580932617
2013-10-01,13.81864070892334
2013-10-02,13.81864070892334
2013-10-03,13.81864070892334
2013-10-04,13.81864070892334
2013-10-07,13.81864070892334
2013-10-08,13.81864070892334
2013-10-09,13.81864070892334
2013-10-10,13.81864070892334
2013-10-11,13.81864070892334
2013-10-14,13.81864070892334
2013-10-15,13.81864070892334
2013-10-16,13.81864070892334
2013-10-17,13.81864070892334
2013-10-18,13.81864070892334
2013-10-21,13.81864070892334
2013-10-22,13.81864070892334
2013-10-23,13.81864070892334
2013-10-24,14.319097518920898
2013-10-25,14.319097518920898
2013-10-28,14.319097518920898
2013-10-29,14.319097518920898
2013-10-30,14.319097518920898
2013-10-31,14.319097518920898
2013-11-01,14.319097518920898
2013-11-04,14.319097518920898
2013-11-05,14.319097518920898
2013-11-06,14.319097518920898
2013-11-07,14.319097518920898
2013-11-08,14.319097518920898
2013-11-11,14.319097518920898
2013-11-12,14.319097518920898
2013-11-13,14.319097518920898
2013-11-14,14.319097518920898
2013-11-15,14.319097518920898
2013-11-18,14.319097518920898
2013-11-19,14.319097518920898
2013-11-20,14.319097518920898
2013-11-21,14.319097518920898
2013-11-22,14.319097518920898
2013-11-25,14.319097518920898
2013-11-26,14.319097518920898
2013-11-27,14.319097518920898
2013-11-29,14.319097518920898
2013-12-02,14.319097518920898
2013-12-03,14.319097518920898
2013-12-04,14.319097518920898
2013-12-05,14.319097518920898
2013-12-06,14.319097518920898
2013-12-09,14.319097518920898
2013-12-10,14.741263389587402
2013-12-11,14.741263389587402
2013-12-12,14.741263389587402
2013-12-13,14.741263389587402
2013-12-16,14.741263389587402
2013-12-17,14.741263389587402
2013-12-18,14.741263389587402
2013-12-19,14.741263389587402
2013-12-20,14.287575721740723
2013-12-23,14.287575721740723
2013-12-24,14.287575721740723
2013-12-26,14.287575721740723
2013-12-27,14.287575721740723
2013-12-30,14.287575721740723
2013-12-31,14.287575721740723
2014-01-02,14.287575721740723
2014-01-03,14.287575721740723
2014-01-06,14.287575721740723
2014-01-07,14.287575721740723
2014-01-08,14.287575721740723
2014-01-09,14.287575721740723
2014-01-10,15.110373497009277
2014-01-13,15.110373497009277
2014-01-14,15.110373497009277
2014-01-15,15.110373497009277
2014-01-16,15.110373497009277
2014-01-17,15.110373497009277
2014-01-21,15.110373497009277
2014-01-22,15.110373497009277
2014-01-23,15.425655364990234
2014-01-24,15.425655364990234
2014-01-27,15.425655364990234
2014-01-28,15.425655364990234
2014-01-29,15.425655364990234
2014-01-30,15.425655364990234
2014-01-31,15.425655364990234
2014-02-03,15.425655364990234
2014-02-04,15.425655364990234
2014-02-05,15.425655364990234
2014-02-06,15.425655364990234
2014-02-07,15.425655364990234
2014-02-10,15.425655364990234
2014-02-11,15.425655364990234
2014-02-12,15.425655364990234
2014-02-13,15.425655364990234
2014-02-14,15.425655364990234
2014-02-18,15.425655364990234
2014-02-19,15.425655364990234
2014-02-20,15.425655364990234
2014-02-21,15.425655364990234
2014-02-24,15.425655364990234
2014-02-25,15.425655364990234
2014-02-26,15.425655364990234
2014-02-27,15.425655364990234
2014-02-28,15.425655364990234
2014-03-03,15.425655364990234
2014-03-04,15.425655364990234
2014-03-05,16.417631149291992
2014-03-06,16.417631149291992
2014-03-07,16.417631149291992
2014-03-10,16.417631149291992
2014-03-11,16.417631149291992
2014-03-12,16.417631149291992
2014-03-13,16.417631149291992
2014-03-14,16.417631149291992
2014-03-17,16.417631149291992
2014-03-18,16.417631149291992
2014-03-19,16.417631149291992
2014-03-20,16.01007652282715
2014-03-21,16.01007652282715
2014-03-24,16.01007652282715
2014-03-25,16.01007652282715
2014-03-26,16.348424911499023
2014-03-27,16.348424911499023
2014-03-28,16.348424911499023
2014-03-31,16.348424911499023
2014-04-01,16.348424911499023
2014-04-02,16.348424911499023
2014-04-03,16.348424911499023
2014-04-04,16.348424911499023
2014-04-07,16.348424911499023
2014-04-08,16.60218620300293
2014-04-09,16.60218620300293
2014-04-10,16.60218620300293
2014-04-11,16.60218620300293
2014-04-14,16.60218620300293
2014-04-15,16.60218620300293
2014-04-16,16.60218620300293
2014-04-17,16.60218620300293
2014-04-21,16.60218620300293
2014-04-22,16.60218620300293
2014-04-23,16.60218620300293
2014-04-24,17.14815902709961
2014-04-25,17.14815902709961
2014-04-28,17.14815902709961
2014-04-29,17.14815902709961
2014-04-30,17.14815902709961
2014-05-01,17.294265747070312
2014-05-02,17.294265747070312
2014-05-05,17.294265747070312
2014-05-06,17.294265747070312
2014-05-07,17.294265747070312
2014-05-08,17.294265747070312
2014-05-09,17.294265747070312
2014-05-12,17.294265747070312
2014-05-13,17.294265747070312
2014-05-14,16.571430206298828
2014-05-15,16.571430206298828
2014-05-16,16.525291442871094
2014-05-19,16.456083297729492
2014-05-20,16.456083297729492
2014-05-21,16.456083297729492
2014-05-22,16.456083297729492
2014-05-23,16.456083297729492
2014-05-27,16.763673782348633
2014-05-28,16.763673782348633
2014-05-29,16.763673782348633
2014-05-30,16.840574264526367
2014-06-02,16.840574264526367
2014-06-03,16.840574264526367
2014-06-04,16.840574264526367
2014-06-05,16.840574264526367
2014-06-06,16.840574264526367
2014-06-09,16.840574264526367
2014-06-10,16.840574264526367
2014-06-11,16.840574264526367
2014-06-12,16.840574264526367
2014-06-13,16.840574264526367
2014-06-16,16.840574264526367
2014-06-17,16.840574264526367
2014-06-18,16.840574264526367
2014-06-19,16.840574264526367
2014-06-20,16.840574264526367
2014-06-23,16.840574264526367
2014-06-24,16.840574264526367
2014-06-25,16.840574264526367
2014-06-26,16.840574264526367
2014-06-27,16.840574264526367
2014-06-30,16.840574264526367
2014-07-01,16.840574264526367
2014-07-02,17.147817611694336
2014-07-03,17.147817611694336
2014-07-07,17.123889923095703
2014-07-08,17.123889923095703
2014-07-09,17.123889923095703
2014-07-10,17.123889923095703
2014-07-11,16.605470657348633
2014-07-14,16.605470657348633
2014-07-15,16.605470657348633
2014-07-16,17.028181076049805
2014-07-17,17.028181076049805
2014-07-18,17.028181076049805
2014-07-21,17.028181076049805
2014-07-22,16.73307991027832
2014-07-23,16.73307991027832
2014-07-24,16.73307991027832
2014-07-25,16.73307991027832
2014-07-28,16.73307991027832
2014-07-29,16.73307991027832
2014-07-30,16.73307991027832
2014-07-31,16.73307991027832
2014-08-01,16.73307991027832
2014-08-04,16.73307991027832
2014-08-05,16.73307991027832
2014-08-06,16.73307991027832
2014-08-07,16.73307991027832
2014-08-08,16.73307991027832
2014-08-11,16.73307991027832
2014-08-12,16.73307991027832
2014-08-13,16.73307991027832
2014-08-14,16.73307991027832
2014-08-15,16.73307991027832
2014-08-18,16.73307991027832
2014-08-19,16.73307991027832
2014-08-20,16.73307991027832
2014-08-21,16.73307991027832
2014-08-22,16.73307991027832
2014-08-25,16.73307991027832
2014-08-26,16.270490646362305
2014-08-27,16.270490646362305
2014-08-28,16.270490646362305
2014-08-29,16.270490646362305
2014-09-02,16.270490646362305
2014-09-03,16.270490646362305
2014-09-04,16.35024642944336
2014-09-05,16.35024642944336
2014-09-08,16.35024642944336
2014-09-09,16.35024642944336
2014-09-10,16.35024642944336
2014-09-11,16.35024642944336
2014-09-12,16.35024642944336
2014-09-15,16.35024642944336
2014-09-16,16.35024642944336
2014-09-17,16.35024642944336
2014-09-18,16.35024642944336
2014-09-19,16.35024642944336
2014-09-22,16.35024642944336
2014-09-23,16.35024642944336
2014-09-24,16.35024642944336
2014-09-25,16.35024642944336
2014-09-26,16.35024642944336
2014-09-29,16.35024642944336
2014-09-30,16.35024642944336
2014-10-01,16.35024642944336
2014-10-02,16.35024642944336
2014-10-03,16.35024642944336
2014-10-06,16.35024642944336
2014-10-07,16.35024642944336
2014-10-08,16.35024642944336
2014-10-09,16.35024642944336
2014-10-10,16.35024642944336
2014-10-13,16.35024642944336
2014-10-14,16.35024642944336
2014-10-15,16.35024642944336
2014-10-16,16.35024642944336
2014-10-17,15.153889656066895
2014-10-20,15.153889656066895
2014-10-21,15.153889656066895
2014-10-22,15.153889656066895
2014-10-23,15.153889656066895
2014-10-24,15.153889656066895
2014-10-27,15.153889656066895
2014-10-28,15.153889656066895
2014-10-29,15.153889656066895
2014-10-30,15.153889656066895
2014-10-31,15.153889656066895
2014-11-03,15.153889656066895
2014-11-04,16.521284103393555
2014-11-05,16.521284103393555
2014-11-06,16.521284103393555
2014-11-07,16.521284103393555
2014-11-10,16.521284103393555
2014-11-11,16.521284103393555
2014-11-12,16.521284103393555
2014-11-13,16.521284103393555
2014-11-14,16.521284103393555
2014-11-17,16.521284103393555
2014-11-18,16.512903213500977
2014-11-19,16.512903213500977
2014-11-20,16.496137619018555
2014-11-21,16.496137619018555
2014-11-24,16.496137619018555
2014-11-25,16.496137619018555
2014-11-26,16.496137619018555
2014-11-28,16.496137619018555
2014-12-01,16.496137619018555
2014-12-02,16.496137619018555
2014-12-03,16.496137619018555
2014-12-04,16.848190307617188
2014-12-05,16.848190307617188
2014-12-08,16.848190307617188
2014-12-09,16.848190307617188
2014-12-10,16.848190307617188
2014-12-11,16.470991134643555
2014-12-12,16.512903213500977
2014-12-15,16.512903213500977
2014-12-16,16.512903213500977
2014-12-17,16.512903213500977
2014-12-18,16.512903213500977
2014-12-19,16.512903213500977
2014-12-22,16.512903213500977
2014-12-23,16.512903213500977
2014-12-24,16.512903213500977
2014-12-26,16.512903213500977
2014-12-29,16.512903213500977
2014-12-30,16.512903213500977
2014-12-31,16.512903213500977
2015-01-02,16.512903213500977
2015-01-05,16.512903213500977
2015-01-06,16.512903213500977
2015-01-07,16.512903213500977
2015-01-08,16.512903213500977
2015-01-09,16.512903213500977
2015-01-12,16.512903213500977
2015-01-13,16.512903213500977
2015-01-14,17.47685432434082
2015-01-15,17.47685432434082
2015-01-16,17.47685432434082
2015-01-20,17.47685432434082
2015-01-21,17.47685432434082
2015-01-22,17.47685432434082
2015-01-23,16.91524887084961
2015-01-26,16.91524887084961
2015-01-27,16.91524887084961
2015-01-28,16.91524887084961
2015-01-29,16.91524887084961
2015-01-30,16.91524887084961
2015-02-02,16.91524887084961
2015-02-03,16.91524887084961
2015-02-04,16.91524887084961
2015-02-05,16.91524887084961
2015-02-06,16.91524887084961
2015-02-09,16.91524887084961
2015-02-10,16.91524887084961
2015-02-11,16.91524887084961
2015-02-12,16.91524887084961
2015-02-13,17.560670852661133
2015-02-17,17.560670852661133
2015-02-18,17.560670852661133
2015-02-19,17.560670852661133
2015-02-20,17.560670852661133
2015-02-23,17.560670852661133
2015-02-24,17.560670852661133
2015-02-25,17.560670852661133
2015-02-26,17.560670852661133
2015-02-27,17.560670852661133
2015-03-02,17.560670852661133
2015-03-03,17.560670852661133
2015-03-04,17.560670852661133
2015-03-05,17.560670852661133
2015-03-06,17.560670852661133
2015-03-09,17.560670852661133
2015-03-10,17.560670852661133
2015-03-11,17.560670852661133
2015-03-12,17.560670852661133
2015-03-13,17.560670852661133
2015-03-16,17.560670852661133
2015-03-17,17.560670852661133
2015-03-18,17.560670852661133
2015-03-19,17.560670852661133
2015-03-20,17.560670852661133
2015-03-23,17.560670852661133
2015-03-24,17.560670852661133
2015-03-25,17.560670852661133
2015-03-26,17.560670852661133
2015-03-27,17.560670852661133
2015-03-30,17.560670852661133
2015-03-31,17.560670852661133
2015-04-01,17.560670852661133
2015-04-02,17.560670852661133
2015-04-06,17.560670852661133
2015-04-07,17.560670852661133
2015-04-08,17.560670852661133
2015-04-09,17.560670852661133
2015-04-10,17.560670852661133
2015-04-13,17.560670852661133
2015-04-14,17.560670852661133
2015-04-15,17.560670852661133
2015-04-16,17.560670852661133
2015-04-17,17.560670852661133
2015-04-20,17.560670852661133
2015-04-21,17.560670852661133
2015-04-22,17.560670852661133
2015-04-23,17.560670852661133
2015-04-24,17.560670852661133
2015-04-27,18.515409469604492
2015-04-28,18.515409469604492
2015-04-29,18.515409469604492
2015-04-30,18.515409469604492
2015-05-01,18.515409469604492
2015-05-04,18.515409469604492
2015-05-05,18.515409469604492
2015-05-06,18.515409469604492
2015-05-07,18.515409469604492
2015-05-08,18.231250762939453
2015-05-11,18.231250762939453
2015-05-12,18.231250762939453
2015-05-13,18.231250762939453
2015-05-14,18.231250762939453
2015-05-15,18.231250762939453
2015-05-18,18.231250762939453
2015-05-19,18.231250762939453
2015-05-20,18.231250762939453
2015-05-21,18.231250762939453
2015-05-22,18.574918746948242
2015-05-26,18.574918746948242
2015-05-27,18.574918746948242
2015-05-28,18.574918746948242
2015-05-29,18.574918746948242
2015-06-01,18.574918746948242
2015-06-02,18.574918746948242
2015-06-03,18.574918746948242
2015-06-04,18.574918746948242
2015-06-05,18.574918746948242
2015-06-08,18.574918746948242
2015-06-09,18.574918746948242
2015-06-10,18.574918746948242
2015-06-11,18.574918746948242
2015-06-12,18.574918746948242
2015-06-15,18.574918746948242
2015-06-16,18.574918746948242
2015-06-17,18.574918746948242
2015-06-18,18.574918746948242
2015-06-19,18.574918746948242
2015-06-22,18.574918746948242
2015-06-23,18.574918746948242
2015-06-24,18.574918746948242
2015-06-25,18.574918746948242
2015-06-26,18.574918746948242
2015-06-29,18.574918746948242
2015-06-30,18.574918746948242
2015-07-01,18.574918746948242
2015-07-02,18.574918746948242
2015-07-06,18.574918746948242
2015-07-07,18.574918746948242
2015-07-08,18.574918746948242
2015-07-09,18.574918746948242
2015-07-10,18.574918746948242
2015-07-13,19.17340850830078
2015-07-14,19.17340850830078
2015-07-15,19.17340850830078
2015-07-16,19.17340850830078
2015-07-17,19.17340850830078
2015-07-20,19.17340850830078
2015-07-21,19.17340850830078
2015-07-22,19.17340850830078
2015-07-23,19.17340850830078
2015-07-24,19.17340850830078
2015-07-27,19.698131561279297
2015-07-28,19.698131561279297
2015-07-29,19.698131561279297
2015-07-30,19.698131561279297
2015-07-31,19.698131561279297
2015-08-03,19.698131561279297
2015-08-04,19.698131561279297
2015-08-05,19.698131561279297
2015-08-06,19.698131561279297
2015-08-07,19.698131561279297
2015-08-10,19.698131561279297
2015-08-11,19.698131561279297
2015-08-12,19.698131561279297
2015-08-13,19.698131561279297
2015-08-14,20.180944442749023
2015-08-17,20.180944442749023
2015-08-18,20.180944442749023
2015-08-19,20.180944442749023
2015-08-20,20.180944442749023
2015-08-21,20.180944442749023
2015-08-24,20.180944442749023
2015-08-25,20.180944442749023
2015-08-26,19.614309310913086
2015-08-27,19.614309310913086
2015-08-28,19.614309310913086
2015-08-31,19.614309310913086
2015-09-01,19.882537841796875
2015-09-02,19.882537841796875
2015-09-03,19.882537841796875
2015-09-04,19.882537841796875
2015-09-08,19.882537841796875
2015-09-09,19.882537841796875
2015-09-10,19.882537841796875
2015-09-11,19.882537841796875
2015-09-14,19.882537841796875
2015-09-15,19.882537841796875
2015-09-16,19.882537841796875
2015-09-17,19.882537841796875
2015-09-18,19.882537841796875
2015-09-21,19.882537841796875
2015-09-22,19.882537841796875
2015-09-23,20.11724090576172
2015-09-24,20.11724090576172
2015-09-25,20.11724090576172
2015-09-28,20.11724090576172
2015-09-29,20.11724090576172
2015-09-30,20.11724090576172
2015-10-01,20.11724090576172
2015-10-02,20.11724090576172
2015-10-05,20.11724090576172
2015-10-06,20.11724090576172
2015-10-07,20.11724090576172
2015-10-08,20.11724090576172
2015-10-09,20.11724090576172
2015-10-12,20.11724090576172
2015-10-13,20.11724090576172
2015-10-14,20.11724090576172
2015-10-15,20.11724090576172
2015-10-16,20.11724090576172
2015-10-19,20.11724090576172
2015-10-20,20.11724090576172
2015-10-21,20.11724090576172
2015-10-22,20.11724090576172
2015-10-23,20.11724090576172
2015-10-26,20.11724090576172
2015-10-27,20.11724090576172
2015-10-28,20.11724090576172
2015-10-29,20.11724090576172
2015-10-30,20.11724090576172
2015-11-02,20.11724090576172
2015-11-03,20.388486862182617
2015-11-04,20.388486862182617
2015-11-05,20.388486862182617
2015-11-06,20.388486862182617
2015-11-09,20.388486862182617
2015-11-10,20.388486862182617
2015-11-11,20.388486862182617
2015-11-12,20.388486862182617
2015-11-13,20.388486862182617
2015-11-16,20.388486862182617
2015-11-17,20.388486862182617
2015-11-18,20.388486862182617
2015-11-19,20.388486862182617
2015-11-20,20.388486862182617
2015-11-23,20.388486862182617
2015-11-24,20.388486862182617
2015-11-25,20.388486862182617
2015-11-27,19.798717498779297
2015-11-30,20.075328826904297
2015-12-01,20.075328826904297
2015-12-02,20.075328826904297
2015-12-03,20.075328826904297
2015-12-04,19.530487060546875
2015-12-07,19.698131561279297
2015-12-08,19.698131561279297
2015-12-09,19.698131561279297
2015-12-10,19.698131561279297
2015-12-11,19.698131561279297
2015-12-14,19.698131561279297
2015-12-15,19.698131561279297
2015-12-16,19.698131561279297
2015-12-17,19.698131561279297
2015-12-18,19.698131561279297
2015-12-21,19.698131561279297
2015-12-22,19.698131561279297
2015-12-23,19.698131561279297
2015-12-24,19.698131561279297
2015-12-28,19.698131561279297
2015-12-29,19.698131561279297
2015-12-30,19.698131561279297
2015-12-31,19.698131561279297
2016-01-04,19.698131561279297
2016-01-05,19.698131561279297
2016-01-06,19.698131561279297
2016-01-07,19.698131561279297
2016-01-08,19.698131561279297
2016-01-11,18.35698127746582
2016-01-12,18.31507110595703
2016-01-13,18.31507110595703
2016-01-14,18.31507110595703
2016-01-15,17.074508666992188
2016-01-19,17.074508666992188
2016-01-20,17.074508666992188
2016-01-21,17.074508666992188
2016-01-22,17.074508666992188
2016-01-25,17.074508666992188
2016-01-26,17.074508666992188
2016-01-27,17.074508666992188
2016-01-28,17.074508666992188
2016-01-29,17.074508666992188
2016-02-01,17.074508666992188
2016-02-02,18.323453903198242
2016-02-03,18.323453903198242
2016-02-04,18.28221321105957
2016-02-05,18.28221321105957
2016-02-08,18.28221321105957
2016-02-09,16.554811477661133
2016-02-10,16.554811477661133
2016-02-11,16.554811477661133
2016-02-12,16.554811477661133
2016-02-16,17.057743072509766
2016-02-17,17.057743072509766
2016-02-18,17.141565322875977
2016-02-19,17.141565322875977
2016-02-22,17.01583480834961
2016-02-23,17.01583480834961
2016-02-24,17.01583480834961
2016-02-25,17.01583480834961
2016-02-26,17.01583480834961
2016-02-29,17.01583480834961
2016-03-01,17.01583480834961
2016-03-02,17.01583480834961
2016-03-03,16.680543899536133
2016-03-04,16.680543899536133
2016-03-07,16.680543899536133
2016-03-08,16.680543899536133
2016-03-09,16.680543899536133
2016-03-10,16.680543899536133
2016-03-11,16.680543899536133
2016-03-14,16.680543899536133
2016-03-15,16.680543899536133
2016-03-16,16.680543899536133
2016-03-17,16.680543899536133
2016-03-18,16.680543899536133
2016-03-21,16.680543899536133
2016-03-22,16.680543899536133
2016-03-23,16.680543899536133
2016-03-24,16.680543899536133
2016-03-28,16.680543899536133
2016-03-29,16.680543899536133
2016-03-30,16.680543899536133
2016-03-31,16.680543899536133
2016-04-01,16.680543899536133
2016-04-04,17.870813369750977
2016-04-05,17.325973510742188
2016-04-06,17.325973510742188
2016-04-07,17.325973510742188
2016-04-08,17.4097957611084
2016-04-11,17.602584838867188
2016-04-12,17.47685432434082
2016-04-13,17.47685432434082
2016-04-14,17.47685432434082
2016-04-15,17.47685432434082
2016-04-18,17.47685432434082
2016-04-19,17.47685432434082
2016-04-20,17.47685432434082
2016-04-21,17.47685432434082
2016-04-22,17.47685432434082
2016-04-25,17.47685432434082
2016-04-26,17.47685432434082
2016-04-27,17.47685432434082
2016-04-28,17.47685432434082
2016-04-29,17.47685432434082
2016-05-02,17.47685432434082
2016-05-03,17.47685432434082
2016-05-04,17.47685432434082
2016-05-05,17.47685432434082
2016-05-06,17.47685432434082
2016-05-09,17.47685432434082
2016-05-10,17.47685432434082
2016-05-11,17.47685432434082
2016-05-12,17.47685432434082
2016-05-13,17.47685432434082
2016-05-16,17.47685432434082
2016-05-17,17.47685432434082
2016-05-18,17.47685432434082
2016-05-19,17.47685432434082
2016-05-20,17.47685432434082
2016-05-23,17.47685432434082
2016-05-24,17.47685432434082
2016-05-25,17.47685432434082
2016-05-26,17.47685432434082
2016-05-27,17.47685432434082
2016-05-31,17.47685432434082
2016-06-01,17.47685432434082
2016-06-02,17.47685432434082
2016-06-03,17.47685432434082
2016-06-06,17.47685432434082
2016-06-07,17.47685432434082
2016-06-08,17.47685432434082
2016-06-09,17.47685432434082
2016-06-10,17.47685432434082
2016-06-13,17.47685432434082
2016-06-14,16.1776123046875
2016-06-15,16.1776123046875
2016-06-16,16.1776123046875
2016-06-17,16.1776123046875
2016-06-20,16.1776123046875
2016-06-21,16.1776123046875
2016-06-22,16.1776123046875
2016-06-23,16.1776123046875
2016-06-24,16.1776123046875
2016-06-27,16.1776123046875
2016-06-28,15.5489501953125
2016-06-29,16.0518798828125
2016-06-30,16.093793869018555
2016-07-01,16.093793869018555
2016-07-05,16.093793869018555
2016-07-06,16.093793869018555
2016-07-07,16.093793869018555
2016-07-08,16.093793869018555
2016-07-11,16.093793869018555
2016-07-12,16.093793869018555
2016-07-13,16.093793869018555
2016-07-14,16.848190307617188
2016-07-15,16.848190307617188
2016-07-18,16.596721649169922
2016-07-19,16.596721649169922
2016-07-20,16.596721649169922
2016-07-21,16.596721649169922
2016-07-22,16.596721649169922
2016-07-25,16.596721649169922
2016-07-26,16.596721649169922
2016-07-27,16.596721649169922
2016-07-28,16.596721649169922
2016-07-29,16.596721649169922
2016-08-01,16.596721649169922
2016-08-02,16.881717681884766
2016-08-03,16.881717681884766
2016-08-04,16.881717681884766
2016-08-05,16.881717681884766
2016-08-08,16.881717681884766
2016-08-09,16.881717681884766
2016-08-10,16.881717681884766
2016-08-11,16.881717681884766
2016-08-12,16.881717681884766
2016-08-15,16.881717681884766
2016-08-16,16.881717681884766
2016-08-17,16.881717681884766
2016-08-18,16.881717681884766
2016-08-19,16.881717681884766
2016-08-22,16.881717681884766
2016-08-23,16.881717681884766
2016-08-24,16.881717681884766
2016-08-25,16.881717681884766
2016-08-26,16.881717681884766
2016-08-29,16.881717681884766
2016-08-30,16.881717681884766
2016-08-31,16.49094009399414
2016-09-01,16.49094009399414
2016-09-02,16.49094009399414
2016-09-06,16.49094009399414
2016-09-07,17.40384292602539
2016-09-08,17.40384292602539
2016-09-09,17.40384292602539
2016-09-12,17.40384292602539
2016-09-13,17.40384292602539
2016-09-14,17.40384292602539
2016-09-15,17.40384292602539
2016-09-16,17.40384292602539
2016-09-19,17.40384292602539
2016-09-20,17.40384292602539
2016-09-21,17.40384292602539
2016-09-22,17.40384292602539
2016-09-23,17.40384292602539
2016-09-26,17.40384292602539
2016-09-27,17.40384292602539
2016-09-28,17.40384292602539
2016-09-29,17.40384292602539
2016-09-30,17.753463745117188
2016-10-03,17.753463745117188
2016-10-04,17.753463745117188
2016-10-05,17.753463745117188
2016-10-06,17.753463745117188
2016-10-07,17.753463745117188
2016-10-10,17.753463745117188
2016-10-11,17.753463745117188
2016-10-12,17.753463745117188
2016-10-13,17.753463745117188
2016-10-14,17.753463745117188
2016-10-17,17.753463745117188
2016-10-18,17.753463745117188
2016-10-19,17.753463745117188
2016-10-20,17.753463745117188
2016-10-21,17.753463745117188
2016-10-24,17.753463745117188
2016-10-25,17.753463745117188
2016-10-26,17.753463745117188
2016-10-27,17.753463745117188
2016-10-28,17.753463745117188
2016-10-31,17.753463745117188
2016-11-01,17.753463745117188
2016-11-02,17.753463745117188
2016-11-03,15.884239196777344
2016-11-04,15.884239196777344
2016-11-07,15.884239196777344
2016-11-08,15.884239196777344
2016-11-09,15.884239196777344
2016-11-10,15.884239196777344
2016-11-11,14.809724807739258
2016-11-14,14.809724807739258
2016-11-15,14.809724807739258
2016-11-16,14.809724807739258
2016-11-17,14.809724807739258
2016-11-18,14.809724807739258
2016-11-21,14.809724807739258
2016-11-22,14.809724807739258
2016-11-23,14.809724807739258
2016-11-25,14.509559631347656
2016-11-28,14.509559631347656
2016-11-29,14.995726585388184
2016-11-30,14.668821334838867
2016-12-01,14.668821334838867
2016-12-02,14.668821334838867
2016-12-05,14.668821334838867
2016-12-06,14.668821334838867
2016-12-07,14.668821334838867
2016-12-08,14.962198257446289
2016-12-09,14.962198257446289
2016-12-12,14.962198257446289
2016-12-13,14.962198257446289
2016-12-14,14.962198257446289
2016-12-15,14.962198257446289
2016-12-16,14.962198257446289
2016-12-19,14.962198257446289
2016-12-20,14.962198257446289
2016-12-21,14.962198257446289
2016-12-22,14.962198257446289
2016-12-23,14.962198257446289
2016-12-27,14.962198257446289
2016-12-28,14.962198257446289
2016-12-29,14.962198257446289
2016-12-30,14.962198257446289
2017-01-03,14.962198257446289
2017-01-04,14.962198257446289
2017-01-05,14.962198257446289
2017-01-06,14.962198257446289
2017-01-09,14.962198257446289
2017-01-10,14.962198257446289
2017-01-11,14.962198257446289
2017-01-12,14.962198257446289
2017-01-13,14.962198257446289
2017-01-17,14.962198257446289
2017-01-18,14.962198257446289
2017-01-19,14.962198257446289
2017-01-20,14.962198257446289
2017-01-23,14.962198257446289
2017-01-24,14.962198257446289
2017-01-25,14.962198257446289
2017-01-26,14.962198257446289
2017-01-27,14.962198257446289
2017-01-30,14.962198257446289
2017-01-31,15.004107475280762
2017-02-01,15.004107475280762
2017-02-02,15.004107475280762
2017-02-03,15.004107475280762
2017-02-06,14.962198257446289
2017-02-07,14.962198257446289
2017-02-08,14.962198257446289
2017-02-09,14.962198257446289
2017-02-10,14.962198257446289
2017-02-13,15.339398384094238
2017-02-14,15.339398384094238
2017-02-15,15.339398384094238
2017-02-16,15.339398384094238
2017-02-17,15.423216819763184
2017-02-21,15.423216819763184
2017-02-22,15.423216819763184
2017-02-23,15.423216819763184
2017-02-24,15.423216819763184
2017-02-27,15.004107475280762
2017-02-28,15.775270462036133
2017-03-01,15.775270462036133
2017-03-02,15.775270462036133
2017-03-03,15.775270462036133
2017-03-06,15.800413131713867
2017-03-07,15.800413131713867
2017-03-08,15.800413131713867
2017-03-09,15.800413131713867
2017-03-10,15.800413131713867
2017-03-13,16.261436462402344
2017-03-14,16.261436462402344
2017-03-15,16.261436462402344
2017-03-16,16.261436462402344
2017-03-17,16.261436462402344
2017-03-20,16.261436462402344
2017-03-21,16.261436462402344
2017-03-22,16.261436462402344
2017-03-23,16.261436462402344
2017-03-24,16.261436462402344
2017-03-27,16.261436462402344
2017-03-28,16.261436462402344
2017-03-29,16.76436996459961
2017-03-30,16.76436996459961
2017-03-31,16.76436996459961
2017-04-03,16.76436996459961
2017-04-04,16.76436996459961
2017-04-05,16.76436996459961
2017-04-06,16.76436996459961
2017-04-07,16.76436996459961
2017-04-10,16.76436996459961
2017-04-11,16.76436996459961
2017-04-12,16.76436996459961
2017-04-13,16.76436996459961
2017-04-17,16.76436996459961
2017-04-18,16.76436996459961
2017-04-19,16.76436996459961
2017-04-20,16.76436996459961
2017-04-21,16.76436996459961
2017-04-24,16.76436996459961
2017-04-25,16.76436996459961
2017-04-26,16.76436996459961
2017-04-27,16.76436996459961
2017-04-28,16.76436996459961
2017-05-01,16.76436996459961
2017-05-02,16.76436996459961
2017-05-03,18.27315902709961
2017-05-04,18.298309326171875
2017-05-05,18.298309326171875
2017-05-08,18.298309326171875
2017-05-09,18.298309326171875
2017-05-10,18.298309326171875
2017-05-11,18.298309326171875
2017-05-12,18.298309326171875
2017-05-15,18.298309326171875
2017-05-16,18.298309326171875
2017-05-17,18.298309326171875
2017-05-18,18.298309326171875
2017-05-19,18.298309326171875
2017-05-22,18.298309326171875
2017-05-23,18.298309326171875
2017-05-24,18.6671199798584
2017-05-25,18.6671199798584
2017-05-26,18.6671199798584
2017-05-30,18.6671199798584
2017-05-31,18.6671199798584
2017-06-01,19.27901840209961
2017-06-02,19.27901840209961
2017-06-05,19.27901840209961
2017-06-06,19.27901840209961
2017-06-07,19.27901840209961
2017-06-08,19.27901840209961
2017-06-09,18.6671199798584
2017-06-12,18.6671199798584
2017-06-13,18.6671199798584
2017-06-14,18.6671199798584
2017-06-15,18.6671199798584
2017-06-16,18.6671199798584
2017-06-19,18.6671199798584
2017-06-20,18.6671199798584
2017-06-21,18.6671199798584
2017-06-22,18.6671199798584
2017-06-23,18.6671199798584
2017-06-26,18.6671199798584
2017-06-27,18.6671199798584
2017-06-28,18.6671199798584
2017-06-29,18.398893356323242
2017-06-30,18.398893356323242
2017-07-03,18.398893356323242
2017-07-05,18.398893356323242
2017-07-06,18.398893356323242
2017-07-07,18.398893356323242
2017-07-10,18.398893356323242
2017-07-11,18.398893356323242
2017-07-12,18.398893356323242
2017-07-13,18.398893356323242
2017-07-14,18.398893356323242
2017-07-17,18.398893356323242
2017-07-18,18.398893356323242
2017-07-19,18.398893356323242
2017-07-20,18.398893356323242
2017-07-21,18.398893356323242
2017-07-24,18.398893356323242
2017-07-25,18.398893356323242
2017-07-26,18.398893356323242
2017-07-27,18.398893356323242
2017-07-28,18.398893356323242
2017-07-31,18.398893356323242
2017-08-01,18.398893356323242
2017-08-02,18.398893356323242
2017-08-03,18.398893356323242
2017-08-04,18.398893356323242
2017-08-07,18.398893356323242
2017-08-08,18.398893356323242
2017-08-09,18.398893356323242
2017-08-10,18.398893356323242
2017-08-11,18.398893356323242
2017-08-14,18.33309555053711
2017-08-15,18.33309555053711
2017-08-16,18.33309555053711
2017-08-17,18.33309555053711
2017-08-18,18.398893356323242
2017-08-21,18.398893356323242
2017-08-22,18.398893356323242
2017-08-23,18.398893356323242
2017-08-24,18.398893356323242
2017-08-25,18.398893356323242
2017-08-28,18.398893356323242
2017-08-29,18.398893356323242
2017-08-30,18.398893356323242
2017-08-31,18.776092529296875
2017-09-01,18.776092529296875
2017-09-05,18.776092529296875
2017-09-06,18.776092529296875
2017-09-07,18.776092529296875
2017-09-08,19.489582061767578
2017-09-11,19.431324005126953
2017-09-12,19.224706649780273
2017-09-13,19.224706649780273
2017-09-14,19.224706649780273
2017-09-15,19.224706649780273
2017-09-18,19.224706649780273
2017-09-19,19.224706649780273
2017-09-20,19.224706649780273
2017-09-21,19.224706649780273
2017-09-22,19.224706649780273
2017-09-25,19.224706649780273
2017-09-26,19.224706649780273
2017-09-27,18.224288940429688
2017-09-28,18.224288940429688
2017-09-29,18.224288940429688
2017-10-02,18.224288940429688
2017-10-03,18.224288940429688
2017-10-04,18.224288940429688
2017-10-05,18.224288940429688
2017-10-06,18.224288940429688
2017-10-09,18.224288940429688
2017-10-10,18.224288940429688
2017-10-11,18.224288940429688
2017-10-12,18.224288940429688
2017-10-13,18.224288940429688
2017-10-16,18.224288940429688
2017-10-17,18.224288940429688
2017-10-18,18.224288940429688
2017-10-19,18.30668830871582
2017-10-20,18.3426513671875
2017-10-23,18.3426513671875
2017-10-24,18.3426513671875
2017-10-25,17.659500122070312
2017-10-26,17.990766525268555
2017-10-27,17.990766525268555
2017-10-30,17.990766525268555
2017-10-31,17.990766525268555
2017-11-01,18.122283935546875
2017-11-02,18.19428253173828
2017-11-03,18.19428253173828
2017-11-06,18.19428253173828
2017-11-07,17.854473114013672
2017-11-08,17.854473114013672
2017-11-09,17.686403274536133
2017-11-10,17.686403274536133
2017-11-13,17.686403274536133
2017-11-14,17.686403274536133
2017-11-15,17.686403274536133
2017-11-16,17.686403274536133
2017-11-17,17.686403274536133
2017-11-20,18.00527000427246
2017-11-21,18.00527000427246
2017-11-22,18.00527000427246
2017-11-24,18.00527000427246
2017-11-27,18.00527000427246
2017-11-28,18.00527000427246
2017-11-29,18.00527000427246
2017-11-30,18.00527000427246
2017-12-01,18.00527000427246
2017-12-04,18.00527000427246
2017-12-05,18.00527000427246
2017-12-06,18.00527000427246
2017-12-07,18.33116912841797
2017-12-08,18.33116912841797
2017-12-11,18.33116912841797
2017-12-12,17.958993911743164
2017-12-13,17.958993911743164
2017-12-14,17.958993911743164
2017-12-15,18.008953094482422
2017-12-18,18.008953094482422
2017-12-19,18.44080352783203
2017-12-20,18.44080352783203
2017-12-21,18.44080352783203
2017-12-22,18.44080352783203
2017-12-26,18.44080352783203
2017-12-27,18.44080352783203
2017-12-28,18.901823043823242
2017-12-29,18.901823043823242
2018-01-02,18.901823043823242
2018-01-03,19.18790626525879
2018-01-04,19.18790626525879
2018-01-05,19.18790626525879
2018-01-08,19.18790626525879
2018-01-09,19.18790626525879
2018-01-10,19.62537384033203
2018-01-11,19.62537384033203
2018-01-12,19.62537384033203
2018-01-16,19.62537384033203
2018-01-17,19.62537384033203
2018-01-18,19.62537384033203
2018-01-19,19.62537384033203
2018-01-22,19.62537384033203
2018-01-23,19.27901840209961
2018-01-24,19.27901840209961
2018-01-25,19.27901840209961
2018-01-26,19.27901840209961
2018-01-29,19.27901840209961
2018-01-30,18.985645294189453
2018-01-31,18.985645294189453
2018-02-01,18.985645294189453
2018-02-02,18.985645294189453
2018-02-05,18.985645294189453
2018-02-06,18.985645294189453
2018-02-07,18.985645294189453
2018-02-08,17.451704025268555
2018-02-09,17.451704025268555
2018-02-12,17.451704025268555
2018-02-13,17.451704025268555
2018-02-14,17.728317260742188
2018-02-15,18.43242073059082
2018-02-16,18.43242073059082
2018-02-20,18.43242073059082
2018-02-21,18.43242073059082
2018-02-22,18.43242073059082
2018-02-23,18.43242073059082
2018-02-26,18.43242073059082
2018-02-27,18.264774322509766
2018-02-28,18.264774322509766
2018-03-01,18.264774322509766
2018-03-02,18.264774322509766
2018-03-05,18.264774322509766
2018-03-06,18.264774322509766
2018-03-07,17.630748748779297
2018-03-08,17.630748748779297
2018-03-09,17.630748748779297
2018-03-12,17.77022933959961
2018-03-13,17.94667625427246
2018-03-14,17.94667625427246
2018-03-15,17.94667625427246
2018-03-16,17.68841552734375
2018-03-19,17.68841552734375
2018-03-20,17.425384521484375
2018-03-21,17.425384521484375
2018-03-22,17.0074520111084
2018-03-23,17.0074520111084
2018-03-26,17.0074520111084
2018-03-27,17.0074520111084
2018-03-28,17.077606201171875
2018-03-29,17.077606201171875
2018-04-02,17.077606201171875
2018-04-03,17.077606201171875
2018-04-04,17.24935531616211
2018-04-05,17.24935531616211
2018-04-06,17.24935531616211
2018-04-09,17.24935531616211
2018-04-10,17.24935531616211
2018-04-11,17.24935531616211
2018-04-12,17.24935531616211
2018-04-13,17.24935531616211
2018-04-16,17.24935531616211
2018-04-17,17.947763442993164
2018-04-18,17.947763442993164
2018-04-19,18.220354080200195
2018-04-20,18.220354080200195
2018-04-23,18.220354080200195
2018-04-24,18.220354080200195
2018-04-25,18.220354080200195
2018-04-26,18.14566421508789
2018-04-27,18.14566421508789
2018-04-30,17.89596176147461
2018-05-01,17.89596176147461
2018-05-02,17.937868118286133
2018-05-03,17.937868118286133
2018-05-04,17.937868118286133
2018-05-07,17.937868118286133
2018-05-08,17.937868118286133
2018-05-09,17.937868118286133
2018-05-10,17.937868118286133
2018-05-11,17.937868118286133
2018-05-14,17.937868118286133
2018-05-15,17.937868118286133
2018-05-16,17.937868118286133
2018-05-17,17.141565322875977
2018-05-18,17.141565322875977
2018-05-21,11.986523628234863
2018-05-22,11.986523628234863
2018-05-23,16.973920822143555
2018-05-24,16.973920822143555
2018-05-25,16.973920822143555
2018-05-29,16.973920822143555
2018-05-30,16.973920822143555
2018-05-31,16.973920822143555
2018-06-01,16.973920822143555
2018-06-04,16.973920822143555
2018-06-05,16.973920822143555
2018-06-06,16.973920822143555
2018-06-07,16.973920822143555
2018-06-08,16.973920822143555
2018-06-11,16.973920822143555
2018-06-12,16.973920822143555
2018-06-13,16.973920822143555
2018-06-14,16.973920822143555
2018-06-15,16.973920822143555
2018-06-18,16.973920822143555
2018-06-19,16.973920822143555
2018-06-20,17.820186614990234
2018-06-21,17.820186614990234
2018-06-22,17.820186614990234
2018-06-25,17.820186614990234
2018-06-26,17.820186614990234
2018-06-27,17.820186614990234
2018-06-28,17.820186614990234
2018-06-29,17.820186614990234
2018-07-02,17.820186614990234
2018-07-03,17.820186614990234
2018-07-05,17.820186614990234
2018-07-06,17.51063346862793
2018-07-09,17.51063346862793
2018-07-10,17.51063346862793
2018-07-11,17.51063346862793
2018-07-12,17.51063346862793
2018-07-13,17.51063346862793
2018-07-16,17.51063346862793
2018-07-17,17.51063346862793
2018-07-18,17.51063346862793
2018-07-19,17.51063346862793
2018-07-20,17.51063346862793
2018-07-23,17.51063346862793
2018-07-24,17.51063346862793
2018-07-25,17.51063346862793
2018-07-26,17.04098129272461
2018-07-27,17.04098129272461
2018-07-30,17.04098129272461
2018-07-31,17.04098129272461
2018-08-01,17.04098129272461
2018-08-02,17.04098129272461
2018-08-03,17.04098129272461
2018-08-06,17.04098129272461
2018-08-07,17.04098129272461
2018-08-08,17.04098129272461
2018-08-09,17.686403274536133
2018-08-10,17.686403274536133
2018-08-13,17.468467712402344
2018-08-14,17.468467712402344
2018-08-15,17.468467712402344
2018-08-16,17.468467712402344
2018-08-17,17.468467712402344
2018-08-20,17.468467712402344
2018-08-21,17.468467712402344
2018-08-22,17.468467712402344
2018-08-23,17.468467712402344
2018-08-24,17.468467712402344
2018-08-27,17.468467712402344
2018-08-28,17.468467712402344
2018-08-29,17.468467712402344
2018-08-30,17.468467712402344
2018-08-31,17.468467712402344
2018-09-04,17.468467712402344
2018-09-05,17.468467712402344
2018-09-06,17.468467712402344
2018-09-07,17.468467712402344
2018-09-10,17.468467712402344
2018-09-11,17.468467712402344
2018-09-12,17.468467712402344
2018-09-13,17.468467712402344
2018-09-14,17.468467712402344
2018-09-17,17.468467712402344
2018-09-18,17.468467712402344
2018-09-19,17.468467712402344
2018-09-20,18.147428512573242
2018-09-21,18.147428512573242
2018-09-24,18.147428512573242
2018-09-25,18.147428512573242
2018-09-26,18.147428512573242
2018-09-27,18.147428512573242
2018-09-28,18.147428512573242
2018-10-01,18.147428512573242
2018-10-02,18.147428512573242
2018-10-03,17.89596176147461
2018-10-04,17.89596176147461
2018-10-05,17.51876449584961
2018-10-08,17.01583480834961
2018-10-09,17.01583480834961
2018-10-10,17.01583480834961
2018-10-11,17.01583480834961
2018-10-12,17.01583480834961
2018-10-15,17.01583480834961
2018-10-16,17.01583480834961
2018-10-17,17.01583480834961
2018-10-18,17.01583480834961
2018-10-19,17.01583480834961
2018-10-22,17.01583480834961
2018-10-23,17.01583480834961
2018-10-24,17.01583480834961
2018-10-25,17.01583480834961
2018-10-26,17.01583480834961
2018-10-29,17.01583480834961
2018-10-30,17.01583480834961
2018-10-31,17.01583480834961
2018-11-01,17.01583480834961
2018-11-02,17.01583480834961
2018-11-05,17.01583480834961
2018-11-06,17.01583480834961
2018-11-07,17.01583480834961
2018-11-08,17.01583480834961
2018-11-09,17.01583480834961
2018-11-12,17.01583480834961
2018-11-13,17.01583480834961
2018-11-14,17.01583480834961
2018-11-15,16.763776779174805
2018-11-16,16.763776779174805
2018-11-19,16.763776779174805
2018-11-20,16.763776779174805
2018-11-21,16.763776779174805
2018-11-23,16.763776779174805
2018-11-26,16.763776779174805
2018-11-27,16.763776779174805
2018-11-28,16.973920822143555
2018-11-29,16.973920822143555
2018-11-30,17.11641502380371
2018-12-03,17.11641502380371
2018-12-04,17.11641502380371
2018-12-06,17.11641502380371
2018-12-07,17.11641502380371
2018-12-10,17.11641502380371
2018-12-11,16.973920822143555
2018-12-12,16.973920822143555
2018-12-13,16.973920822143555
2018-12-14,16.973920822143555
2018-12-17,16.973920822143555
2018-12-18,16.973920822143555
2018-12-19,16.848190307617188
2018-12-20,16.848190307617188
2018-12-21,16.848190307617188
2018-12-24,16.848190307617188
2018-12-26,16.848190307617188
2018-12-27,16.470991134643555
2018-12-28,16.470991134643555
2018-12-31,16.470991134643555
2019-01-02,16.470991134643555
2019-01-03,16.470991134643555
2019-01-04,16.470991134643555
2019-01-07,16.470991134643555
2019-01-08,16.470991134643555
2019-01-09,16.470991134643555
2019-01-10,16.470991134643555
2019-01-11,16.470991134643555
2019-01-14,16.470991134643555
2019-01-15,16.470991134643555
2019-01-16,16.470991134643555
2019-01-17,16.470991134643555
2019-01-18,16.470991134643555
2019-01-22,18.433509826660156
2019-01-23,18.433509826660156
2019-01-24,18.433509826660156
2019-01-25,18.720182418823242
2019-01-28,18.720182418823242
2019-01-29,18.720182418823242
2019-01-30,18.720182418823242
2019-01-31,18.720182418823242
2019-02-01,18.720182418823242
2019-02-04,18.720182418823242
2019-02-05,18.720182418823242
2019-02-06,18.720182418823242
2019-02-07,18.720182418823242
2019-02-08,18.720182418823242
2019-02-11,18.720182418823242
2019-02-12,18.720182418823242
2019-02-13,18.720182418823242
2019-02-14,18.720182418823242
2019-02-15,18.720182418823242
2019-02-19,18.720182418823242
2019-02-20,18.720182418823242
2019-02-21,18.720182418823242
2019-02-22,18.720182418823242
2019-02-25,18.720182418823242
2019-02-26,18.720182418823242
2019-02-27,18.720182418823242
2019-02-28,18.720182418823242
2019-03-01,18.720182418823242
2019-03-04,18.720182418823242
2019-03-05,18.720182418823242
2019-03-06,18.720182418823242
2019-03-07,18.720182418823242
2019-03-08,19.195199966430664
2019-03-11,19.195199966430664
2019-03-12,19.195199966430664
2019-03-13,19.195199966430664
2019-03-14,19.195199966430664
2019-03-15,19.195199966430664
2019-03-18,19.195199966430664
2019-03-19,19.195199966430664
2019-03-20,19.195199966430664
2019-03-21,19.195199966430664
2019-03-22,19.195199966430664
2019-03-25,19.195199966430664
2019-03-26,19.195199966430664
2019-03-27,19.195199966430664
2019-03-28,19.195199966430664
2019-03-29,19.195199966430664
2019-04-01,19.195199966430664
2019-04-02,19.195199966430664
2019-04-03,19.195199966430664
2019-04-04,19.195199966430664
2019-04-05,19.195199966430664
2019-04-08,19.195199966430664
2019-04-09,19.195199966430664
2019-04-10,19.195199966430664
2019-04-11,19.195199966430664
2019-04-12,19.195199966430664
2019-04-15,19.195199966430664
2019-04-16,19.195199966430664
2019-04-17,19.195199966430664
2019-04-18,19.195199966430664
2019-04-22,19.195199966430664
2019-04-23,19.195199966430664
2019-04-24,19.195199966430664
2019-04-25,19.195199966430664
2019-04-26,19.195199966430664
2019-04-29,19.195199966430664
2019-04-30,20.578262329101562
2019-05-01,20.578262329101562
2019-05-02,20.578262329101562
2019-05-03,20.578262329101562
2019-05-06,20.578262329101562
2019-05-07,20.578262329101562
2019-05-08,20.578262329101562
2019-05-09,20.578262329101562
2019-05-10,20.578262329101562
2019-05-13,20.578262329101562
2019-05-14,20.875019073486328
2019-05-15,20.875019073486328
2019-05-16,20.875019073486328
2019-05-17,20.875019073486328
2019-05-20,20.875019073486328
2019-05-21,20.875019073486328
2019-05-22,20.875019073486328
2019-05-23,20.875019073486328
2019-05-24,20.875019073486328
2019-05-28,20.875019073486328
2019-05-29,20.219770431518555
2019-05-30,20.219770431518555
2019-05-31,20.219770431518555
2019-06-03,20.219770431518555
2019-06-04,20.219770431518555
2019-06-05,20.219770431518555
2019-06-06,20.219770431518555
2019-06-07,20.219770431518555
2019-06-10,20.219770431518555
2019-06-11,20.985557556152344
2019-06-12,20.985557556152344
2019-06-13,20.985557556152344
2019-06-14,20.985557556152344
2019-06-17,20.985557556152344
2019-06-18,20.985557556152344
2019-06-19,20.985557556152344
2019-06-20,20.985557556152344
2019-06-21,20.985557556152344
2019-06-24,20.985557556152344
2019-06-25,20.985557556152344
2019-06-26,20.985557556152344
2019-06-27,20.985557556152344
2019-06-28,20.985557556152344
2019-07-01,20.985557556152344
2019-07-02,20.985557556152344
2019-07-03,20.985557556152344
2019-07-05,20.985557556152344
2019-07-08,20.985557556152344
2019-07-09,20.985557556152344
2019-07-10,20.985557556152344
2019-07-11,20.985557556152344
2019-07-12,20.985557556152344
2019-07-15,20.985557556152344
2019-07-16,20.985557556152344
2019-07-17,20.985557556152344
2019-07-18,20.985557556152344
2019-07-19,20.985557556152344
2019-07-22,20.985557556152344
2019-07-23,20.985557556152344
2019-07-24,20.985557556152344
2019-07-25,20.985557556152344
2019-07-26,20.985557556152344
2019-07-29,20.985557556152344
2019-07-30,20.985557556152344
2019-07-31,20.985557556152344
2019-08-01,20.985557556152344
2019-08-02,22.745689392089844
2019-08-05,22.745689392089844
2019-08-06,22.745689392089844
2019-08-07,22.958269119262695
2019-08-08,22.958269119262695
2019-08-09,22.958269119262695
2019-08-12,22.958269119262695
2019-08-13,22.958269119262695
2019-08-14,22.958269119262695
2019-08-15,22.958269119262695
2019-08-16,22.958269119262695
2019-08-19,22.958269119262695
2019-08-20,23.848281860351562
2019-08-21,23.848281860351562
2019-08-22,23.848281860351562
2019-08-23,24.1341552734375
2019-08-26,24.1341552734375
2019-08-27,24.1341552734375
2019-08-28,24.1341552734375
2019-08-29,24.1341552734375
2019-08-30,24.1341552734375
2019-09-03,24.1341552734375
2019-09-04,24.1341552734375
2019-09-05,24.1341552734375
2019-09-06,24.1341552734375
2019-09-09,24.1341552734375
2019-09-10,24.1341552734375
2019-09-11,24.1341552734375
2019-09-12,24.1341552734375
2019-09-13,24.1341552734375
2019-09-16,24.106185913085938
2019-09-17,24.106185913085938
2019-09-18,24.106185913085938
2019-09-19,24.106185913085938
2019-09-20,24.106185913085938
2019-09-23,24.786426544189453
2019-09-24,24.999000549316406
2019-09-25,24.999000549316406
2019-09-26,24.999000549316406
2019-09-27,24.999000549316406
2019-09-30,24.999000549316406
2019-10-01,24.406599044799805
2019-10-02,23.667423248291016
2019-10-03,23.667423248291016
2019-10-04,23.667423248291016
2019-10-07,23.667423248291016
2019-10-08,23.667423248291016
2019-10-09,23.667423248291016
2019-10-10,23.667423248291016
2019-10-11,23.667423248291016
2019-10-14,24.23373031616211
2019-10-15,24.23373031616211
2019-10-16,24.23373031616211
2019-10-17,24.23373031616211
2019-10-18,24.517559051513672
2019-10-21,24.65888023376465
2019-10-22,24.65888023376465
2019-10-23,24.65888023376465
2019-10-24,24.65888023376465
2019-10-25,24.777917861938477
2019-10-28,24.777917861938477
2019-10-29,24.777917861938477
2019-10-30,24.777917861938477
2019-10-31,24.777917861938477
2019-11-01,24.777917861938477
2019-11-04,24.777917861938477
2019-11-05,24.777917861938477
2019-11-06,25.168315887451172
2019-11-07,25.32378387451172
2019-11-08,25.32378387451172
2019-11-11,24.70191764831543
2019-11-12,24.70191764831543
2019-11-13,24.70191764831543
2019-11-14,24.70191764831543
2019-11-15,24.70191764831543
2019-11-18,24.70191764831543
2019-11-19,25.26332664489746
2019-11-20,25.26332664489746
2019-11-21,25.26332664489746
2019-11-22,25.26332664489746
2019-11-25,25.26332664489746
2019-11-26,25.26332664489746
2019-11-27,25.26332664489746
2019-11-29,25.26332664489746
2019-12-02,25.26332664489746
2019-12-03,25.26332664489746
2019-12-04,25.26332664489746
2019-12-05,25.26332664489746
2019-12-06,25.26332664489746
2019-12-09,25.26332664489746
2019-12-10,25.26332664489746
2019-12-11,25.26332664489746
2019-12-12,25.26332664489746
2019-12-13,26.196128845214844
2019-12-16,26.196128845214844
2019-12-17,26.196128845214844
2019-12-18,26.196128845214844
2019-12-19,26.196128845214844
2019-12-20,26.196128845214844
2019-12-23,26.196128845214844
2019-12-24,25.73836326599121
2019-12-26,25.73836326599121
2019-12-27,25.73836326599121
2019-12-30,25.73836326599121
2019-12-31,25.73836326599121
2020-01-02,25.73836326599121
2020-01-03,26.2565860748291
2020-01-06,26.2565860748291
2020-01-07,26.2565860748291
2020-01-08,26.2565860748291
2020-01-09,26.2565860748291
2020-01-10,26.558881759643555
2020-01-13,26.558881759643555
2020-01-14,26.558881759643555
2020-01-15,26.558881759643555
2020-01-16,26.558881759643555
2020-01-17,26.558881759643555
2020-01-21,26.558881759643555
2020-01-22,26.558881759643555
2020-01-23,26.558881759643555
2020-01-24,26.558881759643555
2020-01-27,27.595321655273438
2020-01-28,27.595321655273438
2020-01-29,27.595321655273438
2020-01-30,27.595321655273438
2020-01-31,27.595321655273438
2020-02-03,27.595321655273438
2020-02-04,27.595321655273438
2020-02-05,27.595321655273438
2020-02-06,27.595321655273438
2020-02-07,27.595321655273438
2020-02-10,27.595321655273438
2020-02-11,27.595321655273438
2020-02-12,27.595321655273438
2020-02-13,27.595321655273438
2020-02-14,27.595321655273438
2020-02-18,27.595321655273438
2020-02-19,27.595321655273438
2020-02-20,27.595321655273438
2020-02-21,27.93968391418457
2020-02-24,27.93968391418457
2020-02-25,27.93968391418457
2020-02-26,27.93968391418457
2020-02-27,27.93968391418457
2020-02-28,27.93968391418457
2020-03-02,27.93968391418457
2020-03-03,27.93968391418457
2020-03-04,27.93968391418457
2020-03-05,27.93968391418457
2020-03-06,27.93968391418457
2020-03-09,27.93968391418457
2020-03-10,27.93968391418457
2020-03-11,27.93968391418457
2020-03-12,19.511579513549805
2020-03-13,27.93968391418457
2020-03-16,19.511579513549805
2020-03-17,19.511579513549805
2020-03-18,19.511579513549805
2020-03-19,19.511579513549805
2020-03-20,19.511579513549805
2020-03-23,19.511579513549805
2020-03-24,19.511579513549805
2020-03-25,19.217397689819336
2020-03-26,19.217397689819336
2020-03-27,21.341068267822266
2020-03-30,21.341068267822266
2020-03-31,21.341068267822266
2020-04-01,21.341068267822266
2020-04-02,21.341068267822266
2020-04-03,21.341068267822266
2020-04-06,21.341068267822266
2020-04-07,21.341068267822266
2020-04-08,21.341068267822266
2020-04-09,21.341068267822266
2020-04-13,21.341068267822266
2020-04-14,21.341068267822266
2020-04-15,21.341068267822266
2020-04-16,21.341068267822266
2020-04-17,21.341068267822266
2020-04-20,21.341068267822266
2020-04-21,21.341068267822266
2020-04-22,21.341068267822266
2020-04-23,21.341068267822266
2020-04-24,20.553550720214844
2020-04-27,20.553550720214844
2020-04-28,20.553550720214844
2020-04-29,20.553550720214844
2020-04-30,20.553550720214844
2020-05-01,20.553550720214844
2020-05-04,20.553550720214844
2020-05-05,21.174638748168945
2020-05-06,21.174638748168945
2020-05-07,20.62152099609375
2020-05-08,20.62152099609375
2020-05-11,21.48798942565918
2020-05-12,21.48798942565918
2020-05-13,22.2740421295166
2020-05-14,22.569852828979492
2020-05-15,22.569852828979492
2020-05-18,22.569852828979492
2020-05-19,22.569852828979492
2020-05-20,22.569852828979492
2020-05-21,22.115638732910156
2020-05-22,22.115638732910156
2020-05-26,22.115638732910156
2020-05-27,22.115638732910156
2020-05-28,24.055023193359375
2020-05-29,23.542173385620117
2020-06-01,23.542173385620117
2020-06-02,23.542173385620117
2020-06-03,23.542173385620117
2020-06-04,23.542173385620117
2020-06-05,23.542173385620117
2020-06-08,23.542173385620117
2020-06-09,23.542173385620117
2020-06-10,23.542173385620117
2020-06-11,23.542173385620117
2020-06-12,23.192106246948242
2020-06-15,23.192106246948242
2020-06-16,23.192106246948242
2020-06-17,24.70352554321289
2020-06-18,24.854934692382812
2020-06-19,24.854934692382812
2020-06-22,24.854934692382812
2020-06-23,24.854934692382812
2020-06-24,24.854934692382812
2020-06-25,24.854934692382812
2020-06-26,24.854934692382812
2020-06-29,24.854934692382812
2020-06-30,24.854934692382812
2020-07-01,24.854934692382812
2020-07-02,24.854934692382812
2020-07-06,24.854934692382812
2020-07-07,24.854934692382812
2020-07-08,24.854934692382812
2020-07-09,24.854934692382812
2020-07-10,24.854934692382812
2020-07-13,24.854934692382812
2020-07-14,24.854934692382812
2020-07-15,24.854934692382812
2020-07-16,24.854934692382812
2020-07-17,24.854934692382812
2020-07-20,24.854934692382812
2020-07-21,24.854934692382812
2020-07-22,24.854934692382812
2020-07-23,24.854934692382812
2020-07-24,23.026872634887695
2020-07-27,23.026872634887695
2020-07-28,23.026872634887695
2020-07-29,23.026872634887695
2020-07-30,23.026872634887695
2020-07-31,23.026872634887695
2020-08-03,23.026872634887695
2020-08-04,23.026872634887695
2020-08-05,23.026872634887695
2020-08-06,23.026872634887695
2020-08-07,23.026872634887695
2020-08-10,23.026872634887695
2020-08-11,23.026872634887695
2020-08-12,23.026872634887695
2020-08-13,23.026872634887695
2020-08-14,23.026872634887695
2020-08-17,23.026872634887695
2020-08-18,23.87622833251953
2020-08-19,23.87622833251953
2020-08-20,23.87622833251953
2020-08-21,23.87622833251953
2020-08-24,23.87622833251953
2020-08-25,24.013015747070312
2020-08-26,24.013015747070312
2020-08-27,24.013015747070312
2020-08-28,24.013015747070312
2020-08-31,24.013015747070312
2020-09-01,24.013015747070312
2020-09-02,24.013015747070312
2020-09-03,24.013015747070312
2020-09-04,24.013015747070312
2020-09-08,24.013015747070312
2020-09-09,24.013015747070312
2020-09-10,22.80650520324707
2020-09-11,22.80650520324707
2020-09-14,22.80650520324707
2020-09-15,22.80650520324707
2020-09-16,22.80650520324707
2020-09-17,22.80650520324707
2020-09-18,22.80650520324707
2020-09-21,22.80650520324707
2020-09-22,22.80650520324707
2020-09-23,22.80650520324707
2020-09-24,22.80650520324707
2020-09-25,22.80650520324707
2020-09-28,22.80650520324707
2020-09-29,22.80650520324707
2020-09-30,21.441757202148438
2020-10-01,21.441757202148438
2020-10-02,21.441757202148438
2020-10-05,21.441757202148438
2020-10-06,21.774322509765625
2020-10-07,21.774322509765625
2020-10-08,22.0981388092041
2020-10-09,22.0981388092041
2020-10-12,22.0981388092041
2020-10-13,22.0981388092041
2020-10-14,22.0981388092041
2020-10-15,22.0981388092041
2020-10-16,22.0981388092041
2020-10-19,22.0981388092041
2020-10-20,22.0981388092041
2020-10-21,22.0981388092041
2020-10-22,21.222963333129883
2020-10-23,21.222963333129883
2020-10-26,21.222963333129883
2020-10-27,21.222963333129883
2020-10-28,19.997716903686523
2020-10-29,19.997716903686523
2020-10-30,19.997716903686523
2020-11-02,19.387897491455078
2020-11-03,19.387897491455078
2020-11-04,20.46794319152832
2020-11-05,20.46794319152832
2020-11-06,20.908628463745117
2020-11-09,20.908628463745117
2020-11-10,24.59068489074707
2020-11-11,24.59068489074707
2020-11-12,24.59068489074707
2020-11-13,24.59068489074707
2020-11-16,24.63544273376465
2020-11-17,24.63544273376465
2020-11-18,24.63544273376465
2020-11-19,24.63544273376465
2020-11-20,24.63544273376465
2020-11-23,24.63544273376465
2020-11-24,24.63544273376465
2020-11-25,24.63544273376465
2020-11-27,24.63544273376465
2020-11-30,24.63544273376465
2020-12-01,24.63544273376465
2020-12-02,24.63544273376465
2020-12-03,24.63544273376465
2020-12-04,25.279136657714844
2020-12-07,25.279136657714844
2020-12-08,25.279136657714844
2020-12-09,25.279136657714844
2020-12-10,25.279136657714844
2020-12-11,25.279136657714844
2020-12-14,25.279136657714844
2020-12-15,24.973695755004883
2020-12-16,24.973695755004883
2020-12-17,25.386789321899414
2020-12-18,25.209875106811523
2020-12-21,25.209875106811523
2020-12-22,25.209875106811523
2020-12-23,24.236865997314453
2020-12-24,24.236865997314453
2020-12-28,24.236865997314453
2020-12-29,24.236865997314453
2020-12-30,24.856056213378906
2020-12-31,24.856056213378906
2021-01-04,24.856056213378906
2021-01-05,24.856056213378906
2021-01-06,24.856056213378906
2021-01-07,24.856056213378906
2021-01-08,24.3253173828125
2021-01-11,24.3253173828125
2021-01-12,24.3253173828125
2021-01-13,24.3253173828125
2021-01-14,22.777347564697266
2021-01-15,22.777347564697266
2021-01-19,22.777347564697266
2021-01-20,22.511980056762695
2021-01-21,22.511980056762695
2021-01-22,21.769039154052734
2021-01-25,21.769039154052734
2021-01-26,21.8397159576416
2021-01-27,21.8397159576416
2021-01-28,21.8397159576416
2021-01-29,21.8397159576416
2021-02-01,21.671648025512695
2021-02-02,21.671648025512695
2021-02-03,21.92127227783203
2021-02-04,22.335067749023438
2021-02-05,22.82157325744629
2021-02-08,22.82157325744629
2021-02-09,22.606975555419922
2021-02-10,22.335067749023438
2021-02-11,22.113924026489258
2021-02-12,22.113924026489258
2021-02-16,22.113924026489258
2021-02-17,22.113924026489258
2021-02-18,22.113924026489258
2021-02-19,22.113924026489258
2021-02-22,22.113924026489258
2021-02-23,22.113924026489258
2021-02-24,23.020864486694336
2021-02-25,23.020864486694336
2021-02-26,22.386903762817383
2021-03-01,22.386903762817383
2021-03-02,22.386903762817383
2021-03-03,22.386903762817383
2021-03-04,22.386903762817383
2021-03-05,22.032987594604492
2021-03-08,22.032987594604492
2021-03-09,23.38565444946289
2021-03-10,23.38565444946289
2021-03-11,23.314006805419922
2021-03-12,23.475881576538086
2021-03-15,23.852434158325195
2021-03-16,23.852434158325195
2021-03-17,23.883041381835938
2021-03-18,22.998485565185547
2021-03-19,22.998485565185547
2021-03-22,22.285358428955078
2021-03-23,22.285358428955078
2021-03-24,22.821748733520508
2021-03-25,22.821748733520508
2021-03-26,22.68827247619629
2021-03-29,22.68827247619629
2021-03-30,22.68827247619629
2021-03-31,22.68827247619629
2021-04-01,22.68827247619629
2021-04-05,22.68827247619629
2021-04-06,22.68827247619629
2021-04-07,22.68827247619629
2021-04-08,22.68827247619629
2021-04-09,22.68827247619629
2021-04-12,22.68827247619629
2021-04-13,22.68827247619629
2021-04-14,22.68827247619629
2021-04-15,22.68827247619629
2021-04-16,23.883041381835938
2021-04-19,23.883041381835938
2021-04-20,23.883041381835938
2021-04-21,23.883041381835938
2021-04-22,23.883041381835938
2021-04-23,23.883041381835938
2021-04-26,23.883041381835938
2021-04-27,24.53876304626465
2021-04-28,24.53876304626465
2021-04-29,24.53876304626465
2021-04-30,25.65215492248535
2021-05-03,25.475244522094727
2021-05-04,25.475244522094727
2021-05-05,25.528141021728516
2021-05-06,25.9211483001709
2021-05-07,25.9211483001709
2021-05-10,25.9211483001709
2021-05-11,26.713623046875
2021-05-12,26.713623046875
2021-05-13,26.747507095336914
2021-05-14,26.747507095336914
2021-05-17,26.8366641998291
2021-05-18,26.8366641998291
2021-05-19,25.75276756286621
2021-05-20,25.855920791625977
2021-05-21,25.855920791625977
2021-05-24,25.855920791625977
2021-05-25,26.547256469726562
2021-05-26,26.547256469726562
2021-05-27,26.547256469726562
2021-05-28,26.301712036132812
2021-06-01,26.301712036132812
2021-06-02,26.301712036132812
2021-06-03,26.457115173339844
2021-06-04,26.457115173339844
2021-06-07,26.542436599731445
2021-06-08,27.371610641479492
2021-06-09,27.371610641479492
2021-06-10,27.193296432495117
2021-06-11,27.193296432495117
2021-06-14,27.193296432495117
2021-06-15,27.193296432495117
2021-06-16,27.193296432495117
2021-06-17,27.193296432495117
2021-06-18,27.193296432495117
2021-06-21,26.632665634155273
2021-06-22,26.632665634155273
2021-06-23,26.632665634155273
2021-06-24,26.632665634155273
2021-06-25,27.41619110107422
2021-06-28,27.014978408813477
2021-06-29,27.014978408813477
2021-06-30,26.390872955322266
2021-07-01,26.797075271606445
2021-07-02,26.797075271606445
2021-07-06,26.797075271606445
2021-07-07,27.123485565185547
2021-07-08,27.123485565185547
2021-07-09,27.123485565185547
2021-07-12,27.123485565185547
2021-07-13,27.123485565185547
2021-07-14,27.123485565185547
2021-07-15,27.123485565185547
2021-07-16,27.123485565185547
2021-07-19,27.123485565185547
2021-07-20,27.123485565185547
2021-07-21,27.123485565185547
2021-07-22,27.123485565185547
2021-07-23,27.123485565185547
2021-07-26,27.123485565185547
2021-07-27,27.123485565185547
2021-07-28,27.123485565185547
2021-07-29,27.123485565185547
2021-07-30,27.123485565185547
2021-08-02,27.123485565185547
2021-08-03,27.123485565185547
2021-08-04,26.34441566467285
2021-08-05,26.34441566467285
2021-08-06,26.26604652404785
2021-08-09,26.26604652404785
2021-08-10,26.26604652404785
2021-08-11,26.26604652404785
2021-08-12,26.524606704711914
2021-08-13,26.448287963867188
2021-08-16,25.94508171081543
2021-08-17,25.97574806213379
2021-08-18,25.97574806213379
2021-08-19,25.97574806213379
2021-08-20,25.65638542175293
2021-08-23,25.65638542175293
2021-08-24,25.65638542175293
2021-08-25,25.65638542175293
2021-08-26,25.65638542175293
2021-08-27,25.65638542175293
2021-08-30,25.65638542175293
2021-08-31,25.65638542175293
2021-09-01,25.65638542175293
2021-09-02,25.65638542175293
2021-09-03,25.65638542175293
2021-09-07,25.65638542175293
2021-09-08,25.65638542175293
2021-09-09,26.346290588378906
2021-09-10,26.346290588378906
2021-09-13,26.346290588378906
2021-09-14,26.346290588378906
2021-09-15,26.346290588378906
2021-09-16,26.346290588378906
2021-09-17,25.696149826049805
2021-09-20,25.696149826049805
2021-09-21,26.212556838989258
2021-09-22,26.212556838989258
2021-09-23,26.212556838989258
2021-09-24,26.212556838989258
2021-09-27,26.212556838989258
2021-09-28,26.212556838989258
2021-09-29,26.212556838989258
2021-09-30,26.212556838989258
2021-10-01,26.212556838989258
2021-10-04,26.212556838989258
2021-10-05,26.212556838989258
2021-10-06,26.212556838989258
2021-10-07,26.212556838989258
2021-10-08,26.212556838989258
2021-10-11,26.212556838989258
2021-10-12,26.212556838989258
2021-10-13,26.212556838989258
2021-10-14,26.212556838989258
2021-10-15,26.212556838989258
2021-10-18,26.212556838989258
2021-10-19,26.212556838989258
2021-10-20,26.212556838989258
2021-10-21,26.212556838989258
2021-10-22,26.212556838989258
2021-10-25,26.212556838989258
2021-10-26,26.212556838989258
2021-10-27,26.212556838989258
2021-10-28,26.212556838989258
2021-10-29,27.817399978637695
2021-11-01,27.817399978637695
2021-11-02,27.817399978637695
2021-11-03,28.13573455810547
2021-11-04,28.13573455810547
2021-11-05,28.13573455810547
2021-11-08,28.13573455810547
2021-11-09,28.016876220703125
2021-11-10,28.016876220703125
2021-11-11,28.016876220703125
2021-11-12,28.016876220703125
2021-11-15,28.016876220703125
2021-11-16,28.016876220703125
2021-11-17,28.016876220703125
2021-11-18,26.386268615722656
2021-11-19,26.386268615722656
2021-11-22,26.386268615722656
2021-11-23,26.386268615722656
2021-11-24,26.386268615722656
2021-11-26,26.386268615722656
2021-11-29,24.799121856689453
2021-11-30,24.799121856689453
2021-12-01,24.799121856689453
2021-12-02,24.799121856689453
2021-12-03,24.799121856689453
2021-12-06,24.799121856689453
2021-12-07,24.799121856689453
2021-12-08,24.799121856689453
2021-12-09,24.799121856689453
2021-12-10,24.799121856689453
2021-12-13,24.799121856689453
2021-12-14,24.799121856689453
2021-12-15,24.799121856689453
2021-12-16,24.799121856689453
2021-12-17,24.799121856689453
2021-12-20,24.799121856689453
2021-12-21,24.799121856689453
2021-12-22,24.799121856689453
2021-12-23,24.799121856689453
2021-12-27,24.799121856689453
2021-12-28,24.799121856689453
2021-12-29,24.799121856689453
2021-12-30,24.799121856689453
2021-12-31,24.799121856689453
2022-01-03,24.799121856689453
2022-01-04,24.799121856689453
2022-01-05,24.799121856689453
2022-01-06,24.799121856689453
2022-01-07,24.799121856689453
2022-01-10,24.799121856689453
2022-01-11,24.799121856689453
2022-01-12,24.799121856689453
2022-01-13,24.799121856689453
2022-01-14,24.799121856689453
2022-01-18,24.799121856689453
2022-01-19,24.799121856689453
2022-01-20,24.799121856689453
2022-01-21,24.799121856689453
2022-01-24,24.799121856689453
2022-01-25,24.799121856689453
2022-01-26,24.799121856689453
2022-01-27,24.799121856689453
2022-01-28,23.311180114746094
2022-01-31,23.311180114746094
2022-02-01,24.66385841369629
2022-02-02,24.66385841369629
2022-02-03,24.66385841369629
2022-02-04,24.66385841369629
2022-02-07,24.66385841369629
2022-02-08,24.66385841369629
2022-02-09,24.66385841369629
2022-02-10,24.66385841369629
2022-02-11,24.66385841369629
2022-02-14,24.66385841369629
2022-02-15,25.475465774536133
2022-02-16,25.475465774536133
2022-02-17,25.475465774536133
2022-02-18,25.475465774536133
2022-02-22,25.475465774536133
2022-02-23,25.475465774536133
2022-02-24,25.475465774536133
2022-02-25,25.475465774536133
2022-02-28,25.430377960205078
2022-03-01,25.430377960205078
2022-03-02,25.430377960205078
2022-03-03,23.44644546508789
2022-03-04,23.44644546508789
2022-03-07,23.44644546508789
2022-03-08,23.44644546508789
2022-03-09,23.44644546508789
2022-03-10,23.13081932067871
2022-03-11,22.725013732910156
2022-03-14,22.725013732910156
2022-03-15,22.725013732910156
2022-03-16,22.725013732910156
2022-03-17,22.725013732910156
2022-03-18,22.725013732910156
2022-03-21,22.725013732910156
2022-03-22,22.725013732910156
2022-03-23,22.725013732910156
2022-03-24,22.725013732910156
2022-03-25,22.725013732910156
2022-03-28,23.22100067138672
2022-03-29,23.22100067138672
2022-03-30,23.22100067138672
2022-03-31,23.22100067138672
2022-04-01,23.22100067138672
2022-04-04,23.22100067138672
2022-04-05,23.22100067138672
2022-04-06,23.22100067138672
2022-04-07,23.22100067138672
2022-04-08,23.22100067138672
2022-04-11,23.22100067138672
2022-04-12,23.22100067138672
2022-04-13,23.22100067138672
2022-04-14,23.22100067138672
2022-04-18,23.22100067138672
2022-04-19,23.22100067138672
2022-04-20,23.22100067138672
2022-04-21,23.22100067138672
2022-04-22,23.22100067138672
2022-04-25,23.22100067138672
2022-04-26,23.22100067138672
2022-04-27,22.364303588867188
2022-04-28,22.364303588867188
2022-04-29,22.364303588867188
2022-05-02,22.364303588867188
2022-05-03,22.364303588867188
2022-05-04,22.364303588867188
2022-05-05,22.364303588867188
2022-05-06,22.364303588867188
2022-05-09,22.364303588867188
2022-05-10,22.364303588867188
2022-05-11,22.631685256958008
2022-05-12,22.631685256958008
2022-05-13,22.631685256958008
2022-05-16,22.631685256958008
2022-05-17,22.631685256958008
2022-05-18,22.631685256958008
2022-05-19,22.631685256958008
2022-05-20,22.631685256958008
2022-05-23,22.631685256958008
2022-05-24,22.631685256958008
2022-05-25,22.631685256958008
2022-05-26,22.631685256958008
2022-05-27,22.631685256958008
2022-05-31,22.631685256958008
2022-06-01,24.548076629638672
2022-06-02,24.548076629638672
2022-06-03,24.548076629638672
2022-06-06,25.734416961669922
2022-06-07,25.734416961669922
2022-06-08,25.734416961669922
2022-06-09,25.734416961669922
2022-06-10,25.734416961669922
2022-06-13,25.734416961669922
2022-06-14,22.221033096313477
2022-06-15,22.221033096313477
2022-06-16,21.901628494262695
2022-06-17,21.901628494262695
2022-06-21,23.407365798950195
2022-06-22,23.407365798950195
2022-06-23,23.407365798950195
2022-06-24,23.407365798950195
2022-06-27,23.407365798950195
2022-06-28,23.407365798950195
2022-06-29,23.407365798950195
2022-06-30,23.407365798950195
2022-07-01,23.407365798950195
2022-07-05,23.63550567626953
2022-07-06,23.63550567626953
2022-07-07,23.63550567626953
2022-07-08,23.63550567626953
2022-07-11,23.63550567626953
2022-07-12,23.63550567626953
2022-07-13,23.63550567626953
2022-07-14,23.63550567626953
2022-07-15,23.63550567626953
2022-07-18,23.63550567626953
2022-07-19,23.63550567626953
2022-07-20,24.548076629638672
2022-07-21,24.548076629638672
2022-07-22,24.548076629638672
2022-07-25,24.548076629638672
2022-07-26,24.548076629638672
2022-07-27,24.548076629638672
2022-07-28,24.548076629638672
2022-07-29,24.548076629638672
2022-08-01,24.548076629638672
2022-08-02,24.548076629638672
2022-08-03,24.548076629638672
2022-08-04,24.456819534301758
2022-08-05,24.456819534301758
2022-08-08,24.456819534301758
2022-08-09,24.456819534301758
2022-08-10,24.456819534301758
2022-08-11,24.456819534301758
2022-08-12,24.456819534301758
2022-08-15,24.456819534301758
2022-08-16,24.456819534301758
2022-08-17,24.456819534301758
2022-08-18,24.456819534301758
2022-08-19,24.456819534301758
2022-08-22,24.456819534301758
2022-08-23,24.584579467773438
2022-08-24,24.40206527709961
2022-08-25,24.40206527709961
2022-08-26,24.40206527709961
2022-08-29,24.40206527709961
2022-08-30,24.40206527709961
2022-08-31,24.40206527709961
2022-09-01,24.40206527709961
2022-09-02,24.40206527709961
2022-09-06,24.40206527709961
2022-09-07,24.40206527709961
2022-09-08,22.266658782958984
2022-09-09,22.266658782958984
2022-09-12,22.266658782958984
2022-09-13,22.266658782958984
2022-09-14,23.151851654052734
2022-09-15,23.151851654052734
2022-09-16,23.151851654052734
2022-09-19,23.151851654052734
2022-09-20,23.151851654052734
2022-09-21,23.151851654052734
2022-09-22,23.151851654052734
2022-09-23,23.151851654052734
2022-09-26,23.151851654052734
2022-09-27,23.151851654052734
2022-09-28,23.151851654052734
2022-09-29,23.151851654052734
2022-09-30,23.151851654052734
2022-10-03,23.151851654052734
2022-10-04,23.151851654052734
2022-10-05,23.151851654052734
2022-10-06,23.151851654052734
2022-10-07,23.151851654052734
2022-10-10,23.151851654052734
2022-10-11,20.345613479614258
2022-10-12,20.345613479614258
2022-10-13,20.345613479614258
2022-10-14,20.345613479614258
2022-10-17,20.345613479614258
2022-10-18,22.531301498413086
2022-10-19,22.531301498413086
2022-10-20,22.531301498413086
2022-10-21,20.076494216918945
2022-10-24,20.076494216918945
2022-10-25,20.076494216918945
2022-10-26,20.076494216918945
2022-10-27,20.076494216918945
2022-10-28,20.076494216918945
2022-10-31,20.076494216918945
2022-11-01,20.076494216918945
2022-11-02,20.076494216918945
2022-11-03,20.454910278320312
2022-11-04,20.454910278320312
2022-11-07,20.454910278320312
2022-11-08,20.454910278320312
2022-11-09,20.454910278320312
2022-11-10,20.454910278320312
2022-11-11,20.454910278320312
2022-11-14,20.454910278320312
2022-11-15,20.454910278320312
2022-11-16,20.454910278320312
2022-11-17,20.454910278320312
2022-11-18,20.454910278320312
2022-11-21,23.048965454101562
2022-11-22,23.048965454101562
2022-11-23,23.048965454101562
2022-11-25,23.048965454101562
2022-11-28,23.048965454101562
2022-11-29,23.048965454101562
2022-11-30,23.048965454101562
2022-12-01,23.048965454101562
2022-12-02,23.048965454101562
2022-12-05,23.048965454101562
2022-12-06,23.048965454101562
2022-12-07,23.048965454101562
2022-12-08,23.048965454101562
2022-12-09,23.048965454101562
2022-12-12,23.048965454101562
2022-12-13,23.048965454101562
2022-12-14,23.048965454101562
2022-12-15,23.048965454101562
2022-12-16,23.048965454101562
2022-12-19,23.048965454101562
2022-12-20,23.411575317382812
2022-12-21,23.411575317382812
2022-12-22,23.411575317382812
2022-12-23,23.411575317382812
2022-12-27,23.411575317382812
2022-12-28,23.411575317382812
2022-12-29,23.411575317382812
2022-12-30,23.411575317382812
2023-01-03,23.411575317382812
2023-01-04,23.411575317382812
2023-01-05,23.411575317382812
2023-01-06,23.411575317382812
2023-01-09,23.411575317382812
2023-01-10,23.411575317382812
2023-01-11,23.411575317382812
2023-01-12,23.411575317382812
2023-01-13,23.411575317382812
2023-01-17,23.411575317382812
2023-01-18,23.411575317382812
2023-01-19,23.411575317382812
2023-01-20,23.411575317382812
2023-01-23,27.883764266967773
2023-01-24,27.883764266967773
2023-01-25,27.883764266967773
2023-01-26,27.883764266967773
2023-01-27,27.883764266967773
2023-01-30,27.883764266967773
2023-01-31,27.883764266967773
2023-02-01,27.883764266967773
2023-02-02,27.883764266967773
2023-02-03,27.883764266967773
2023-02-06,27.883764266967773
2023-02-07,27.883764266967773
2023-02-08,27.883764266967773
2023-02-09,27.883764266967773
2023-02-10,27.883764266967773
2023-02-13,27.883764266967773
2023-02-14,27.883764266967773
2023-02-15,27.883764266967773
2023-02-16,27.883764266967773
2023-02-17,27.883764266967773
2023-02-21,27.883764266967773
2023-02-22,27.883764266967773
2023-02-23,27.883764266967773
2023-02-24,25.568635940551758
2023-02-27,25.568635940551758
2023-02-28,25.568635940551758
2023-03-01,25.568635940551758
2023-03-02,26.35894203186035
2023-03-03,26.35894203186035
2023-03-06,26.35894203186035
2023-03-07,26.35894203186035
2023-03-08,26.35894203186035
2023-03-09,26.168338775634766
2023-03-10,26.168338775634766
2023-03-13,26.168338775634766
2023-03-14,26.168338775634766
2023-03-15,26.168338775634766
2023-03-16,26.168338775634766
2023-03-17,26.168338775634766
2023-03-20,26.168338775634766
2023-03-21,26.168338775634766
2023-03-22,26.38683319091797
2023-03-23,26.38683319091797
2023-03-24,26.38683319091797
2023-03-27,25.66161346435547
2023-03-28,25.66161346435547
2023-03-29,25.66161346435547
2023-03-30,25.66161346435547
2023-03-31,25.66161346435547
2023-04-03,25.66161346435547
2023-04-04,25.66161346435547
2023-04-05,25.66161346435547
2023-04-06,25.66161346435547
2023-04-10,25.66161346435547
2023-04-11,25.66161346435547
2023-04-12,25.66161346435547
2023-04-13,25.66161346435547
2023-04-14,25.66161346435547
2023-04-17,25.66161346435547
2023-04-18,25.66161346435547
2023-04-19,27.669912338256836
2023-04-20,27.669912338256836
2023-04-21,27.669912338256836
2023-04-24,27.669912338256836
2023-04-25,27.669912338256836
2023-04-26,27.669912338256836
2023-04-27,27.669912338256836
2023-04-28,27.669912338256836
2023-05-01,27.669912338256836
2023-05-02,27.669912338256836
2023-05-03,27.669912338256836
2023-05-04,27.669912338256836
2023-05-05,27.669912338256836
2023-05-08,27.669912338256836
2023-05-09,27.669912338256836
2023-05-10,27.669912338256836
2023-05-11,27.669912338256836
2023-05-12,27.669912338256836
2023-05-15,27.669912338256836
2023-05-16,27.669912338256836
2023-05-17,27.669912338256836
2023-05-18,27.669912338256836
2023-05-19,27.669912338256836
2023-05-22,27.669912338256836
2023-05-23,27.669912338256836
2023-05-24,29.027376174926758
2023-05-25,29.027376174926758
2023-05-26,29.027376174926758
2023-05-30,29.027376174926758
2023-05-31,29.027376174926758
2023-06-01,29.027376174926758
2023-06-02,29.027376174926758
2023-06-05,29.027376174926758
2023-06-06,29.027376174926758
2023-06-07,29.027376174926758
2023-06-08,29.027376174926758
2023-06-09,29.027376174926758
2023-06-12,29.027376174926758
2023-06-13,28.404430389404297
2023-06-14,28.404430389404297
2023-06-15,28.404430389404297
2023-06-16,28.404430389404297
2023-06-20,28.404430389404297
2023-06-21,30.21748161315918
2023-06-22,30.21748161315918
2023-06-23,28.404430389404297
2023-06-26,28.404430389404297
2023-06-27,28.404430389404297
2023-06-28,28.404430389404297
2023-06-29,28.404430389404297
2023-06-30,28.404430389404297
2023-07-03,28.404430389404297
2023-07-05,28.697511672973633
2023-07-06,28.697511672973633
2023-07-07,28.697511672973633
2023-07-10,28.697511672973633
2023-07-11,28.697511672973633
2023-07-12,28.697511672973633
2023-07-13,28.697511672973633
2023-07-14,28.697511672973633
2023-07-17,28.697511672973633
2023-07-18,28.697511672973633
2023-07-19,28.697511672973633
2023-07-20,28.697511672973633
2023-07-21,28.697511672973633
2023-07-24,28.697511672973633
2023-07-25,28.697511672973633
2023-07-26,28.697511672973633
2023-07-27,28.697511672973633
2023-07-28,28.697511672973633
2023-07-31,28.697511672973633
2023-08-01,31.374696731567383
2023-08-02,31.374696731567383
2023-08-03,31.374696731567383
2023-08-04,31.092885971069336
2023-08-07,31.092885971069336
2023-08-08,31.092885971069336
2023-08-09,31.092885971069336
2023-08-10,31.092885971069336
2023-08-11,31.092885971069336
2023-08-14,31.092885971069336
2023-08-15,31.092885971069336
2023-08-16,31.092885971069336
2023-08-17,31.092885971069336
2023-08-18,31.092885971069336
2023-08-21,31.938310623168945
2023-08-22,28.180864334106445
2023-08-23,28.180864334106445
2023-08-24,28.180864334106445
2023-08-25,28.180864334106445
2023-08-28,28.180864334106445
2023-08-29,28.180864334106445
2023-08-30,28.180864334106445
2023-08-31,28.180864334106445
2023-09-01,28.180864334106445
2023-09-05,28.180864334106445
2023-09-06,28.180864334106445
2023-09-07,29.674449920654297
2023-09-08,29.674449920654297
2023-09-11,29.674449920654297
2023-09-12,29.674449920654297
2023-09-13,29.674449920654297
2023-09-14,29.674449920654297
2023-09-15,29.674449920654297
2023-09-18,29.674449920654297
2023-09-19,29.674449920654297
2023-09-20,29.674449920654297
2023-09-21,29.674449920654297
2023-09-22,31.271364212036133
2023-09-25,31.271364212036133
2023-09-26,31.271364212036133
2023-09-27,31.271364212036133
2023-09-28,31.271364212036133
2023-09-29,28.509641647338867
2023-10-02,28.509641647338867
2023-10-03,28.180864334106445
2023-10-04,27.711181640625
2023-10-05,27.711181640625
2023-10-06,27.711181640625
2023-10-09,27.711181640625
2023-10-10,27.758148193359375
2023-10-11,27.758148193359375
2023-10-12,27.758148193359375
2023-10-13,30.80168914794922
2023-10-16,30.80168914794922
2023-10-17,30.52927017211914
2023-10-18,30.52927017211914
2023-10-19,30.52927017211914
2023-10-20,30.52927017211914
2023-10-23,30.52927017211914
2023-10-24,30.52927017211914
2023-10-25,30.9608154296875
2023-10-26,30.9608154296875
2023-10-27,30.9608154296875
2023-10-30,30.9608154296875
2023-10-31,30.9608154296875
2023-11-01,30.9608154296875
2023-11-02,30.9608154296875
2023-11-03,30.9608154296875
2023-11-06,30.9608154296875
2023-11-07,30.9608154296875
2023-11-08,30.9608154296875
2023-11-09,30.9608154296875
2023-11-10,30.9608154296875
2023-11-13,30.9608154296875
2023-11-14,30.9608154296875
2023-11-15,30.9608154296875
2023-11-16,30.9608154296875
2023-11-17,36.267024993896484
2023-11-20,31.303768157958984
2023-11-21,31.303768157958984
2023-11-22,31.303768157958984
2023-11-24,31.303768157958984
2023-11-27,31.303768157958984
2023-11-28,31.303768157958984
2023-11-29,31.303768157958984
2023-11-30,31.303768157958984
2023-12-01,31.303768157958984
2023-12-04,31.303768157958984
2023-12-05,31.303768157958984
2023-12-06,31.303768157958984
2023-12-07,31.303768157958984
2023-12-08,31.303768157958984
2023-12-11,31.303768157958984
2023-12-12,31.303768157958984
2023-12-13,31.303768157958984
2023-12-14,33.733001708984375
2023-12-15,33.733001708984375
2023-12-18,33.733001708984375
2023-12-19,33.733001708984375
2023-12-20,33.733001708984375
2023-12-21,33.733001708984375
2023-12-22,33.733001708984375
2023-12-26,33.733001708984375
2023-12-27,33.733001708984375
2023-12-28,33.733001708984375
2023-12-29,33.733001708984375
2024-01-02,33.733001708984375
2024-01-03,33.733001708984375
2024-01-04,33.733001708984375
2024-01-05,36.943397521972656
2024-01-08,36.943397521972656
2024-01-09,36.943397521972656
2024-01-10,36.943397521972656
2024-01-11,36.943397521972656
2024-01-12,36.943397521972656
2024-01-16,36.943397521972656
2024-01-17,36.943397521972656
2024-01-18,36.943397521972656
2024-01-19,36.20033645629883
2024-01-22,36.20033645629883
2024-01-23,36.20033645629883
2024-01-24,36.20033645629883
2024-01-25,36.20033645629883
2024-01-26,36.20033645629883
2024-01-29,36.20033645629883
2024-01-30,36.20033645629883
2024-01-31,36.20033645629883
2024-02-01,36.20033645629883
2024-02-02,36.20033645629883
2024-02-05,36.20033645629883
2024-02-06,36.20033645629883
2024-02-07,36.20033645629883
2024-02-08,36.6290283203125
2024-02-09,36.6290283203125
2024-02-12,36.6290283203125
2024-02-13,36.6290283203125
2024-02-14,35.76212692260742
2024-02-15,35.76212692260742
2024-02-16,35.76212692260742
2024-02-20,35.76212692260742
2024-02-21,35.76212692260742
2024-02-22,35.76212692260742
2024-02-23,35.76212692260742
2024-02-26,35.76212692260742
2024-02-27,35.76212692260742
2024-02-28,37.65778732299805
2024-02-29,37.65778732299805
2024-03-01,37.65778732299805
2024-03-04,37.65778732299805
2024-03-05,37.65778732299805
2024-03-06,35.31447982788086
2024-03-07,35.31447982788086
2024-03-08,35.31447982788086
2024-03-11,38.12467575073242
2024-03-12,38.12467575073242
2024-03-13,38.12467575073242
2024-03-14,38.12467575073242
2024-03-15,38.12467575073242
2024-03-18,38.12467575073242
2024-03-19,38.12467575073242
2024-03-20,38.12467575073242
2024-03-21,38.12467575073242
2024-03-22,38.12467575073242
2024-03-25,38.12467575073242
2024-03-26,38.12467575073242
2024-03-27,38.12467575073242
2024-03-28,38.12467575073242
2024-04-01,38.12467575073242
2024-04-02,38.12467575073242
2024-04-03,38.81343078613281
2024-04-04,38.81343078613281
2024-04-05,38.81343078613281
2024-04-08,35.83833694458008
2024-04-09,35.85738754272461
2024-04-10,35.85738754272461
2024-04-11,35.80023193359375
2024-04-12,35.80023193359375
2024-04-15,35.80023193359375
2024-04-16,34.40127944946289
2024-04-17,34.40127944946289
2024-04-18,34.40127944946289
2024-04-19,34.40127944946289
2024-04-22,34.40127944946289
2024-04-23,34.40127944946289
2024-04-24,34.40127944946289
2024-04-25,34.40937423706055
2024-04-26,34.40937423706055
2024-04-29,34.40937423706055
2024-04-30,34.40937423706055
2024-05-01,35.81928253173828
2024-05-02,35.81928253173828
2024-05-03,37.42924499511719
2024-05-06,38.105621337890625
2024-05-07,38.42951965332031
2024-05-08,38.810577392578125
2024-05-09,38.105621337890625
2024-05-10,35.72401428222656
2024-05-13,36.10507583618164
2024-05-14,38.4866828918457
2024-05-15,39.55363845825195
2024-05-16,38.572418212890625
2024-05-17,38.69625473022461
2024-05-20,38.417728424072266
2024-05-21,39.28213119506836
2024-05-22,38.532981872558594
2024-05-23,38.417728424072266
2024-05-24,38.619422912597656
2024-05-28,38.51376724243164
2024-05-29,38.033546447753906
2024-05-30,38.6578369140625
2024-05-31,38.89314651489258
2024-06-03,38.801910400390625
2024-06-04,38.33128356933594
2024-06-05,38.897953033447266
2024-06-06,38.29286575317383
2024-06-07,38.1199836730957
2024-06-10,37.841461181640625
2024-06-11,39.75273895263672
2024-06-12,38.321685791015625
2024-06-13,37.678184509277344
2024-06-14,37.798240661621094
2024-06-17,36.98666000366211
2024-06-18,37.47649383544922
2024-06-20,38.033546447753906
2024-06-21,36.42000198364258
2024-06-24,38.187217712402344
2024-06-25,38.22563934326172
2024-06-26,38.22563934326172
2024-06-27,37.745418548583984
2024-06-28,37.35163879394531
2024-07-01,37.45728302001953
2024-07-02,37.69739532470703
2024-07-03,38.59061050415039
2024-07-05,39.01319885253906
2024-07-08,39.04201889038086
2024-07-09,38.139198303222656
2024-07-10,38.71546936035156
2024-07-11,39.877601623535156
2024-07-12,40.6363525390625
2024-07-15,40.290592193603516
2024-07-16,40.34821701049805
2024-07-17,40.55951690673828
2024-07-18,40.25217819213867
2024-07-19,40.17534255981445
2024-07-22,40.87646484375
2024-07-23,40.57872772216797
2024-07-24,40.08890151977539
2024-07-25,40.13692092895508
2024-07-26,40.0696907043457
2024-07-29,39.78155517578125
2024-07-30,40.85725021362305
2024-07-31,38.244850158691406
2024-08-01,37.26519775390625
2024-08-02,37.98552703857422
2024-08-05,37.00587463378906
2024-08-06,37.23638153076172
2024-08-07,37.745418548583984
2024-08-08,37.745418548583984
2024-08-09,37.78383255004883
2024-08-12,37.68778610229492
2024-08-13,38.350494384765625
2024-08-14,38.59061050415039
2024-08-15,38.6290283203125
2024-08-16,38.6002082824707
2024-08-19,39.099639892578125
2024-08-20,39.18608093261719
2024-08-21,39.15727233886719
2024-08-22,39.14765930175781
2024-08-23,40.098506927490234
2024-08-26,39.445404052734375
2024-08-27,39.45500946044922
2024-08-28,39.71432113647461
2024-08-29,39.647090911865234
2024-08-30,40.396240234375
2024-09-03,39.53184127807617
2024-09-04,39.92562484741211
2024-09-05,40.13692092895508
2024-09-06,39.99285125732422
2024-09-09,40.453861236572266
2024-09-10,40.20415115356445
2024-09-11,39.56064987182617
2024-09-12,39.81037139892578
2024-09-13,40.300193786621094
2024-09-16,40.67476272583008
2024-09-17,41.12617492675781
2024-09-18,40.91487503051758
2024-09-19,41.00131607055664
2024-09-20,40.69397735595703
2024-09-23,41.16459274291992
2024-09-24,41.212615966796875
2024-09-25,41.09736633300781
2024-09-26,41.53916549682617
2024-09-27,41.59679412841797
2024-09-30,41.48154067993164
2024-10-01,41.23182678222656
2024-10-02,40.88606262207031
2024-10-03,40.47307586669922
2024-10-04,39.31093978881836
2024-10-07,38.98439407348633
2024-10-08,39.272525787353516
2024-10-09,39.070831298828125
2024-10-10,39.39738082885742
2024-10-11,39.368568420410156
2024-10-14,39.608680725097656
2024-10-15,40.01206588745117
2024-10-16,40.41545104980469
2024-10-17,40.31940460205078
2024-10-18,40.569122314453125
2024-10-21,39.70471954345703
2024-10-22,39.42619323730469
2024-10-23,39.54624557495117
2024-10-24,39.33015441894531
2024-10-25,38.73467254638672
2024-10-28,39.378170013427734
2024-10-29,39.272525787353516
2024-10-30,38.39851760864258
2024-10-31,38.619422912597656
2024-11-01,38.76348876953125
2024-11-04,37.572540283203125
2024-11-05,37.95671081542969
2024-11-06,37.51116943359375
2024-11-07,37.85165023803711
2024-11-08,37.65708923339844
2024-11-11,38.24076843261719
2024-11-12,37.588993072509766
2024-11-13,37.102596282958984
2024-11-14,37.5306282043457
2024-11-15,37.48198318481445
2024-11-18,37.65708923339844
2024-11-19,38.10457229614258
2024-11-20,37.73491287231445
2024-11-21,37.501441955566406
2024-11-22,37.70573043823242
2024-11-25,39.34976577758789
2024-11-26,39.602691650390625
2024-11-27,40.00153732299805
2024-11-29,40.2447395324707
2024-12-02,40.45875930786133
2024-12-03,41.70393753051758
2024-12-04,41.635841369628906
2024-12-05,42.18061065673828
2024-12-06,42.287620544433594
2024-12-09,42.05414581298828
2024-12-10,41.05216598510742
2024-12-11,41.363460540771484
2024-12-12,42.11251449584961
2024-12-13,42.04046630859375
2024-12-16,41.87495422363281
2024-12-17,41.748390197753906
2024-12-18,40.745567321777344
2024-12-19,40.47295379638672
2024-12-20,40.39506912231445
2024-12-23,40.84292984008789
2024-12-24,42.361759185791016
2024-12-26,41.466041564941406
2024-12-27,41.2518424987793
2024-12-30,41.173954010009766
2024-12-31,40.920814514160156
2025-01-02,40.63846969604492
2025-01-03,40.794246673583984
2025-01-06,41.203163146972656
2025-01-07,41.02304458618164
2025-01-08,40.881874084472656
2025-01-10,39.66486358642578
2025-01-13,39.52855682373047
2025-01-14,39.43119812011719
2025-01-15,39.4409294128418
2025-01-16,39.908267974853516
2025-01-17,40.50216293334961
2025-01-21,41.79706573486328
2025-01-22,42.21571731567383
2025-01-23,42.712257385253906
2025-01-24,42.31307601928711
2025-01-27,42.3033447265625
2025-01-28,42.332550048828125
2025-01-29,41.88468933105469
2025-01-30,42.42991256713867
2025-01-31,41.79706573486328
2025-02-03,40.58005142211914
2025-02-04,41.329734802246094
2025-02-05,41.45630645751953
2025-02-06,41.612083435058594
2025-02-07,41.45630645751953
2025-02-10,42.32281494140625
2025-02-11,42.76093673706055
2025-02-12,43.17959213256836
2025-02-13,43.68586349487305
2025-02-14,43.900062561035156
2025-02-18,44.3966064453125
2025-02-19,43.763755798339844
2025-02-20,44.04610061645508
2025-02-21,43.218536376953125
2025-02-24,42.69278335571289
2025-02-25,43.43273162841797
2025-02-26,44.153202056884766
2025-02-27,43.442466735839844
2025-02-28,43.41325759887695
2025-03-03,43.276954650878906
2025-03-04,43.36458206176758
2025-03-05,45.000247955322266
2025-03-06,42.410438537597656
2025-03-07,42.906978607177734
2025-03-10,41.709442138671875
2025-03-11,41.738651275634766
2025-03-12,41.82627487182617
2025-03-13,42.069671630859375
2025-03-14,42.24492645263672
2025-03-17,42.68305206298828
2025-03-18,43.06275939941406
2025-03-19,43.539825439453125
2025-03-20,43.763755798339844
2025-03-21,43.549560546875
2025-03-24,43.23801040649414
2025-03-25,43.55929946899414
2025-03-26,43.588504791259766
2025-03-27,44.143470764160156
2025-03-28,44.085044860839844
2025-03-31,43.73454284667969
2025-04-01,44.06557083129883
2025-04-02,45.07813262939453
2025-04-03,44.630271911621094
2025-04-04,41.5341911315918
2025-04-07,39.567501068115234
2025-04-08,39.66486358642578
2025-04-09,42.663578033447266
2025-04-10,43.15038299560547
2025-04-11,43.08223342895508
2025-04-14,43.42299270629883
2025-04-15,43.78322982788086
2025-04-16,43.919532775878906
2025-04-17,44.73737335205078
2025-04-21,43.77349090576172
2025-04-22,44.951560974121094
2025-04-23,44.898014068603516
2025-04-24,46.577491760253906
2025-04-25,47.10323715209961
2025-04-28,47.4196662902832
2025-04-29,47.1324462890625
2025-04-30,48.339725494384766
2025-05-01,47.89186096191406
2025-05-02,48.45655822753906
2025-05-05,48.213157653808594
2025-05-06,47.989227294921875
2025-05-07,48.12553024291992
2025-05-08,47.62898635864258
2025-05-09,48.13526153564453
2025-05-12,47.63872146606445
2025-05-13,47.23954391479492
2025-05-14,49.65409851074219
2025-05-15,48.709693908691406
2025-05-16,49.5859489440918
2025-05-19,49.69304275512695
2025-05-20,51.241085052490234
2025-05-21,51.19240188598633
2025-05-22,51.212989807128906
2025-05-23,51.15416717529297
2025-05-27,50.87967300415039
2025-05-28,50.53654861450195
2025-05-29,50.507144927978516
2025-05-30,50.29146957397461
2025-06-02,51.065940856933594
2025-06-03,49.98756408691406
2025-06-04,50.222843170166016
2025-06-05,50.28166198730469
2025-06-06,50.36009216308594
2025-06-09,49.95814895629883
2025-06-10,50.65419006347656
2025-06-11,50.23265075683594
2025-06-12,50.869869232177734
2025-06-13,50.26205825805664
2025-06-16,50.43851852416992
2025-06-17,49.71306228637695
2025-06-18,49.58562469482422
2025-06-20,49.271907806396484
2025-06-23,50.26205825805664
2025-06-24,51.07573699951172
2025-06-25,51.2227897644043
2025-06-26,51.742366790771484
2025-06-27,52.21293640136719
2025-06-30,52.516841888427734
2025-07-01,52.3305778503418
2025-07-02,51.909027099609375
2025-07-03,51.97765350341797
2025-07-07,51.48748016357422
2025-07-08,51.55611038208008
2025-07-09,51.80118942260742
2025-07-10,51.29141616821289
2025-07-11,51.5364990234375
2025-07-14,51.47767639160156
2025-07-15,50.97770309448242
2025-07-16,51.80118942260742
2025-07-17,51.49728775024414
2025-07-18,52.075687408447266
2025-07-21,51.8502082824707
2025-07-22,51.98745346069336
2025-07-23,52.850154876708984
2025-07-24,52.80113983154297
2025-07-25,52.34037780761719
2025-07-28,51.09534454345703
2025-07-29,51.5364990234375
2025-07-30,50.948299407958984
2025-07-31,50.095394134521484
2025-08-01,50.173828125
2025-08-04,50.575767517089844
2025-08-05,50.88947677612305
2025-08-06,51.07573699951172
2025-08-07,51.62472915649414
2025-08-08,51.46787643432617
2025-08-11,51.80118942260742
2025-08-12,52.66389083862305
2025-08-13,53.24229431152344
2025-08-14,53.57560729980469
2025-08-15,53.771671295166016
2025-08-18,54.15400695800781
2025-08-19,53.54619598388672
2025-08-20,54.31086349487305
2025-08-21,53.938331604003906
2025-08-22,54.869659423828125
2025-08-25,53.53639602661133
2025-08-26,53.54619598388672
2025-08-27,53.48737716674805
2025-08-28,54.01675796508789
2025-08-29,53.752071380615234
2025-09-02,52.595272064208984
2025-09-03,52.75212097167969
2025-09-04,53.88931655883789
2025-09-05,54.65398025512695
2025-09-08,54.93828201293945
2025-09-09,54.22263717651367
2025-09-10,55.22257995605469
2025-09-11,56.15390396118164
2025-09-12,56.43820571899414
2025-09-15,56.34996795654297
2025-09-16,56.20292282104492
2025-09-17,56.85974884033203
2025-09-18,57.04601287841797
2025-09-19,56.516632080078125
2025-09-22,57.40874099731445
2025-09-23,56.193119049072266
2025-09-24,55.67353820800781
2025-09-25,54.67359161376953
2025-09-26,55.438255310058594
2025-09-29,56.144100189208984
2025-09-30,57.44794845581055
2025-10-01,57.36952590942383
2025-10-02,58.80082321166992
2025-10-03,58.62436294555664
2025-10-06,59.0753173828125
2025-10-07,59.17335510253906
2025-10-08,59.76155471801758
2025-10-09,58.68318557739258
2025-10-10,59.03610610961914
2025-10-13,59.50667190551758
2025-10-14,60.92325973510742
2025-10-15,60.38897705078125
2025-10-16,61.8594856262207
2025-10-17,62.212406158447266
2025-10-20,62.04574966430664
2025-10-21,61.91830825805664
2025-10-22,61.80066680908203
2025-10-23,62.32024383544922
2025-10-24,63.688968658447266
2025-10-27,64.13399505615234
2025-10-28,63.16481399536133
2025-10-29,62.35881423950195
2025-10-30,61.97806167602539
2025-10-31,61.04844284057617
2025-11-03,61.7308235168457
2025-11-04,62.086849212646484
2025-11-05,63.866981506347656
2025-11-06,63.243934631347656
2025-11-07,62.64066696166992
2025-11-10,63.14503479003906
2025-11-11,62.80879211425781
2025-11-12,64.02520751953125
2025-11-13,63.7581901550293
2025-11-14,62.98680114746094
2025-11-17,62.34397888183594
2025-11-18,61.95828628540039
2025-11-19,62.02751159667969
2025-11-20,61.91872787475586
2025-11-21,61.889060974121094
2025-11-24,64.27244567871094
2025-11-25,64.69770050048828
2025-11-26,65.04383850097656
2025-11-28,65.0833969116211
2025-12-01,64.09443664550781
2025-12-02,64.60869598388672
2025-12-03,65.85478210449219
2025-12-04,65.43885803222656
2025-12-05,65.38934326171875
2025-12-08,66.03303527832031
2025-12-09,65.80526733398438
2025-12-10,65.67652893066406
2025-12-11,66.10235595703125
2025-12-12,66.10235595703125
2025-12-15,66.79556274414062
2025-12-16,66.81537628173828
2025-12-17,65.52798461914062
2025-12-18,65.8349838256836
2025-12-19,65.745849609375
2025-12-22,64.26040649414062
2025-12-23,64.96351623535156
2025-12-24,64.35942840576172
2025-12-26,64.58720397949219
2025-12-29,64.3891372680664
2025-12-30,64.29011535644531
