Date,HWM
2016-11-01,13.84318733215332
2016-11-02,13.126150131225586
2016-11-03,12.796899795532227
2016-11-04,12.935917854309082
2016-11-07,12.687149047851562
2016-11-08,12.804827690124512
2016-11-09,12.893086433410645
2016-11-10,13.569733619689941
2016-11-11,13.871281623840332
2016-11-14,14.040443420410156
2016-11-15,14.64354133605957
2016-11-16,14.422900199890137
2016-11-17,14.341994285583496
2016-11-18,14.64354133605957
2016-11-21,14.842123985290527
2016-11-22,14.628832817077637
2016-11-23,14.91567325592041
2016-11-25,15.099544525146484
2016-11-28,14.820062637329102
2016-11-29,14.46702766418457
2016-11-30,14.180187225341797
2016-12-01,14.341994285583496
2016-12-02,14.48173713684082
2016-12-05,14.900961875915527
2016-12-06,14.945094108581543
2016-12-07,15.356964111328125
2016-12-08,15.379030227661133
2016-12-09,16.033611297607422
2016-12-12,15.871805191040039
2016-12-13,15.584966659545898
2016-12-14,15.2613525390625
2016-12-15,15.121609687805176
2016-12-16,14.900961875915527
2016-12-19,14.724449157714844
2016-12-20,14.783286094665527
2016-12-21,14.724449157714844
2016-12-22,14.761218070983887
2016-12-23,14.547928810119629
2016-12-27,14.547928810119629
2016-12-28,14.158122062683105
2016-12-29,13.753602981567383
2016-12-30,13.635924339294434
2017-01-03,14.113994598388672
2017-01-04,14.489091873168945
2017-01-05,14.783286094665527
2017-01-06,15.17309284210205
2017-01-09,14.996578216552734
2017-01-10,15.231931686401367
2017-01-11,15.51877212524414
2017-01-12,15.445222854614258
2017-01-13,15.540837287902832
2017-01-17,15.253997802734375
2017-01-18,15.356964111328125
2017-01-19,15.673224449157715
2017-01-20,15.658514022827148
2017-01-23,15.687934875488281
2017-01-24,16.30574607849121
2017-01-25,16.688196182250977
2017-01-26,16.813232421875
2017-01-27,16.621999740600586
2017-01-30,16.548450469970703
2017-01-31,16.76174545288086
2017-02-01,18.642192840576172
2017-02-02,18.583194732666016
2017-02-03,19.09939193725586
2017-02-06,19.320627212524414
2017-02-07,19.630338668823242
2017-02-08,20.13178825378418
2017-02-09,20.618499755859375
2017-02-10,21.842628479003906
2017-02-13,21.864755630493164
2017-02-14,21.76888084411621
2017-02-15,21.540283203125
2017-02-16,21.746763229370117
2017-02-17,22.05647850036621
2017-02-21,22.336702346801758
2017-02-22,22.528430938720703
2017-02-23,21.805755615234375
2017-02-24,21.621402740478516
2017-02-27,21.562406539916992
2017-02-28,21.23055648803711
2017-03-01,21.783628463745117
2017-03-02,21.046207427978516
2017-03-03,20.714357376098633
2017-03-06,20.4267635345459
2017-03-07,19.895814895629883
2017-03-08,19.799945831298828
2017-03-09,19.534473419189453
2017-03-10,19.78520393371582
2017-03-13,19.76307487487793
2017-03-14,19.667213439941406
2017-03-15,20.102294921875
2017-03-16,20.14654541015625
2017-03-17,20.279277801513672
2017-03-20,20.5521297454834
2017-03-21,19.726211547851562
2017-03-22,19.541845321655273
2017-03-23,19.674592971801758
2017-03-24,19.674592971801758
2017-03-27,19.586091995239258
2017-03-28,19.940061569213867
2017-03-29,19.320627212524414
2017-03-30,19.586091995239258
2017-03-31,19.423864364624023
2017-04-03,19.30587387084961
2017-04-04,19.453359603881836
2017-04-05,19.09202003479004
2017-04-06,19.291122436523438
2017-04-07,19.475475311279297
2017-04-10,19.563976287841797
2017-04-11,19.608219146728516
2017-04-12,19.062517166137695
2017-04-13,19.09939193725586
2017-04-17,19.681961059570312
2017-04-18,19.025651931762695
2017-04-19,19.151016235351562
2017-04-20,19.254255294799805
2017-04-21,19.173139572143555
2017-04-24,19.24687385559082
2017-04-25,19.895814895629883
2017-04-26,20.279277801513672
2017-04-27,20.07279396057129
2017-04-28,20.153915405273438
2017-05-01,20.094921112060547
2017-05-02,20.02118492126465
2017-05-03,19.792068481445312
2017-05-04,19.6738224029541
2017-05-05,20.176376342773438
2017-05-08,20.013784408569336
2017-05-09,20.146818161010742
2017-05-10,20.16159439086914
2017-05-11,20.109859466552734
2017-05-12,20.472007751464844
2017-05-15,20.76763153076172
2017-05-16,20.257678985595703
2017-05-17,19.83641815185547
2017-05-18,19.895538330078125
2017-05-19,20.383316040039062
2017-05-22,20.420272827148438
2017-05-23,20.59764862060547
2017-05-24,20.75284767150879
2017-05-25,20.109859466552734
2017-05-26,20.265064239501953
2017-05-30,20.117250442504883
2017-05-31,20.302021026611328
2017-06-01,20.671552658081055
2017-06-02,20.811975479125977
2017-06-05,20.302021026611328
2017-06-06,20.302021026611328
2017-06-07,19.880756378173828
2017-06-08,20.2872371673584
2017-06-09,20.220726013183594
2017-06-12,19.821630477905273
2017-06-13,20.44244384765625
2017-06-14,19.880756378173828
2017-06-15,19.732942581176758
2017-06-16,19.533397674560547
2017-06-19,19.666427612304688
2017-06-20,19.518611907958984
2017-06-21,18.71303939819336
2017-06-22,18.698257446289062
2017-06-23,18.875633239746094
2017-06-26,17.74486541748047
2017-06-27,16.14110565185547
2017-06-28,17.072324752807617
2017-06-29,16.86538314819336
2017-06-30,16.73974609375
2017-07-03,16.880165100097656
2017-07-05,16.99102210998535
2017-07-06,16.939285278320312
2017-07-07,17.094493865966797
2017-07-10,17.611833572387695
2017-07-11,17.752256393432617
2017-07-12,17.877901077270508
2017-07-13,18.07005500793457
2017-07-14,18.025711059570312
2017-07-17,18.43958854675293
2017-07-18,18.38785171508789
2017-07-19,18.565229415893555
2017-07-20,18.291776657104492
2017-07-21,18.631738662719727
2017-07-24,18.602182388305664
2017-07-25,19.156475067138672
2017-07-26,18.912586212158203
2017-07-27,18.565229415893555
2017-07-28,18.43958854675293
2017-07-31,18.32133674621582
2017-08-01,18.550451278686523
2017-08-02,18.43191146850586
2017-08-03,18.765287399291992
2017-08-04,18.61712074279785
2017-08-07,18.772693634033203
2017-08-08,18.513402938842773
2017-08-09,18.261516571044922
2017-08-10,17.794797897338867
2017-08-11,17.772573471069336
2017-08-14,18.19484519958496
2017-08-15,18.335601806640625
2017-08-16,18.402280807495117
2017-08-17,17.987409591674805
2017-08-18,17.994821548461914
2017-08-21,18.135581970214844
2017-08-22,19.0319881439209
2017-08-23,18.94308853149414
2017-08-24,18.869001388549805
2017-08-25,18.70601463317871
2017-08-28,18.64675521850586
2017-08-29,18.78010368347168
2017-08-30,18.817142486572266
2017-08-31,18.869001388549805
2017-09-01,18.89863395690918
2017-09-05,18.068904876708984
2017-09-06,18.031858444213867
2017-09-07,17.97259521484375
2017-09-08,18.091129302978516
2017-09-11,18.505996704101562
2017-09-12,18.639347076416016
2017-09-13,18.70601463317871
2017-09-14,18.787513732910156
2017-09-15,18.772693634033203
2017-09-18,18.772693634033203
2017-09-19,19.217193603515625
2017-09-20,19.409814834594727
2017-09-21,19.846904754638672
2017-09-22,19.417224884033203
2017-09-25,19.357952117919922
2017-09-26,19.46167755126953
2017-09-27,19.543163299560547
2017-09-28,19.276458740234375
2017-09-29,18.43191146850586
2017-10-02,19.202375411987305
2017-10-03,19.357952117919922
2017-10-04,19.832082748413086
2017-10-05,19.891345977783203
2017-10-06,20.07656478881836
2017-10-09,20.291400909423828
2017-10-10,20.291400909423828
2017-10-11,20.261764526367188
2017-10-12,20.417343139648438
2017-10-13,20.121009826660156
2017-10-16,20.128419876098633
2017-10-17,19.883943557739258
2017-10-18,19.920988082885742
2017-10-19,19.765413284301758
2017-10-20,20.128419876098633
2017-10-23,18.039270401000977
2017-10-24,18.024457931518555
2017-10-25,18.40968894958496
2017-10-26,18.217071533203125
2017-10-27,18.231887817382812
2017-10-30,18.357830047607422
2017-10-31,18.609708786010742
2017-11-01,18.609708786010742
2017-11-02,18.743383407592773
2017-11-03,18.81764030456543
2017-11-06,19.018144607543945
2017-11-07,18.62456512451172
2017-11-08,18.401784896850586
2017-11-09,18.15672492980957
2017-11-10,18.000770568847656
2017-11-13,17.66659927368164
2017-11-14,17.228464126586914
2017-11-15,17.347280502319336
2017-11-16,17.622041702270508
2017-11-17,17.71116065979004
2017-11-20,17.740863800048828
2017-11-21,17.629474639892578
2017-11-22,17.63689613342285
2017-11-24,17.815126419067383
2017-11-27,17.532930374145508
2017-11-28,17.99334716796875
2017-11-29,17.87453269958496
2017-11-30,18.275537490844727
2017-12-01,18.19384765625
2017-12-04,18.364643096923828
2017-12-05,17.99334716796875
2017-12-06,17.919086456298828
2017-12-07,18.26068878173828
2017-12-08,18.171573638916016
2017-12-11,18.141870498657227
2017-12-12,18.305240631103516
2017-12-13,18.69882583618164
2017-12-14,18.557727813720703
2017-12-15,18.787940979003906
2017-12-18,19.018144607543945
2017-12-19,19.032995223999023
2017-12-20,19.404296875
2017-12-21,19.90184211730957
2017-12-22,19.92412757873535
2017-12-26,20.10235023498535
2017-12-27,20.302854537963867
2017-12-28,20.51078224182129
2017-12-29,20.23601531982422
2018-01-02,20.614748001098633
2018-01-03,20.778120040893555
2018-01-04,21.77322006225586
2018-01-05,21.98857307434082
2018-01-08,22.09996223449707
2018-01-09,22.1370906829834
2018-01-10,22.122243881225586
2018-01-11,22.575231552124023
2018-01-12,22.901979446411133
2018-01-16,22.582656860351562
2018-01-17,22.679195404052734
2018-01-18,22.538101196289062
2018-01-19,22.441558837890625
2018-01-22,22.597505569458008
2018-01-23,22.50096893310547
2018-01-24,22.634641647338867
2018-01-25,22.62721061706543
2018-01-26,22.901979446411133
2018-01-29,22.471263885498047
2018-01-30,22.218772888183594
2018-01-31,22.322738647460938
2018-02-01,22.404592514038086
2018-02-02,21.660505294799805
2018-02-05,19.733304977416992
2018-02-06,18.810632705688477
2018-02-07,18.676694869995117
2018-02-08,18.193035125732422
2018-02-09,18.34929084777832
2018-02-12,18.483232498168945
2018-02-13,18.438587188720703
2018-02-14,18.959453582763672
2018-02-15,18.7659854888916
2018-02-16,18.870161056518555
2018-02-20,18.49810791015625
2018-02-21,18.34929084777832
2018-02-22,18.26000213623047
2018-02-23,18.699016571044922
2018-02-26,18.699016571044922
2018-02-27,18.40882110595703
2018-02-28,18.148391723632812
2018-03-01,17.873077392578125
2018-03-02,17.791229248046875
2018-03-05,18.103744506835938
2018-03-06,18.26744842529297
2018-03-07,18.31953239440918
2018-03-08,18.453466415405273
2018-03-09,18.743663787841797
2018-03-12,18.550199508666992
2018-03-13,18.565086364746094
2018-03-14,17.902841567993164
2018-03-15,18.036771774291992
2018-03-16,18.274890899658203
2018-03-19,17.880516052246094
2018-03-20,17.925161361694336
2018-03-21,17.977245330810547
2018-03-22,16.87598991394043
2018-03-23,16.92807960510254
2018-03-26,17.3968563079834
2018-03-27,17.15130615234375
2018-03-28,16.89087677001953
2018-03-29,17.143863677978516
2018-04-02,16.429536819458008
2018-04-03,16.630449295043945
2018-04-04,16.838788986206055
2018-04-05,17.173627853393555
2018-04-06,16.771818161010742
2018-04-09,16.942960739135742
2018-04-10,17.13642692565918
2018-04-11,17.08434295654297
2018-04-12,17.471269607543945
2018-04-13,17.285242080688477
2018-04-16,17.530794143676758
2018-04-17,17.67216682434082
2018-04-18,17.620084762573242
2018-04-19,17.508468627929688
2018-04-20,17.307571411132812
2018-04-23,16.4072208404541
2018-04-24,16.35512924194336
2018-04-25,16.48162841796875
2018-04-26,16.548595428466797
2018-04-27,16.697412490844727
2018-04-30,13.252266883850098
2018-05-01,13.155535697937012
2018-05-02,12.9248685836792
2018-05-03,12.641130447387695
2018-05-04,12.857666015625
2018-05-07,13.11153507232666
2018-05-08,13.290736198425293
2018-05-09,13.455001831054688
2018-05-10,13.544604301452637
2018-05-11,13.604339599609375
2018-05-14,13.679004669189453
2018-05-15,13.425139427185059
2018-05-16,13.447539329528809
2018-05-17,13.552068710327148
2018-05-18,13.499805450439453
2018-05-21,13.76860523223877
2018-05-22,13.865673065185547
2018-05-23,13.917940139770508
2018-05-24,13.798470497131348
2018-05-25,13.761140823364258
2018-05-29,13.38780403137207
2018-05-30,13.529671669006348
2018-05-31,13.17873477935791
2018-06-01,13.253401756286621
2018-06-04,13.245935440063477
2018-06-05,13.231000900268555
2018-06-06,13.38780403137207
2018-06-07,13.402737617492676
2018-06-08,13.395268440246582
2018-06-11,13.559536933898926
2018-06-12,13.440069198608398
2018-06-13,13.417669296264648
2018-06-14,13.440069198608398
2018-06-15,13.08913516998291
2018-06-18,13.171268463134766
2018-06-19,12.99206829071045
2018-06-20,12.932332992553711
2018-06-21,12.663534164428711
2018-06-22,12.723267555236816
2018-06-25,12.596331596374512
2018-06-26,12.715802192687988
2018-06-27,12.663534164428711
2018-06-28,12.685935974121094
2018-06-29,12.7008695602417
2018-07-02,12.588865280151367
2018-07-03,12.618733406066895
2018-07-05,12.7456693649292
2018-07-06,12.865131378173828
2018-07-09,13.283270835876465
2018-07-10,13.245935440063477
2018-07-11,12.760601043701172
2018-07-12,12.917401313781738
2018-07-13,12.977134704589844
2018-07-16,14.33607292175293
2018-07-17,14.36594009399414
2018-07-18,14.694478034973145
2018-07-19,14.313675880432129
2018-07-20,14.209139823913574
2018-07-23,14.179275512695312
2018-07-24,14.50780963897705
2018-07-25,14.380876541137695
2018-07-26,15.963820457458496
2018-07-27,15.993683815002441
2018-07-30,15.57555103302002
2018-07-31,16.195289611816406
2018-08-01,15.986220359802246
2018-08-02,15.776559829711914
2018-08-03,15.8963623046875
2018-08-06,15.858924865722656
2018-08-07,15.686712265014648
2018-08-08,15.656758308410645
2018-08-09,15.551929473876953
2018-08-10,15.581879615783691
2018-08-13,15.282374382019043
2018-08-14,15.492030143737793
2018-08-15,15.229961395263672
2018-08-16,15.499517440795898
2018-08-17,15.634294509887695
2018-08-20,15.8739013671875
2018-08-21,16.143457412719727
2018-08-22,16.046119689941406
2018-08-23,15.8963623046875
2018-08-24,16.645137786865234
2018-08-27,16.517847061157227
2018-08-28,16.398038864135742
2018-08-29,16.600210189819336
2018-08-30,16.52532958984375
2018-08-31,16.757448196411133
2018-09-04,16.540306091308594
2018-09-05,16.59271812438965
2018-09-06,16.413015365600586
2018-09-07,16.413015365600586
2018-09-10,16.465431213378906
2018-09-11,16.63764762878418
2018-09-12,16.989564895629883
2018-09-13,16.847301483154297
2018-09-14,16.989564895629883
2018-09-17,17.01202964782715
2018-09-18,17.21419906616211
2018-09-19,17.08690643310547
2018-09-20,16.922176361083984
2018-09-21,17.1318302154541
2018-09-24,16.18838119506836
2018-09-25,16.532817840576172
2018-09-26,16.12848472595215
2018-09-27,16.413015365600586
2018-09-28,16.480403900146484
2018-10-01,16.577747344970703
2018-10-02,16.615184783935547
2018-10-03,16.682573318481445
2018-10-04,16.630159378051758
2018-10-05,16.353113174438477
2018-10-08,17.52118492126465
2018-10-09,17.101882934570312
2018-10-10,16.285720825195312
2018-10-11,15.851442337036133
2018-10-12,16.180898666381836
2018-10-15,16.08355712890625
2018-10-16,16.615184783935547
2018-10-17,16.862272262573242
2018-10-18,16.495380401611328
2018-10-19,16.383060455322266
2018-10-22,16.06109619140625
2018-10-23,15.462080001831055
2018-10-24,14.878037452697754
2018-10-25,14.937939643859863
2018-10-26,14.855573654174805
2018-10-29,14.391339302062988
2018-10-30,14.750748634338379
2018-10-31,15.222471237182617
2018-11-01,15.97346019744873
2018-11-02,15.890849113464355
2018-11-05,15.590455055236816
2018-11-06,15.710612297058105
2018-11-07,15.875832557678223
2018-11-08,15.80823802947998
2018-11-09,15.5979642868042
2018-11-12,15.079785346984863
2018-11-13,15.102313041687012
2018-11-14,15.275041580200195
2018-11-15,15.515356063842773
2018-11-16,15.132353782653809
2018-11-19,15.275041580200195
2018-11-20,14.89954662322998
2018-11-21,15.387688636779785
2018-11-23,15.3951997756958
2018-11-26,15.365158081054688
2018-11-27,15.305078506469727
2018-11-28,15.635512351989746
2018-11-29,16.026029586791992
2018-11-30,16.13116455078125
2018-12-03,16.16119956970215
2018-12-04,15.658045768737793
2018-12-06,15.417725563049316
2018-12-07,15.237491607666016
2018-12-10,14.937095642089844
2018-12-11,15.124845504760742
2018-12-12,15.214963912963867
2018-12-13,14.974648475646973
2018-12-14,14.82444953918457
2018-12-17,14.38137149810791
2018-12-18,14.043427467346191
2018-12-19,13.457658767700195
2018-12-20,13.187300682067871
2018-12-21,12.751730918884277
2018-12-24,12.120903968811035
2018-12-26,12.646589279174805
2018-12-27,12.789281845092773
2018-12-28,12.586514472961426
2018-12-31,12.661612510681152
2019-01-02,13.938286781311035
2019-01-03,13.840662002563477
2019-01-04,14.23868179321289
2019-01-07,14.576624870300293
2019-01-08,14.621681213378906
2019-01-09,14.65923023223877
2019-01-10,14.726822853088379
2019-01-11,14.779391288757324
2019-01-14,14.546584129333496
2019-01-15,15.07227611541748
2019-01-16,15.094804763793945
2019-01-17,15.15488338470459
2019-01-18,15.275041580200195
2019-01-22,12.834339141845703
2019-01-23,13.555286407470703
2019-01-24,13.818127632141113
2019-01-25,13.92326545715332
2019-01-28,13.712989807128906
2019-01-29,13.810622215270996
2019-01-30,14.050934791564941
2019-01-31,14.133544921875
2019-02-01,13.893229484558105
2019-02-04,14.065954208374023
2019-02-05,14.126033782958984
2019-02-06,13.758051872253418
2019-02-07,13.32104778289795
2019-02-08,12.88404369354248
2019-02-11,13.177891731262207
2019-02-12,13.501877784729004
2019-02-13,13.47927474975586
2019-02-14,13.177891731262207
2019-02-15,13.223099708557129
2019-02-19,13.607359886169434
2019-02-20,13.855998039245605
2019-02-21,13.74298095703125
2019-02-22,13.77311897277832
2019-02-25,13.871066093444824
2019-02-26,13.878602981567383
2019-02-27,14.03682804107666
2019-02-28,13.931344032287598
2019-03-01,14.089570999145508
2019-03-04,13.931344032287598
2019-03-05,14.021756172180176
2019-03-06,14.021756172180176
2019-03-07,13.803258895874023
2019-03-08,13.931344032287598
2019-03-11,14.17245101928711
2019-03-12,14.217656135559082
2019-03-13,14.277936935424805
2019-03-14,14.277936935424805
2019-03-15,14.308072090148926
2019-03-18,14.488900184631348
2019-03-19,14.406020164489746
2019-03-20,14.37588119506836
2019-03-21,14.46629524230957
2019-03-22,14.104640007019043
2019-03-25,14.0142240524292
2019-03-26,14.1649169921875
2019-03-27,14.255329132080078
2019-03-28,14.41355037689209
2019-03-29,14.398487091064453
2019-04-01,14.812884330749512
2019-04-02,14.880698204040527
2019-04-03,14.752609252929688
2019-04-04,14.971110343933105
2019-04-05,15.151937484741211
2019-04-08,15.264957427978516
2019-04-09,15.069058418273926
2019-04-10,15.129334449768066
2019-04-11,15.347837448120117
2019-04-12,15.604010581970215
2019-04-15,15.483457565307617
2019-04-16,15.581405639648438
2019-04-17,15.008783340454102
2019-04-18,15.099196434020996
2019-04-22,15.280023574829102
2019-04-23,15.581405639648438
2019-04-24,15.897857666015625
2019-04-25,15.551270484924316
2019-04-26,15.581405639648438
2019-04-29,15.59647274017334
2019-04-30,16.184171676635742
2019-05-01,16.169095993041992
2019-05-02,16.52355194091797
2019-05-03,16.900630950927734
2019-05-06,16.885549545288086
2019-05-07,16.810129165649414
2019-05-08,16.885549545288086
2019-05-09,16.659299850463867
2019-05-10,16.953420639038086
2019-05-13,16.22188949584961
2019-05-14,16.485843658447266
2019-05-15,16.598968505859375
2019-05-16,16.681921005249023
2019-05-17,16.561256408691406
2019-05-20,16.598968505859375
2019-05-21,16.878007888793945
2019-05-22,16.870458602905273
2019-05-23,16.749799728393555
2019-05-24,16.779966354370117
2019-05-28,16.697006225585938
2019-05-29,16.61405372619629
2019-05-30,16.591428756713867
2019-05-31,16.516010284423828
2019-06-03,16.681921005249023
2019-06-04,17.006214141845703
2019-06-05,17.33049774169922
2019-06-06,17.55674934387207
2019-06-07,17.752826690673828
2019-06-10,17.564289093017578
2019-06-11,17.353120803833008
2019-06-12,17.089168548583984
2019-06-13,17.488872528076172
2019-06-14,17.33049774169922
2019-06-17,17.25507926940918
2019-06-18,17.745285034179688
2019-06-19,17.865949630737305
2019-06-20,18.212860107421875
2019-06-21,18.348608016967773
2019-06-24,18.325984954833984
2019-06-25,18.39385986328125
2019-06-26,18.77093505859375
2019-06-27,19.148012161254883
2019-06-28,19.472301483154297
2019-07-01,19.668384552001953
2019-07-02,19.721166610717773
2019-07-03,19.510013580322266
2019-07-05,19.6834659576416
2019-07-08,19.472301483154297
2019-07-09,19.48738670349121
2019-07-10,19.449678421020508
2019-07-11,19.39688491821289
2019-07-12,19.608051300048828
2019-07-15,19.472301483154297
2019-07-16,19.44213104248047
2019-07-17,19.080142974853516
2019-07-18,18.959474563598633
2019-07-19,18.989643096923828
2019-07-22,18.951932907104492
2019-07-23,18.97456169128418
2019-07-24,19.344093322753906
2019-07-25,19.31392478942871
2019-07-26,19.411968231201172
2019-07-29,18.967016220092773
2019-07-30,18.959474563598633
2019-07-31,18.88405990600586
2019-08-01,18.38591957092285
2019-08-02,17.933069229125977
2019-08-05,17.78211212158203
2019-08-06,18.54442024230957
2019-08-07,19.027462005615234
2019-08-08,19.193511962890625
2019-08-09,19.035009384155273
2019-08-12,19.019920349121094
2019-08-13,19.163318634033203
2019-08-14,18.695377349853516
2019-08-15,18.54442024230957
2019-08-16,18.748201370239258
2019-08-19,18.89160919189453
2019-08-20,19.042560577392578
2019-08-21,19.019920349121094
2019-08-22,18.944440841674805
2019-08-23,18.348180770874023
2019-08-26,18.906705856323242
2019-08-27,19.004825592041016
2019-08-28,19.193511962890625
2019-08-29,19.48031997680664
2019-08-30,19.50296401977539
2019-09-03,19.60862922668457
2019-09-04,19.60862922668457
2019-09-05,19.631269454956055
2019-09-06,19.616172790527344
2019-09-09,19.85014533996582
2019-09-10,20.15960121154785
2019-09-11,20.295459747314453
2019-09-12,20.39357566833496
2019-09-13,20.4464111328125
2019-09-16,20.529434204101562
2019-09-17,20.559619903564453
2019-09-18,20.612455368041992
2019-09-19,20.48414421081543
2019-09-20,20.167152404785156
2019-09-23,20.20488166809082
2019-09-24,20.023744583129883
2019-09-25,19.993555068969727
2019-09-26,19.85014533996582
2019-09-27,19.706743240356445
2019-09-30,19.62372589111328
2019-10-01,19.065202713012695
2019-10-02,18.26515769958496
2019-10-03,18.30289649963379
2019-10-04,18.484045028686523
2019-10-07,18.68027687072754
2019-10-08,18.770843505859375
2019-10-09,19.31427001953125
2019-10-10,19.638816833496094
2019-10-11,19.963367462158203
2019-10-14,20.257720947265625
2019-10-15,21.02757453918457
2019-10-16,20.763404846191406
2019-10-17,20.906814575195312
2019-10-18,20.386030197143555
2019-10-21,20.408672332763672
2019-10-22,20.438858032226562
2019-10-23,20.559619903564453
2019-10-24,20.703027725219727
2019-10-25,20.861528396606445
2019-10-28,20.876623153686523
2019-10-29,20.899263381958008
2019-10-30,20.778507232666016
2019-10-31,20.733219146728516
2019-11-01,21.54081153869629
2019-11-04,21.72195816040039
2019-11-05,22.272924423217773
2019-11-06,22.220094680786133
2019-11-07,21.834903717041016
2019-11-08,21.880218505859375
2019-11-11,22.288068771362305
2019-11-12,22.2805118560791
2019-11-13,22.2805118560791
2019-11-14,22.824312210083008
2019-11-15,23.30768394470215
2019-11-18,23.458730697631836
2019-11-19,23.42098045349121
2019-11-20,23.28502655029297
2019-11-21,23.118864059448242
2019-11-22,23.073545455932617
2019-11-25,23.38320541381836
2019-11-26,23.632448196411133
2019-11-27,23.609792709350586
2019-11-29,23.38320541381836
2019-12-02,23.081104278564453
2019-12-03,23.18683624267578
2019-12-04,22.89982795715332
2019-12-05,23.02068519592285
2019-12-06,23.42852783203125
2019-12-09,23.25481605529785
2019-12-10,23.42098045349121
2019-12-11,23.587135314941406
2019-12-12,23.881683349609375
2019-12-13,23.904348373413086
2019-12-16,24.017641067504883
2019-12-17,23.775949478149414
2019-12-18,23.23971176147461
2019-12-19,23.41342544555664
2019-12-20,23.707975387573242
2019-12-23,23.8137149810791
2019-12-24,23.647552490234375
2019-12-26,23.564472198486328
2019-12-27,23.51915740966797
2019-12-30,23.31523323059082
2019-12-31,23.23971176147461
2020-01-02,23.821266174316406
2020-01-03,23.783506393432617
2020-01-06,23.57202911376953
2020-01-07,23.72308349609375
2020-01-08,23.201946258544922
2020-01-09,22.484437942504883
2020-01-10,21.78959083557129
2020-01-13,22.242753982543945
2020-01-14,22.340932846069336
2020-01-15,22.046377182006836
2020-01-16,22.65814971923828
2020-01-17,22.144567489624023
2020-01-21,22.204984664916992
2020-01-22,21.782028198242188
2020-01-23,22.30317497253418
2020-01-24,21.985958099365234
2020-01-27,23.164182662963867
2020-01-28,23.768402099609375
2020-01-29,23.52671241760254
2020-01-30,22.998016357421875
2020-01-31,22.62038803100586
2020-02-03,22.703466415405273
2020-02-04,23.02068519592285
2020-02-05,23.609792709350586
2020-02-06,23.730712890625
2020-02-07,23.655134201049805
2020-02-10,23.91965103149414
2020-02-11,24.199281692504883
2020-02-12,24.79632568359375
2020-02-13,24.902130126953125
2020-02-14,25.211992263793945
2020-02-18,25.07595443725586
2020-02-19,25.748579025268555
2020-02-20,25.468950271606445
2020-02-21,25.295124053955078
2020-02-24,24.99282455444336
2020-02-25,23.96499252319336
2020-02-26,24.07080078125
2020-02-27,22.959840774536133
2020-02-28,22.18141746520996
2020-03-02,22.634864807128906
2020-03-03,21.758188247680664
2020-03-04,22.037818908691406
2020-03-05,20.216449737548828
2020-03-06,19.611852645874023
2020-03-09,17.412601470947266
2020-03-10,18.364852905273438
2020-03-11,16.709749221801758
2020-03-12,15.0244140625
2020-03-13,15.508092880249023
2020-03-16,13.180368423461914
2020-03-17,13.339079856872559
2020-03-18,11.850242614746094
2020-03-19,11.978720664978027
2020-03-20,10.013754844665527
2020-03-23,9.061503410339355
2020-03-24,11.449691772460938
2020-03-25,12.220562934875488
2020-03-26,13.391982078552246
2020-03-27,12.605996131896973
2020-03-30,12.394386291503906
2020-03-31,12.137431144714355
2020-04-01,13.008662223815918
2020-04-02,12.318808555603027
2020-04-03,12.358230590820312
2020-04-06,12.506053924560547
2020-04-07,11.93446159362793
2020-04-08,12.890401840209961
2020-04-09,13.057939529418945
2020-04-13,12.417359352111816
2020-04-14,12.02315902709961
2020-04-15,11.205188751220703
2020-04-16,10.584321975708008
2020-04-17,11.481128692626953
2020-04-20,11.47127628326416
2020-04-21,10.436494827270508
2020-04-22,10.673016548156738
2020-04-23,10.84055233001709
2020-04-24,10.653306007385254
2020-04-27,11.244606971740723
2020-04-28,11.816200256347656
2020-04-29,13.68865966796875
2020-04-30,12.880547523498535
2020-05-01,12.358230590820312
2020-05-04,11.77678108215332
2020-05-05,12.033011436462402
2020-05-06,11.323447227478027
2020-05-07,11.697941780090332
2020-05-08,12.4370698928833
2020-05-11,11.589536666870117
2020-05-12,10.958812713623047
2020-05-13,10.495624542236328
2020-05-14,11.08692741394043
2020-05-15,10.613886833190918
2020-05-18,12.161128997802734
2020-05-19,11.875332832336426
2020-05-20,12.565185546875
2020-05-21,12.249826431274414
2020-05-22,12.190694808959961
2020-05-26,12.870692253112793
2020-05-27,13.816776275634766
2020-05-28,13.087504386901855
2020-05-29,12.890401840209961
2020-06-01,13.215619087219238
2020-06-02,13.787210464477539
2020-06-03,14.950108528137207
2020-06-04,15.304886817932129
2020-06-05,16.91126251220703
2020-06-08,17.47300148010254
2020-06-09,15.984885215759277
2020-06-10,14.753005027770996
2020-06-11,12.791849136352539
2020-06-12,13.797067642211914
2020-06-15,14.309530258178711
2020-06-16,15.009235382080078
2020-06-17,14.585470199584961
2020-06-18,14.368659973144531
2020-06-19,13.737935066223145
2020-06-22,14.437642097473145
2020-06-23,14.821990966796875
2020-06-24,14.408079147338867
2020-06-25,14.9796724319458
2020-06-26,15.196483612060547
2020-06-29,15.984885215759277
2020-06-30,15.620250701904297
2020-07-01,15.058510780334473
2020-07-02,15.088078498840332
2020-07-06,15.51184368133545
2020-07-07,14.920540809631348
2020-07-08,15.1077880859375
2020-07-09,14.55590534210205
2020-07-10,15.1077880859375
2020-07-13,15.009235382080078
2020-07-14,15.462570190429688
2020-07-15,16.457927703857422
2020-07-16,15.965177536010742
2020-07-17,16.21155548095703
2020-07-20,15.452715873718262
2020-07-21,15.86662483215332
2020-07-22,15.906046867370605
2020-07-23,15.521699905395508
2020-07-24,15.32459831237793
2020-07-27,15.019092559814453
2020-07-28,15.09793472290039
2020-07-29,15.048656463623047
2020-07-30,14.910685539245605
2020-07-31,14.565760612487793
2020-08-03,14.910685539245605
2020-08-04,14.802282333374023
2020-08-05,15.846917152404785
2020-08-06,17.029521942138672
2020-08-07,16.714160919189453
2020-08-10,17.650392532348633
2020-08-11,18.015026092529297
2020-08-12,17.827783584594727
2020-08-13,17.226621627807617
2020-08-14,17.295604705810547
2020-08-17,17.09850311279297
2020-08-18,16.684598922729492
2020-08-19,16.871843338012695
2020-08-20,16.69445037841797
2020-08-21,16.664886474609375
2020-08-24,17.187204360961914
2020-08-25,17.187204360961914
2020-08-26,16.940828323364258
2020-08-27,17.177349090576172
2020-08-28,17.748945236206055
2020-08-31,17.266040802001953
2020-09-01,17.285755157470703
2020-09-02,18.074155807495117
2020-09-03,17.47300148010254
2020-09-04,17.443431854248047
2020-09-08,17.049232482910156
2020-09-09,16.871843338012695
2020-09-10,16.733871459960938
2020-09-11,17.54198455810547
2020-09-14,18.123428344726562
2020-09-15,17.94603729248047
2020-09-16,18.507780075073242
2020-09-17,18.221981048583984
2020-09-18,17.443431854248047
2020-09-21,16.63532066345215
2020-09-22,16.832422256469727
2020-09-23,16.20170021057129
2020-09-24,16.231260299682617
2020-09-25,16.428359985351562
2020-09-28,16.940828323364258
2020-09-29,17.049232482910156
2020-09-30,16.47764015197754
2020-10-01,16.980243682861328
2020-10-02,17.620820999145508
2020-10-05,17.91647720336914
2020-10-06,17.275897979736328
2020-10-07,17.84748649597168
2020-10-08,18.45850372314453
2020-10-09,18.03473472595215
2020-10-12,17.926332473754883
2020-10-13,17.591259002685547
2020-10-14,17.995317459106445
2020-10-15,18.231840133666992
2020-10-16,18.32053565979004
2020-10-19,18.340246200561523
2020-10-20,17.955890655517578
2020-10-21,17.877058029174805
2020-10-22,18.576765060424805
2020-10-23,18.675317764282227
2020-10-26,18.015026092529297
2020-10-27,17.275897979736328
2020-10-28,16.438222885131836
2020-10-29,16.96053695678711
2020-10-30,16.999954223632812
2020-11-02,17.591259002685547
2020-11-03,18.359952926635742
2020-11-04,17.9066162109375
2020-11-05,18.566909790039062
2020-11-06,18.576765060424805
2020-11-09,22.104875564575195
2020-11-10,22.666606903076172
2020-11-11,21.95704460144043
2020-11-12,21.129222869873047
2020-11-13,22.035886764526367
2020-11-16,22.8439998626709
2020-11-17,23.159364700317383
2020-11-18,22.853853225708008
2020-11-19,23.228347778320312
2020-11-20,23.60283088684082
2020-11-23,23.967470169067383
2020-11-24,24.8741397857666
2020-11-25,24.194143295288086
2020-11-27,24.243412017822266
2020-11-30,23.11994171142578
2020-12-01,23.425447463989258
2020-12-02,23.908344268798828
2020-12-03,24.68689727783203
2020-12-04,25.00225830078125
2020-12-07,25.209211349487305
2020-12-08,25.081096649169922
2020-12-09,25.081096649169922
2020-12-10,25.751235961914062
2020-12-11,26.046890258789062
2020-12-14,26.42137908935547
2020-12-15,26.54949951171875
2020-12-16,26.441089630126953
2020-12-17,26.569204330444336
2020-12-18,26.87471580505371
2020-12-21,26.076457977294922
2020-12-22,26.076457977294922
2020-12-23,27.367464065551758
2020-12-24,26.98311996459961
2020-12-28,27.328044891357422
2020-12-29,27.564565658569336
2020-12-30,27.94891357421875
2020-12-31,28.126306533813477
2021-01-04,26.480514526367188
2021-01-05,27.50543785095215
2021-01-06,27.623701095581055
2021-01-07,27.33790397644043
2021-01-08,27.50543785095215
2021-01-11,27.801088333129883
2021-01-12,28.451520919799805
2021-01-13,27.722248077392578
2021-01-14,28.175579071044922
2021-01-15,27.544858932495117
2021-01-19,27.347755432128906
2021-01-20,27.00282859802246
2021-01-21,26.529788970947266
2021-01-22,26.372106552124023
2021-01-25,25.455585479736328
2021-01-26,24.637617111206055
2021-01-27,23.25791358947754
2021-01-28,24.401098251342773
2021-01-29,24.223705291748047
2021-02-01,24.68689727783203
2021-02-02,25.731525421142578
2021-02-03,26.470657348632812
2021-02-04,26.943706512451172
2021-02-05,26.736740112304688
2021-02-08,27.33790397644043
2021-02-09,27.35761070251465
2021-02-10,27.919349670410156
2021-02-11,28.33326530456543
2021-02-12,27.870075225830078
2021-02-16,27.968624114990234
2021-02-17,28.224853515625
2021-02-18,27.406885147094727
2021-02-19,28.26427459716797
2021-02-22,28.234710693359375
2021-02-23,28.658479690551758
2021-02-24,29.70311164855957
2021-02-25,27.939058303833008
2021-02-26,27.702543258666992
2021-03-01,28.530363082885742
2021-03-02,28.559926986694336
2021-03-03,29.86079216003418
2021-03-04,29.121667861938477
2021-03-05,29.929779052734375
2021-03-08,29.377901077270508
2021-03-09,29.328622817993164
2021-03-10,30.99412727355957
2021-03-11,31.171518325805664
2021-03-12,31.092674255371094
2021-03-15,31.358762741088867
2021-03-16,30.68861961364746
2021-03-17,31.69383430480957
2021-03-18,31.299631118774414
2021-03-19,31.358762741088867
2021-03-22,31.092674255371094
2021-03-23,29.929779052734375
2021-03-24,29.910070419311523
2021-03-25,30.895578384399414
2021-03-26,31.52630043029785
2021-03-29,31.0631103515625
2021-03-30,31.299631118774414
2021-03-31,31.66426658630371
2021-04-01,31.358762741088867
2021-04-05,31.60513687133789
2021-04-06,30.944849014282227
2021-04-07,31.33905029296875
2021-04-08,31.348907470703125
2021-04-09,31.762821197509766
2021-04-12,31.851516723632812
2021-04-13,31.67411994934082
2021-04-14,32.07818603515625
2021-04-15,31.881078720092773
2021-04-16,32.22600555419922
2021-04-19,32.09788513183594
2021-04-20,30.55064582824707
2021-04-21,31.467166900634766
2021-04-22,30.964555740356445
2021-04-23,31.496728897094727
2021-04-26,31.752962112426758
2021-04-27,31.565715789794922
2021-04-28,31.654417037963867
2021-04-29,31.67411994934082
2021-04-30,31.496728897094727
2021-05-03,31.565715789794922
2021-05-04,31.7233943939209
2021-05-05,31.881078720092773
2021-05-06,31.743099212646484
2021-05-07,33.0833854675293
2021-05-10,32.10774230957031
2021-05-11,31.930355072021484
2021-05-12,31.417890548706055
2021-05-13,31.881078720092773
2021-05-14,32.768035888671875
2021-05-17,33.22136688232422
2021-05-18,33.231224060058594
2021-05-19,33.10310745239258
2021-05-20,33.300201416015625
2021-05-21,33.2706413269043
2021-05-24,33.54658889770508
2021-05-25,33.28049850463867
2021-05-26,33.52687072753906
2021-05-27,34.9657096862793
2021-05-28,34.9657096862793
2021-06-01,35.09383010864258
2021-06-02,34.896728515625
2021-06-03,34.32512664794922
2021-06-04,34.68976593017578
2021-06-07,34.78831481933594
2021-06-08,35.21208572387695
2021-06-09,34.52222442626953
2021-06-10,34.50251770019531
2021-06-11,34.857303619384766
2021-06-14,34.453243255615234
2021-06-15,34.50251770019531
2021-06-16,34.423675537109375
2021-06-17,33.52687072753906
2021-06-18,32.70890426635742
2021-06-21,33.576141357421875
2021-06-22,33.319915771484375
2021-06-23,33.319915771484375
2021-06-24,34.078758239746094
2021-06-25,34.33498764038086
2021-06-28,33.38890075683594
2021-06-29,33.18194580078125
2021-06-30,33.97035217285156
2021-07-01,34.11817169189453
2021-07-02,33.94078826904297
2021-07-06,33.02425765991211
2021-07-07,32.758174896240234
2021-07-08,32.462520599365234
2021-07-09,33.4578857421875
2021-07-12,33.37904357910156
2021-07-13,32.41325378417969
2021-07-14,32.324562072753906
2021-07-15,31.940204620361328
2021-07-16,31.201080322265625
2021-07-19,30.04804229736328
2021-07-20,31.427749633789062
2021-07-21,32.39353561401367
2021-07-22,31.861373901367188
2021-07-23,31.910646438598633
2021-07-26,32.038753509521484
2021-07-27,32.25557327270508
2021-07-28,32.334407806396484
2021-07-29,32.620208740234375
2021-07-30,32.34426498413086
2021-08-02,32.25557327270508
2021-08-03,32.52165985107422
2021-08-04,30.25499725341797
2021-08-05,31.211559295654297
2021-08-06,31.30031394958496
2021-08-09,31.12281036376953
2021-08-10,31.85254669189453
2021-08-11,32.5527229309082
2021-08-12,32.22728729248047
2021-08-13,31.675045013427734
2021-08-16,31.5369815826416
2021-08-17,31.043914794921875
2021-08-18,31.783519744873047
2021-08-19,31.310171127319336
2021-08-20,31.369342803955078
2021-08-23,31.753934860229492
2021-08-24,32.06950378417969
2021-08-25,32.48368453979492
2021-08-26,31.76380729675293
2021-08-27,32.33576583862305
2021-08-30,31.33975601196289
2021-08-31,31.310171127319336
2021-09-01,31.45809555053711
2021-09-02,31.448230743408203
2021-09-03,30.93543815612793
2021-09-07,30.82695960998535
2021-09-08,30.659317016601562
2021-09-09,31.231279373168945
2021-09-10,30.787513732910156
2021-09-13,31.803241729736328
2021-09-14,31.15239143371582
2021-09-15,31.566572189331055
2021-09-16,31.00446891784668
2021-09-17,30.56070327758789
2021-09-20,30.51139259338379
2021-09-21,30.17610740661621
2021-09-22,30.679035186767578
2021-09-23,31.27072525024414
2021-09-24,31.093225479125977
2021-09-27,32.5428581237793
2021-09-28,31.96103858947754
2021-09-29,31.467958450317383
2021-09-30,30.767793655395508
2021-10-01,31.980754852294922
2021-10-04,31.438369750976562
2021-10-05,31.665185928344727
2021-10-06,31.51726531982422
2021-10-07,31.694774627685547
2021-10-08,31.20169448852539
2021-10-11,30.984745025634766
2021-10-12,30.97488021850586
2021-10-13,30.91571617126465
2021-10-14,30.46208381652832
2021-10-15,30.895994186401367
2021-10-18,30.471946716308594
2021-10-19,30.452220916748047
2021-10-20,30.51139259338379
2021-10-21,30.29444122314453
2021-10-22,30.038043975830078
2021-10-25,29.949291229248047
2021-10-26,29.544965744018555
2021-10-27,28.973003387451172
2021-10-28,29.288570404052734
2021-10-29,29.278711318969727
2021-11-01,30.07749366760254
2021-11-02,30.25499725341797
2021-11-03,30.008459091186523
2021-11-04,30.590667724609375
2021-11-05,32.958980560302734
2021-11-08,32.32742691040039
2021-11-09,32.653072357177734
2021-11-10,31.863632202148438
2021-11-11,31.57746696472168
2021-11-12,31.547863006591797
2021-11-15,32.61360168457031
2021-11-16,31.291292190551758
2021-11-17,31.064332962036133
2021-11-18,30.906444549560547
2021-11-19,29.781497955322266
2021-11-22,29.88017463684082
2021-11-23,30.373571395874023
2021-11-24,30.324234008789062
2021-11-26,28.370376586914062
2021-11-29,28.12367820739746
2021-11-30,27.758562088012695
2021-12-01,27.04807472229004
2021-12-02,28.41971778869629
2021-12-03,28.676284790039062
2021-12-06,30.028194427490234
2021-12-07,30.42291259765625
2021-12-08,30.669612884521484
2021-12-09,30.442646026611328
2021-12-10,30.45252227783203
2021-12-13,29.682815551757812
2021-12-14,29.28809928894043
2021-12-15,29.59400749206543
2021-12-16,29.090740203857422
2021-12-17,29.564395904541016
2021-12-20,28.873645782470703
2021-12-21,30.18608283996582
2021-12-22,29.899913787841797
2021-12-23,30.718948364257812
2021-12-27,30.936050415039062
2021-12-28,31.222213745117188
2021-12-29,31.212352752685547
2021-12-30,31.222213745117188
2021-12-31,31.409711837768555
2022-01-03,31.903108596801758
2022-01-04,33.087257385253906
2022-01-05,32.880043029785156
2022-01-06,33.205684661865234
2022-01-07,33.56092071533203
2022-01-10,33.53132247924805
2022-01-11,33.47211456298828
2022-01-12,33.462242126464844
2022-01-13,33.92603302001953
2022-01-14,34.60693359375
2022-01-18,33.866825103759766
2022-01-19,33.383296966552734
2022-01-20,33.1366081237793
2022-01-21,32.19914245605469
2022-01-24,32.386634826660156
2022-01-25,31.80442237854004
2022-01-26,31.202482223510742
2022-01-27,30.235424041748047
2022-01-28,30.353836059570312
2022-01-31,30.679481506347656
2022-02-01,31.202482223510742
2022-02-02,32.179412841796875
2022-02-03,32.11029052734375
2022-02-04,31.774578094482422
2022-02-07,32.416385650634766
2022-02-08,33.087825775146484
2022-02-09,34.03572463989258
2022-02-10,34.124595642089844
2022-02-11,33.90736770629883
2022-02-14,33.64076614379883
2022-02-15,34.54917526245117
2022-02-16,35.27985382080078
2022-02-17,34.539310455322266
2022-02-18,34.124595642089844
2022-02-22,33.976478576660156
2022-02-23,33.38404083251953
2022-02-24,33.946861267089844
2022-02-25,35.299598693847656
2022-02-28,35.467464447021484
2022-03-01,32.69286346435547
2022-03-02,34.68741226196289
2022-03-03,34.41093826293945
2022-03-04,33.42354202270508
2022-03-07,32.01155090332031
2022-03-08,32.51512908935547
2022-03-09,33.55189514160156
2022-03-10,33.848114013671875
2022-03-11,33.305049896240234
2022-03-14,32.99895095825195
2022-03-15,33.67038345336914
2022-03-16,34.489933013916016
2022-03-17,34.49980163574219
2022-03-18,35.27985382080078
2022-03-21,35.42796325683594
2022-03-22,36.849822998046875
2022-03-23,36.267250061035156
2022-03-24,36.553592681884766
2022-03-25,36.533851623535156
2022-03-28,36.0302734375
2022-03-29,36.415367126464844
2022-03-30,35.98090362548828
2022-03-31,35.48720932006836
2022-04-01,35.86241149902344
2022-04-04,35.36872100830078
2022-04-05,34.01597213745117
2022-04-06,33.72963333129883
2022-04-07,33.986351013183594
2022-04-08,34.08509826660156
2022-04-11,33.798744201660156
2022-04-12,34.243080139160156
2022-04-13,34.83552551269531
2022-04-14,35.03300857543945
2022-04-18,34.99350357055664
2022-04-19,36.17839813232422
2022-04-20,36.37586975097656
2022-04-21,35.22060775756836
2022-04-22,34.51955032348633
2022-04-25,34.381317138671875
2022-04-26,33.828369140625
2022-04-27,33.96660614013672
2022-04-28,34.50968551635742
2022-04-29,33.690128326416016
2022-05-02,33.413665771484375
2022-05-03,34.54917526245117
2022-05-04,36.09939193725586
2022-05-05,34.99290084838867
2022-05-06,34.607601165771484
2022-05-09,32.86882781982422
2022-05-10,33.57026290893555
2022-05-11,33.13557052612305
2022-05-12,32.45389175415039
2022-05-13,33.38256072998047
2022-05-16,33.649295806884766
2022-05-17,34.81507110595703
2022-05-18,33.18497085571289
2022-05-19,33.04665756225586
2022-05-20,32.76014709472656
2022-05-23,33.886390686035156
2022-05-24,33.30352020263672
2022-05-25,33.54062271118164
2022-05-26,34.19267654418945
2022-05-27,35.59554672241211
2022-05-31,35.338680267333984
2022-06-01,35.24976348876953
2022-06-02,36.543968200683594
2022-06-03,36.18831253051758
2022-06-06,36.20806121826172
2022-06-07,36.97866439819336
2022-06-08,36.030235290527344
2022-06-09,34.74591064453125
2022-06-10,33.57026290893555
2022-06-13,31.801847457885742
2022-06-14,31.811723709106445
2022-06-15,32.315574645996094
2022-06-16,30.428607940673828
2022-06-17,31.139930725097656
2022-06-21,31.27823257446289
2022-06-22,31.05101203918457
2022-06-23,30.329814910888672
2022-06-24,31.791969299316406
2022-06-27,31.416549682617188
2022-06-28,31.495586395263672
2022-06-29,30.942338943481445
2022-06-30,31.070770263671875
2022-07-01,31.416549682617188
2022-07-05,30.724992752075195
2022-07-06,31.554861068725586
2022-07-07,32.15750503540039
2022-07-08,32.34521484375
2022-07-11,32.54280090332031
2022-07-12,33.00714111328125
2022-07-13,32.77991485595703
2022-07-14,32.65148162841797
2022-07-15,32.918212890625
2022-07-18,32.602081298828125
2022-07-19,34.06422424316406
2022-07-20,34.429771423339844
2022-07-21,34.33098220825195
2022-07-22,33.9456787109375
2022-07-25,34.41001510620117
2022-07-26,34.41001510620117
2022-07-27,34.74591064453125
2022-07-28,35.605430603027344
2022-07-29,36.682289123535156
2022-08-01,36.899627685546875
2022-08-02,36.751434326171875
2022-08-03,36.78107452392578
2022-08-04,36.68223190307617
2022-08-05,36.6328010559082
2022-08-08,37.127044677734375
2022-08-09,37.008419036865234
2022-08-10,37.47300720214844
2022-08-11,37.78931427001953
2022-08-12,38.10563278198242
2022-08-15,38.27366256713867
2022-08-16,38.2835578918457
2022-08-17,38.00678253173828
2022-08-18,37.996891021728516
2022-08-19,37.16658020019531
2022-08-22,36.05949020385742
2022-08-23,36.25718688964844
2022-08-24,36.603153228759766
2022-08-25,37.34449768066406
2022-08-26,36.2374153137207
2022-08-29,36.1781005859375
2022-08-30,35.45652770996094
2022-08-31,35.02159118652344
2022-09-01,34.64597702026367
2022-09-02,34.61632537841797
2022-09-06,34.32966232299805
2022-09-07,34.95240783691406
2022-09-08,35.43674850463867
2022-09-09,35.990291595458984
2022-09-12,36.5932731628418
2022-09-13,34.79425048828125
2022-09-14,34.91286087036133
2022-09-15,33.89473342895508
2022-09-16,33.222572326660156
2022-09-19,33.8255500793457
2022-09-20,33.884849548339844
2022-09-21,33.04464340209961
2022-09-22,32.41202163696289
2022-09-23,31.463090896606445
2022-09-26,30.682199478149414
2022-09-27,30.74151039123535
2022-09-28,31.482858657836914
2022-09-29,30.583351135253906
2022-09-30,30.573467254638672
2022-10-03,31.720094680786133
2022-10-04,33.12372589111328
2022-10-05,32.945804595947266
2022-10-06,32.81729507446289
2022-10-07,32.1649055480957
2022-10-10,32.56028747558594
2022-10-11,32.61960220336914
2022-10-12,31.7398624420166
2022-10-13,32.5108757019043
2022-10-14,31.91778564453125
2022-10-17,32.5504150390625
2022-10-18,33.222572326660156
2022-10-19,33.845314025878906
2022-10-20,33.62784194946289
2022-10-21,34.9622802734375
2022-10-24,34.991939544677734
2022-10-25,35.159976959228516
2022-10-26,34.30989074707031
2022-10-27,34.685508728027344
2022-10-28,35.7530632019043
2022-10-31,35.14019775390625
2022-11-01,36.069366455078125
2022-11-02,34.93262481689453
2022-11-03,34.86335754394531
2022-11-04,35.66493606567383
2022-11-07,36.229000091552734
2022-11-08,36.45660400390625
2022-11-09,35.96179962158203
2022-11-10,37.90140914916992
2022-11-11,37.04047393798828
2022-11-14,36.26858139038086
2022-11-15,36.169620513916016
2022-11-16,36.45660400390625
2022-11-17,36.090457916259766
2022-11-18,36.713897705078125
2022-11-21,36.88213348388672
2022-11-22,37.83213424682617
2022-11-23,37.62432861328125
2022-11-25,37.64411163330078
2022-11-28,36.64462661743164
2022-11-29,36.83266067504883
2022-11-30,37.27796173095703
2022-12-01,38.0102653503418
2022-12-02,38.673282623291016
2022-12-05,38.138912200927734
2022-12-06,37.47587966918945
2022-12-07,37.47587966918945
2022-12-08,37.24827575683594
2022-12-09,37.604530334472656
2022-12-12,38.47537612915039
2022-12-13,38.80194091796875
2022-12-14,38.5941276550293
2022-12-15,37.53525924682617
2022-12-16,37.73318099975586
2022-12-19,37.188907623291016
2022-12-20,37.881622314453125
2022-12-21,38.64360427856445
2022-12-22,38.138912200927734
2022-12-23,38.65350341796875
2022-12-27,38.989959716796875
2022-12-28,38.31703186035156
2022-12-29,38.98006057739258
2022-12-30,38.99985122680664
2023-01-03,38.65350341796875
2023-01-04,39.138397216796875
2023-01-05,38.910797119140625
2023-01-06,40.03892517089844
2023-01-09,39.66289520263672
2023-01-10,40.127994537353516
2023-01-11,39.96965408325195
2023-01-12,40.246742248535156
2023-01-13,40.32590866088867
2023-01-17,40.18737030029297
2023-01-18,39.11860656738281
2023-01-19,38.03006362915039
2023-01-20,38.29724884033203
2023-01-23,39.019649505615234
2023-01-24,38.99985122680664
2023-01-25,39.19776916503906
2023-01-26,40.395179748535156
2023-01-27,39.97955322265625
2023-01-30,39.7717399597168
2023-01-31,40.26652908325195
2023-02-01,40.167579650878906
2023-02-02,39.811317443847656
2023-02-03,39.4451789855957
2023-02-06,39.54413986206055
2023-02-07,40.43476867675781
2023-02-08,40.41497802734375
2023-02-09,40.068275451660156
2023-02-10,40.13761901855469
2023-02-13,40.69233703613281
2023-02-14,42.614017486572266
2023-02-15,43.00034713745117
2023-02-16,42.54468536376953
2023-02-17,42.614017486572266
2023-02-21,41.69280242919922
2023-02-22,41.593746185302734
2023-02-23,41.63336944580078
2023-02-24,41.564029693603516
2023-02-27,41.920623779296875
2023-02-28,41.781951904296875
2023-03-01,42.39609909057617
2023-03-02,42.94091033935547
2023-03-03,43.337135314941406
2023-03-06,43.3470344543457
2023-03-07,42.94091033935547
2023-03-08,43.31732177734375
2023-03-09,41.663089752197266
2023-03-10,40.45459747314453
2023-03-13,39.65223693847656
2023-03-14,40.395164489746094
2023-03-15,39.00837707519531
2023-03-16,40.068275451660156
2023-03-17,38.83998107910156
2023-03-20,39.107425689697266
2023-03-21,40.167335510253906
2023-03-22,40.127708435058594
2023-03-23,39.81072998046875
2023-03-24,39.87016677856445
2023-03-27,40.3753547668457
2023-03-28,40.73194885253906
2023-03-29,41.415443420410156
2023-03-30,41.54421615600586
2023-03-31,41.97015380859375
2023-04-03,42.56449890136719
2023-04-04,41.72251510620117
2023-04-05,41.712615966796875
2023-04-06,41.15789031982422
2023-04-10,41.72251510620117
2023-04-11,42.257423400878906
2023-04-12,43.00034713745117
2023-04-13,43.109310150146484
2023-04-14,42.138553619384766
2023-04-17,42.46543884277344
2023-04-18,42.9508171081543
2023-04-19,42.87156677246094
2023-04-20,42.792327880859375
2023-04-21,42.52487564086914
2023-04-24,42.861663818359375
2023-04-25,42.584312438964844
2023-04-26,42.00978469848633
2023-04-27,43.31732177734375
2023-04-28,43.872039794921875
2023-05-01,43.881954193115234
2023-05-02,44.53571319580078
2023-05-03,44.278175354003906
2023-05-04,42.900054931640625
2023-05-05,43.623817443847656
2023-05-08,43.4354362487793
2023-05-09,44.377315521240234
2023-05-10,43.881591796875
2023-05-11,43.58415985107422
2023-05-12,43.58415985107422
2023-05-15,44.14927291870117
2023-05-16,43.861759185791016
2023-05-17,44.2880859375
2023-05-18,44.793731689453125
2023-05-19,44.57560729980469
2023-05-22,44.436805725097656
2023-05-23,43.39577865600586
2023-05-24,42.870304107666016
2023-05-25,42.89013671875
2023-05-26,43.12808609008789
2023-05-30,43.10826110839844
2023-05-31,42.38450241088867
2023-06-01,43.35612106323242
2023-06-02,44.74414825439453
2023-06-05,44.41697311401367
2023-06-06,44.90279006958008
2023-06-07,45.77525329589844
2023-06-08,45.95371627807617
2023-06-09,45.54722213745117
2023-06-12,45.78517532348633
2023-06-13,45.61662292480469
2023-06-14,45.30928421020508
2023-06-15,45.64638137817383
2023-06-16,45.58687973022461
2023-06-20,46.17184066772461
2023-06-21,46.75679016113281
2023-06-22,46.16192626953125
2023-06-23,45.95371627807617
2023-06-26,46.28089904785156
2023-06-27,47.68875503540039
2023-06-28,47.69867706298828
2023-06-29,48.34311294555664
2023-06-30,49.13627624511719
2023-07-03,48.709957122802734
2023-07-05,48.4819221496582
2023-07-06,48.531494140625
2023-07-07,48.97764587402344
2023-07-10,49.810462951660156
2023-07-11,50.266536712646484
2023-07-12,49.23542022705078
2023-07-13,49.28499221801758
2023-07-14,48.97764587402344
2023-07-17,49.77080535888672
2023-07-18,49.67165756225586
2023-07-19,49.31473922729492
2023-07-20,49.959171295166016
2023-07-21,49.4832763671875
2023-07-24,49.64191436767578
2023-07-25,49.79063415527344
2023-07-26,50.04840850830078
2023-07-27,49.750980377197266
2023-07-28,49.998844146728516
2023-07-31,50.7027587890625
2023-08-01,48.57115173339844
2023-08-02,47.639183044433594
2023-08-03,47.80786895751953
2023-08-04,48.67115020751953
2023-08-07,50.06033706665039
2023-08-08,50.10995864868164
2023-08-09,49.40543746948242
2023-08-10,49.455047607421875
2023-08-11,49.05813980102539
2023-08-14,48.83984375
2023-08-15,48.393314361572266
2023-08-16,48.47270202636719
2023-08-17,48.234554290771484
2023-08-18,48.40324020385742
2023-08-21,48.194854736328125
2023-08-22,48.31393051147461
2023-08-23,48.760459899902344
2023-08-24,47.74833297729492
2023-08-25,47.80786895751953
2023-08-28,48.48262023925781
2023-08-29,48.929141998291016
2023-08-30,49.33598327636719
2023-08-31,49.08790969848633
2023-09-01,49.306209564208984
2023-09-05,47.936866760253906
2023-09-06,48.055946350097656
2023-09-07,47.827720642089844
2023-09-08,47.2819709777832
2023-09-11,47.47049331665039
2023-09-12,47.35142517089844
2023-09-13,46.716365814208984
2023-09-14,46.72629165649414
2023-09-15,46.319454193115234
2023-09-18,46.72629165649414
2023-09-19,46.75605773925781
2023-09-20,46.180538177490234
2023-09-21,45.71417236328125
2023-09-22,45.446250915527344
2023-09-25,45.9423942565918
2023-09-26,45.4561767578125
2023-09-27,45.724090576171875
2023-09-28,46.121002197265625
2023-09-29,45.89277648925781
2023-10-02,45.06918716430664
2023-10-03,45.168418884277344
2023-10-04,45.36687469482422
2023-10-05,45.2775764465332
2023-10-06,45.605018615722656
2023-10-09,46.06145477294922
2023-10-10,46.101158142089844
2023-10-11,46.11107635498047
2023-10-12,45.098960876464844
2023-10-13,44.02730178833008
2023-10-16,44.25551986694336
2023-10-17,44.89058303833008
2023-10-18,44.00745391845703
2023-10-19,43.37239074707031
2023-10-20,43.1044807434082
2023-10-23,43.2136344909668
2023-10-24,43.16401290893555
2023-10-25,42.8961067199707
2023-10-26,43.13425827026367
2023-10-27,42.7571907043457
2023-10-30,43.263240814208984
2023-10-31,43.7593879699707
2023-11-01,44.374595642089844
2023-11-02,47.87732696533203
2023-11-03,47.60940933227539
2023-11-06,48.35362243652344
2023-11-07,47.89718246459961
2023-11-08,47.96664047241211
2023-11-09,48.43348693847656
2023-11-10,49.218196868896484
2023-11-13,50.00291442871094
2023-11-14,51.16507339477539
2023-11-15,51.204803466796875
2023-11-16,51.184940338134766
2023-11-17,51.12533950805664
2023-11-20,51.13526916503906
2023-11-21,51.671653747558594
2023-11-22,51.92991638183594
2023-11-24,51.919986724853516
2023-11-27,52.26763916015625
2023-11-28,51.60212707519531
2023-11-29,51.244544982910156
2023-11-30,52.24776840209961
2023-12-01,52.5457649230957
2023-12-04,52.55569839477539
2023-12-05,51.83058547973633
2023-12-06,51.959716796875
2023-12-07,52.3868408203125
2023-12-08,52.90335464477539
2023-12-11,53.30067825317383
2023-12-12,53.77745819091797
2023-12-13,53.84699249267578
2023-12-14,52.426570892333984
2023-12-15,52.446434020996094
2023-12-18,52.833824157714844
2023-12-19,53.290740966796875
2023-12-20,52.366966247558594
2023-12-21,53.11194610595703
2023-12-22,53.211280822753906
2023-12-26,53.47947692871094
2023-12-27,53.68806076049805
2023-12-28,53.74766540527344
2023-12-29,53.75760269165039
2024-01-02,53.37020492553711
2024-01-03,52.40670394897461
2024-01-04,52.24776840209961
2024-01-05,53.46954345703125
2024-01-08,53.72779083251953
2024-01-09,53.350341796875
2024-01-10,55.1978874206543
2024-01-11,55.13828659057617
2024-01-12,55.168087005615234
2024-01-16,53.30067825317383
2024-01-17,53.211280822753906
2024-01-18,54.82042694091797
2024-01-19,55.36674880981445
2024-01-22,55.69453811645508
2024-01-23,56.05213165283203
2024-01-24,55.962730407714844
2024-01-25,54.899898529052734
2024-01-26,55.058815002441406
2024-01-29,55.40648651123047
2024-01-30,55.60513687133789
2024-01-31,55.88325881958008
2024-02-01,56.995765686035156
2024-02-02,57.333492279052734
2024-02-05,57.40302658081055
2024-02-06,58.03873062133789
2024-02-07,58.69431686401367
2024-02-08,58.82355499267578
2024-02-09,58.25688934326172
2024-02-12,58.48554611206055
2024-02-13,61.61709976196289
2024-02-14,63.008907318115234
2024-02-15,62.89955139160156
2024-02-16,62.452178955078125
2024-02-20,62.740482330322266
2024-02-21,63.1480827331543
2024-02-22,64.67906188964844
2024-02-23,65.48432922363281
2024-02-26,65.4743881225586
2024-02-27,65.58373260498047
2024-02-28,66.36911010742188
2024-02-29,66.16034698486328
2024-03-01,66.60770416259766
2024-03-04,67.39308166503906
2024-03-05,67.56208801269531
2024-03-06,68.3772964477539
2024-03-07,68.9737777709961
2024-03-08,67.34337615966797
2024-03-11,64.61943054199219
2024-03-12,65.68315124511719
2024-03-13,65.24571990966797
2024-03-14,65.11648559570312
2024-03-15,65.85215759277344
2024-03-18,66.34923553466797
2024-03-19,66.77671813964844
2024-03-20,67.13460540771484
2024-03-21,67.28372955322266
2024-03-22,67.7012710571289
2024-03-25,66.96559143066406
2024-03-26,67.25390625
2024-03-27,67.68138885498047
2024-03-28,68.02933502197266
2024-04-01,65.72293090820312
2024-04-02,64.87789916992188
2024-04-03,65.61356353759766
2024-04-04,65.14630889892578
2024-04-05,66.66735076904297
2024-04-08,66.33928680419922
2024-04-09,65.46443939208984
2024-04-10,64.8679428100586
2024-04-11,65.20596313476562
2024-04-12,63.62527084350586
2024-04-15,63.11825942993164
2024-04-16,63.6451530456543
2024-04-17,63.08843994140625
2024-04-18,63.128196716308594
2024-04-19,63.038719177246094
2024-04-22,62.56153869628906
2024-04-23,64.38082122802734
2024-04-24,64.3211669921875
2024-04-25,64.42058563232422
2024-04-26,66.01122283935547
2024-04-29,66.7170639038086
2024-04-30,66.35916900634766
2024-05-01,66.38899230957031
2024-05-02,76.64856719970703
2024-05-03,78.42809295654297
2024-05-06,79.71052551269531
2024-05-07,79.36258697509766
2024-05-08,80.9432601928711
2024-05-09,81.59981536865234
2024-05-10,80.4458999633789
2024-05-13,79.79930114746094
2024-05-14,80.4558334350586
2024-05-15,82.3160400390625
2024-05-16,82.09718322753906
2024-05-17,82.49508666992188
2024-05-20,83.61915588378906
2024-05-21,84.3453369140625
2024-05-22,83.02232360839844
2024-05-23,81.9877700805664
2024-05-24,84.27570343017578
2024-05-28,84.83277130126953
2024-05-29,83.62911987304688
2024-05-30,83.78827667236328
2024-05-31,84.2060775756836
2024-06-03,84.1861801147461
2024-06-04,81.85845184326172
2024-06-05,84.1861801147461
2024-06-06,82.83331298828125
2024-06-07,83.34062957763672
2024-06-10,83.21131896972656
2024-06-11,82.74378967285156
2024-06-12,82.99248504638672
2024-06-13,82.36578369140625
2024-06-14,78.5260238647461
2024-06-17,79.5804672241211
2024-06-18,79.77938842773438
2024-06-20,79.09303283691406
2024-06-21,79.71971893310547
2024-06-24,78.21764373779297
2024-06-25,77.7898941040039
2024-06-26,78.58570098876953
2024-06-27,79.18255615234375
2024-06-28,77.22289276123047
2024-07-01,76.89461517333984
2024-07-02,77.66059112548828
2024-07-03,78.91397094726562
2024-07-05,78.38676452636719
2024-07-08,80.04800415039062
2024-07-09,79.81919860839844
2024-07-10,79.75950622558594
2024-07-11,79.24224090576172
2024-07-12,78.81450653076172
2024-07-15,78.4862289428711
2024-07-16,80.95321655273438
2024-07-17,77.4516830444336
2024-07-18,78.36685180664062
2024-07-19,77.62078857421875
2024-07-22,79.82914733886719
2024-07-23,81.97781372070312
2024-07-24,79.172607421875
2024-07-25,81.90818786621094
2024-07-26,82.24641418457031
2024-07-29,82.41551208496094
2024-07-30,93.31804656982422
2024-07-31,95.19812774658203
2024-08-01,94.37248229980469
2024-08-02,89.68718719482422
2024-08-05,86.2950668334961
2024-08-06,88.61286163330078
2024-08-07,87.45891571044922
2024-08-08,91.47774505615234
2024-08-09,92.68243408203125
2024-08-12,92.42359161376953
2024-08-13,93.5088119506836
2024-08-14,93.46898651123047
2024-08-15,95.16154479980469
2024-08-16,95.40048217773438
2024-08-19,95.94808197021484
2024-08-20,95.21131896972656
2024-08-21,95.83856201171875
2024-08-22,96.1272964477539
2024-08-23,96.65497589111328
2024-08-26,96.21690368652344
2024-08-27,96.5255355834961
2024-08-28,96.09742736816406
2024-08-29,96.53549194335938
2024-08-30,96.23680877685547
2024-09-03,92.61273956298828
2024-09-04,93.93693542480469
2024-09-05,93.79753875732422
2024-09-06,91.03966522216797
2024-09-09,93.27982330322266
2024-09-10,92.74217987060547
2024-09-11,93.67806243896484
2024-09-12,93.81746673583984
2024-09-13,94.86285400390625
2024-09-16,94.72345733642578
2024-09-17,94.17587280273438
2024-09-18,94.2654800415039
2024-09-19,97.0034408569336
2024-09-20,97.02334594726562
2024-09-23,98.19818115234375
2024-09-24,98.88516998291016
2024-09-25,99.28341674804688
2024-09-26,98.86526489257812
2024-09-27,98.77564239501953
2024-09-30,99.81108856201172
2024-10-01,100.47816467285156
2024-10-02,100.84654998779297
2024-10-03,100.30889892578125
2024-10-04,101.58329772949219
2024-10-07,102.37979888916016
2024-10-08,102.53909301757812
2024-10-09,103.2459945678711
2024-10-10,101.65299987792969
2024-10-11,103.36547088623047
2024-10-14,102.20059204101562
2024-10-15,103.45507049560547
2024-10-16,104.84893798828125
2024-10-17,105.74501037597656
2024-10-18,105.07794189453125
2024-10-21,105.85452270507812
2024-10-22,102.20059204101562
2024-10-23,102.37979888916016
2024-10-24,100.17948150634766
2024-10-25,100.94610595703125
2024-10-28,101.93177032470703
2024-10-29,99.65179443359375
2024-10-30,100.69720458984375
2024-10-31,99.28341674804688
2024-11-01,99.59205627441406
2024-11-04,99.40288543701172
2024-11-05,101.71273803710938
2024-11-06,114.35713958740234
2024-11-07,110.73307037353516
2024-11-08,113.23387908935547
2024-11-11,114.2601089477539
2024-11-12,113.16413879394531
2024-11-13,115.34610748291016
2024-11-14,112.80545806884766
2024-11-15,111.59989166259766
2024-11-18,112.75563049316406
2024-11-19,115.57526397705078
2024-11-20,117.66758728027344
2024-11-21,116.55168914794922
2024-11-22,118.00634002685547
2024-11-25,115.41586303710938
2024-11-26,116.7509536743164
2024-11-27,116.272705078125
2024-11-29,117.9465560913086
2024-12-02,117.25908660888672
2024-12-03,118.67388916015625
2024-12-04,119.65029907226562
2024-12-05,119.63036346435547
2024-12-06,117.87681579589844
2024-12-09,113.33350372314453
2024-12-10,113.66230010986328
2024-12-11,115.65497589111328
2024-12-12,113.28368377685547
2024-12-13,113.01469421386719
2024-12-16,112.86522674560547
2024-12-17,111.52017974853516
2024-12-18,107.29570007324219
2024-12-19,108.94963073730469
2024-12-20,110.4242172241211
2024-12-23,110.13526916503906
2024-12-24,111.62977600097656
2024-12-26,112.11798858642578
2024-12-27,110.82273864746094
2024-12-30,109.87621307373047
2024-12-31,108.96955108642578
2025-01-02,110.38435363769531
2025-01-03,112.34713745117188
2025-01-06,112.05819702148438
2025-01-07,111.25116729736328
2025-01-08,114.62875366210938
2025-01-10,112.22756958007812
2025-01-13,114.32984924316406
2025-01-14,118.75360107421875
2025-01-15,121.413818359375
2025-01-16,122.52972412109375
2025-01-17,124.84121704101562
2025-01-21,126.69441986083984
2025-01-22,126.24606323242188
2025-01-23,127.27228546142578
2025-01-24,126.56488800048828
2025-01-27,121.63301849365234
2025-01-28,125.9471664428711
2025-01-29,125.8973388671875
2025-01-30,126.90364074707031
2025-01-31,126.11653137207031
2025-02-03,125.91727447509766
2025-02-04,125.02057647705078
2025-02-05,127.33207702636719
2025-02-06,128.5276641845703
2025-02-07,127.33113861083984
2025-02-10,127.8296890258789
2025-02-11,128.9464874267578
2025-02-12,127.72002410888672
2025-02-13,127.71005249023438
2025-02-14,133.0346221923828
2025-02-18,136.2752227783203
2025-02-19,138.9873809814453
2025-02-20,138.04014587402344
2025-02-21,129.45498657226562
2025-02-24,129.18576049804688
2025-02-25,129.85382080078125
2025-02-26,131.59878540039062
2025-02-27,133.0346221923828
2025-02-28,136.20542907714844
2025-03-03,130.64157104492188
2025-03-04,126.6530990600586
2025-03-05,129.92364501953125
2025-03-06,124.13040924072266
2025-03-07,124.04067993164062
2025-03-10,121.95670318603516
2025-03-11,125.13749694824219
2025-03-12,127.56047821044922
2025-03-13,122.4153823852539
2025-03-14,126.14458465576172
2025-03-17,128.8966064453125
2025-03-18,127.87955474853516
2025-03-19,131.59878540039062
2025-03-20,131.2896728515625
2025-03-21,130.4720458984375
2025-03-24,135.70687866210938
2025-03-25,137.3221893310547
2025-03-26,133.75253295898438
2025-03-27,132.0474853515625
2025-03-28,129.31541442871094
2025-03-31,129.3552703857422
2025-04-01,131.39935302734375
2025-04-02,133.51321411132812
2025-04-03,124.6389389038086
2025-04-04,112.00553894042969
2025-04-07,115.44557189941406
2025-04-08,114.28893280029297
2025-04-09,127.72002410888672
2025-04-10,123.8312759399414
2025-04-11,125.3070068359375
2025-04-14,127.09183502197266
2025-04-15,124.1104736328125
2025-04-16,123.57203674316406
2025-04-17,122.87405395507812
2025-04-21,119.12491607666016
2025-04-22,123.94097137451172
2025-04-23,129.32534790039062
2025-04-24,133.1044158935547
2025-04-25,135.36785888671875
2025-04-28,135.95616149902344
2025-04-29,137.1028594970703
2025-04-30,138.1797332763672
2025-05-01,147.60240173339844
2025-05-02,153.62496948242188
2025-05-05,153.89419555664062
2025-05-06,155.34996032714844
2025-05-07,156.66615295410156
2025-05-08,157.04507446289062
2025-05-09,157.0550537109375
2025-05-12,156.60606384277344
2025-05-13,157.9430389404297
2025-05-14,159.1004180908203
2025-05-15,160.92628479003906
2025-05-16,162.43289184570312
2025-05-19,165.86514282226562
2025-05-20,164.72772216796875
2025-05-21,162.39297485351562
2025-05-22,162.6424102783203
2025-05-23,164.71771240234375
2025-05-27,169.30734252929688
2025-05-28,169.93592834472656
2025-05-29,169.70645141601562
2025-05-30,169.5069122314453
2025-06-02,172.2606658935547
2025-06-03,172.22076416015625
2025-06-04,173.5477752685547
2025-06-05,174.6153564453125
2025-06-06,174.9745330810547
2025-06-09,172.48019409179688
2025-06-10,168.23976135253906
2025-06-11,170.35499572753906
2025-06-12,171.1332244873047
2025-06-13,170.81394958496094
2025-06-16,171.21304321289062
2025-06-17,171.7318572998047
2025-06-18,169.8461456298828
2025-06-20,172.94911193847656
2025-06-23,175.23394775390625
2025-06-24,176.1718292236328
2025-06-25,175.6829376220703
2025-06-26,176.4512176513672
2025-06-27,184.48304748535156
2025-06-30,185.71029663085938
2025-07-01,175.8226318359375
2025-07-02,175.55322265625
2025-07-03,180.65171813964844
2025-07-07,179.84353637695312
2025-07-08,179.05532836914062
2025-07-09,181.0109100341797
2025-07-10,178.12742614746094
2025-07-11,179.2748260498047
2025-07-14,183.9043731689453
2025-07-15,184.26353454589844
2025-07-16,183.88441467285156
2025-07-17,188.40420532226562
2025-07-18,190.06045532226562
2025-07-21,187.4064483642578
2025-07-22,182.9265594482422
2025-07-23,185.97967529296875
2025-07-24,186.3787841796875
2025-07-25,189.09263610839844
2025-07-28,187.74566650390625
2025-07-29,188.74342346191406
2025-07-30,191.7067413330078
2025-07-31,179.3646240234375
2025-08-01,183.84449768066406
2025-08-04,180.75149536132812
2025-08-05,178.91563415527344
2025-08-06,181.64944458007812
2025-08-07,181.17054748535156
2025-08-08,180.461669921875
2025-08-11,179.5930633544922
2025-08-12,180.61141967773438
2025-08-13,176.51797485351562
2025-08-14,175.7092742919922
2025-08-15,170.97682189941406
2025-08-18,172.77395629882812
2025-08-19,171.6257781982422
2025-08-20,171.66571044921875
2025-08-21,172.9736328125
2025-08-22,170.7272186279297
2025-08-25,170.9668426513672
2025-08-26,175.63937377929688
2025-08-27,175.3697967529297
2025-08-28,175.87899780273438
2025-08-29,173.82228088378906
2025-09-02,172.94366455078125
2025-09-03,174.211669921875
2025-09-04,179.24362182617188
2025-09-05,177.91574096679688
2025-09-08,179.1437530517578
2025-09-09,178.69447326660156
2025-09-10,183.50680541992188
2025-09-11,183.91615295410156
2025-09-12,185.4736785888672
2025-09-15,188.94810485839844
2025-09-16,187.1609649658203
2025-09-17,185.09426879882812
2025-09-18,191.5339813232422
2025-09-19,189.92654418945312
2025-09-22,191.84349060058594
2025-09-23,193.27120971679688
2025-09-24,189.91656494140625
2025-09-25,189.5471649169922
2025-09-26,192.84188842773438
2025-09-29,191.6138458251953
2025-09-30,195.91697692871094
2025-10-01,194.5391845703125
2025-10-02,190.77520751953125
2025-10-03,188.94810485839844
2025-10-06,190.1761474609375
2025-10-07,191.1545867919922
2025-10-08,191.34426879882812
2025-10-09,188.52879333496094
2025-10-10,183.7963409423828
2025-10-13,189.6869354248047
2025-10-14,192.72207641601562
2025-10-15,191.96328735351562
2025-10-16,191.3742218017578
2025-10-17,189.37741088867188
2025-10-20,192.21290588378906
2025-10-21,196.86544799804688
2025-10-22,190.92494201660156
2025-10-23,199.78082275390625
2025-10-24,198.19334411621094
2025-10-27,201.5180206298828
2025-10-28,200.71929931640625
2025-10-29,203.15541076660156
2025-10-30,201.44815063476562
2025-10-31,205.6214599609375
2025-11-03,206.41021728515625
2025-11-04,204.69296264648438
2025-11-05,205.98089599609375
2025-11-06,205.391845703125
2025-11-07,206.4507598876953
2025-11-10,209.5276336669922
2025-11-11,208.68849182128906
2025-11-12,204.8623809814453
2025-11-13,201.09619140625
2025-11-14,203.0841522216797
2025-11-17,200.07720947265625
2025-11-18,201.01626586914062
2025-11-19,201.8554229736328
2025-11-20,197.7196044921875
2025-11-21,197.08026123046875
2025-11-24,199.91737365722656
2025-11-25,203.47377014160156
2025-11-26,204.42282104492188
2025-11-28,204.3828582763672
2025-12-01,198.53878784179688
2025-12-02,196.061279296875
2025-12-03,194.09327697753906
2025-12-04,196.0712890625
2025-12-05,190.78662109375
2025-12-08,193.44393920898438
2025-12-09,191.16624450683594
2025-12-10,192.19520568847656
2025-12-11,195.69166564941406
2025-12-12,198.1092071533203
2025-12-15,197.04029846191406
2025-12-16,194.9823760986328
2025-12-17,190.9964141845703
2025-12-18,197.79953002929688
2025-12-19,203.2839813232422
2025-12-22,207.959228515625
2025-12-23,209.35781860351562
2025-12-24,211.95516967773438
2025-12-26,211.0061492919922
2025-12-29,209.2779083251953
2025-12-30,207.59959411621094
