Date,LITE
2015-07-23,17.0
2015-07-24,17.0
2015-07-27,20.850000381469727
2015-07-28,21.0
2015-07-29,21.00200080871582
2015-07-30,21.0
2015-07-31,19.700000762939453
2015-08-03,23.450000762939453
2015-08-04,21.149999618530273
2015-08-05,20.559999465942383
2015-08-06,18.600000381469727
2015-08-07,19.299999237060547
2015-08-10,19.010000228881836
2015-08-11,19.559999465942383
2015-08-12,19.3700008392334
2015-08-13,20.600000381469727
2015-08-14,20.329999923706055
2015-08-17,21.06999969482422
2015-08-18,21.440000534057617
2015-08-19,21.389999389648438
2015-08-20,21.200000762939453
2015-08-21,21.25
2015-08-24,21.010000228881836
2015-08-25,20.399999618530273
2015-08-26,20.40999984741211
2015-08-27,20.399999618530273
2015-08-28,19.920000076293945
2015-08-31,19.739999771118164
2015-09-01,19.079999923706055
2015-09-02,18.709999084472656
2015-09-03,19.309999465942383
2015-09-04,19.06999969482422
2015-09-08,17.770000457763672
2015-09-09,18.790000915527344
2015-09-10,18.350000381469727
2015-09-11,17.709999084472656
2015-09-14,17.56999969482422
2015-09-15,17.3799991607666
2015-09-16,16.969999313354492
2015-09-17,17.25
2015-09-18,17.079999923706055
2015-09-21,17.049999237060547
2015-09-22,16.809999465942383
2015-09-23,16.780000686645508
2015-09-24,16.940000534057617
2015-09-25,16.979999542236328
2015-09-28,16.920000076293945
2015-09-29,16.84000015258789
2015-09-30,16.950000762939453
2015-10-01,16.540000915527344
2015-10-02,15.760000228881836
2015-10-05,15.59000015258789
2015-10-06,15.279999732971191
2015-10-07,15.229999542236328
2015-10-08,15.180000305175781
2015-10-09,15.140000343322754
2015-10-12,14.75
2015-10-13,14.6899995803833
2015-10-14,14.449999809265137
2015-10-15,14.75
2015-10-16,14.470000267028809
2015-10-19,14.119999885559082
2015-10-20,14.279999732971191
2015-10-21,14.5
2015-10-22,14.600000381469727
2015-10-23,14.869999885559082
2015-10-26,14.829999923706055
2015-10-27,14.550000190734863
2015-10-28,14.699999809265137
2015-10-29,14.510000228881836
2015-10-30,14.34000015258789
2015-11-02,14.800000190734863
2015-11-03,15.380000114440918
2015-11-04,16.059999465942383
2015-11-05,16.350000381469727
2015-11-06,16.06999969482422
2015-11-09,16.030000686645508
2015-11-10,16.540000915527344
2015-11-11,17.950000762939453
2015-11-12,17.600000381469727
2015-11-13,17.639999389648438
2015-11-16,18.190000534057617
2015-11-17,18.200000762939453
2015-11-18,18.079999923706055
2015-11-19,18.239999771118164
2015-11-20,18.809999465942383
2015-11-23,19.579999923706055
2015-11-24,19.75
2015-11-25,19.81999969482422
2015-11-27,20.010000228881836
2015-11-30,20.0
2015-12-01,20.0
2015-12-02,19.940000534057617
2015-12-03,19.809999465942383
2015-12-04,20.31999969482422
2015-12-07,20.299999237060547
2015-12-08,20.780000686645508
2015-12-09,20.110000610351562
2015-12-10,19.540000915527344
2015-12-11,20.34000015258789
2015-12-14,19.75
2015-12-15,20.229999542236328
2015-12-16,21.559999465942383
2015-12-17,21.81999969482422
2015-12-18,21.040000915527344
2015-12-21,21.0
2015-12-22,20.780000686645508
2015-12-23,21.010000228881836
2015-12-24,20.780000686645508
2015-12-28,21.399999618530273
2015-12-29,22.0
2015-12-30,22.559999465942383
2015-12-31,22.020000457763672
2016-01-04,22.329999923706055
2016-01-05,21.540000915527344
2016-01-06,21.639999389648438
2016-01-07,20.549999237060547
2016-01-08,19.559999465942383
2016-01-11,19.6299991607666
2016-01-12,19.579999923706055
2016-01-13,19.6200008392334
2016-01-14,19.31999969482422
2016-01-15,19.40999984741211
2016-01-19,18.989999771118164
2016-01-20,18.81999969482422
2016-01-21,18.809999465942383
2016-01-22,19.639999389648438
2016-01-25,19.450000762939453
2016-01-26,19.979999542236328
2016-01-27,19.690000534057617
2016-01-28,19.600000381469727
2016-01-29,19.729999542236328
2016-02-01,20.43000030517578
2016-02-02,21.110000610351562
2016-02-03,21.780000686645508
2016-02-04,22.200000762939453
2016-02-05,23.790000915527344
2016-02-08,23.559999465942383
2016-02-09,23.0
2016-02-10,23.969999313354492
2016-02-11,23.030000686645508
2016-02-12,23.110000610351562
2016-02-16,23.809999465942383
2016-02-17,24.389999389648438
2016-02-18,24.389999389648438
2016-02-19,23.8700008392334
2016-02-22,24.200000762939453
2016-02-23,24.079999923706055
2016-02-24,24.260000228881836
2016-02-25,24.25
2016-02-26,24.0
2016-02-29,24.030000686645508
2016-03-01,24.3799991607666
2016-03-02,25.290000915527344
2016-03-03,24.459999084472656
2016-03-04,24.989999771118164
2016-03-07,24.559999465942383
2016-03-08,23.739999771118164
2016-03-09,24.43000030517578
2016-03-10,24.469999313354492
2016-03-11,25.3700008392334
2016-03-14,25.790000915527344
2016-03-15,25.18000030517578
2016-03-16,25.25
2016-03-17,26.110000610351562
2016-03-18,26.079999923706055
2016-03-21,26.920000076293945
2016-03-22,26.84000015258789
2016-03-23,26.709999084472656
2016-03-24,26.729999542236328
2016-03-28,26.219999313354492
2016-03-29,26.479999542236328
2016-03-30,27.139999389648438
2016-03-31,26.969999313354492
2016-04-01,26.579999923706055
2016-04-04,26.399999618530273
2016-04-05,26.239999771118164
2016-04-06,26.6200008392334
2016-04-07,26.68000030517578
2016-04-08,27.459999084472656
2016-04-11,27.200000762939453
2016-04-12,26.239999771118164
2016-04-13,26.43000030517578
2016-04-14,26.979999542236328
2016-04-15,26.920000076293945
2016-04-18,25.940000534057617
2016-04-19,24.81999969482422
2016-04-20,24.809999465942383
2016-04-21,25.049999237060547
2016-04-22,25.6200008392334
2016-04-25,25.34000015258789
2016-04-26,24.770000457763672
2016-04-27,25.690000534057617
2016-04-28,25.479999542236328
2016-04-29,25.299999237060547
2016-05-02,25.5
2016-05-03,26.0
2016-05-04,25.0
2016-05-05,24.65999984741211
2016-05-06,24.469999313354492
2016-05-09,23.899999618530273
2016-05-10,23.489999771118164
2016-05-11,23.719999313354492
2016-05-12,23.899999618530273
2016-05-13,23.440000534057617
2016-05-16,23.18000030517578
2016-05-17,22.709999084472656
2016-05-18,23.059999465942383
2016-05-19,21.709999084472656
2016-05-20,22.459999084472656
2016-05-23,22.43000030517578
2016-05-24,21.979999542236328
2016-05-25,22.780000686645508
2016-05-26,23.950000762939453
2016-05-27,24.420000076293945
2016-05-31,25.34000015258789
2016-06-01,25.360000610351562
2016-06-02,24.489999771118164
2016-06-03,24.530000686645508
2016-06-06,25.110000610351562
2016-06-07,24.860000610351562
2016-06-08,24.780000686645508
2016-06-09,24.68000030517578
2016-06-10,24.530000686645508
2016-06-13,24.110000610351562
2016-06-14,24.479999542236328
2016-06-15,25.809999465942383
2016-06-16,25.450000762939453
2016-06-17,24.969999313354492
2016-06-20,24.889999389648438
2016-06-21,24.8799991607666
2016-06-22,24.600000381469727
2016-06-23,25.200000762939453
2016-06-24,24.229999542236328
2016-06-27,22.329999923706055
2016-06-28,23.530000686645508
2016-06-29,24.020000457763672
2016-06-30,24.200000762939453
2016-07-01,23.649999618530273
2016-07-05,23.5
2016-07-06,23.299999237060547
2016-07-07,23.860000610351562
2016-07-08,24.510000228881836
2016-07-11,24.75
2016-07-12,24.950000762939453
2016-07-13,24.739999771118164
2016-07-14,25.579999923706055
2016-07-15,26.399999618530273
2016-07-18,26.790000915527344
2016-07-19,26.290000915527344
2016-07-20,27.190000534057617
2016-07-21,26.729999542236328
2016-07-22,27.489999771118164
2016-07-25,30.479999542236328
2016-07-26,30.719999313354492
2016-07-27,30.93000030517578
2016-07-28,30.459999084472656
2016-07-29,30.25
2016-08-01,30.40999984741211
2016-08-02,29.520000457763672
2016-08-03,30.770000457763672
2016-08-04,30.889999389648438
2016-08-05,31.329999923706055
2016-08-08,31.270000457763672
2016-08-09,32.130001068115234
2016-08-10,31.81999969482422
2016-08-11,31.809999465942383
2016-08-12,32.720001220703125
2016-08-15,32.65999984741211
2016-08-16,32.83000183105469
2016-08-17,32.0
2016-08-18,34.310001373291016
2016-08-19,34.599998474121094
2016-08-22,34.040000915527344
2016-08-23,34.209999084472656
2016-08-24,33.65999984741211
2016-08-25,33.869998931884766
2016-08-26,33.88999938964844
2016-08-29,34.529998779296875
2016-08-30,34.54999923706055
2016-08-31,35.119998931884766
2016-09-01,34.5
2016-09-02,35.2400016784668
2016-09-06,36.25
2016-09-07,37.349998474121094
2016-09-08,37.599998474121094
2016-09-09,36.43000030517578
2016-09-12,37.349998474121094
2016-09-13,37.189998626708984
2016-09-14,38.29999923706055
2016-09-15,39.150001525878906
2016-09-16,39.209999084472656
2016-09-19,40.54999923706055
2016-09-20,39.869998931884766
2016-09-21,40.31999969482422
2016-09-22,41.790000915527344
2016-09-23,40.970001220703125
2016-09-26,40.97999954223633
2016-09-27,41.84000015258789
2016-09-28,41.9900016784668
2016-09-29,41.36000061035156
2016-09-30,41.77000045776367
2016-10-03,41.45000076293945
2016-10-04,42.119998931884766
2016-10-05,43.369998931884766
2016-10-06,44.47999954223633
2016-10-07,44.2400016784668
2016-10-10,44.5
2016-10-11,40.72999954223633
2016-10-12,40.970001220703125
2016-10-13,40.72999954223633
2016-10-14,40.470001220703125
2016-10-17,40.25
2016-10-18,40.38999938964844
2016-10-19,40.63999938964844
2016-10-20,41.040000915527344
2016-10-21,40.400001525878906
2016-10-24,41.400001525878906
2016-10-25,40.849998474121094
2016-10-26,40.650001525878906
2016-10-27,38.900001525878906
2016-10-28,37.45000076293945
2016-10-31,33.599998474121094
2016-11-01,35.79999923706055
2016-11-02,35.599998474121094
2016-11-03,35.45000076293945
2016-11-04,34.400001525878906
2016-11-07,35.849998474121094
2016-11-08,36.5
2016-11-09,36.5
2016-11-10,34.70000076293945
2016-11-11,36.599998474121094
2016-11-14,37.45000076293945
2016-11-15,38.79999923706055
2016-11-16,40.650001525878906
2016-11-17,41.54999923706055
2016-11-18,42.20000076293945
2016-11-21,40.5
2016-11-22,41.099998474121094
2016-11-23,41.29999923706055
2016-11-25,41.20000076293945
2016-11-28,41.29999923706055
2016-11-29,41.349998474121094
2016-11-30,40.099998474121094
2016-12-01,37.79999923706055
2016-12-02,37.0
2016-12-05,39.5
2016-12-06,40.0
2016-12-07,39.599998474121094
2016-12-08,43.5
2016-12-09,42.400001525878906
2016-12-12,41.599998474121094
2016-12-13,40.5
2016-12-14,38.900001525878906
2016-12-15,40.20000076293945
2016-12-16,39.099998474121094
2016-12-19,39.95000076293945
2016-12-20,40.20000076293945
2016-12-21,40.29999923706055
2016-12-22,39.900001525878906
2016-12-23,40.5
2016-12-27,41.150001525878906
2016-12-28,39.400001525878906
2016-12-29,39.29999923706055
2016-12-30,38.650001525878906
2017-01-03,37.29999923706055
2017-01-04,37.599998474121094
2017-01-05,36.79999923706055
2017-01-06,36.54999923706055
2017-01-09,36.349998474121094
2017-01-10,37.5
2017-01-11,36.54999923706055
2017-01-12,36.04999923706055
2017-01-13,36.349998474121094
2017-01-17,34.900001525878906
2017-01-18,34.70000076293945
2017-01-19,35.099998474121094
2017-01-20,35.150001525878906
2017-01-23,34.400001525878906
2017-01-24,37.70000076293945
2017-01-25,38.54999923706055
2017-01-26,37.75
2017-01-27,37.400001525878906
2017-01-30,36.75
2017-01-31,37.95000076293945
2017-02-01,38.099998474121094
2017-02-02,37.849998474121094
2017-02-03,38.849998474121094
2017-02-06,38.79999923706055
2017-02-07,40.20000076293945
2017-02-08,45.849998474121094
2017-02-09,46.599998474121094
2017-02-10,47.45000076293945
2017-02-13,49.54999923706055
2017-02-14,50.5
2017-02-15,49.45000076293945
2017-02-16,51.849998474121094
2017-02-17,51.099998474121094
2017-02-21,52.54999923706055
2017-02-22,49.650001525878906
2017-02-23,48.70000076293945
2017-02-24,47.79999923706055
2017-02-27,46.45000076293945
2017-02-28,45.900001525878906
2017-03-01,47.900001525878906
2017-03-02,45.75
2017-03-03,46.70000076293945
2017-03-06,47.20000076293945
2017-03-07,46.5
2017-03-08,45.5
2017-03-09,45.849998474121094
2017-03-10,45.79999923706055
2017-03-13,44.849998474121094
2017-03-14,43.099998474121094
2017-03-15,45.650001525878906
2017-03-16,48.900001525878906
2017-03-17,49.45000076293945
2017-03-20,49.20000076293945
2017-03-21,48.45000076293945
2017-03-22,51.45000076293945
2017-03-23,51.5
2017-03-24,53.5
2017-03-27,54.150001525878906
2017-03-28,54.70000076293945
2017-03-29,53.54999923706055
2017-03-30,53.70000076293945
2017-03-31,53.349998474121094
2017-04-03,51.5
2017-04-04,50.45000076293945
2017-04-05,47.95000076293945
2017-04-06,49.0
2017-04-07,48.20000076293945
2017-04-10,47.150001525878906
2017-04-11,45.70000076293945
2017-04-12,44.25
2017-04-13,44.099998474121094
2017-04-17,45.0
2017-04-18,45.29999923706055
2017-04-19,42.95000076293945
2017-04-20,43.900001525878906
2017-04-21,45.20000076293945
2017-04-24,47.45000076293945
2017-04-25,47.349998474121094
2017-04-26,43.54999923706055
2017-04-27,43.79999923706055
2017-04-28,42.75
2017-05-01,43.70000076293945
2017-05-02,42.75
2017-05-03,42.75
2017-05-04,47.0
2017-05-05,49.45000076293945
2017-05-08,49.5
2017-05-09,51.349998474121094
2017-05-10,52.79999923706055
2017-05-11,51.599998474121094
2017-05-12,53.400001525878906
2017-05-15,54.54999923706055
2017-05-16,56.54999923706055
2017-05-17,52.04999923706055
2017-05-18,53.04999923706055
2017-05-19,53.349998474121094
2017-05-22,57.349998474121094
2017-05-23,56.849998474121094
2017-05-24,56.20000076293945
2017-05-25,56.45000076293945
2017-05-26,58.5
2017-05-30,58.5
2017-05-31,57.04999923706055
2017-06-01,58.54999923706055
2017-06-02,58.29999923706055
2017-06-05,57.79999923706055
2017-06-06,62.849998474121094
2017-06-07,63.5
2017-06-08,65.0999984741211
2017-06-09,60.5
2017-06-12,61.0
2017-06-13,62.54999923706055
2017-06-14,62.150001525878906
2017-06-15,61.54999923706055
2017-06-16,63.099998474121094
2017-06-19,62.849998474121094
2017-06-20,62.45000076293945
2017-06-21,62.5
2017-06-22,62.45000076293945
2017-06-23,64.0
2017-06-26,62.650001525878906
2017-06-27,59.349998474121094
2017-06-28,60.20000076293945
2017-06-29,57.29999923706055
2017-06-30,57.04999923706055
2017-07-03,57.900001525878906
2017-07-05,58.25
2017-07-06,58.5
2017-07-07,61.599998474121094
2017-07-10,61.599998474121094
2017-07-11,61.349998474121094
2017-07-12,60.349998474121094
2017-07-13,64.05000305175781
2017-07-14,63.79999923706055
2017-07-17,61.349998474121094
2017-07-18,60.70000076293945
2017-07-19,61.54999923706055
2017-07-20,60.45000076293945
2017-07-21,63.349998474121094
2017-07-24,67.94999694824219
2017-07-25,66.94999694824219
2017-07-26,64.9000015258789
2017-07-27,61.900001525878906
2017-07-28,61.900001525878906
2017-07-31,62.599998474121094
2017-08-01,63.70000076293945
2017-08-02,61.70000076293945
2017-08-03,62.45000076293945
2017-08-04,58.849998474121094
2017-08-07,58.75
2017-08-08,59.25
2017-08-09,57.400001525878906
2017-08-10,53.04999923706055
2017-08-11,51.95000076293945
2017-08-14,54.099998474121094
2017-08-15,53.0
2017-08-16,53.0
2017-08-17,51.349998474121094
2017-08-18,52.0
2017-08-21,51.099998474121094
2017-08-22,54.349998474121094
2017-08-23,56.0
2017-08-24,57.45000076293945
2017-08-25,56.70000076293945
2017-08-28,56.599998474121094
2017-08-29,56.0
2017-08-30,56.79999923706055
2017-08-31,56.849998474121094
2017-09-01,57.25
2017-09-05,58.20000076293945
2017-09-06,57.849998474121094
2017-09-07,57.400001525878906
2017-09-08,56.400001525878906
2017-09-11,58.5
2017-09-12,57.25
2017-09-13,58.79999923706055
2017-09-14,57.0
2017-09-15,57.25
2017-09-18,59.349998474121094
2017-09-19,59.25
2017-09-20,56.650001525878906
2017-09-21,55.04999923706055
2017-09-22,55.099998474121094
2017-09-25,51.900001525878906
2017-09-26,50.79999923706055
2017-09-27,55.0
2017-09-28,55.20000076293945
2017-09-29,54.349998474121094
2017-10-02,55.599998474121094
2017-10-03,54.54999923706055
2017-10-04,56.04999923706055
2017-10-05,55.29999923706055
2017-10-06,58.599998474121094
2017-10-09,58.599998474121094
2017-10-10,57.79999923706055
2017-10-11,58.0
2017-10-12,58.95000076293945
2017-10-13,57.70000076293945
2017-10-16,55.75
2017-10-17,56.099998474121094
2017-10-18,56.5
2017-10-19,56.04999923706055
2017-10-20,55.95000076293945
2017-10-23,59.5
2017-10-24,63.099998474121094
2017-10-25,61.349998474121094
2017-10-26,61.650001525878906
2017-10-27,62.599998474121094
2017-10-30,64.75
2017-10-31,63.150001525878906
2017-11-01,63.20000076293945
2017-11-02,58.849998474121094
2017-11-03,59.29999923706055
2017-11-06,57.400001525878906
2017-11-07,56.0
2017-11-08,57.349998474121094
2017-11-09,55.45000076293945
2017-11-10,57.150001525878906
2017-11-13,57.650001525878906
2017-11-14,55.79999923706055
2017-11-15,56.45000076293945
2017-11-16,57.650001525878906
2017-11-17,57.5
2017-11-20,57.95000076293945
2017-11-21,59.32500076293945
2017-11-22,60.25
2017-11-24,60.29999923706055
2017-11-27,58.150001525878906
2017-11-28,57.29999923706055
2017-11-29,54.099998474121094
2017-11-30,54.04999923706055
2017-12-01,52.25
2017-12-04,47.150001525878906
2017-12-05,47.150001525878906
2017-12-06,46.400001525878906
2017-12-07,48.54999923706055
2017-12-08,49.599998474121094
2017-12-11,53.5
2017-12-12,51.75
2017-12-13,50.275001525878906
2017-12-14,50.92499923706055
2017-12-15,52.150001525878906
2017-12-18,52.349998474121094
2017-12-19,53.400001525878906
2017-12-20,53.900001525878906
2017-12-21,53.349998474121094
2017-12-22,52.79999923706055
2017-12-26,49.70000076293945
2017-12-27,50.04999923706055
2017-12-28,49.04999923706055
2017-12-29,48.900001525878906
2018-01-02,50.150001525878906
2018-01-03,50.900001525878906
2018-01-04,50.20000076293945
2018-01-05,51.099998474121094
2018-01-08,51.75
2018-01-09,50.45000076293945
2018-01-10,51.650001525878906
2018-01-11,53.0
2018-01-12,53.20000076293945
2018-01-16,51.650001525878906
2018-01-17,51.5
2018-01-18,51.70000076293945
2018-01-19,48.849998474121094
2018-01-22,45.20000076293945
2018-01-23,44.099998474121094
2018-01-24,44.45000076293945
2018-01-25,44.5
2018-01-26,44.25
2018-01-29,44.349998474121094
2018-01-30,44.95000076293945
2018-01-31,46.29999923706055
2018-02-01,47.900001525878906
2018-02-02,44.849998474121094
2018-02-05,42.599998474121094
2018-02-06,51.650001525878906
2018-02-07,53.599998474121094
2018-02-08,55.400001525878906
2018-02-09,57.20000076293945
2018-02-12,56.900001525878906
2018-02-13,57.54999923706055
2018-02-14,57.099998474121094
2018-02-15,58.45000076293945
2018-02-16,59.04999923706055
2018-02-20,58.75
2018-02-21,58.79999923706055
2018-02-22,58.099998474121094
2018-02-23,59.400001525878906
2018-02-26,60.54999923706055
2018-02-27,60.099998474121094
2018-02-28,61.0
2018-03-01,61.54999923706055
2018-03-02,63.275001525878906
2018-03-05,63.900001525878906
2018-03-06,65.30000305175781
2018-03-07,65.30000305175781
2018-03-08,65.3499984741211
2018-03-09,68.9749984741211
2018-03-12,72.0
2018-03-13,71.9000015258789
2018-03-14,73.19999694824219
2018-03-15,71.19999694824219
2018-03-16,69.94999694824219
2018-03-19,69.05000305175781
2018-03-20,69.4000015258789
2018-03-21,69.80000305175781
2018-03-22,69.05000305175781
2018-03-23,67.3499984741211
2018-03-26,67.94999694824219
2018-03-27,66.4000015258789
2018-03-28,62.20000076293945
2018-03-29,63.79999923706055
2018-04-02,61.5
2018-04-03,60.400001525878906
2018-04-04,62.29999923706055
2018-04-05,60.5
2018-04-06,59.150001525878906
2018-04-09,59.29999923706055
2018-04-10,60.75
2018-04-11,63.5
2018-04-12,64.25
2018-04-13,64.30000305175781
2018-04-16,58.474998474121094
2018-04-17,61.95000076293945
2018-04-18,63.04999923706055
2018-04-19,60.04999923706055
2018-04-20,58.849998474121094
2018-04-23,54.45000076293945
2018-04-24,55.45000076293945
2018-04-25,51.20000076293945
2018-04-26,51.79999923706055
2018-04-27,50.20000076293945
2018-04-30,50.45000076293945
2018-05-01,52.650001525878906
2018-05-02,58.5
2018-05-03,58.599998474121094
2018-05-04,58.95000076293945
2018-05-07,61.45000076293945
2018-05-08,63.54999923706055
2018-05-09,63.650001525878906
2018-05-10,63.349998474121094
2018-05-11,63.099998474121094
2018-05-14,64.5
2018-05-15,63.54999923706055
2018-05-16,63.650001525878906
2018-05-17,62.75
2018-05-18,62.400001525878906
2018-05-21,62.5
2018-05-22,63.25
2018-05-23,63.29999923706055
2018-05-24,62.29999923706055
2018-05-25,63.349998474121094
2018-05-29,62.95000076293945
2018-05-30,59.900001525878906
2018-05-31,58.75
2018-06-01,61.29999923706055
2018-06-04,60.599998474121094
2018-06-05,60.79999923706055
2018-06-06,61.349998474121094
2018-06-07,61.099998474121094
2018-06-08,59.0
2018-06-11,59.0
2018-06-12,59.95000076293945
2018-06-13,58.900001525878906
2018-06-14,59.04999923706055
2018-06-15,57.0
2018-06-18,57.349998474121094
2018-06-19,55.650001525878906
2018-06-20,56.5
2018-06-21,58.04999923706055
2018-06-22,57.70000076293945
2018-06-25,55.150001525878906
2018-06-26,57.099998474121094
2018-06-27,55.95000076293945
2018-06-28,56.75
2018-06-29,57.900001525878906
2018-07-02,58.900001525878906
2018-07-03,55.04999923706055
2018-07-05,56.29999923706055
2018-07-06,57.95000076293945
2018-07-09,56.29999923706055
2018-07-10,57.29999923706055
2018-07-11,56.150001525878906
2018-07-12,58.45000076293945
2018-07-13,58.849998474121094
2018-07-16,57.849998474121094
2018-07-17,59.29999923706055
2018-07-18,59.29999923706055
2018-07-19,59.400001525878906
2018-07-20,54.400001525878906
2018-07-23,54.400001525878906
2018-07-24,53.150001525878906
2018-07-25,53.54999923706055
2018-07-26,54.75
2018-07-27,53.20000076293945
2018-07-30,52.099998474121094
2018-07-31,52.25
2018-08-01,53.45000076293945
2018-08-02,53.5
2018-08-03,54.849998474121094
2018-08-06,56.099998474121094
2018-08-07,57.849998474121094
2018-08-08,56.5
2018-08-09,58.45000076293945
2018-08-10,58.599998474121094
2018-08-13,58.29999923706055
2018-08-14,59.599998474121094
2018-08-15,59.20000076293945
2018-08-16,60.29999923706055
2018-08-17,59.95000076293945
2018-08-20,60.150001525878906
2018-08-21,61.849998474121094
2018-08-22,63.150001525878906
2018-08-23,64.5999984741211
2018-08-24,65.0999984741211
2018-08-27,66.4000015258789
2018-08-28,68.1500015258789
2018-08-29,68.80000305175781
2018-08-30,68.4000015258789
2018-08-31,67.9000015258789
2018-09-04,67.9000015258789
2018-09-05,68.0999984741211
2018-09-06,64.9000015258789
2018-09-07,65.80000305175781
2018-09-10,65.1500015258789
2018-09-11,61.29999923706055
2018-09-12,60.70000076293945
2018-09-13,60.04999923706055
2018-09-14,61.0
2018-09-17,60.95000076293945
2018-09-18,60.400001525878906
2018-09-19,60.25
2018-09-20,63.150001525878906
2018-09-21,61.5
2018-09-24,62.150001525878906
2018-09-25,62.599998474121094
2018-09-26,61.25
2018-09-27,61.25
2018-09-28,59.95000076293945
2018-10-01,60.13999938964844
2018-10-02,60.209999084472656
2018-10-03,61.15999984741211
2018-10-04,59.36000061035156
2018-10-05,54.91999816894531
2018-10-08,55.9900016784668
2018-10-09,57.2599983215332
2018-10-10,55.58000183105469
2018-10-11,56.939998626708984
2018-10-12,58.29999923706055
2018-10-15,58.439998626708984
2018-10-16,61.93000030517578
2018-10-17,62.36000061035156
2018-10-18,62.220001220703125
2018-10-19,62.08000183105469
2018-10-22,59.11000061035156
2018-10-23,57.84000015258789
2018-10-24,53.45000076293945
2018-10-25,55.529998779296875
2018-10-26,55.52000045776367
2018-10-29,53.040000915527344
2018-10-30,54.779998779296875
2018-10-31,54.650001525878906
2018-11-01,56.31999969482422
2018-11-02,52.34000015258789
2018-11-05,53.369998931884766
2018-11-06,55.099998474121094
2018-11-07,56.91999816894531
2018-11-08,58.31999969482422
2018-11-09,55.95000076293945
2018-11-12,37.5
2018-11-13,38.95000076293945
2018-11-14,38.849998474121094
2018-11-15,41.08000183105469
2018-11-16,41.52000045776367
2018-11-19,39.439998626708984
2018-11-20,39.93000030517578
2018-11-21,40.279998779296875
2018-11-23,39.849998474121094
2018-11-26,43.060001373291016
2018-11-27,42.810001373291016
2018-11-28,44.209999084472656
2018-11-29,44.38999938964844
2018-11-30,44.470001220703125
2018-12-03,47.77000045776367
2018-12-04,45.119998931884766
2018-12-06,44.72999954223633
2018-12-07,41.90999984741211
2018-12-10,43.400001525878906
2018-12-11,44.16999816894531
2018-12-12,44.86000061035156
2018-12-13,43.86000061035156
2018-12-14,43.459999084472656
2018-12-17,42.83000183105469
2018-12-18,42.220001220703125
2018-12-19,41.720001220703125
2018-12-20,40.83000183105469
2018-12-21,37.97999954223633
2018-12-24,37.54999923706055
2018-12-26,40.099998474121094
2018-12-27,40.66999816894531
2018-12-28,41.56999969482422
2018-12-31,42.0099983215332
2019-01-02,42.59000015258789
2019-01-03,39.0099983215332
2019-01-04,41.790000915527344
2019-01-07,42.22999954223633
2019-01-08,43.459999084472656
2019-01-09,44.75
2019-01-10,45.09000015258789
2019-01-11,45.72999954223633
2019-01-14,45.349998474121094
2019-01-15,45.90999984741211
2019-01-16,45.689998626708984
2019-01-17,46.0
2019-01-18,47.029998779296875
2019-01-22,45.33000183105469
2019-01-23,46.0
2019-01-24,47.7400016784668
2019-01-25,49.040000915527344
2019-01-28,47.310001373291016
2019-01-29,44.36000061035156
2019-01-30,46.84000015258789
2019-01-31,48.90999984741211
2019-02-01,49.91999816894531
2019-02-04,49.63999938964844
2019-02-05,47.25
2019-02-06,46.75
2019-02-07,42.709999084472656
2019-02-08,42.33000183105469
2019-02-11,44.25
2019-02-12,44.439998626708984
2019-02-13,45.52000045776367
2019-02-14,45.75
2019-02-15,46.650001525878906
2019-02-19,46.88999938964844
2019-02-20,48.06999969482422
2019-02-21,47.529998779296875
2019-02-22,50.61000061035156
2019-02-25,51.2400016784668
2019-02-26,50.84000015258789
2019-02-27,50.61000061035156
2019-02-28,49.75
2019-03-01,50.0099983215332
2019-03-04,50.7599983215332
2019-03-05,47.810001373291016
2019-03-06,46.88999938964844
2019-03-07,46.33000183105469
2019-03-08,46.86000061035156
2019-03-11,49.560001373291016
2019-03-12,50.04999923706055
2019-03-13,51.5
2019-03-14,51.369998931884766
2019-03-15,53.5
2019-03-18,52.68000030517578
2019-03-19,51.2400016784668
2019-03-20,49.65999984741211
2019-03-21,52.099998474121094
2019-03-22,52.84000015258789
2019-03-25,51.900001525878906
2019-03-26,53.40999984741211
2019-03-27,54.880001068115234
2019-03-28,55.16999816894531
2019-03-29,56.540000915527344
2019-04-01,57.599998474121094
2019-04-02,57.900001525878906
2019-04-03,58.59000015258789
2019-04-04,59.04999923706055
2019-04-05,58.709999084472656
2019-04-08,59.11000061035156
2019-04-09,59.04999923706055
2019-04-10,59.88999938964844
2019-04-11,58.88999938964844
2019-04-12,60.650001525878906
2019-04-15,60.72999954223633
2019-04-16,60.72999954223633
2019-04-17,60.13999938964844
2019-04-18,60.75
2019-04-22,60.25
2019-04-23,62.09000015258789
2019-04-24,61.810001373291016
2019-04-25,60.619998931884766
2019-04-26,60.189998626708984
2019-04-29,60.90999984741211
2019-04-30,61.970001220703125
2019-05-01,61.880001068115234
2019-05-02,62.59000015258789
2019-05-03,63.7400016784668
2019-05-06,61.38999938964844
2019-05-07,60.2599983215332
2019-05-08,59.90999984741211
2019-05-09,59.400001525878906
2019-05-10,59.130001068115234
2019-05-13,55.459999084472656
2019-05-14,57.349998474121094
2019-05-15,56.75
2019-05-16,50.20000076293945
2019-05-17,46.31999969482422
2019-05-20,44.41999816894531
2019-05-21,46.15999984741211
2019-05-22,45.27000045776367
2019-05-23,44.150001525878906
2019-05-24,44.40999984741211
2019-05-28,42.90999984741211
2019-05-29,42.04999923706055
2019-05-30,42.130001068115234
2019-05-31,40.470001220703125
2019-06-03,41.2599983215332
2019-06-04,43.869998931884766
2019-06-05,43.060001373291016
2019-06-06,44.439998626708984
2019-06-07,44.9900016784668
2019-06-10,46.20000076293945
2019-06-11,46.63999938964844
2019-06-12,46.220001220703125
2019-06-13,46.959999084472656
2019-06-14,46.130001068115234
2019-06-17,47.77000045776367
2019-06-18,49.41999816894531
2019-06-19,49.70000076293945
2019-06-20,49.59000015258789
2019-06-21,49.369998931884766
2019-06-24,50.779998779296875
2019-06-25,48.29999923706055
2019-06-26,50.86000061035156
2019-06-27,52.43000030517578
2019-06-28,53.40999984741211
2019-07-01,54.470001220703125
2019-07-02,53.86000061035156
2019-07-03,53.83000183105469
2019-07-05,53.150001525878906
2019-07-08,51.650001525878906
2019-07-09,52.599998474121094
2019-07-10,52.130001068115234
2019-07-11,53.02000045776367
2019-07-12,53.849998474121094
2019-07-15,53.66999816894531
2019-07-16,54.040000915527344
2019-07-17,54.84000015258789
2019-07-18,54.5
2019-07-19,53.75
2019-07-22,54.540000915527344
2019-07-23,57.31999969482422
2019-07-24,58.4900016784668
2019-07-25,58.540000915527344
2019-07-26,58.900001525878906
2019-07-29,58.650001525878906
2019-07-30,58.77000045776367
2019-07-31,56.630001068115234
2019-08-01,55.880001068115234
2019-08-02,54.130001068115234
2019-08-05,51.560001373291016
2019-08-06,53.560001373291016
2019-08-07,54.959999084472656
2019-08-08,60.63999938964844
2019-08-09,59.709999084472656
2019-08-12,57.56999969482422
2019-08-13,59.470001220703125
2019-08-14,57.91999816894531
2019-08-15,57.119998931884766
2019-08-16,58.61000061035156
2019-08-19,60.31999969482422
2019-08-20,59.900001525878906
2019-08-21,59.709999084472656
2019-08-22,58.720001220703125
2019-08-23,55.81999969482422
2019-08-26,56.09000015258789
2019-08-27,53.970001220703125
2019-08-28,54.72999954223633
2019-08-29,56.16999816894531
2019-08-30,55.7599983215332
2019-09-03,55.099998474121094
2019-09-04,55.90999984741211
2019-09-05,57.04999923706055
2019-09-06,57.65999984741211
2019-09-09,58.0
2019-09-10,57.13999938964844
2019-09-11,60.70000076293945
2019-09-12,60.790000915527344
2019-09-13,59.0
2019-09-16,59.220001220703125
2019-09-17,58.86000061035156
2019-09-18,58.47999954223633
2019-09-19,58.45000076293945
2019-09-20,58.84000015258789
2019-09-23,57.720001220703125
2019-09-24,54.689998626708984
2019-09-25,56.349998474121094
2019-09-26,55.88999938964844
2019-09-27,52.790000915527344
2019-09-30,53.560001373291016
2019-10-01,51.25
2019-10-02,50.11000061035156
2019-10-03,48.77000045776367
2019-10-04,51.59000015258789
2019-10-07,52.790000915527344
2019-10-08,51.619998931884766
2019-10-09,51.88999938964844
2019-10-10,51.90999984741211
2019-10-11,53.81999969482422
2019-10-14,53.2400016784668
2019-10-15,54.400001525878906
2019-10-16,53.0
2019-10-17,55.099998474121094
2019-10-18,54.86000061035156
2019-10-21,55.59000015258789
2019-10-22,55.02000045776367
2019-10-23,55.13999938964844
2019-10-24,54.869998931884766
2019-10-25,56.349998474121094
2019-10-28,57.15999984741211
2019-10-29,56.56999969482422
2019-10-30,57.20000076293945
2019-10-31,62.65999984741211
2019-11-01,65.16500091552734
2019-11-04,64.66000366210938
2019-11-05,65.8499984741211
2019-11-06,65.41999816894531
2019-11-07,65.72000122070312
2019-11-08,66.52999877929688
2019-11-11,66.6500015258789
2019-11-12,67.69999694824219
2019-11-13,67.80999755859375
2019-11-14,67.98999786376953
2019-11-15,68.9000015258789
2019-11-18,68.91000366210938
2019-11-19,69.25
2019-11-20,68.27999877929688
2019-11-21,67.1500015258789
2019-11-22,68.19000244140625
2019-11-25,70.88999938964844
2019-11-26,72.27999877929688
2019-11-27,73.91000366210938
2019-11-29,73.66000366210938
2019-12-02,74.05999755859375
2019-12-03,71.73999786376953
2019-12-04,72.58999633789062
2019-12-05,72.11000061035156
2019-12-06,72.08000183105469
2019-12-09,69.68000030517578
2019-12-10,68.93000030517578
2019-12-11,69.80999755859375
2019-12-12,75.02999877929688
2019-12-13,74.43000030517578
2019-12-16,75.48999786376953
2019-12-17,75.6500015258789
2019-12-18,75.98999786376953
2019-12-19,78.44000244140625
2019-12-20,78.62999725341797
2019-12-23,78.80000305175781
2019-12-24,78.79000091552734
2019-12-26,79.55000305175781
2019-12-27,79.01000213623047
2019-12-30,79.5999984741211
2019-12-31,79.30000305175781
2020-01-02,82.69999694824219
2020-01-03,81.9000015258789
2020-01-06,80.58999633789062
2020-01-07,81.97000122070312
2020-01-08,82.95999908447266
2020-01-09,81.5
2020-01-10,80.19000244140625
2020-01-13,80.5999984741211
2020-01-14,79.68000030517578
2020-01-15,75.88999938964844
2020-01-16,77.75
2020-01-17,76.95999908447266
2020-01-21,78.08000183105469
2020-01-22,78.79000091552734
2020-01-23,79.01000213623047
2020-01-24,78.45999908447266
2020-01-27,75.88999938964844
2020-01-28,77.73999786376953
2020-01-29,77.5999984741211
2020-01-30,77.63999938964844
2020-01-31,75.7699966430664
2020-02-03,77.22000122070312
2020-02-04,86.5199966430664
2020-02-05,87.1500015258789
2020-02-06,88.33999633789062
2020-02-07,87.30000305175781
2020-02-10,88.9800033569336
2020-02-11,91.11000061035156
2020-02-12,92.8499984741211
2020-02-13,90.44000244140625
2020-02-14,87.0
2020-02-18,84.68000030517578
2020-02-19,87.22000122070312
2020-02-20,86.30000305175781
2020-02-21,83.13999938964844
2020-02-24,80.0
2020-02-25,77.80000305175781
2020-02-26,77.52999877929688
2020-02-27,74.80000305175781
2020-02-28,77.81999969482422
2020-03-02,82.23999786376953
2020-03-03,80.54000091552734
2020-03-04,85.19000244140625
2020-03-05,87.0
2020-03-06,82.44999694824219
2020-03-09,73.44000244140625
2020-03-10,77.69999694824219
2020-03-11,71.83999633789062
2020-03-12,66.81999969482422
2020-03-13,72.25
2020-03-16,64.13999938964844
2020-03-17,73.4000015258789
2020-03-18,63.439998626708984
2020-03-19,65.56999969482422
2020-03-20,62.13999938964844
2020-03-23,66.76000213623047
2020-03-24,72.58000183105469
2020-03-25,75.05000305175781
2020-03-26,71.30000305175781
2020-03-27,70.0
2020-03-30,74.08999633789062
2020-03-31,73.69999694824219
2020-04-01,68.61000061035156
2020-04-02,70.16000366210938
2020-04-03,66.86000061035156
2020-04-06,74.80000305175781
2020-04-07,74.8499984741211
2020-04-08,77.6500015258789
2020-04-09,79.19999694824219
2020-04-13,78.4800033569336
2020-04-14,81.33999633789062
2020-04-15,77.04000091552734
2020-04-16,78.93000030517578
2020-04-17,75.25
2020-04-20,76.0999984741211
2020-04-21,74.80000305175781
2020-04-22,75.0
2020-04-23,76.86000061035156
2020-04-24,78.68000030517578
2020-04-27,81.11000061035156
2020-04-28,80.45999908447266
2020-04-29,84.41000366210938
2020-04-30,80.91000366210938
2020-05-01,77.44999694824219
2020-05-04,78.33999633789062
2020-05-05,82.04000091552734
2020-05-06,80.45999908447266
2020-05-07,79.62000274658203
2020-05-08,81.20999908447266
2020-05-11,80.80000305175781
2020-05-12,77.20999908447266
2020-05-13,73.44999694824219
2020-05-14,73.19000244140625
2020-05-15,67.7300033569336
2020-05-18,71.26000213623047
2020-05-19,74.4000015258789
2020-05-20,74.33999633789062
2020-05-21,71.72000122070312
2020-05-22,73.55999755859375
2020-05-26,74.48999786376953
2020-05-27,73.83000183105469
2020-05-28,72.29000091552734
2020-05-29,73.31999969482422
2020-06-01,74.30999755859375
2020-06-02,73.88999938964844
2020-06-03,78.12000274658203
2020-06-04,76.5
2020-06-05,79.56999969482422
2020-06-08,78.1500015258789
2020-06-09,78.54000091552734
2020-06-10,79.19000244140625
2020-06-11,73.44000244140625
2020-06-12,74.2300033569336
2020-06-15,75.55000305175781
2020-06-16,76.83000183105469
2020-06-17,75.26000213623047
2020-06-18,73.7699966430664
2020-06-19,74.41000366210938
2020-06-22,75.38999938964844
2020-06-23,75.93000030517578
2020-06-24,72.83999633789062
2020-06-25,75.62000274658203
2020-06-26,76.12999725341797
2020-06-29,78.41000366210938
2020-06-30,81.43000030517578
2020-07-01,80.18000030517578
2020-07-02,82.26000213623047
2020-07-06,84.22000122070312
2020-07-07,82.94999694824219
2020-07-08,82.20999908447266
2020-07-09,83.83999633789062
2020-07-10,82.43000030517578
2020-07-13,78.5
2020-07-14,80.62999725341797
2020-07-15,82.58000183105469
2020-07-16,82.11000061035156
2020-07-17,84.0
2020-07-20,87.12999725341797
2020-07-21,86.66000366210938
2020-07-22,87.23999786376953
2020-07-23,87.47000122070312
2020-07-24,84.47000122070312
2020-07-27,87.58999633789062
2020-07-28,86.43000030517578
2020-07-29,89.01000213623047
2020-07-30,91.08999633789062
2020-07-31,92.83000183105469
2020-08-03,94.58000183105469
2020-08-04,95.55999755859375
2020-08-05,94.13999938964844
2020-08-06,93.69000244140625
2020-08-07,91.33999633789062
2020-08-10,88.0199966430664
2020-08-11,89.83999633789062
2020-08-12,92.97000122070312
2020-08-13,94.30000305175781
2020-08-14,92.98999786376953
2020-08-17,90.30000305175781
2020-08-18,87.19000244140625
2020-08-19,86.70999908447266
2020-08-20,84.27999877929688
2020-08-21,85.73999786376953
2020-08-24,84.5
2020-08-25,84.0
2020-08-26,86.33000183105469
2020-08-27,84.43000030517578
2020-08-28,85.25
2020-08-31,86.0
2020-09-01,86.27999877929688
2020-09-02,87.38999938964844
2020-09-03,77.08000183105469
2020-09-04,76.3499984741211
2020-09-08,73.11000061035156
2020-09-09,72.62000274658203
2020-09-10,70.25
2020-09-11,70.48999786376953
2020-09-14,72.97000122070312
2020-09-15,71.94000244140625
2020-09-16,71.3499984741211
2020-09-17,70.88999938964844
2020-09-18,71.51000213623047
2020-09-21,75.70999908447266
2020-09-22,74.80000305175781
2020-09-23,72.55000305175781
2020-09-24,73.02999877929688
2020-09-25,74.19999694824219
2020-09-28,75.13999938964844
2020-09-29,74.61000061035156
2020-09-30,75.12999725341797
2020-10-01,77.01000213623047
2020-10-02,77.37000274658203
2020-10-05,80.68000030517578
2020-10-06,80.44999694824219
2020-10-07,80.48999786376953
2020-10-08,82.05000305175781
2020-10-09,82.73999786376953
2020-10-12,84.22000122070312
2020-10-13,83.05999755859375
2020-10-14,82.66999816894531
2020-10-15,83.54000091552734
2020-10-16,82.7300033569336
2020-10-19,83.30999755859375
2020-10-20,84.33000183105469
2020-10-21,83.41999816894531
2020-10-22,85.29000091552734
2020-10-23,84.02999877929688
2020-10-26,82.5999984741211
2020-10-27,83.83999633789062
2020-10-28,81.33000183105469
2020-10-29,85.18000030517578
2020-10-30,82.69000244140625
2020-11-02,81.41999816894531
2020-11-03,81.79000091552734
2020-11-04,84.9000015258789
2020-11-05,89.5199966430664
2020-11-06,88.66000366210938
2020-11-09,88.58999633789062
2020-11-10,84.29000091552734
2020-11-11,85.27999877929688
2020-11-12,82.4800033569336
2020-11-13,83.69000244140625
2020-11-16,82.63999938964844
2020-11-17,83.19999694824219
2020-11-18,80.69000244140625
2020-11-19,82.04000091552734
2020-11-20,83.3499984741211
2020-11-23,83.33999633789062
2020-11-24,83.16999816894531
2020-11-25,83.37999725341797
2020-11-27,84.52999877929688
2020-11-30,86.37999725341797
2020-12-01,86.97000122070312
2020-12-02,87.13999938964844
2020-12-03,88.08000183105469
2020-12-04,89.30999755859375
2020-12-07,91.47000122070312
2020-12-08,90.33999633789062
2020-12-09,87.12999725341797
2020-12-10,88.33999633789062
2020-12-11,86.62000274658203
2020-12-14,87.97000122070312
2020-12-15,93.9800033569336
2020-12-16,93.01000213623047
2020-12-17,92.75
2020-12-18,91.12999725341797
2020-12-21,89.63999938964844
2020-12-22,97.75
2020-12-23,98.12999725341797
2020-12-24,98.30000305175781
2020-12-28,98.94000244140625
2020-12-29,95.80000305175781
2020-12-30,95.11000061035156
2020-12-31,94.80000305175781
2021-01-04,96.72000122070312
2021-01-05,101.37999725341797
2021-01-06,102.68000030517578
2021-01-07,104.61000061035156
2021-01-08,106.55000305175781
2021-01-11,107.88999938964844
2021-01-12,108.93000030517578
2021-01-13,107.29000091552734
2021-01-14,106.23999786376953
2021-01-15,106.31999969482422
2021-01-19,94.5999984741211
2021-01-20,96.01000213623047
2021-01-21,97.47000122070312
2021-01-22,99.0
2021-01-25,98.86000061035156
2021-01-26,97.55000305175781
2021-01-27,99.54000091552734
2021-01-28,95.5199966430664
2021-01-29,93.80000305175781
2021-02-01,95.62000274658203
2021-02-02,88.13999938964844
2021-02-03,88.54000091552734
2021-02-04,89.55000305175781
2021-02-05,88.77999877929688
2021-02-08,88.13999938964844
2021-02-09,87.06999969482422
2021-02-10,88.72000122070312
2021-02-11,92.55000305175781
2021-02-12,93.94999694824219
2021-02-16,94.2300033569336
2021-02-17,92.76000213623047
2021-02-18,91.41999816894531
2021-02-19,91.73999786376953
2021-02-22,90.0
2021-02-23,90.01000213623047
2021-02-24,93.52999877929688
2021-02-25,89.72000122070312
2021-02-26,90.0
2021-03-01,91.19000244140625
2021-03-02,88.88999938964844
2021-03-03,86.56999969482422
2021-03-04,85.31999969482422
2021-03-05,86.11000061035156
2021-03-08,82.91000366210938
2021-03-09,85.69000244140625
2021-03-10,84.97000122070312
2021-03-11,86.66000366210938
2021-03-12,88.72000122070312
2021-03-15,90.37999725341797
2021-03-16,90.16999816894531
2021-03-17,88.41000366210938
2021-03-18,84.91999816894531
2021-03-19,83.54000091552734
2021-03-22,85.51000213623047
2021-03-23,82.5
2021-03-24,79.0
2021-03-25,85.73999786376953
2021-03-26,91.93000030517578
2021-03-29,90.08999633789062
2021-03-30,90.36000061035156
2021-03-31,91.3499984741211
2021-04-01,92.56999969482422
2021-04-05,93.5999984741211
2021-04-06,90.94999694824219
2021-04-07,90.4000015258789
2021-04-08,91.2699966430664
2021-04-09,91.19999694824219
2021-04-12,92.61000061035156
2021-04-13,92.5
2021-04-14,92.47000122070312
2021-04-15,93.04000091552734
2021-04-16,93.19000244140625
2021-04-19,92.5199966430664
2021-04-20,91.97000122070312
2021-04-21,93.12000274658203
2021-04-22,92.30000305175781
2021-04-23,94.08000183105469
2021-04-26,94.5
2021-04-27,94.70999908447266
2021-04-28,94.44999694824219
2021-04-29,92.63999938964844
2021-04-30,85.05000305175781
2021-05-03,83.87000274658203
2021-05-04,83.72000122070312
2021-05-05,81.16999816894531
2021-05-06,81.38999938964844
2021-05-07,82.93000030517578
2021-05-10,80.7699966430664
2021-05-11,82.13999938964844
2021-05-12,68.23999786376953
2021-05-13,67.43000030517578
2021-05-14,70.05000305175781
2021-05-17,72.18000030517578
2021-05-18,74.66999816894531
2021-05-19,76.62999725341797
2021-05-20,79.2699966430664
2021-05-21,79.3499984741211
2021-05-24,80.27999877929688
2021-05-25,80.05000305175781
2021-05-26,80.52999877929688
2021-05-27,81.1500015258789
2021-05-28,81.37000274658203
2021-06-01,80.05999755859375
2021-06-02,81.33000183105469
2021-06-03,80.69000244140625
2021-06-04,81.94000244140625
2021-06-07,80.05000305175781
2021-06-08,81.44999694824219
2021-06-09,80.19000244140625
2021-06-10,81.27999877929688
2021-06-11,80.79000091552734
2021-06-14,82.18000030517578
2021-06-15,81.31999969482422
2021-06-16,81.08000183105469
2021-06-17,81.13999938964844
2021-06-18,80.0199966430664
2021-06-21,81.16999816894531
2021-06-22,80.23999786376953
2021-06-23,80.94999694824219
2021-06-24,82.9800033569336
2021-06-25,82.63999938964844
2021-06-28,83.69999694824219
2021-06-29,83.0999984741211
2021-06-30,82.02999877929688
2021-07-01,83.9800033569336
2021-07-02,83.47000122070312
2021-07-06,83.72000122070312
2021-07-07,82.41000366210938
2021-07-08,82.2300033569336
2021-07-09,82.66999816894531
2021-07-12,82.51000213623047
2021-07-13,82.29000091552734
2021-07-14,82.62999725341797
2021-07-15,81.33000183105469
2021-07-16,80.2699966430664
2021-07-19,80.63999938964844
2021-07-20,81.20999908447266
2021-07-21,82.80000305175781
2021-07-22,82.47000122070312
2021-07-23,82.97000122070312
2021-07-26,83.08999633789062
2021-07-27,81.08999633789062
2021-07-28,83.30000305175781
2021-07-29,83.68000030517578
2021-07-30,83.98999786376953
2021-08-02,83.47000122070312
2021-08-03,81.52999877929688
2021-08-04,81.66000366210938
2021-08-05,80.87000274658203
2021-08-06,81.26000213623047
2021-08-09,80.6500015258789
2021-08-10,79.83000183105469
2021-08-11,79.69999694824219
2021-08-12,79.11000061035156
2021-08-13,78.63999938964844
2021-08-16,78.37999725341797
2021-08-17,80.23999786376953
2021-08-18,81.66999816894531
2021-08-19,84.95999908447266
2021-08-20,84.58000183105469
2021-08-23,86.20999908447266
2021-08-24,86.75
2021-08-25,86.91000366210938
2021-08-26,85.5199966430664
2021-08-27,86.95999908447266
2021-08-30,87.06999969482422
2021-08-31,86.63999938964844
2021-09-01,87.44999694824219
2021-09-02,88.33000183105469
2021-09-03,89.02999877929688
2021-09-07,87.98999786376953
2021-09-08,88.16999816894531
2021-09-09,88.72000122070312
2021-09-10,85.81999969482422
2021-09-13,87.56999969482422
2021-09-14,85.91000366210938
2021-09-15,86.5
2021-09-16,86.47000122070312
2021-09-17,85.37999725341797
2021-09-20,84.79000091552734
2021-09-21,84.22000122070312
2021-09-22,84.37000274658203
2021-09-23,85.4800033569336
2021-09-24,86.58000183105469
2021-09-27,85.98999786376953
2021-09-28,84.48999786376953
2021-09-29,83.9800033569336
2021-09-30,83.54000091552734
2021-10-01,85.37000274658203
2021-10-04,82.26000213623047
2021-10-05,81.9800033569336
2021-10-06,81.8499984741211
2021-10-07,84.83000183105469
2021-10-08,84.16000366210938
2021-10-11,85.54000091552734
2021-10-12,84.62000274658203
2021-10-13,85.1500015258789
2021-10-14,86.38999938964844
2021-10-15,85.19000244140625
2021-10-18,84.6500015258789
2021-10-19,85.22000122070312
2021-10-20,85.37000274658203
2021-10-21,84.87999725341797
2021-10-22,84.05000305175781
2021-10-25,81.33999633789062
2021-10-26,80.77999877929688
2021-10-27,80.69999694824219
2021-10-28,82.0999984741211
2021-10-29,82.58000183105469
2021-11-01,84.48999786376953
2021-11-02,86.77999877929688
2021-11-03,86.80999755859375
2021-11-04,88.33999633789062
2021-11-05,93.33999633789062
2021-11-08,91.16000366210938
2021-11-09,92.26000213623047
2021-11-10,91.33000183105469
2021-11-11,91.16000366210938
2021-11-12,91.80000305175781
2021-11-15,90.05999755859375
2021-11-16,89.94000244140625
2021-11-17,91.47000122070312
2021-11-18,90.06999969482422
2021-11-19,91.19000244140625
2021-11-22,89.9800033569336
2021-11-23,90.36000061035156
2021-11-24,89.20999908447266
2021-11-26,86.81999969482422
2021-11-29,87.29000091552734
2021-11-30,86.7699966430664
2021-12-01,85.51000213623047
2021-12-02,85.31999969482422
2021-12-03,85.9000015258789
2021-12-06,87.08000183105469
2021-12-07,90.58000183105469
2021-12-08,93.41000366210938
2021-12-09,96.97000122070312
2021-12-10,100.5999984741211
2021-12-13,99.45999908447266
2021-12-14,102.58999633789062
2021-12-15,104.30000305175781
2021-12-16,102.76000213623047
2021-12-17,104.19000244140625
2021-12-20,103.69999694824219
2021-12-21,103.80000305175781
2021-12-22,104.5
2021-12-23,104.48999786376953
2021-12-27,106.98999786376953
2021-12-28,106.19000244140625
2021-12-29,106.88999938964844
2021-12-30,106.3499984741211
2021-12-31,105.7699966430664
2022-01-03,107.12999725341797
2022-01-04,107.05000305175781
2022-01-05,105.0199966430664
2022-01-06,104.72000122070312
2022-01-07,105.30000305175781
2022-01-10,106.08999633789062
2022-01-11,107.61000061035156
2022-01-12,107.43000030517578
2022-01-13,105.31999969482422
2022-01-14,106.36000061035156
2022-01-18,104.0199966430664
2022-01-19,99.44000244140625
2022-01-20,98.9800033569336
2022-01-21,97.48999786376953
2022-01-24,98.5199966430664
2022-01-25,95.4800033569336
2022-01-26,97.83000183105469
2022-01-27,97.25
2022-01-28,97.37000274658203
2022-01-31,101.4800033569336
2022-02-01,100.37999725341797
2022-02-02,100.94999694824219
2022-02-03,86.37000274658203
2022-02-04,90.4000015258789
2022-02-07,92.7699966430664
2022-02-08,95.37000274658203
2022-02-09,97.81999969482422
2022-02-10,96.87999725341797
2022-02-11,94.30999755859375
2022-02-14,93.36000061035156
2022-02-15,97.1500015258789
2022-02-16,101.58000183105469
2022-02-17,101.12999725341797
2022-02-18,99.08000183105469
2022-02-22,97.26000213623047
2022-02-23,95.41999816894531
2022-02-24,98.93000030517578
2022-02-25,101.41000366210938
2022-02-28,98.86000061035156
2022-03-01,97.19000244140625
2022-03-02,101.27999877929688
2022-03-03,98.88999938964844
2022-03-04,93.33000183105469
2022-03-07,92.98999786376953
2022-03-08,90.58999633789062
2022-03-09,94.66000366210938
2022-03-10,93.45999908447266
2022-03-11,91.44000244140625
2022-03-14,85.01000213623047
2022-03-15,88.54000091552734
2022-03-16,91.48999786376953
2022-03-17,92.2699966430664
2022-03-18,95.0
2022-03-21,92.87000274658203
2022-03-22,94.1500015258789
2022-03-23,93.11000061035156
2022-03-24,97.8499984741211
2022-03-25,98.83000183105469
2022-03-28,97.38999938964844
2022-03-29,99.7300033569336
2022-03-30,97.80000305175781
2022-03-31,97.5999984741211
2022-04-01,95.5
2022-04-04,95.45999908447266
2022-04-05,93.06999969482422
2022-04-06,90.77999877929688
2022-04-07,90.23999786376953
2022-04-08,88.72000122070312
2022-04-11,86.97000122070312
2022-04-12,86.5999984741211
2022-04-13,90.0
2022-04-14,85.6500015258789
2022-04-18,85.5
2022-04-19,86.94999694824219
2022-04-20,87.94999694824219
2022-04-21,85.5999984741211
2022-04-22,84.45999908447266
2022-04-25,86.11000061035156
2022-04-26,82.8499984741211
2022-04-27,80.8499984741211
2022-04-28,83.26000213623047
2022-04-29,81.20999908447266
2022-05-02,83.08000183105469
2022-05-03,82.13999938964844
2022-05-04,89.5
2022-05-05,88.81999969482422
2022-05-06,89.01000213623047
2022-05-09,87.0199966430664
2022-05-10,89.33000183105469
2022-05-11,89.22000122070312
2022-05-12,87.20999908447266
2022-05-13,90.08000183105469
2022-05-16,87.18000030517578
2022-05-17,90.52999877929688
2022-05-18,87.94999694824219
2022-05-19,86.75
2022-05-20,87.08000183105469
2022-05-23,87.08000183105469
2022-05-24,83.6500015258789
2022-05-25,84.61000061035156
2022-05-26,85.77999877929688
2022-05-27,87.98999786376953
2022-05-31,86.08000183105469
2022-06-01,86.80000305175781
2022-06-02,88.02999877929688
2022-06-03,84.0
2022-06-06,85.9000015258789
2022-06-07,88.26000213623047
2022-06-08,87.37999725341797
2022-06-09,84.55999755859375
2022-06-10,82.91999816894531
2022-06-13,79.33999633789062
2022-06-14,79.29000091552734
2022-06-15,80.31999969482422
2022-06-16,75.20999908447266
2022-06-17,76.66999816894531
2022-06-21,78.66999816894531
2022-06-22,78.08999633789062
2022-06-23,78.19999694824219
2022-06-24,82.18000030517578
2022-06-27,82.27999877929688
2022-06-28,80.41000366210938
2022-06-29,80.61000061035156
2022-06-30,79.41999816894531
2022-07-01,77.81999969482422
2022-07-05,76.58999633789062
2022-07-06,76.93000030517578
2022-07-07,78.0999984741211
2022-07-08,80.13999938964844
2022-07-11,78.51000213623047
2022-07-12,77.62000274658203
2022-07-13,78.05999755859375
2022-07-14,79.08000183105469
2022-07-15,81.95999908447266
2022-07-18,81.0
2022-07-19,83.58999633789062
2022-07-20,85.4800033569336
2022-07-21,86.41999816894531
2022-07-22,85.0199966430664
2022-07-25,84.45999908447266
2022-07-26,85.41999816894531
2022-07-27,87.05999755859375
2022-07-28,88.1500015258789
2022-07-29,90.45999908447266
2022-08-01,90.66000366210938
2022-08-02,90.73999786376953
2022-08-03,93.43000030517578
2022-08-04,91.08000183105469
2022-08-05,90.98999786376953
2022-08-08,92.19000244140625
2022-08-09,89.19000244140625
2022-08-10,92.16999816894531
2022-08-11,92.5
2022-08-12,94.2699966430664
2022-08-15,96.19000244140625
2022-08-16,89.5999984741211
2022-08-17,89.30999755859375
2022-08-18,92.70999908447266
2022-08-19,92.41999816894531
2022-08-22,91.56999969482422
2022-08-23,91.75
2022-08-24,91.0999984741211
2022-08-25,89.4000015258789
2022-08-26,86.7300033569336
2022-08-29,85.7300033569336
2022-08-30,84.81999969482422
2022-08-31,83.55000305175781
2022-09-01,80.16999816894531
2022-09-02,79.58999633789062
2022-09-06,78.44000244140625
2022-09-07,79.08999633789062
2022-09-08,80.5999984741211
2022-09-09,81.22000122070312
2022-09-12,82.06999969482422
2022-09-13,79.44000244140625
2022-09-14,78.8499984741211
2022-09-15,75.91999816894531
2022-09-16,74.98999786376953
2022-09-19,74.22000122070312
2022-09-20,72.76000213623047
2022-09-21,72.58999633789062
2022-09-22,71.2699966430664
2022-09-23,70.4000015258789
2022-09-26,68.66000366210938
2022-09-27,70.0199966430664
2022-09-28,70.83000183105469
2022-09-29,69.48999786376953
2022-09-30,68.56999969482422
2022-10-03,70.94000244140625
2022-10-04,74.02999877929688
2022-10-05,74.27999877929688
2022-10-06,73.97000122070312
2022-10-07,72.69999694824219
2022-10-10,72.11000061035156
2022-10-11,71.37999725341797
2022-10-12,69.4800033569336
2022-10-13,69.16000366210938
2022-10-14,65.69999694824219
2022-10-17,69.75
2022-10-18,71.0199966430664
2022-10-19,70.48999786376953
2022-10-20,70.33000183105469
2022-10-21,71.9000015258789
2022-10-24,72.41000366210938
2022-10-25,73.91999816894531
2022-10-26,73.2699966430664
2022-10-27,72.87999725341797
2022-10-28,74.8499984741211
2022-10-31,74.44999694824219
2022-11-01,75.41999816894531
2022-11-02,73.22000122070312
2022-11-03,72.45999908447266
2022-11-04,71.55999755859375
2022-11-07,70.37999725341797
2022-11-08,59.0
2022-11-09,55.25
2022-11-10,56.54999923706055
2022-11-11,57.72999954223633
2022-11-14,56.59000015258789
2022-11-15,57.709999084472656
2022-11-16,55.84000015258789
2022-11-17,55.470001220703125
2022-11-18,56.20000076293945
2022-11-21,54.84000015258789
2022-11-22,55.0
2022-11-23,55.31999969482422
2022-11-25,55.83000183105469
2022-11-28,54.38999938964844
2022-11-29,53.529998779296875
2022-11-30,54.939998626708984
2022-12-01,54.349998474121094
2022-12-02,55.0
2022-12-05,54.45000076293945
2022-12-06,52.720001220703125
2022-12-07,51.70000076293945
2022-12-08,55.709999084472656
2022-12-09,54.40999984741211
2022-12-12,54.45000076293945
2022-12-13,55.38999938964844
2022-12-14,54.459999084472656
2022-12-15,52.65999984741211
2022-12-16,52.09000015258789
2022-12-19,50.79999923706055
2022-12-20,50.45000076293945
2022-12-21,50.349998474121094
2022-12-22,50.599998474121094
2022-12-23,50.560001373291016
2022-12-27,50.790000915527344
2022-12-28,49.40999984741211
2022-12-29,51.38999938964844
2022-12-30,52.16999816894531
2023-01-03,52.7400016784668
2023-01-04,53.119998931884766
2023-01-05,53.209999084472656
2023-01-06,55.15999984741211
2023-01-09,56.5099983215332
2023-01-10,56.5099983215332
2023-01-11,56.61000061035156
2023-01-12,57.25
2023-01-13,57.58000183105469
2023-01-17,58.209999084472656
2023-01-18,58.470001220703125
2023-01-19,58.68000030517578
2023-01-20,58.84000015258789
2023-01-23,60.29999923706055
2023-01-24,58.900001525878906
2023-01-25,59.29999923706055
2023-01-26,59.869998931884766
2023-01-27,60.29999923706055
2023-01-30,59.36000061035156
2023-01-31,60.18000030517578
2023-02-01,60.79999923706055
2023-02-02,62.36000061035156
2023-02-03,61.939998626708984
2023-02-06,60.91999816894531
2023-02-07,61.439998626708984
2023-02-08,61.16999816894531
2023-02-09,60.29999923706055
2023-02-10,59.400001525878906
2023-02-13,59.099998474121094
2023-02-14,59.31999969482422
2023-02-15,59.93000030517578
2023-02-16,58.40999984741211
2023-02-17,58.15999984741211
2023-02-21,56.959999084472656
2023-02-22,56.95000076293945
2023-02-23,57.900001525878906
2023-02-24,53.83000183105469
2023-02-27,52.5099983215332
2023-02-28,53.810001373291016
2023-03-01,52.84000015258789
2023-03-02,53.18000030517578
2023-03-03,53.90999984741211
2023-03-06,53.130001068115234
2023-03-07,52.220001220703125
2023-03-08,53.849998474121094
2023-03-09,52.470001220703125
2023-03-10,51.540000915527344
2023-03-13,50.34000015258789
2023-03-14,50.540000915527344
2023-03-15,50.08000183105469
2023-03-16,50.599998474121094
2023-03-17,49.970001220703125
2023-03-20,51.25
2023-03-21,51.97999954223633
2023-03-22,50.86000061035156
2023-03-23,51.470001220703125
2023-03-24,51.38999938964844
2023-03-27,51.09000015258789
2023-03-28,50.88999938964844
2023-03-29,52.2400016784668
2023-03-30,53.27000045776367
2023-03-31,54.0099983215332
2023-04-03,52.95000076293945
2023-04-04,52.45000076293945
2023-04-05,51.310001373291016
2023-04-06,46.33000183105469
2023-04-10,47.470001220703125
2023-04-11,46.84000015258789
2023-04-12,45.380001068115234
2023-04-13,45.630001068115234
2023-04-14,45.2400016784668
2023-04-17,46.220001220703125
2023-04-18,46.4900016784668
2023-04-19,46.470001220703125
2023-04-20,46.099998474121094
2023-04-21,47.04999923706055
2023-04-24,47.599998474121094
2023-04-25,47.52000045776367
2023-04-26,47.900001525878906
2023-04-27,48.43000030517578
2023-04-28,48.25
2023-05-01,48.29999923706055
2023-05-02,47.189998626708984
2023-05-03,48.459999084472656
2023-05-04,47.5
2023-05-05,47.779998779296875
2023-05-08,47.88999938964844
2023-05-09,45.9900016784668
2023-05-10,44.560001373291016
2023-05-11,43.29999923706055
2023-05-12,42.220001220703125
2023-05-15,45.119998931884766
2023-05-16,44.33000183105469
2023-05-17,46.099998474121094
2023-05-18,47.369998931884766
2023-05-19,46.689998626708984
2023-05-22,48.27000045776367
2023-05-23,47.060001373291016
2023-05-24,45.529998779296875
2023-05-25,47.9900016784668
2023-05-26,53.630001068115234
2023-05-30,54.86000061035156
2023-05-31,52.900001525878906
2023-06-01,52.220001220703125
2023-06-02,53.0
2023-06-05,51.41999816894531
2023-06-06,50.09000015258789
2023-06-07,50.79999923706055
2023-06-08,51.08000183105469
2023-06-09,51.060001373291016
2023-06-12,53.290000915527344
2023-06-13,53.4900016784668
2023-06-14,56.43000030517578
2023-06-15,56.400001525878906
2023-06-16,57.79999923706055
2023-06-20,61.369998931884766
2023-06-21,55.79999923706055
2023-06-22,56.630001068115234
2023-06-23,55.290000915527344
2023-06-26,55.709999084472656
2023-06-27,57.90999984741211
2023-06-28,56.310001373291016
2023-06-29,56.91999816894531
2023-06-30,56.72999954223633
2023-07-03,57.400001525878906
2023-07-05,54.619998931884766
2023-07-06,53.599998474121094
2023-07-07,54.400001525878906
2023-07-10,54.54999923706055
2023-07-11,54.81999969482422
2023-07-12,54.47999954223633
2023-07-13,55.58000183105469
2023-07-14,51.91999816894531
2023-07-17,52.38999938964844
2023-07-18,52.099998474121094
2023-07-19,52.97999954223633
2023-07-20,52.459999084472656
2023-07-21,51.849998474121094
2023-07-24,51.88999938964844
2023-07-25,53.0
2023-07-26,52.790000915527344
2023-07-27,52.7599983215332
2023-07-28,52.36000061035156
2023-07-31,52.36000061035156
2023-08-01,51.439998626708984
2023-08-02,50.5099983215332
2023-08-03,50.959999084472656
2023-08-04,52.400001525878906
2023-08-07,52.36000061035156
2023-08-08,52.459999084472656
2023-08-09,50.31999969482422
2023-08-10,49.90999984741211
2023-08-11,49.529998779296875
2023-08-14,50.58000183105469
2023-08-15,51.34000015258789
2023-08-16,46.810001373291016
2023-08-17,46.20000076293945
2023-08-18,47.97999954223633
2023-08-21,48.65999984741211
2023-08-22,51.310001373291016
2023-08-23,53.18000030517578
2023-08-24,52.119998931884766
2023-08-25,51.59000015258789
2023-08-28,51.08000183105469
2023-08-29,52.970001220703125
2023-08-30,52.630001068115234
2023-08-31,54.130001068115234
2023-09-01,53.88999938964844
2023-09-05,52.970001220703125
2023-09-06,52.33000183105469
2023-09-07,49.83000183105469
2023-09-08,49.65999984741211
2023-09-11,48.52000045776367
2023-09-12,47.83000183105469
2023-09-13,47.0099983215332
2023-09-14,48.2400016784668
2023-09-15,48.25
2023-09-18,48.36000061035156
2023-09-19,47.86000061035156
2023-09-20,48.33000183105469
2023-09-21,46.619998931884766
2023-09-22,46.40999984741211
2023-09-25,45.9900016784668
2023-09-26,44.79999923706055
2023-09-27,43.83000183105469
2023-09-28,44.95000076293945
2023-09-29,45.18000030517578
2023-10-02,45.68000030517578
2023-10-03,44.75
2023-10-04,43.06999969482422
2023-10-05,41.61000061035156
2023-10-06,41.220001220703125
2023-10-09,41.2599983215332
2023-10-10,42.0
2023-10-11,42.869998931884766
2023-10-12,41.83000183105469
2023-10-13,41.41999816894531
2023-10-16,42.15999984741211
2023-10-17,41.25
2023-10-18,39.84000015258789
2023-10-19,39.349998474121094
2023-10-20,38.63999938964844
2023-10-23,37.630001068115234
2023-10-24,38.560001373291016
2023-10-25,36.93000030517578
2023-10-26,36.119998931884766
2023-10-27,36.06999969482422
2023-10-30,39.790000915527344
2023-10-31,39.209999084472656
2023-11-01,38.720001220703125
2023-11-02,40.45000076293945
2023-11-03,42.7599983215332
2023-11-06,42.34000015258789
2023-11-07,42.02000045776367
2023-11-08,42.869998931884766
2023-11-09,39.52000045776367
2023-11-10,40.540000915527344
2023-11-13,40.91999816894531
2023-11-14,43.560001373291016
2023-11-15,45.13999938964844
2023-11-16,43.77000045776367
2023-11-17,44.16999816894531
2023-11-20,44.31999969482422
2023-11-21,42.939998626708984
2023-11-22,43.560001373291016
2023-11-24,43.790000915527344
2023-11-27,43.0099983215332
2023-11-28,42.29999923706055
2023-11-29,43.099998474121094
2023-11-30,42.79999923706055
2023-12-01,44.25
2023-12-04,44.08000183105469
2023-12-05,41.95000076293945
2023-12-06,41.31999969482422
2023-12-07,43.54999923706055
2023-12-08,44.029998779296875
2023-12-11,45.060001373291016
2023-12-12,44.86000061035156
2023-12-13,46.459999084472656
2023-12-14,49.86000061035156
2023-12-15,49.52000045776367
2023-12-18,49.650001525878906
2023-12-19,50.47999954223633
2023-12-20,50.060001373291016
2023-12-21,51.5
2023-12-22,53.0
2023-12-26,53.5099983215332
2023-12-27,53.380001068115234
2023-12-28,53.2599983215332
2023-12-29,52.41999816894531
2024-01-02,52.040000915527344
2024-01-03,49.95000076293945
2024-01-04,50.20000076293945
2024-01-05,50.470001220703125
2024-01-08,51.16999816894531
2024-01-09,51.779998779296875
2024-01-10,52.0
2024-01-11,51.439998626708984
2024-01-12,50.70000076293945
2024-01-16,52.650001525878906
2024-01-17,51.58000183105469
2024-01-18,52.83000183105469
2024-01-19,53.79999923706055
2024-01-22,54.18000030517578
2024-01-23,54.29999923706055
2024-01-24,54.61000061035156
2024-01-25,55.91999816894531
2024-01-26,55.27000045776367
2024-01-29,56.93000030517578
2024-01-30,55.7400016784668
2024-01-31,54.939998626708984
2024-02-01,56.150001525878906
2024-02-02,56.47999954223633
2024-02-05,55.599998474121094
2024-02-06,58.84000015258789
2024-02-07,58.77000045776367
2024-02-08,45.584999084472656
2024-02-09,50.20500183105469
2024-02-12,50.34000015258789
2024-02-13,47.59000015258789
2024-02-14,49.59000015258789
2024-02-15,49.189998626708984
2024-02-16,49.77000045776367
2024-02-20,49.33000183105469
2024-02-21,48.0099983215332
2024-02-22,50.119998931884766
2024-02-23,49.08000183105469
2024-02-26,49.41999816894531
2024-02-27,48.38999938964844
2024-02-28,47.16999816894531
2024-02-29,48.470001220703125
2024-03-01,50.4900016784668
2024-03-04,50.7599983215332
2024-03-05,50.790000915527344
2024-03-06,50.33000183105469
2024-03-07,48.86000061035156
2024-03-08,47.68000030517578
2024-03-11,46.869998931884766
2024-03-12,46.880001068115234
2024-03-13,47.060001373291016
2024-03-14,46.25
2024-03-15,45.54999923706055
2024-03-18,46.790000915527344
2024-03-19,46.52000045776367
2024-03-20,48.810001373291016
2024-03-21,50.560001373291016
2024-03-22,50.880001068115234
2024-03-25,51.08000183105469
2024-03-26,48.40999984741211
2024-03-27,48.45000076293945
2024-03-28,47.349998474121094
2024-04-01,48.150001525878906
2024-04-02,47.5
2024-04-03,47.849998474121094
2024-04-04,46.5
2024-04-05,45.900001525878906
2024-04-08,45.88999938964844
2024-04-09,47.25
2024-04-10,45.34000015258789
2024-04-11,45.18000030517578
2024-04-12,43.45000076293945
2024-04-15,41.810001373291016
2024-04-16,43.310001373291016
2024-04-17,41.97999954223633
2024-04-18,42.439998626708984
2024-04-19,41.7400016784668
2024-04-22,41.34000015258789
2024-04-23,42.0099983215332
2024-04-24,42.060001373291016
2024-04-25,42.0099983215332
2024-04-26,43.41999816894531
2024-04-29,43.52000045776367
2024-04-30,43.7599983215332
2024-05-01,43.52000045776367
2024-05-02,44.290000915527344
2024-05-03,44.7400016784668
2024-05-06,44.11000061035156
2024-05-07,41.400001525878906
2024-05-08,42.59000015258789
2024-05-09,43.61000061035156
2024-05-10,43.790000915527344
2024-05-13,44.0
2024-05-14,44.61000061035156
2024-05-15,45.720001220703125
2024-05-16,46.79999923706055
2024-05-17,46.04999923706055
2024-05-20,47.189998626708984
2024-05-21,46.0099983215332
2024-05-22,45.4900016784668
2024-05-23,45.91999816894531
2024-05-24,46.279998779296875
2024-05-28,44.880001068115234
2024-05-29,43.43000030517578
2024-05-30,43.36000061035156
2024-05-31,43.5
2024-06-03,44.209999084472656
2024-06-04,43.02000045776367
2024-06-05,45.400001525878906
2024-06-06,45.59000015258789
2024-06-07,45.790000915527344
2024-06-10,46.970001220703125
2024-06-11,45.470001220703125
2024-06-12,46.90999984741211
2024-06-13,47.54999923706055
2024-06-14,47.279998779296875
2024-06-17,50.0
2024-06-18,49.58000183105469
2024-06-20,47.90999984741211
2024-06-21,48.65999984741211
2024-06-24,47.58000183105469
2024-06-25,49.189998626708984
2024-06-26,49.130001068115234
2024-06-27,49.040000915527344
2024-06-28,50.91999816894531
2024-07-01,51.43000030517578
2024-07-02,53.939998626708984
2024-07-03,54.2400016784668
2024-07-05,55.349998474121094
2024-07-08,56.189998626708984
2024-07-09,55.84000015258789
2024-07-10,56.2599983215332
2024-07-11,57.33000183105469
2024-07-12,59.2400016784668
2024-07-15,57.970001220703125
2024-07-16,59.09000015258789
2024-07-17,57.40999984741211
2024-07-18,55.5
2024-07-19,54.77000045776367
2024-07-22,55.41999816894531
2024-07-23,54.79999923706055
2024-07-24,52.709999084472656
2024-07-25,50.83000183105469
2024-07-26,51.83000183105469
2024-07-29,51.79999923706055
2024-07-30,49.04999923706055
2024-07-31,51.779998779296875
2024-08-01,48.0099983215332
2024-08-02,44.33000183105469
2024-08-05,41.470001220703125
2024-08-06,41.59000015258789
2024-08-07,40.279998779296875
2024-08-08,43.34000015258789
2024-08-09,43.25
2024-08-12,44.939998626708984
2024-08-13,46.2400016784668
2024-08-14,45.529998779296875
2024-08-15,52.2599983215332
2024-08-16,51.97999954223633
2024-08-19,52.81999969482422
2024-08-20,56.09000015258789
2024-08-21,56.38999938964844
2024-08-22,55.59000015258789
2024-08-23,59.16999816894531
2024-08-26,56.40999984741211
2024-08-27,57.47999954223633
2024-08-28,56.56999969482422
2024-08-29,56.529998779296875
2024-08-30,57.61000061035156
2024-09-03,53.0099983215332
2024-09-04,55.43000030517578
2024-09-05,55.08000183105469
2024-09-06,52.11000061035156
2024-09-09,51.20000076293945
2024-09-10,51.099998474121094
2024-09-11,53.95000076293945
2024-09-12,54.25
2024-09-13,55.779998779296875
2024-09-16,56.59000015258789
2024-09-17,58.369998931884766
2024-09-18,58.279998779296875
2024-09-19,61.13999938964844
2024-09-20,61.349998474121094
2024-09-23,61.22999954223633
2024-09-24,60.790000915527344
2024-09-25,60.95000076293945
2024-09-26,64.73999786376953
2024-09-27,64.52999877929688
2024-09-30,63.380001068115234
2024-10-01,61.4900016784668
2024-10-02,65.0
2024-10-03,66.16000366210938
2024-10-04,68.80000305175781
2024-10-07,67.2699966430664
2024-10-08,67.75
2024-10-09,67.68000030517578
2024-10-10,67.0999984741211
2024-10-11,68.23999786376953
2024-10-14,69.2300033569336
2024-10-15,66.58000183105469
2024-10-16,68.77999877929688
2024-10-17,69.62000274658203
2024-10-18,66.2300033569336
2024-10-21,65.55999755859375
2024-10-22,66.54000091552734
2024-10-23,65.66000366210938
2024-10-24,64.63999938964844
2024-10-25,64.37000274658203
2024-10-28,64.95999908447266
2024-10-29,65.76000213623047
2024-10-30,65.3499984741211
2024-10-31,63.869998931884766
2024-11-01,65.3499984741211
2024-11-04,64.16999816894531
2024-11-05,66.18000030517578
2024-11-06,71.97000122070312
2024-11-07,73.63999938964844
2024-11-08,83.8499984741211
2024-11-11,86.72000122070312
2024-11-12,86.6500015258789
2024-11-13,88.05999755859375
2024-11-14,85.12999725341797
2024-11-15,81.44999694824219
2024-11-18,80.54000091552734
2024-11-19,82.4800033569336
2024-11-20,82.47000122070312
2024-11-21,85.61000061035156
2024-11-22,89.08999633789062
2024-11-25,87.19999694824219
2024-11-26,86.9800033569336
2024-11-27,83.7699966430664
2024-11-29,86.97000122070312
2024-12-02,86.37000274658203
2024-12-03,88.69999694824219
2024-12-04,94.9000015258789
2024-12-05,92.63999938964844
2024-12-06,92.83999633789062
2024-12-09,89.80000305175781
2024-12-10,86.97000122070312
2024-12-11,88.19999694824219
2024-12-12,90.75
2024-12-13,92.91999816894531
2024-12-16,93.18000030517578
2024-12-17,88.91999816894531
2024-12-18,82.9000015258789
2024-12-19,83.55999755859375
2024-12-20,85.08000183105469
2024-12-23,83.22000122070312
2024-12-24,84.33999633789062
2024-12-26,85.69000244140625
2024-12-27,84.36000061035156
2024-12-30,83.83999633789062
2024-12-31,83.94999694824219
2025-01-02,85.5999984741211
2025-01-03,89.3499984741211
2025-01-06,90.44000244140625
2025-01-07,86.58999633789062
2025-01-08,85.19000244140625
2025-01-10,84.37999725341797
2025-01-13,83.73999786376953
2025-01-14,85.08000183105469
2025-01-15,88.4000015258789
2025-01-16,89.36000061035156
2025-01-17,94.41000366210938
2025-01-21,97.44999694824219
2025-01-22,100.37999725341797
2025-01-23,99.33000183105469
2025-01-24,95.6500015258789
2025-01-27,74.16999816894531
2025-01-28,77.80000305175781
2025-01-29,77.91000366210938
2025-01-30,83.9800033569336
2025-01-31,85.05999755859375
2025-02-03,84.30999755859375
2025-02-04,86.33000183105469
2025-02-05,89.19000244140625
2025-02-06,92.66999816894531
2025-02-07,85.9000015258789
2025-02-10,81.93000030517578
2025-02-11,79.5999984741211
2025-02-12,79.22000122070312
2025-02-13,78.12999725341797
2025-02-14,77.68000030517578
2025-02-18,80.22000122070312
2025-02-19,77.29000091552734
2025-02-20,76.33999633789062
2025-02-21,73.3499984741211
2025-02-24,72.47000122070312
2025-02-25,70.38999938964844
2025-02-26,72.5
2025-02-27,69.62000274658203
2025-02-28,70.33000183105469
2025-03-03,65.69000244140625
2025-03-04,65.08999633789062
2025-03-05,67.33999633789062
2025-03-06,61.09000015258789
2025-03-07,62.11000061035156
2025-03-10,57.40999984741211
2025-03-11,62.04999923706055
2025-03-12,64.0199966430664
2025-03-13,60.290000915527344
2025-03-14,63.61000061035156
2025-03-17,68.30999755859375
2025-03-18,65.87999725341797
2025-03-19,67.16999816894531
2025-03-20,68.83000183105469
2025-03-21,66.61000061035156
2025-03-24,73.62999725341797
2025-03-25,71.06999969482422
2025-03-26,66.11000061035156
2025-03-27,63.97999954223633
2025-03-28,62.58000183105469
2025-03-31,62.34000015258789
2025-04-01,63.59000015258789
2025-04-02,66.81999969482422
2025-04-03,53.45000076293945
2025-04-04,49.560001373291016
2025-04-07,52.2599983215332
2025-04-08,50.02000045776367
2025-04-09,59.810001373291016
2025-04-10,54.470001220703125
2025-04-11,51.27000045776367
2025-04-14,52.36000061035156
2025-04-15,52.689998626708984
2025-04-16,52.209999084472656
2025-04-17,52.0
2025-04-21,50.06999969482422
2025-04-22,51.63999938964844
2025-04-23,55.16999816894531
2025-04-24,58.77000045776367
2025-04-25,60.0
2025-04-28,60.08000183105469
2025-04-29,59.959999084472656
2025-04-30,59.040000915527344
2025-05-01,61.52000045776367
2025-05-02,62.86000061035156
2025-05-05,63.16999816894531
2025-05-06,64.41999816894531
2025-05-07,66.23999786376953
2025-05-08,65.66000366210938
2025-05-09,64.87000274658203
2025-05-12,71.7300033569336
2025-05-13,74.51000213623047
2025-05-14,78.29000091552734
2025-05-15,77.76000213623047
2025-05-16,77.94999694824219
2025-05-19,77.87000274658203
2025-05-20,77.11000061035156
2025-05-21,75.94999694824219
2025-05-22,75.87999725341797
2025-05-23,75.7699966430664
2025-05-27,78.37000274658203
2025-05-28,77.9000015258789
2025-05-29,75.41000366210938
2025-05-30,72.27999877929688
2025-06-02,75.86000061035156
2025-06-03,77.6500015258789
2025-06-04,80.27999877929688
2025-06-05,81.63999938964844
2025-06-06,81.45999908447266
2025-06-09,82.11000061035156
2025-06-10,81.95999908447266
2025-06-11,82.36000061035156
2025-06-12,85.5
2025-06-13,82.46499633789062
2025-06-16,85.77999877929688
2025-06-17,86.34500122070312
2025-06-18,88.45999908447266
2025-06-20,89.66000366210938
2025-06-23,89.16000366210938
2025-06-24,91.80999755859375
2025-06-25,91.7699966430664
2025-06-26,94.70999908447266
2025-06-27,94.75
2025-06-30,95.05999755859375
2025-07-01,91.48999786376953
2025-07-02,91.23999786376953
2025-07-03,92.75
2025-07-07,91.08000183105469
2025-07-08,91.30999755859375
2025-07-09,90.44000244140625
2025-07-10,92.62000274658203
2025-07-11,92.98999786376953
2025-07-14,92.23999786376953
2025-07-15,98.13999938964844
2025-07-16,99.62999725341797
2025-07-17,102.63999938964844
2025-07-18,102.22000122070312
2025-07-21,103.83999633789062
2025-07-22,99.62999725341797
2025-07-23,102.12999725341797
2025-07-24,102.8499984741211
2025-07-25,104.5199966430664
2025-07-28,107.16999816894531
2025-07-29,109.4800033569336
2025-07-30,109.8499984741211
2025-07-31,110.08000183105469
2025-08-01,106.68000030517578
2025-08-04,111.12999725341797
2025-08-05,108.1500015258789
2025-08-06,110.01000213623047
2025-08-07,111.12999725341797
2025-08-08,116.2699966430664
2025-08-11,115.02999877929688
2025-08-12,119.66000366210938
2025-08-13,120.2300033569336
2025-08-14,114.62000274658203
2025-08-15,115.86000061035156
2025-08-18,118.9800033569336
2025-08-19,117.95999908447266
2025-08-20,115.88999938964844
2025-08-21,117.43000030517578
2025-08-22,119.33999633789062
2025-08-25,123.41999816894531
2025-08-26,124.62000274658203
2025-08-27,125.83999633789062
2025-08-28,135.5500030517578
2025-08-29,132.80999755859375
2025-09-02,132.55499267578125
2025-09-03,134.1199951171875
2025-09-04,141.91000366210938
2025-09-05,149.4600067138672
2025-09-08,149.39999389648438
2025-09-09,151.72999572753906
2025-09-10,164.8800048828125
2025-09-11,164.8800048828125
2025-09-12,163.02000427246094
2025-09-15,168.77000427246094
2025-09-16,170.89999389648438
2025-09-17,163.33999633789062
2025-09-18,171.5
2025-09-19,168.72999572753906
2025-09-22,164.7100067138672
2025-09-23,163.99000549316406
2025-09-24,152.75
2025-09-25,159.11000061035156
2025-09-26,160.75
2025-09-29,162.5800018310547
2025-09-30,162.7100067138672
2025-10-01,171.39999389648438
2025-10-02,169.75
2025-10-03,163.80999755859375
2025-10-06,160.60000610351562
2025-10-07,157.14999389648438
2025-10-08,163.08999633789062
2025-10-09,159.75999450683594
2025-10-10,149.61000061035156
2025-10-13,160.55999755859375
2025-10-14,156.77999877929688
2025-10-15,156.57000732421875
2025-10-16,163.22999572753906
2025-10-17,164.77000427246094
2025-10-20,161.0
2025-10-21,162.9499969482422
2025-10-22,158.05999755859375
2025-10-23,168.5
2025-10-24,179.3000030517578
2025-10-27,193.8000030517578
2025-10-28,198.38999938964844
2025-10-29,214.27999877929688
2025-10-30,200.1300048828125
2025-10-31,201.55999755859375
2025-11-03,199.5800018310547
2025-11-04,188.36000061035156
2025-11-05,232.75
2025-11-06,239.67999267578125
2025-11-07,240.11000061035156
2025-11-10,259.8900146484375
2025-11-11,252.47000122070312
2025-11-12,253.80999755859375
2025-11-13,226.86000061035156
2025-11-14,232.14999389648438
2025-11-17,242.07000732421875
2025-11-18,247.42999267578125
2025-11-19,268.9200134277344
2025-11-20,233.24000549316406
2025-11-21,255.58999633789062
2025-11-24,299.3599853515625
2025-11-25,291.2699890136719
2025-11-26,308.2799987792969
2025-11-28,325.1600036621094
2025-12-01,317.92999267578125
2025-12-02,302.80999755859375
2025-12-03,302.9800109863281
2025-12-04,327.8500061035156
2025-12-05,331.4100036621094
2025-12-08,342.55999755859375
2025-12-09,360.3299865722656
2025-12-10,366.0
2025-12-11,372.0899963378906
2025-12-12,324.3500061035156
2025-12-15,334.69000244140625
2025-12-16,316.1499938964844
2025-12-17,320.25
2025-12-18,337.1300048828125
2025-12-19,371.42999267578125
2025-12-22,389.8800048828125
2025-12-23,387.4100036621094
2025-12-24,395.9200134277344
2025-12-26,390.7699890136719
2025-12-29,372.6099853515625
2025-12-30,371.17999267578125
