Date,NOW
2012-06-29,4.920000076293945
2012-07-02,4.953999996185303
2012-07-03,5.061999797821045
2012-07-05,5.191999912261963
2012-07-06,5.168000221252441
2012-07-09,5.053999900817871
2012-07-10,5.010000228881836
2012-07-11,4.748000144958496
2012-07-12,4.815999984741211
2012-07-13,4.835999965667725
2012-07-16,4.875999927520752
2012-07-17,4.854000091552734
2012-07-18,4.8460001945495605
2012-07-19,4.800000190734863
2012-07-20,5.046000003814697
2012-07-23,4.869999885559082
2012-07-24,4.9679999351501465
2012-07-25,4.986000061035156
2012-07-26,4.883999824523926
2012-07-27,5.065999984741211
2012-07-30,5.078000068664551
2012-07-31,5.400000095367432
2012-08-01,5.541999816894531
2012-08-02,5.815999984741211
2012-08-03,5.734000205993652
2012-08-06,5.604000091552734
2012-08-07,5.599999904632568
2012-08-08,5.513999938964844
2012-08-09,5.9019999504089355
2012-08-10,6.329999923706055
2012-08-13,6.486000061035156
2012-08-14,6.455999851226807
2012-08-15,5.935999870300293
2012-08-16,5.949999809265137
2012-08-17,5.920000076293945
2012-08-20,5.978000164031982
2012-08-21,6.052000045776367
2012-08-22,5.96999979019165
2012-08-23,5.806000232696533
2012-08-24,5.940000057220459
2012-08-27,5.854000091552734
2012-08-28,5.863999843597412
2012-08-29,5.8979997634887695
2012-08-30,5.955999851226807
2012-08-31,6.21999979019165
2012-09-04,6.734000205993652
2012-09-05,6.8379998207092285
2012-09-06,7.211999893188477
2012-09-07,7.309999942779541
2012-09-10,6.877999782562256
2012-09-11,6.6020002365112305
2012-09-12,7.010000228881836
2012-09-13,7.501999855041504
2012-09-14,7.811999797821045
2012-09-17,7.638000011444092
2012-09-18,7.360000133514404
2012-09-19,7.730000019073486
2012-09-20,7.599999904632568
2012-09-21,7.926000118255615
2012-09-24,8.074000358581543
2012-09-25,7.998000144958496
2012-09-26,7.616000175476074
2012-09-27,8.008000373840332
2012-09-28,7.736000061035156
2012-10-01,7.296000003814697
2012-10-02,7.300000190734863
2012-10-03,7.406000137329102
2012-10-04,7.429999828338623
2012-10-05,7.400000095367432
2012-10-08,7.306000232696533
2012-10-09,7.199999809265137
2012-10-10,6.955999851226807
2012-10-11,6.900000095367432
2012-10-12,6.664000034332275
2012-10-15,6.9019999504089355
2012-10-16,6.861999988555908
2012-10-17,6.953999996185303
2012-10-18,6.958000183105469
2012-10-19,6.869999885559082
2012-10-22,6.688000202178955
2012-10-23,6.9120001792907715
2012-10-24,7.130000114440918
2012-10-25,6.2779998779296875
2012-10-26,6.377999782562256
2012-10-31,6.130000114440918
2012-11-01,6.208000183105469
2012-11-02,6.427999973297119
2012-11-05,6.455999851226807
2012-11-06,6.590000152587891
2012-11-07,6.25
2012-11-08,6.179999828338623
2012-11-09,6.013999938964844
2012-11-12,5.932000160217285
2012-11-13,5.895999908447266
2012-11-14,5.742000102996826
2012-11-15,6.357999801635742
2012-11-16,6.070000171661377
2012-11-19,6.211999893188477
2012-11-20,6.334000110626221
2012-11-21,6.236000061035156
2012-11-23,6.1539998054504395
2012-11-26,6.099999904632568
2012-11-27,6.059999942779541
2012-11-28,6.242000102996826
2012-11-29,6.460000038146973
2012-11-30,6.526000022888184
2012-12-03,6.4079999923706055
2012-12-04,6.038000106811523
2012-12-05,5.881999969482422
2012-12-06,5.894000053405762
2012-12-07,5.860000133514404
2012-12-10,5.889999866485596
2012-12-11,5.966000080108643
2012-12-12,6.125999927520752
2012-12-13,6.065999984741211
2012-12-14,6.107999801635742
2012-12-17,6.21999979019165
2012-12-18,6.526000022888184
2012-12-19,6.486000061035156
2012-12-20,6.565999984741211
2012-12-21,6.498000144958496
2012-12-24,6.331999778747559
2012-12-26,5.989999771118164
2012-12-27,5.9039998054504395
2012-12-28,5.809999942779541
2012-12-31,6.00600004196167
2013-01-02,6.039999961853027
2013-01-03,5.938000202178955
2013-01-04,5.803999900817871
2013-01-07,5.4720001220703125
2013-01-08,5.239999771118164
2013-01-09,5.27400016784668
2013-01-10,5.291999816894531
2013-01-11,5.492000102996826
2013-01-14,5.214000225067139
2013-01-15,5.443999767303467
2013-01-16,5.4679999351501465
2013-01-17,5.519999980926514
2013-01-18,5.480000019073486
2013-01-22,5.52400016784668
2013-01-23,5.585999965667725
2013-01-24,5.9039998054504395
2013-01-25,6.21999979019165
2013-01-28,6.25
2013-01-29,6.039999961853027
2013-01-30,5.794000148773193
2013-01-31,5.544000148773193
2013-02-01,5.613999843597412
2013-02-04,5.791999816894531
2013-02-05,5.955999851226807
2013-02-06,5.943999767303467
2013-02-07,5.883999824523926
2013-02-08,5.966000080108643
2013-02-11,5.909999847412109
2013-02-12,5.849999904632568
2013-02-13,5.955999851226807
2013-02-14,6.576000213623047
2013-02-15,6.771999835968018
2013-02-19,6.691999912261963
2013-02-20,6.5920000076293945
2013-02-21,6.308000087738037
2013-02-22,6.696000099182129
2013-02-25,6.434000015258789
2013-02-26,6.25
2013-02-27,6.440000057220459
2013-02-28,6.49399995803833
2013-03-01,6.558000087738037
2013-03-04,6.736000061035156
2013-03-05,7.314000129699707
2013-03-06,7.389999866485596
2013-03-07,7.354000091552734
2013-03-08,7.331999778747559
2013-03-11,7.400000095367432
2013-03-12,7.565999984741211
2013-03-13,7.521999835968018
2013-03-14,7.489999771118164
2013-03-15,7.420000076293945
2013-03-18,7.125999927520752
2013-03-19,6.892000198364258
2013-03-20,6.952000141143799
2013-03-21,7.199999809265137
2013-03-22,7.254000186920166
2013-03-25,7.210000038146973
2013-03-26,7.228000164031982
2013-03-27,7.242000102996826
2013-03-28,7.239999771118164
2013-04-01,7.046000003814697
2013-04-02,7.142000198364258
2013-04-03,6.906000137329102
2013-04-04,7.010000228881836
2013-04-05,7.033999919891357
2013-04-08,7.110000133514404
2013-04-09,7.1519999504089355
2013-04-10,7.170000076293945
2013-04-11,6.998000144958496
2013-04-12,7.038000106811523
2013-04-15,6.98799991607666
2013-04-16,7.269999980926514
2013-04-17,7.125999927520752
2013-04-18,7.214000225067139
2013-04-19,7.257999897003174
2013-04-22,7.334000110626221
2013-04-23,7.466000080108643
2013-04-24,7.52400016784668
2013-04-25,8.678000450134277
2013-04-26,8.501999855041504
2013-04-29,8.418000221252441
2013-04-30,8.192000389099121
2013-05-01,7.760000228881836
2013-05-02,7.828000068664551
2013-05-03,8.1899995803833
2013-05-06,8.079999923706055
2013-05-07,7.9039998054504395
2013-05-08,7.915999889373779
2013-05-09,7.769999980926514
2013-05-10,7.797999858856201
2013-05-13,7.894000053405762
2013-05-14,8.04800033569336
2013-05-15,8.105999946594238
2013-05-16,7.980000019073486
2013-05-17,8.07800006866455
2013-05-20,8.062000274658203
2013-05-21,8.008000373840332
2013-05-22,7.684000015258789
2013-05-23,7.53000020980835
2013-05-24,7.561999797821045
2013-05-28,7.461999893188477
2013-05-29,7.343999862670898
2013-05-30,7.354000091552734
2013-05-31,7.3520002365112305
2013-06-03,7.349999904632568
2013-06-04,7.2179999351501465
2013-06-05,7.182000160217285
2013-06-06,7.3480000495910645
2013-06-07,7.831999778747559
2013-06-10,7.929999828338623
2013-06-11,7.989999771118164
2013-06-12,7.673999786376953
2013-06-13,7.585999965667725
2013-06-14,7.449999809265137
2013-06-17,7.607999801635742
2013-06-18,7.533999919891357
2013-06-19,7.73799991607666
2013-06-20,7.665999889373779
2013-06-21,7.8480000495910645
2013-06-24,7.886000156402588
2013-06-25,7.920000076293945
2013-06-26,8.178000450134277
2013-06-27,8.185999870300293
2013-06-28,8.07800006866455
2013-07-01,8.157999992370605
2013-07-02,8.241999626159668
2013-07-03,8.347999572753906
2013-07-05,8.661999702453613
2013-07-08,8.574000358581543
2013-07-09,8.657999992370605
2013-07-10,8.694000244140625
2013-07-11,8.88599967956543
2013-07-12,9.092000007629395
2013-07-15,9.052000045776367
2013-07-16,8.79800033569336
2013-07-17,8.746000289916992
2013-07-18,8.968000411987305
2013-07-19,8.777999877929688
2013-07-22,8.765999794006348
2013-07-23,8.704000473022461
2013-07-24,8.907999992370605
2013-07-25,9.076000213623047
2013-07-26,8.82800006866455
2013-07-29,8.75
2013-07-30,8.642000198364258
2013-07-31,8.715999603271484
2013-08-01,9.279999732971191
2013-08-02,9.12399959564209
2013-08-05,8.802000045776367
2013-08-06,8.460000038146973
2013-08-07,8.32800006866455
2013-08-08,8.53600025177002
2013-08-09,8.498000144958496
2013-08-12,8.411999702453613
2013-08-13,8.317999839782715
2013-08-14,8.70199966430664
2013-08-15,8.722000122070312
2013-08-16,8.894000053405762
2013-08-19,8.776000022888184
2013-08-20,8.895999908447266
2013-08-21,9.092000007629395
2013-08-22,9.112000465393066
2013-08-23,9.14799976348877
2013-08-26,9.470000267028809
2013-08-27,9.215999603271484
2013-08-28,9.28600025177002
2013-08-29,9.399999618530273
2013-08-30,9.37600040435791
2013-09-03,9.380000114440918
2013-09-04,9.4399995803833
2013-09-05,9.520000457763672
2013-09-06,9.390000343322754
2013-09-09,9.82800006866455
2013-09-10,9.97599983215332
2013-09-11,9.977999687194824
2013-09-12,9.890000343322754
2013-09-13,9.758000373840332
2013-09-16,9.75
2013-09-17,9.868000030517578
2013-09-18,10.244000434875488
2013-09-19,10.314000129699707
2013-09-20,10.446000099182129
2013-09-23,10.36400032043457
2013-09-24,10.517999649047852
2013-09-25,10.470000267028809
2013-09-26,10.477999687194824
2013-09-27,10.503999710083008
2013-09-30,10.390000343322754
2013-10-01,10.29800033569336
2013-10-02,10.454000473022461
2013-10-03,10.430000305175781
2013-10-04,10.88599967956543
2013-10-07,10.649999618530273
2013-10-08,9.781999588012695
2013-10-09,9.616000175476074
2013-10-10,10.319999694824219
2013-10-11,10.317999839782715
2013-10-14,10.380000114440918
2013-10-15,9.937999725341797
2013-10-16,10.369999885559082
2013-10-17,10.342000007629395
2013-10-18,10.366000175476074
2013-10-21,10.776000022888184
2013-10-22,10.815999984741211
2013-10-23,10.592000007629395
2013-10-24,11.673999786376953
2013-10-25,11.338000297546387
2013-10-28,10.968000411987305
2013-10-29,10.8100004196167
2013-10-30,10.819999694824219
2013-10-31,10.92199993133545
2013-11-01,10.76200008392334
2013-11-04,10.831999778747559
2013-11-05,11.071999549865723
2013-11-06,10.746000289916992
2013-11-07,10.357999801635742
2013-11-08,10.371999740600586
2013-11-11,10.392000198364258
2013-11-12,10.470000267028809
2013-11-13,10.708000183105469
2013-11-14,10.52400016784668
2013-11-15,10.619999885559082
2013-11-18,10.331999778747559
2013-11-19,10.369999885559082
2013-11-20,10.229999542236328
2013-11-21,10.567999839782715
2013-11-22,11.083999633789062
2013-11-25,10.522000312805176
2013-11-26,10.899999618530273
2013-11-27,10.751999855041504
2013-11-29,10.621999740600586
2013-12-02,10.468000411987305
2013-12-03,10.395999908447266
2013-12-04,10.640000343322754
2013-12-05,10.697999954223633
2013-12-06,10.541999816894531
2013-12-09,10.326000213623047
2013-12-10,10.17199993133545
2013-12-11,9.869999885559082
2013-12-12,9.800000190734863
2013-12-13,10.105999946594238
2013-12-16,10.27400016784668
2013-12-17,10.28600025177002
2013-12-18,10.20199966430664
2013-12-19,10.168000221252441
2013-12-20,10.842000007629395
2013-12-23,11.04800033569336
2013-12-24,11.010000228881836
2013-12-26,11.013999938964844
2013-12-27,11.100000381469727
2013-12-30,11.10200023651123
2013-12-31,11.20199966430664
2014-01-02,11.137999534606934
2014-01-03,11.03600025177002
2014-01-06,11.145999908447266
2014-01-07,11.555999755859375
2014-01-08,11.57800006866455
2014-01-09,11.531999588012695
2014-01-10,11.87600040435791
2014-01-13,11.418000221252441
2014-01-14,11.526000022888184
2014-01-15,12.062000274658203
2014-01-16,12.378000259399414
2014-01-17,12.40999984741211
2014-01-21,12.15999984741211
2014-01-22,12.295999526977539
2014-01-23,12.491999626159668
2014-01-24,11.711999893188477
2014-01-27,11.600000381469727
2014-01-28,11.791999816894531
2014-01-29,11.520000457763672
2014-01-30,13.121999740600586
2014-01-31,12.685999870300293
2014-02-03,12.592000007629395
2014-02-04,12.829999923706055
2014-02-05,12.706000328063965
2014-02-06,12.529999732971191
2014-02-07,13.258000373840332
2014-02-10,13.168000221252441
2014-02-11,13.22599983215332
2014-02-12,13.23799991607666
2014-02-13,13.529999732971191
2014-02-14,13.505999565124512
2014-02-18,13.503999710083008
2014-02-19,13.350000381469727
2014-02-20,13.416000366210938
2014-02-21,13.855999946594238
2014-02-24,13.779999732971191
2014-02-25,13.751999855041504
2014-02-26,13.736000061035156
2014-02-27,14.02400016784668
2014-02-28,13.612000465393066
2014-03-03,13.59000015258789
2014-03-04,14.161999702453613
2014-03-05,14.005999565124512
2014-03-06,13.71399974822998
2014-03-07,13.428000450134277
2014-03-10,13.380000114440918
2014-03-11,13.387999534606934
2014-03-12,13.763999938964844
2014-03-13,13.54800033569336
2014-03-14,13.236000061035156
2014-03-17,13.39799976348877
2014-03-18,13.692000389099121
2014-03-19,13.48799991607666
2014-03-20,13.319999694824219
2014-03-21,12.51200008392334
2014-03-24,12.307999610900879
2014-03-25,11.842000007629395
2014-03-26,11.510000228881836
2014-03-27,11.802000045776367
2014-03-28,11.581999778747559
2014-03-31,11.984000205993652
2014-04-01,12.505999565124512
2014-04-02,12.253999710083008
2014-04-03,10.935999870300293
2014-04-04,10.46399974822998
2014-04-07,10.187999725341797
2014-04-08,10.17199993133545
2014-04-09,10.97599983215332
2014-04-10,10.12600040435791
2014-04-11,9.934000015258789
2014-04-14,9.930000305175781
2014-04-15,10.342000007629395
2014-04-16,10.657999992370605
2014-04-17,10.652000427246094
2014-04-21,10.630000114440918
2014-04-22,11.045999526977539
2014-04-23,10.61400032043457
2014-04-24,9.97599983215332
2014-04-25,9.446000099182129
2014-04-28,9.284000396728516
2014-04-29,9.833999633789062
2014-04-30,9.944000244140625
2014-05-01,10.095999717712402
2014-05-02,10.236000061035156
2014-05-05,10.444000244140625
2014-05-06,9.89799976348877
2014-05-07,9.411999702453613
2014-05-08,9.347999572753906
2014-05-09,9.291999816894531
2014-05-12,9.70199966430664
2014-05-13,9.465999603271484
2014-05-14,9.513999938964844
2014-05-15,9.564000129699707
2014-05-16,9.477999687194824
2014-05-19,9.680000305175781
2014-05-20,9.697999954223633
2014-05-21,9.673999786376953
2014-05-22,10.088000297546387
2014-05-23,10.505999565124512
2014-05-27,10.859999656677246
2014-05-28,10.76200008392334
2014-05-29,10.878000259399414
2014-05-30,10.461999893188477
2014-06-02,10.052000045776367
2014-06-03,10.081999778747559
2014-06-04,10.277999877929688
2014-06-05,10.777999877929688
2014-06-06,11.321999549865723
2014-06-09,11.187999725341797
2014-06-10,11.194000244140625
2014-06-11,11.5600004196167
2014-06-12,11.496000289916992
2014-06-13,11.84000015258789
2014-06-16,11.991999626159668
2014-06-17,12.0
2014-06-18,12.104000091552734
2014-06-19,12.003999710083008
2014-06-20,12.093999862670898
2014-06-23,12.246000289916992
2014-06-24,12.218000411987305
2014-06-25,12.38599967956543
2014-06-26,12.326000213623047
2014-06-27,12.279999732971191
2014-06-30,12.392000198364258
2014-07-01,12.715999603271484
2014-07-02,12.423999786376953
2014-07-03,12.319999694824219
2014-07-07,11.986000061035156
2014-07-08,11.175999641418457
2014-07-09,11.32800006866455
2014-07-10,11.5
2014-07-11,11.404000282287598
2014-07-14,11.510000228881836
2014-07-15,11.204000473022461
2014-07-16,11.263999938964844
2014-07-17,11.321999549865723
2014-07-18,11.503999710083008
2014-07-21,11.776000022888184
2014-07-22,11.710000038146973
2014-07-23,11.645999908447266
2014-07-24,11.88599967956543
2014-07-25,11.946000099182129
2014-07-28,11.666000366210938
2014-07-29,11.9399995803833
2014-07-30,12.527999877929688
2014-07-31,11.760000228881836
2014-08-01,11.333999633789062
2014-08-04,11.541999816894531
2014-08-05,11.326000213623047
2014-08-06,11.074000358581543
2014-08-07,11.071999549865723
2014-08-08,11.0
2014-08-11,11.197999954223633
2014-08-12,10.92199993133545
2014-08-13,11.062000274658203
2014-08-14,10.977999687194824
2014-08-15,10.9399995803833
2014-08-18,11.199999809265137
2014-08-19,11.541999816894531
2014-08-20,11.505999565124512
2014-08-21,11.380000114440918
2014-08-22,11.923999786376953
2014-08-25,11.763999938964844
2014-08-26,11.946000099182129
2014-08-27,12.015999794006348
2014-08-28,11.906000137329102
2014-08-29,12.22599983215332
2014-09-02,12.569999694824219
2014-09-03,12.54800033569336
2014-09-04,12.251999855041504
2014-09-05,12.494000434875488
2014-09-08,12.862000465393066
2014-09-09,12.446000099182129
2014-09-10,12.496000289916992
2014-09-11,12.67199993133545
2014-09-12,12.321999549865723
2014-09-15,11.795999526977539
2014-09-16,11.982000350952148
2014-09-17,12.20199966430664
2014-09-18,12.26200008392334
2014-09-19,12.468000411987305
2014-09-22,12.119999885559082
2014-09-23,11.833999633789062
2014-09-24,12.013999938964844
2014-09-25,11.680000305175781
2014-09-26,11.911999702453613
2014-09-29,11.958000183105469
2014-09-30,11.755999565124512
2014-10-01,11.460000038146973
2014-10-02,11.583999633789062
2014-10-03,12.057999610900879
2014-10-06,12.105999946594238
2014-10-07,11.564000129699707
2014-10-08,11.871999740600586
2014-10-09,11.67199993133545
2014-10-10,11.293999671936035
2014-10-13,10.84000015258789
2014-10-14,11.206000328063965
2014-10-15,11.479999542236328
2014-10-16,11.449999809265137
2014-10-17,12.076000213623047
2014-10-20,11.855999946594238
2014-10-21,12.095999717712402
2014-10-22,11.61400032043457
2014-10-23,12.907999992370605
2014-10-24,13.09000015258789
2014-10-27,12.817999839782715
2014-10-28,13.394000053405762
2014-10-29,13.005999565124512
2014-10-30,13.284000396728516
2014-10-31,13.586000442504883
2014-11-03,13.241999626159668
2014-11-04,13.37600040435791
2014-11-05,13.109999656677246
2014-11-06,13.369999885559082
2014-11-07,13.557999610900879
2014-11-10,13.781999588012695
2014-11-11,13.630000114440918
2014-11-12,13.53600025177002
2014-11-13,13.394000053405762
2014-11-14,13.501999855041504
2014-11-17,13.064000129699707
2014-11-18,12.996000289916992
2014-11-19,12.744000434875488
2014-11-20,12.826000213623047
2014-11-21,12.795999526977539
2014-11-24,12.793999671936035
2014-11-25,12.595999717712402
2014-11-26,12.793999671936035
2014-11-28,12.791999816894531
2014-12-01,12.369999885559082
2014-12-02,12.345999717712402
2014-12-03,12.366000175476074
2014-12-04,12.5
2014-12-05,12.526000022888184
2014-12-08,12.338000297546387
2014-12-09,12.406000137329102
2014-12-10,12.251999855041504
2014-12-11,12.270000457763672
2014-12-12,12.25
2014-12-15,12.687999725341797
2014-12-16,12.715999603271484
2014-12-17,13.137999534606934
2014-12-18,13.616000175476074
2014-12-19,13.819999694824219
2014-12-22,13.942000389099121
2014-12-23,13.913999557495117
2014-12-24,13.937999725341797
2014-12-26,14.02400016784668
2014-12-29,13.772000312805176
2014-12-30,13.576000213623047
2014-12-31,13.569999694824219
2015-01-02,13.47599983215332
2015-01-05,13.430000305175781
2015-01-06,13.265999794006348
2015-01-07,13.418000221252441
2015-01-08,13.777999877929688
2015-01-09,13.42199993133545
2015-01-12,13.637999534606934
2015-01-13,13.454000473022461
2015-01-14,13.267999649047852
2015-01-15,12.72599983215332
2015-01-16,12.791999816894531
2015-01-20,12.965999603271484
2015-01-21,13.104000091552734
2015-01-22,13.227999687194824
2015-01-23,13.748000144958496
2015-01-26,13.60200023651123
2015-01-27,13.581999778747559
2015-01-28,13.781999588012695
2015-01-29,14.776000022888184
2015-01-30,14.579999923706055
2015-02-02,14.597999572753906
2015-02-03,14.529999732971191
2015-02-04,14.92199993133545
2015-02-05,14.843999862670898
2015-02-06,14.98799991607666
2015-02-09,14.576000213623047
2015-02-10,14.663999557495117
2015-02-11,14.776000022888184
2015-02-12,15.1899995803833
2015-02-13,15.510000228881836
2015-02-17,15.37600040435791
2015-02-18,15.496000289916992
2015-02-19,15.631999969482422
2015-02-20,15.812000274658203
2015-02-23,15.734000205993652
2015-02-24,15.75
2015-02-25,15.805999755859375
2015-02-26,15.906000137329102
2015-02-27,15.251999855041504
2015-03-02,15.288000106811523
2015-03-03,15.09000015258789
2015-03-04,14.720000267028809
2015-03-05,14.9399995803833
2015-03-06,14.812000274658203
2015-03-09,14.847999572753906
2015-03-10,14.718000411987305
2015-03-11,14.847999572753906
2015-03-12,15.331999778747559
2015-03-13,15.383999824523926
2015-03-16,15.729999542236328
2015-03-17,15.979999542236328
2015-03-18,16.010000228881836
2015-03-19,16.091999053955078
2015-03-20,15.87600040435791
2015-03-23,15.855999946594238
2015-03-24,15.850000381469727
2015-03-25,15.239999771118164
2015-03-26,15.406000137329102
2015-03-27,15.694000244140625
2015-03-30,15.887999534606934
2015-03-31,15.755999565124512
2015-04-01,15.130000114440918
2015-04-02,15.223999977111816
2015-04-06,15.64799976348877
2015-04-07,15.694000244140625
2015-04-08,16.167999267578125
2015-04-09,16.347999572753906
2015-04-10,16.468000411987305
2015-04-13,16.145999908447266
2015-04-14,16.040000915527344
2015-04-15,16.149999618530273
2015-04-16,16.56800079345703
2015-04-17,14.657999992370605
2015-04-20,14.928000450134277
2015-04-21,15.5
2015-04-22,15.543999671936035
2015-04-23,15.37600040435791
2015-04-24,15.218000411987305
2015-04-27,14.95199966430664
2015-04-28,14.998000144958496
2015-04-29,15.494000434875488
2015-04-30,14.972000122070312
2015-05-01,14.75
2015-05-04,14.722000122070312
2015-05-05,14.656000137329102
2015-05-06,14.65999984741211
2015-05-07,14.802000045776367
2015-05-08,14.781999588012695
2015-05-11,14.79800033569336
2015-05-12,14.85200023651123
2015-05-13,15.022000312805176
2015-05-14,15.210000038146973
2015-05-15,15.142000198364258
2015-05-18,15.45199966430664
2015-05-19,15.555999755859375
2015-05-20,15.489999771118164
2015-05-21,15.77400016784668
2015-05-22,15.751999855041504
2015-05-26,15.541999816894531
2015-05-27,15.678000450134277
2015-05-28,15.680000305175781
2015-05-29,15.321999549865723
2015-06-01,15.13599967956543
2015-06-02,15.076000213623047
2015-06-03,15.321999549865723
2015-06-04,15.092000007629395
2015-06-05,15.378000259399414
2015-06-08,14.934000015258789
2015-06-09,15.131999969482422
2015-06-10,15.539999961853027
2015-06-11,15.545999526977539
2015-06-12,15.588000297546387
2015-06-15,15.527999877929688
2015-06-16,15.880000114440918
2015-06-17,15.984000205993652
2015-06-18,16.194000244140625
2015-06-19,16.076000213623047
2015-06-22,16.06399917602539
2015-06-23,16.149999618530273
2015-06-24,15.494000434875488
2015-06-25,15.784000396728516
2015-06-26,15.404000282287598
2015-06-29,14.753999710083008
2015-06-30,14.862000465393066
2015-07-01,14.779999732971191
2015-07-02,14.906000137329102
2015-07-06,14.739999771118164
2015-07-07,15.13599967956543
2015-07-08,14.965999603271484
2015-07-09,15.236000061035156
2015-07-10,15.347999572753906
2015-07-13,15.319999694824219
2015-07-14,15.482000350952148
2015-07-15,15.515999794006348
2015-07-16,15.784000396728516
2015-07-17,15.784000396728516
2015-07-20,15.767999649047852
2015-07-21,15.71399974822998
2015-07-22,15.569999694824219
2015-07-23,15.604000091552734
2015-07-24,15.928000450134277
2015-07-27,15.267999649047852
2015-07-28,15.72599983215332
2015-07-29,15.595999717712402
2015-07-30,16.20599937438965
2015-07-31,16.100000381469727
2015-08-03,15.829999923706055
2015-08-04,15.581999778747559
2015-08-05,15.682000160217285
2015-08-06,15.197999954223633
2015-08-07,15.390000343322754
2015-08-10,15.317999839782715
2015-08-11,15.333999633789062
2015-08-12,15.369999885559082
2015-08-13,15.140000343322754
2015-08-14,15.326000213623047
2015-08-17,15.449999809265137
2015-08-18,15.178000450134277
2015-08-19,15.12600040435791
2015-08-20,14.062000274658203
2015-08-21,13.982000350952148
2015-08-24,13.600000381469727
2015-08-25,13.734000205993652
2015-08-26,14.281999588012695
2015-08-27,14.472000122070312
2015-08-28,14.508000373840332
2015-08-31,14.192000389099121
2015-09-01,13.784000396728516
2015-09-02,13.989999771118164
2015-09-03,14.244000434875488
2015-09-04,13.958000183105469
2015-09-08,14.666000366210938
2015-09-09,14.404000282287598
2015-09-10,14.531999588012695
2015-09-11,14.720000267028809
2015-09-14,14.711999893188477
2015-09-15,14.85200023651123
2015-09-16,14.788000106811523
2015-09-17,14.92199993133545
2015-09-18,14.871999740600586
2015-09-21,14.881999969482422
2015-09-22,14.612000465393066
2015-09-23,14.597999572753906
2015-09-24,14.423999786376953
2015-09-25,14.571999549865723
2015-09-28,13.805999755859375
2015-09-29,13.788000106811523
2015-09-30,13.890000343322754
2015-10-01,14.315999984741211
2015-10-02,14.446000099182129
2015-10-05,15.293999671936035
2015-10-06,14.916000366210938
2015-10-07,14.994000434875488
2015-10-08,14.604000091552734
2015-10-09,14.883999824523926
2015-10-12,14.855999946594238
2015-10-13,14.831999778747559
2015-10-14,14.779999732971191
2015-10-15,15.128000259399414
2015-10-16,15.291999816894531
2015-10-19,15.157999992370605
2015-10-20,14.946000099182129
2015-10-21,14.604000091552734
2015-10-22,15.59000015258789
2015-10-23,15.777999877929688
2015-10-26,15.760000228881836
2015-10-27,16.034000396728516
2015-10-28,16.43000030517578
2015-10-29,16.312000274658203
2015-10-30,16.329999923706055
2015-11-02,16.40399932861328
2015-11-03,16.506000518798828
2015-11-04,16.76799964904785
2015-11-05,16.781999588012695
2015-11-06,17.04800033569336
2015-11-09,16.920000076293945
2015-11-10,16.829999923706055
2015-11-11,16.780000686645508
2015-11-12,16.899999618530273
2015-11-13,16.576000213623047
2015-11-16,16.874000549316406
2015-11-17,16.98200035095215
2015-11-18,17.149999618530273
2015-11-19,17.149999618530273
2015-11-20,17.238000869750977
2015-11-23,17.29199981689453
2015-11-24,17.34000015258789
2015-11-25,17.378000259399414
2015-11-27,17.45800018310547
2015-11-30,17.402000427246094
2015-12-01,17.29400062561035
2015-12-02,17.506000518798828
2015-12-03,17.618000030517578
2015-12-04,17.99799919128418
2015-12-07,17.59600067138672
2015-12-08,17.54400062561035
2015-12-09,17.219999313354492
2015-12-10,17.38800048828125
2015-12-11,16.697999954223633
2015-12-14,16.714000701904297
2015-12-15,17.1200008392334
2015-12-16,17.47800064086914
2015-12-17,17.45400047302246
2015-12-18,17.145999908447266
2015-12-21,17.40399932861328
2015-12-22,17.29599952697754
2015-12-23,17.378000259399414
2015-12-24,17.392000198364258
2015-12-28,17.378000259399414
2015-12-29,17.624000549316406
2015-12-30,17.47599983215332
2015-12-31,17.312000274658203
2016-01-04,16.81399917602539
2016-01-05,16.799999237060547
2016-01-06,16.284000396728516
2016-01-07,15.928000450134277
2016-01-08,15.62399959564209
2016-01-11,15.706000328063965
2016-01-12,16.197999954223633
2016-01-13,15.357999801635742
2016-01-14,15.642000198364258
2016-01-15,15.267999649047852
2016-01-19,14.86400032043457
2016-01-20,14.862000465393066
2016-01-21,14.881999969482422
2016-01-22,15.333999633789062
2016-01-25,15.220000267028809
2016-01-26,15.592000007629395
2016-01-27,15.074000358581543
2016-01-28,12.71399974822998
2016-01-29,12.442000389099121
2016-02-01,12.392000198364258
2016-02-02,11.449999809265137
2016-02-03,11.859999656677246
2016-02-04,11.723999977111816
2016-02-05,10.461999893188477
2016-02-08,9.428000450134277
2016-02-09,9.704000473022461
2016-02-10,9.998000144958496
2016-02-11,9.805999755859375
2016-02-12,10.015999794006348
2016-02-16,10.407999992370605
2016-02-17,11.052000045776367
2016-02-18,10.85200023651123
2016-02-19,10.947999954223633
2016-02-22,10.937999725341797
2016-02-23,10.60200023651123
2016-02-24,10.510000228881836
2016-02-25,10.831999778747559
2016-02-26,11.10200023651123
2016-02-29,10.998000144958496
2016-03-01,11.569999694824219
2016-03-02,11.531999588012695
2016-03-03,11.67199993133545
2016-03-04,11.699999809265137
2016-03-07,11.644000053405762
2016-03-08,12.067999839782715
2016-03-09,12.097999572753906
2016-03-10,12.144000053405762
2016-03-11,12.670000076293945
2016-03-14,12.470000267028809
2016-03-15,12.329999923706055
2016-03-16,12.473999977111816
2016-03-17,12.15999984741211
2016-03-18,12.029999732971191
2016-03-21,12.210000038146973
2016-03-22,12.46399974822998
2016-03-23,12.449999809265137
2016-03-24,12.338000297546387
2016-03-28,12.067999839782715
2016-03-29,12.227999687194824
2016-03-30,12.21399974822998
2016-03-31,12.236000061035156
2016-04-01,12.406000137329102
2016-04-04,12.855999946594238
2016-04-05,12.729999542236328
2016-04-06,12.767999649047852
2016-04-07,12.803999900817871
2016-04-08,12.899999618530273
2016-04-11,12.661999702453613
2016-04-12,12.350000381469727
2016-04-13,12.753999710083008
2016-04-14,12.600000381469727
2016-04-15,12.656000137329102
2016-04-18,12.894000053405762
2016-04-19,12.734000205993652
2016-04-20,13.022000312805176
2016-04-21,14.854000091552734
2016-04-22,14.621999740600586
2016-04-25,14.682000160217285
2016-04-26,14.531999588012695
2016-04-27,14.630000114440918
2016-04-28,14.27400016784668
2016-04-29,14.295999526977539
2016-05-02,14.404000282287598
2016-05-03,13.968000411987305
2016-05-04,13.522000312805176
2016-05-05,13.557999610900879
2016-05-06,13.456000328063965
2016-05-09,13.486000061035156
2016-05-10,13.706000328063965
2016-05-11,13.727999687194824
2016-05-12,13.494000434875488
2016-05-13,13.48799991607666
2016-05-16,14.0600004196167
2016-05-17,13.899999618530273
2016-05-18,14.005999565124512
2016-05-19,13.949999809265137
2016-05-20,14.0
2016-05-23,14.045999526977539
2016-05-24,14.196000099182129
2016-05-25,14.152000427246094
2016-05-26,14.010000228881836
2016-05-27,14.145999908447266
2016-05-31,14.326000213623047
2016-06-01,14.633999824523926
2016-06-02,14.845999717712402
2016-06-03,14.706000328063965
2016-06-06,15.01200008392334
2016-06-07,15.204000473022461
2016-06-08,15.407999992370605
2016-06-09,15.112000465393066
2016-06-10,14.805999755859375
2016-06-13,14.541999816894531
2016-06-14,14.595999717712402
2016-06-15,14.894000053405762
2016-06-16,14.736000061035156
2016-06-17,14.413999557495117
2016-06-20,14.520000457763672
2016-06-21,14.545999526977539
2016-06-22,14.383999824523926
2016-06-23,15.03600025177002
2016-06-24,14.065999984741211
2016-06-27,12.734000205993652
2016-06-28,13.026000022888184
2016-06-29,13.288000106811523
2016-06-30,13.279999732971191
2016-07-01,13.241999626159668
2016-07-05,13.053999900817871
2016-07-06,13.065999984741211
2016-07-07,13.001999855041504
2016-07-08,13.824000358581543
2016-07-11,13.770000457763672
2016-07-12,14.092000007629395
2016-07-13,14.029999732971191
2016-07-14,14.031999588012695
2016-07-15,14.204000473022461
2016-07-18,13.965999603271484
2016-07-19,13.998000144958496
2016-07-20,14.529999732971191
2016-07-21,14.210000038146973
2016-07-22,14.534000396728516
2016-07-25,14.711999893188477
2016-07-26,14.668000221252441
2016-07-27,14.595999717712402
2016-07-28,15.276000022888184
2016-07-29,14.984000205993652
2016-08-01,15.013999938964844
2016-08-02,14.645999908447266
2016-08-03,14.854000091552734
2016-08-04,14.98799991607666
2016-08-05,15.166000366210938
2016-08-08,14.98799991607666
2016-08-09,15.0
2016-08-10,14.90999984741211
2016-08-11,15.218000411987305
2016-08-12,15.154000282287598
2016-08-15,15.347999572753906
2016-08-16,14.904000282287598
2016-08-17,14.61400032043457
2016-08-18,14.61400032043457
2016-08-19,14.73799991607666
2016-08-22,14.277999877929688
2016-08-23,14.52400016784668
2016-08-24,14.553999900817871
2016-08-25,14.720000267028809
2016-08-26,14.699999809265137
2016-08-29,14.678000450134277
2016-08-30,14.687999725341797
2016-08-31,14.534000396728516
2016-09-01,14.800000190734863
2016-09-02,15.248000144958496
2016-09-06,15.543999671936035
2016-09-07,15.312000274658203
2016-09-08,15.079999923706055
2016-09-09,14.715999603271484
2016-09-12,14.906000137329102
2016-09-13,14.484000205993652
2016-09-14,14.51200008392334
2016-09-15,15.541999816894531
2016-09-16,15.458000183105469
2016-09-19,15.197999954223633
2016-09-20,15.055999755859375
2016-09-21,15.37600040435791
2016-09-22,15.583999633789062
2016-09-23,15.489999771118164
2016-09-26,15.350000381469727
2016-09-27,15.807999610900879
2016-09-28,15.954000473022461
2016-09-29,15.696000099182129
2016-09-30,15.829999923706055
2016-10-03,15.913999557495117
2016-10-04,15.855999946594238
2016-10-05,15.88599967956543
2016-10-06,15.675999641418457
2016-10-07,15.704000473022461
2016-10-10,16.006000518798828
2016-10-11,15.760000228881836
2016-10-12,15.053999900817871
2016-10-13,15.07800006866455
2016-10-14,15.12399959564209
2016-10-17,14.928000450134277
2016-10-18,15.232000350952148
2016-10-19,15.784000396728516
2016-10-20,15.770000457763672
2016-10-21,16.011999130249023
2016-10-24,16.200000762939453
2016-10-25,15.958000183105469
2016-10-26,15.779999732971191
2016-10-27,16.992000579833984
2016-10-28,17.224000930786133
2016-10-31,17.582000732421875
2016-11-01,17.378000259399414
2016-11-02,16.917999267578125
2016-11-03,16.775999069213867
2016-11-04,16.642000198364258
2016-11-07,17.01799964904785
2016-11-08,17.100000381469727
2016-11-09,16.996000289916992
2016-11-10,16.42799949645996
2016-11-11,16.525999069213867
2016-11-14,16.65399932861328
2016-11-15,17.124000549316406
2016-11-16,17.134000778198242
2016-11-17,17.365999221801758
2016-11-18,17.149999618530273
2016-11-21,17.309999465942383
2016-11-22,17.246000289916992
2016-11-23,17.40999984741211
2016-11-25,17.54800033569336
2016-11-28,16.964000701904297
2016-11-29,16.68400001525879
2016-11-30,16.6299991607666
2016-12-01,15.418000221252441
2016-12-02,15.312000274658203
2016-12-05,15.973999977111816
2016-12-06,15.92199993133545
2016-12-07,15.996000289916992
2016-12-08,16.02199935913086
2016-12-09,15.880000114440918
2016-12-12,15.576000213623047
2016-12-13,15.878000259399414
2016-12-14,15.789999961853027
2016-12-15,15.88599967956543
2016-12-16,15.571999549865723
2016-12-19,15.5
2016-12-20,15.65999984741211
2016-12-21,15.449999809265137
2016-12-22,14.90999984741211
2016-12-23,15.204000473022461
2016-12-27,15.37600040435791
2016-12-28,15.043999671936035
2016-12-29,14.98799991607666
2016-12-30,14.868000030517578
2017-01-03,15.131999969482422
2017-01-04,15.765999794006348
2017-01-05,15.826000213623047
2017-01-06,16.420000076293945
2017-01-09,16.399999618530273
2017-01-10,16.333999633789062
2017-01-11,16.780000686645508
2017-01-12,16.691999435424805
2017-01-13,16.70599937438965
2017-01-17,16.281999588012695
2017-01-18,16.56999969482422
2017-01-19,16.540000915527344
2017-01-20,16.68000030517578
2017-01-23,16.649999618530273
2017-01-24,16.79400062561035
2017-01-25,17.27199935913086
2017-01-26,17.895999908447266
2017-01-27,18.01799964904785
2017-01-30,18.02400016784668
2017-01-31,18.124000549316406
2017-02-01,17.940000534057617
2017-02-02,17.77199935913086
2017-02-03,17.893999099731445
2017-02-06,18.100000381469727
2017-02-07,18.131999969482422
2017-02-08,18.01799964904785
2017-02-09,18.459999084472656
2017-02-10,18.492000579833984
2017-02-13,18.347999572753906
2017-02-14,18.577999114990234
2017-02-15,18.79400062561035
2017-02-16,18.3700008392334
2017-02-17,18.54800033569336
2017-02-21,18.63599967956543
2017-02-22,18.59600067138672
2017-02-23,18.530000686645508
2017-02-24,18.36400032043457
2017-02-27,17.549999237060547
2017-02-28,17.384000778198242
2017-03-01,17.777999877929688
2017-03-02,17.26799964904785
2017-03-03,17.29400062561035
2017-03-06,17.25200080871582
2017-03-07,17.41200065612793
2017-03-08,17.45800018310547
2017-03-09,17.56599998474121
2017-03-10,17.606000900268555
2017-03-13,17.72800064086914
2017-03-14,17.493999481201172
2017-03-15,17.68199920654297
2017-03-16,17.760000228881836
2017-03-17,17.742000579833984
2017-03-20,17.621999740600586
2017-03-21,16.785999298095703
2017-03-22,17.007999420166016
2017-03-23,16.8799991607666
2017-03-24,16.961999893188477
2017-03-27,16.974000930786133
2017-03-28,17.200000762939453
2017-03-29,17.52199935913086
2017-03-30,17.38800048828125
2017-03-31,17.493999481201172
2017-04-03,17.243999481201172
2017-04-04,17.058000564575195
2017-04-05,17.131999969482422
2017-04-06,17.238000869750977
2017-04-07,17.20400047302246
2017-04-10,17.106000900268555
2017-04-11,17.077999114990234
2017-04-12,16.898000717163086
2017-04-13,16.92799949645996
2017-04-17,17.281999588012695
2017-04-18,17.520000457763672
2017-04-19,17.6299991607666
2017-04-20,17.652000427246094
2017-04-21,17.663999557495117
2017-04-24,17.884000778198242
2017-04-25,18.04800033569336
2017-04-26,18.18400001525879
2017-04-27,18.865999221801758
2017-04-28,18.895999908447266
2017-05-01,18.986000061035156
2017-05-02,18.992000579833984
2017-05-03,18.82200050354004
2017-05-04,19.20400047302246
2017-05-05,19.61400032043457
2017-05-08,19.579999923706055
2017-05-09,19.465999603271484
2017-05-10,19.29400062561035
2017-05-11,19.351999282836914
2017-05-12,19.3799991607666
2017-05-15,19.59000015258789
2017-05-16,20.035999298095703
2017-05-17,19.709999084472656
2017-05-18,19.79400062561035
2017-05-19,19.860000610351562
2017-05-22,20.34000015258789
2017-05-23,20.34000015258789
2017-05-24,20.600000381469727
2017-05-25,20.90399932861328
2017-05-26,21.20599937438965
2017-05-30,21.07200050354004
2017-05-31,20.93000030517578
2017-06-01,21.302000045776367
2017-06-02,21.459999084472656
2017-06-05,21.486000061035156
2017-06-06,21.573999404907227
2017-06-07,21.63800048828125
2017-06-08,21.93600082397461
2017-06-09,20.74799919128418
2017-06-12,20.464000701904297
2017-06-13,20.444000244140625
2017-06-14,20.43199920654297
2017-06-15,20.25200080871582
2017-06-16,20.239999771118164
2017-06-19,20.719999313354492
2017-06-20,20.601999282836914
2017-06-21,21.124000549316406
2017-06-22,21.38599967956543
2017-06-23,21.558000564575195
2017-06-26,21.670000076293945
2017-06-27,21.354000091552734
2017-06-28,21.761999130249023
2017-06-29,21.163999557495117
2017-06-30,21.200000762939453
2017-07-03,20.715999603271484
2017-07-05,21.02199935913086
2017-07-06,20.908000946044922
2017-07-07,21.257999420166016
2017-07-10,21.63800048828125
2017-07-11,21.84000015258789
2017-07-12,22.45199966430664
2017-07-13,22.246000289916992
2017-07-14,22.076000213623047
2017-07-17,22.0
2017-07-18,22.1560001373291
2017-07-19,22.02400016784668
2017-07-20,21.968000411987305
2017-07-21,21.63800048828125
2017-07-24,21.59000015258789
2017-07-25,21.555999755859375
2017-07-26,21.944000244140625
2017-07-27,22.107999801635742
2017-07-28,22.329999923706055
2017-07-31,22.09000015258789
2017-08-01,22.149999618530273
2017-08-02,21.43400001525879
2017-08-03,21.423999786376953
2017-08-04,21.941999435424805
2017-08-07,21.75200080871582
2017-08-08,21.535999298095703
2017-08-09,21.465999603271484
2017-08-10,20.884000778198242
2017-08-11,21.209999084472656
2017-08-14,21.579999923706055
2017-08-15,21.461999893188477
2017-08-16,21.899999618530273
2017-08-17,21.371999740600586
2017-08-18,21.445999145507812
2017-08-21,21.761999130249023
2017-08-22,22.082000732421875
2017-08-23,21.968000411987305
2017-08-24,22.134000778198242
2017-08-25,22.118000030517578
2017-08-28,22.381999969482422
2017-08-29,22.350000381469727
2017-08-30,22.854000091552734
2017-08-31,23.238000869750977
2017-09-01,23.097999572753906
2017-09-05,23.229999542236328
2017-09-06,22.93600082397461
2017-09-07,23.555999755859375
2017-09-08,23.280000686645508
2017-09-11,23.534000396728516
2017-09-12,23.25200080871582
2017-09-13,23.209999084472656
2017-09-14,23.191999435424805
2017-09-15,23.222000122070312
2017-09-18,23.302000045776367
2017-09-19,23.336000442504883
2017-09-20,23.079999923706055
2017-09-21,23.003999710083008
2017-09-22,23.16200065612793
2017-09-25,22.368000030517578
2017-09-26,22.357999801635742
2017-09-27,23.100000381469727
2017-09-28,23.329999923706055
2017-09-29,23.506000518798828
2017-10-02,23.360000610351562
2017-10-03,23.56599998474121
2017-10-04,23.61199951171875
2017-10-05,23.875999450683594
2017-10-06,24.350000381469727
2017-10-09,24.266000747680664
2017-10-10,24.191999435424805
2017-10-11,24.13599967956543
2017-10-12,24.393999099731445
2017-10-13,24.45800018310547
2017-10-16,24.280000686645508
2017-10-17,24.549999237060547
2017-10-18,24.15399932861328
2017-10-19,24.16200065612793
2017-10-20,24.964000701904297
2017-10-23,24.79800033569336
2017-10-24,25.17799949645996
2017-10-25,24.923999786376953
2017-10-26,25.22800064086914
2017-10-27,25.145999908447266
2017-10-30,25.010000228881836
2017-10-31,25.27400016784668
2017-11-01,24.902000427246094
2017-11-02,24.868000030517578
2017-11-03,24.98200035095215
2017-11-06,24.945999145507812
2017-11-07,25.106000900268555
2017-11-08,25.52400016784668
2017-11-09,25.110000610351562
2017-11-10,25.195999145507812
2017-11-13,25.006000518798828
2017-11-14,24.895999908447266
2017-11-15,24.663999557495117
2017-11-16,25.143999099731445
2017-11-17,25.507999420166016
2017-11-20,25.534000396728516
2017-11-21,25.61400032043457
2017-11-22,25.489999771118164
2017-11-24,25.65999984741211
2017-11-27,25.398000717163086
2017-11-28,25.326000213623047
2017-11-29,24.118000030517578
2017-11-30,24.600000381469727
2017-12-01,24.531999588012695
2017-12-04,22.724000930786133
2017-12-05,23.239999771118164
2017-12-06,23.552000045776367
2017-12-07,24.200000762939453
2017-12-08,24.36199951171875
2017-12-11,24.618000030517578
2017-12-12,24.20199966430664
2017-12-13,24.673999786376953
2017-12-14,25.233999252319336
2017-12-15,25.899999618530273
2017-12-18,26.13800048828125
2017-12-19,25.992000579833984
2017-12-20,25.799999237060547
2017-12-21,25.79400062561035
2017-12-22,25.83799934387207
2017-12-26,25.86400032043457
2017-12-27,26.052000045776367
2017-12-28,26.13800048828125
2017-12-29,26.077999114990234
2018-01-02,26.34600067138672
2018-01-03,26.582000732421875
2018-01-04,26.770000457763672
2018-01-05,27.00200080871582
2018-01-08,27.059999465942383
2018-01-09,27.09000015258789
2018-01-10,27.246000289916992
2018-01-11,27.516000747680664
2018-01-12,27.63800048828125
2018-01-16,27.95800018310547
2018-01-17,28.158000946044922
2018-01-18,28.22599983215332
2018-01-19,28.45400047302246
2018-01-22,28.780000686645508
2018-01-23,28.88599967956543
2018-01-24,29.08799934387207
2018-01-25,29.107999801635742
2018-01-26,29.947999954223633
2018-01-29,29.417999267578125
2018-01-30,29.31800079345703
2018-01-31,29.77400016784668
2018-02-01,30.562000274658203
2018-02-02,29.95199966430664
2018-02-05,29.47800064086914
2018-02-06,29.804000854492188
2018-02-07,30.634000778198242
2018-02-08,28.020000457763672
2018-02-09,29.031999588012695
2018-02-12,29.447999954223633
2018-02-13,29.510000228881836
2018-02-14,29.54800033569336
2018-02-15,30.507999420166016
2018-02-16,30.805999755859375
2018-02-20,31.351999282836914
2018-02-21,31.516000747680664
2018-02-22,31.209999084472656
2018-02-23,32.08000183105469
2018-02-26,32.11399841308594
2018-02-27,32.667999267578125
2018-02-28,32.20199966430664
2018-03-01,31.913999557495117
2018-03-02,33.33399963378906
2018-03-05,33.65999984741211
2018-03-06,34.2140007019043
2018-03-07,34.61199951171875
2018-03-08,34.597999572753906
2018-03-09,34.551998138427734
2018-03-12,34.88600158691406
2018-03-13,34.79199981689453
2018-03-14,35.06800079345703
2018-03-15,34.76599884033203
2018-03-16,33.99599838256836
2018-03-19,33.96200180053711
2018-03-20,34.422000885009766
2018-03-21,34.63800048828125
2018-03-22,33.75199890136719
2018-03-23,32.95399856567383
2018-03-26,34.290000915527344
2018-03-27,32.56399917602539
2018-03-28,31.93600082397461
2018-03-29,33.09000015258789
2018-04-02,32.32400131225586
2018-04-03,32.354000091552734
2018-04-04,32.9379997253418
2018-04-05,33.15399932861328
2018-04-06,32.5880012512207
2018-04-09,32.577999114990234
2018-04-10,33.316001892089844
2018-04-11,33.29999923706055
2018-04-12,33.7140007019043
2018-04-13,33.380001068115234
2018-04-16,33.88999938964844
2018-04-17,34.90800094604492
2018-04-18,34.86000061035156
2018-04-19,34.597999572753906
2018-04-20,33.779998779296875
2018-04-23,33.50199890136719
2018-04-24,32.13199996948242
2018-04-25,31.600000381469727
2018-04-26,33.03200149536133
2018-04-27,32.63600158691406
2018-04-30,33.22800064086914
2018-05-01,33.08399963378906
2018-05-02,33.099998474121094
2018-05-03,33.74599838256836
2018-05-04,34.24399948120117
2018-05-07,35.20399856567383
2018-05-08,35.20600128173828
2018-05-09,36.007999420166016
2018-05-10,35.79600143432617
2018-05-11,35.77399826049805
2018-05-14,34.74599838256836
2018-05-15,34.683998107910156
2018-05-16,34.22999954223633
2018-05-17,34.34199905395508
2018-05-18,34.78799819946289
2018-05-21,34.290000915527344
2018-05-22,34.051998138427734
2018-05-23,34.79199981689453
2018-05-24,35.104000091552734
2018-05-25,35.34400177001953
2018-05-29,35.2599983215332
2018-05-30,35.694000244140625
2018-05-31,35.52199935913086
2018-06-01,36.301998138427734
2018-06-04,36.70000076293945
2018-06-05,37.21799850463867
2018-06-06,37.284000396728516
2018-06-07,35.4900016784668
2018-06-08,35.63800048828125
2018-06-11,36.01599884033203
2018-06-12,36.36800003051758
2018-06-13,36.24599838256836
2018-06-14,37.06800079345703
2018-06-15,37.27000045776367
2018-06-18,37.28200149536133
2018-06-19,36.72200012207031
2018-06-20,36.95199966430664
2018-06-21,36.05400085449219
2018-06-22,35.34000015258789
2018-06-25,34.27799987792969
2018-06-26,34.16999816894531
2018-06-27,33.59400177001953
2018-06-28,34.481998443603516
2018-06-29,34.49399948120117
2018-07-02,35.52000045776367
2018-07-03,35.4379997253418
2018-07-05,35.88600158691406
2018-07-06,36.43199920654297
2018-07-09,36.970001220703125
2018-07-10,37.119998931884766
2018-07-11,37.43600082397461
2018-07-12,38.93199920654297
2018-07-13,38.21200180053711
2018-07-16,37.816001892089844
2018-07-17,38.2400016784668
2018-07-18,38.402000427246094
2018-07-19,38.007999420166016
2018-07-20,38.215999603271484
2018-07-23,38.099998474121094
2018-07-24,36.981998443603516
2018-07-25,36.77199935913086
2018-07-26,38.4640007019043
2018-07-27,36.790000915527344
2018-07-30,35.762001037597656
2018-07-31,35.19200134277344
2018-08-01,35.5880012512207
2018-08-02,36.56800079345703
2018-08-03,36.17599868774414
2018-08-06,36.93199920654297
2018-08-07,37.14799880981445
2018-08-08,37.22600173950195
2018-08-09,37.667999267578125
2018-08-10,37.49399948120117
2018-08-13,37.00400161743164
2018-08-14,36.89799880981445
2018-08-15,36.54600143432617
2018-08-16,36.40599822998047
2018-08-17,36.16600036621094
2018-08-20,36.27199935913086
2018-08-21,36.41999816894531
2018-08-22,36.481998443603516
2018-08-23,36.970001220703125
2018-08-24,38.71200180053711
2018-08-27,38.650001525878906
2018-08-28,38.85200119018555
2018-08-29,40.04600143432617
2018-08-30,39.689998626708984
2018-08-31,39.27199935913086
2018-09-04,40.051998138427734
2018-09-05,38.152000427246094
2018-09-06,38.63600158691406
2018-09-07,39.395999908447266
2018-09-10,39.801998138427734
2018-09-11,39.900001525878906
2018-09-12,40.55400085449219
2018-09-13,40.91600036621094
2018-09-14,40.59400177001953
2018-09-17,38.56399917602539
2018-09-18,38.375999450683594
2018-09-19,37.20000076293945
2018-09-20,37.470001220703125
2018-09-21,37.9379997253418
2018-09-24,38.624000549316406
2018-09-25,39.52199935913086
2018-09-26,39.141998291015625
2018-09-27,39.01599884033203
2018-09-28,39.125999450683594
2018-10-01,38.922000885009766
2018-10-02,38.58000183105469
2018-10-03,39.2400016784668
2018-10-04,37.487998962402344
2018-10-05,37.31999969482422
2018-10-08,36.051998138427734
2018-10-09,36.28200149536133
2018-10-10,34.428001403808594
2018-10-11,34.99399948120117
2018-10-12,36.88999938964844
2018-10-15,36.18199920654297
2018-10-16,38.54399871826172
2018-10-17,38.051998138427734
2018-10-18,37.0359992980957
2018-10-19,35.43000030517578
2018-10-22,35.768001556396484
2018-10-23,36.35599899291992
2018-10-24,34.04199981689453
2018-10-25,34.5260009765625
2018-10-26,33.35200119018555
2018-10-29,32.84600067138672
2018-10-30,33.70000076293945
2018-10-31,36.20800018310547
2018-11-01,36.74599838256836
2018-11-02,35.75600051879883
2018-11-05,36.082000732421875
2018-11-06,35.4739990234375
2018-11-07,38.16600036621094
2018-11-08,37.231998443603516
2018-11-09,35.518001556396484
2018-11-12,34.4739990234375
2018-11-13,33.73400115966797
2018-11-14,33.47600173950195
2018-11-15,34.59400177001953
2018-11-16,34.21799850463867
2018-11-19,31.360000610351562
2018-11-20,31.447999954223633
2018-11-21,31.827999114990234
2018-11-23,32.125999450683594
2018-11-26,33.45199966430664
2018-11-27,33.14799880981445
2018-11-28,35.57400131225586
2018-11-29,35.81999969482422
2018-11-30,37.05400085449219
2018-12-03,37.61800003051758
2018-12-04,36.16999816894531
2018-12-06,37.52000045776367
2018-12-07,36.47600173950195
2018-12-10,36.97999954223633
2018-12-11,36.683998107910156
2018-12-12,37.52799987792969
2018-12-13,37.630001068115234
2018-12-14,36.395999908447266
2018-12-17,34.29399871826172
2018-12-18,34.7140007019043
2018-12-19,34.80799865722656
2018-12-20,33.98400115966797
2018-12-21,32.400001525878906
2018-12-24,31.784000396728516
2018-12-26,33.902000427246094
2018-12-27,35.63999938964844
2018-12-28,36.066001892089844
2018-12-31,35.61000061035156
2019-01-02,35.66400146484375
2019-01-03,33.82400131225586
2019-01-04,35.84600067138672
2019-01-07,37.33399963378906
2019-01-08,37.62200164794922
2019-01-09,38.09400177001953
2019-01-10,38.0
2019-01-11,38.3380012512207
2019-01-14,37.68000030517578
2019-01-15,37.66999816894531
2019-01-16,37.917999267578125
2019-01-17,37.305999755859375
2019-01-18,38.018001556396484
2019-01-22,37.13999938964844
2019-01-23,36.79199981689453
2019-01-24,37.13999938964844
2019-01-25,38.215999603271484
2019-01-28,37.5880012512207
2019-01-29,36.9640007019043
2019-01-30,38.79999923706055
2019-01-31,44.00400161743164
2019-02-01,44.301998138427734
2019-02-04,45.02799987792969
2019-02-05,45.66999816894531
2019-02-06,45.11199951171875
2019-02-07,45.391998291015625
2019-02-08,45.71200180053711
2019-02-11,45.801998138427734
2019-02-12,46.93000030517578
2019-02-13,46.39400100708008
2019-02-14,46.805999755859375
2019-02-15,46.97800064086914
2019-02-19,46.91600036621094
2019-02-20,45.900001525878906
2019-02-21,46.00199890136719
2019-02-22,47.0
2019-02-25,47.400001525878906
2019-02-26,47.242000579833984
2019-02-27,48.0620002746582
2019-02-28,47.88800048828125
2019-03-01,48.70399856567383
2019-03-04,47.39400100708008
2019-03-05,47.20000076293945
2019-03-06,46.62200164794922
2019-03-07,46.67399978637695
2019-03-08,46.790000915527344
2019-03-11,47.97200012207031
2019-03-12,47.742000579833984
2019-03-13,48.077999114990234
2019-03-14,48.31800079345703
2019-03-15,48.37799835205078
2019-03-18,48.19599914550781
2019-03-19,48.391998291015625
2019-03-20,48.917999267578125
2019-03-21,50.189998626708984
2019-03-22,48.242000579833984
2019-03-25,48.34000015258789
2019-03-26,49.0
2019-03-27,48.27399826049805
2019-03-28,48.66600036621094
2019-03-29,49.29800033569336
2019-04-01,49.145999908447266
2019-04-02,49.36399841308594
2019-04-03,49.428001403808594
2019-04-04,47.40599822998047
2019-04-05,47.395999908447266
2019-04-08,47.44200134277344
2019-04-09,47.75199890136719
2019-04-10,48.731998443603516
2019-04-11,49.15399932861328
2019-04-12,48.86000061035156
2019-04-15,48.757999420166016
2019-04-16,47.96200180053711
2019-04-17,47.24599838256836
2019-04-18,47.47999954223633
2019-04-22,48.52799987792969
2019-04-23,48.709999084472656
2019-04-24,48.540000915527344
2019-04-25,52.13800048828125
2019-04-26,53.41600036621094
2019-04-29,54.3380012512207
2019-04-30,54.301998138427734
2019-05-01,54.08000183105469
2019-05-02,52.534000396728516
2019-05-03,53.70399856567383
2019-05-06,53.95000076293945
2019-05-07,52.96200180053711
2019-05-08,53.19599914550781
2019-05-09,54.097999572753906
2019-05-10,54.97999954223633
2019-05-13,52.02399826049805
2019-05-14,54.41400146484375
2019-05-15,54.79199981689453
2019-05-16,55.59199905395508
2019-05-17,54.597999572753906
2019-05-20,53.01599884033203
2019-05-21,54.242000579833984
2019-05-22,54.678001403808594
2019-05-23,52.95800018310547
2019-05-24,53.790000915527344
2019-05-28,53.33000183105469
2019-05-29,52.8380012512207
2019-05-30,52.52000045776367
2019-05-31,52.38600158691406
2019-06-03,49.67599868774414
2019-06-04,51.5099983215332
2019-06-05,52.650001525878906
2019-06-06,53.698001861572266
2019-06-07,54.90999984741211
2019-06-10,55.17399978637695
2019-06-11,53.257999420166016
2019-06-12,53.57600021362305
2019-06-13,54.757999420166016
2019-06-14,54.45000076293945
2019-06-17,54.9119987487793
2019-06-18,56.52799987792969
2019-06-19,57.10200119018555
2019-06-20,57.7599983215332
2019-06-21,57.14799880981445
2019-06-24,56.5
2019-06-25,55.071998596191406
2019-06-26,55.06800079345703
2019-06-27,55.70199966430664
2019-06-28,54.91400146484375
2019-07-01,56.70199966430664
2019-07-02,57.6619987487793
2019-07-03,58.630001068115234
2019-07-05,58.90599822998047
2019-07-08,58.599998474121094
2019-07-09,59.604000091552734
2019-07-10,59.75
2019-07-11,60.46200180053711
2019-07-12,60.22600173950195
2019-07-15,60.220001220703125
2019-07-16,59.099998474121094
2019-07-17,59.3120002746582
2019-07-18,58.93600082397461
2019-07-19,57.948001861572266
2019-07-22,58.762001037597656
2019-07-23,58.20199966430664
2019-07-24,59.44200134277344
2019-07-25,57.145999908447266
2019-07-26,57.86600112915039
2019-07-29,57.167999267578125
2019-07-30,56.20000076293945
2019-07-31,55.47800064086914
2019-08-01,54.79999923706055
2019-08-02,53.172000885009766
2019-08-05,51.36199951171875
2019-08-06,52.34199905395508
2019-08-07,52.13800048828125
2019-08-08,53.422000885009766
2019-08-09,52.763999938964844
2019-08-12,51.7140007019043
2019-08-13,52.4379997253418
2019-08-14,50.46200180053711
2019-08-15,50.45800018310547
2019-08-16,51.38199996948242
2019-08-19,51.10200119018555
2019-08-20,51.055999755859375
2019-08-21,53.15599822998047
2019-08-22,52.928001403808594
2019-08-23,52.61399841308594
2019-08-26,53.31399917602539
2019-08-27,53.242000579833984
2019-08-28,52.06399917602539
2019-08-29,52.95800018310547
2019-08-30,52.36800003051758
2019-09-03,52.67599868774414
2019-09-04,53.70399856567383
2019-09-05,53.92399978637695
2019-09-06,52.70000076293945
2019-09-09,50.93600082397461
2019-09-10,50.63600158691406
2019-09-11,50.73400115966797
2019-09-12,51.36199951171875
2019-09-13,50.391998291015625
2019-09-16,52.22999954223633
2019-09-17,52.810001373291016
2019-09-18,53.16999816894531
2019-09-19,53.74800109863281
2019-09-20,54.23400115966797
2019-09-23,53.400001525878906
2019-09-24,51.5
2019-09-25,51.875999450683594
2019-09-26,51.597999572753906
2019-09-27,50.051998138427734
2019-09-30,50.77000045776367
2019-10-01,50.0260009765625
2019-10-02,49.369998931884766
2019-10-03,51.4739990234375
2019-10-04,53.29600143432617
2019-10-07,53.630001068115234
2019-10-08,51.625999450683594
2019-10-09,52.40399932861328
2019-10-10,52.63600158691406
2019-10-11,54.066001892089844
2019-10-14,53.88800048828125
2019-10-15,54.847999572753906
2019-10-16,50.91999816894531
2019-10-17,50.86199951171875
2019-10-18,48.599998474121094
2019-10-21,48.18000030517578
2019-10-22,45.667999267578125
2019-10-23,44.00199890136719
2019-10-24,47.555999755859375
2019-10-25,48.24399948120117
2019-10-28,48.939998626708984
2019-10-29,48.20800018310547
2019-10-30,49.9900016784668
2019-10-31,49.45199966430664
2019-11-01,50.60599899291992
2019-11-04,49.15999984741211
2019-11-05,48.37200164794922
2019-11-06,48.27000045776367
2019-11-07,48.178001403808594
2019-11-08,49.689998626708984
2019-11-11,49.709999084472656
2019-11-12,50.50600051879883
2019-11-13,50.78799819946289
2019-11-14,50.77000045776367
2019-11-15,51.992000579833984
2019-11-18,53.262001037597656
2019-11-19,55.54800033569336
2019-11-20,56.599998474121094
2019-11-21,55.82400131225586
2019-11-22,55.99599838256836
2019-11-25,55.95000076293945
2019-11-26,55.77199935913086
2019-11-27,56.25600051879883
2019-11-29,56.608001708984375
2019-12-02,55.470001220703125
2019-12-03,55.801998138427734
2019-12-04,54.7599983215332
2019-12-05,54.625999450683594
2019-12-06,54.40800094604492
2019-12-09,53.939998626708984
2019-12-10,53.35599899291992
2019-12-11,53.459999084472656
2019-12-12,53.130001068115234
2019-12-13,54.59600067138672
2019-12-16,56.358001708984375
2019-12-17,55.22800064086914
2019-12-18,55.4900016784668
2019-12-19,55.69599914550781
2019-12-20,56.5260009765625
2019-12-23,56.6619987487793
2019-12-24,56.84000015258789
2019-12-26,57.2400016784668
2019-12-27,57.375999450683594
2019-12-30,56.5620002746582
2019-12-31,56.4640007019043
2020-01-02,58.24800109863281
2020-01-03,58.220001220703125
2020-01-06,58.57400131225586
2020-01-07,58.582000732421875
2020-01-08,59.130001068115234
2020-01-09,59.86199951171875
2020-01-10,59.7760009765625
2020-01-13,60.77000045776367
2020-01-14,60.29999923706055
2020-01-15,60.9739990234375
2020-01-16,62.00400161743164
2020-01-17,62.50400161743164
2020-01-21,62.59600067138672
2020-01-22,62.56999969482422
2020-01-23,62.29199981689453
2020-01-24,61.87799835205078
2020-01-27,61.5260009765625
2020-01-28,62.810001373291016
2020-01-29,62.58599853515625
2020-01-30,68.3239974975586
2020-01-31,67.64600372314453
2020-02-03,68.63999938964844
2020-02-04,70.40599822998047
2020-02-05,67.69999694824219
2020-02-06,68.33999633789062
2020-02-07,68.21199798583984
2020-02-10,68.55400085449219
2020-02-11,68.71399688720703
2020-02-12,69.95999908447266
2020-02-13,70.36199951171875
2020-02-14,71.23200225830078
2020-02-18,71.49800109863281
2020-02-19,71.54399871826172
2020-02-20,70.58799743652344
2020-02-21,68.89600372314453
2020-02-24,66.71199798583984
2020-02-25,65.94400024414062
2020-02-26,66.85399627685547
2020-02-27,64.0199966430664
2020-02-28,65.21800231933594
2020-03-02,68.87999725341797
2020-03-03,65.9260025024414
2020-03-04,69.01399993896484
2020-03-05,65.86599731445312
2020-03-06,63.448001861572266
2020-03-09,58.417999267578125
2020-03-10,62.560001373291016
2020-03-11,58.125999450683594
2020-03-12,52.42399978637695
2020-03-13,57.534000396728516
2020-03-16,53.08599853515625
2020-03-17,57.48400115966797
2020-03-18,55.63199996948242
2020-03-19,55.53200149536133
2020-03-20,50.939998626708984
2020-03-23,51.06399917602539
2020-03-24,54.400001525878906
2020-03-25,52.933998107910156
2020-03-26,58.94599914550781
2020-03-27,54.79999923706055
2020-03-30,57.27799987792969
2020-03-31,57.316001892089844
2020-04-01,54.61399841308594
2020-04-02,51.79999923706055
2020-04-03,49.91400146484375
2020-04-06,53.9900016784668
2020-04-07,52.470001220703125
2020-04-08,54.810001373291016
2020-04-09,55.61199951171875
2020-04-13,56.71200180053711
2020-04-14,60.417999267578125
2020-04-15,59.183998107910156
2020-04-16,58.38800048828125
2020-04-17,59.917999267578125
2020-04-20,60.492000579833984
2020-04-21,57.75400161743164
2020-04-22,59.922000885009766
2020-04-23,59.46200180053711
2020-04-24,60.5880012512207
2020-04-27,61.720001220703125
2020-04-28,59.20000076293945
2020-04-29,64.39800262451172
2020-04-30,70.30799865722656
2020-05-01,67.9020004272461
2020-05-04,70.9280014038086
2020-05-05,74.12799835205078
2020-05-06,73.0780029296875
2020-05-07,76.36599731445312
2020-05-08,75.4520034790039
2020-05-11,76.7300033569336
2020-05-12,73.12000274658203
2020-05-13,72.25800323486328
2020-05-14,73.56600189208984
2020-05-15,74.09200286865234
2020-05-18,74.9739990234375
2020-05-19,76.57599639892578
2020-05-20,78.03199768066406
2020-05-21,76.72799682617188
2020-05-22,77.59200286865234
2020-05-26,76.13400268554688
2020-05-27,74.23200225830078
2020-05-28,75.59600067138672
2020-05-29,77.58599853515625
2020-06-01,76.67400360107422
2020-06-02,78.58000183105469
2020-06-03,77.61799621582031
2020-06-04,75.38999938964844
2020-06-05,78.09200286865234
2020-06-08,77.3280029296875
2020-06-09,77.76599884033203
2020-06-10,80.33200073242188
2020-06-11,75.01000213623047
2020-06-12,77.0260009765625
2020-06-15,78.5
2020-06-16,79.69200134277344
2020-06-17,80.12999725341797
2020-06-18,80.20600128173828
2020-06-19,79.9739990234375
2020-06-22,80.56400299072266
2020-06-23,80.18800354003906
2020-06-24,78.58599853515625
2020-06-25,80.3280029296875
2020-06-26,79.99400329589844
2020-06-29,78.91000366210938
2020-06-30,81.01200103759766
2020-07-01,83.35800170898438
2020-07-02,82.84200286865234
2020-07-06,83.28800201416016
2020-07-07,82.3479995727539
2020-07-08,85.04000091552734
2020-07-09,85.27400207519531
2020-07-10,84.58200073242188
2020-07-13,80.3740005493164
2020-07-14,82.64600372314453
2020-07-15,84.71199798583984
2020-07-16,82.7760009765625
2020-07-17,84.36199951171875
2020-07-20,89.85399627685547
2020-07-21,87.44400024414062
2020-07-22,88.31999969482422
2020-07-23,86.16999816894531
2020-07-24,85.03800201416016
2020-07-27,86.76200103759766
2020-07-28,87.00800323486328
2020-07-29,89.14199829101562
2020-07-30,86.27999877929688
2020-07-31,87.83999633789062
2020-08-03,87.99199676513672
2020-08-04,87.62999725341797
2020-08-05,87.14800262451172
2020-08-06,86.06600189208984
2020-08-07,86.24199676513672
2020-08-10,87.73600006103516
2020-08-11,84.27200317382812
2020-08-12,85.4260025024414
2020-08-13,87.68399810791016
2020-08-14,87.14600372314453
2020-08-17,88.4739990234375
2020-08-18,87.51599884033203
2020-08-19,87.4260025024414
2020-08-20,90.66799926757812
2020-08-21,89.88400268554688
2020-08-24,89.62000274658203
2020-08-25,91.58599853515625
2020-08-26,97.54000091552734
2020-08-27,96.11000061035156
2020-08-28,97.5739974975586
2020-08-31,96.40399932861328
2020-09-01,99.43800354003906
2020-09-02,99.93800354003906
2020-09-03,93.76799774169922
2020-09-04,90.06999969482422
2020-09-08,88.62799835205078
2020-09-09,91.63999938964844
2020-09-10,90.59600067138672
2020-09-11,89.18000030517578
2020-09-14,91.61199951171875
2020-09-15,94.79199981689453
2020-09-16,91.2020034790039
2020-09-17,90.76000213623047
2020-09-18,90.61799621582031
2020-09-21,92.3759994506836
2020-09-22,94.11399841308594
2020-09-23,92.09400177001953
2020-09-24,92.02400207519531
2020-09-25,95.99400329589844
2020-09-28,96.84200286865234
2020-09-29,97.59600067138672
2020-09-30,97.0
2020-10-01,98.50399780273438
2020-10-02,98.62999725341797
2020-10-05,100.35800170898438
2020-10-06,98.30799865722656
2020-10-07,100.0
2020-10-08,99.30000305175781
2020-10-09,101.72200012207031
2020-10-12,101.81800079345703
2020-10-13,103.66000366210938
2020-10-14,103.37799835205078
2020-10-15,104.13600158691406
2020-10-16,104.9739990234375
2020-10-19,104.38999938964844
2020-10-20,103.63800048828125
2020-10-21,102.05599975585938
2020-10-22,101.19200134277344
2020-10-23,102.802001953125
2020-10-26,100.3219985961914
2020-10-27,99.96199798583984
2020-10-28,96.80999755859375
2020-10-29,102.11799621582031
2020-10-30,99.51399993896484
2020-11-02,95.19999694824219
2020-11-03,96.01000213623047
2020-11-04,102.71600341796875
2020-11-05,106.21600341796875
2020-11-06,107.03600311279297
2020-11-09,100.39199829101562
2020-11-10,96.25599670410156
2020-11-11,100.6719970703125
2020-11-12,101.95600128173828
2020-11-13,101.60199737548828
2020-11-16,100.45600128173828
2020-11-17,102.62000274658203
2020-11-18,101.42400360107422
2020-11-19,102.86599731445312
2020-11-20,103.61199951171875
2020-11-23,104.4219970703125
2020-11-24,102.93800354003906
2020-11-25,103.84400177001953
2020-11-27,105.49600219726562
2020-11-30,106.91000366210938
2020-12-01,107.91799926757812
2020-12-02,105.30400085449219
2020-12-03,105.0479965209961
2020-12-04,105.13999938964844
2020-12-07,106.6500015258789
2020-12-08,108.44999694824219
2020-12-09,105.5979995727539
2020-12-10,107.5999984741211
2020-12-11,107.47200012207031
2020-12-14,106.49600219726562
2020-12-15,105.47599792480469
2020-12-16,109.0
2020-12-17,110.81400299072266
2020-12-18,113.08599853515625
2020-12-21,110.16400146484375
2020-12-22,112.34400177001953
2020-12-23,110.01200103759766
2020-12-24,110.77799987792969
2020-12-28,108.74800109863281
2020-12-29,109.19599914550781
2020-12-30,109.47599792480469
2020-12-31,110.08599853515625
2021-01-04,105.36599731445312
2021-01-05,106.39399719238281
2021-01-06,101.44999694824219
2021-01-07,102.28199768066406
2021-01-08,105.9280014038086
2021-01-11,104.61199951171875
2021-01-12,102.64199829101562
2021-01-13,104.34200286865234
2021-01-14,102.86799621582031
2021-01-15,102.75199890136719
2021-01-19,103.88400268554688
2021-01-20,108.43800354003906
2021-01-21,108.86599731445312
2021-01-22,108.21800231933594
2021-01-25,107.57599639892578
2021-01-26,106.49199676513672
2021-01-27,103.30000305175781
2021-01-28,110.8479995727539
2021-01-29,108.63200378417969
2021-02-01,111.71199798583984
2021-02-02,116.7020034790039
2021-02-03,115.33000183105469
2021-02-04,117.7959976196289
2021-02-05,117.94599914550781
2021-02-08,117.58200073242188
2021-02-09,116.35600280761719
2021-02-10,117.87200164794922
2021-02-11,118.89399719238281
2021-02-12,118.25800323486328
2021-02-16,117.14800262451172
2021-02-17,116.18800354003906
2021-02-18,115.16000366210938
2021-02-19,114.14600372314453
2021-02-22,110.052001953125
2021-02-23,110.3499984741211
2021-02-24,110.36599731445312
2021-02-25,105.75800323486328
2021-02-26,106.69200134277344
2021-03-01,111.29399871826172
2021-03-02,109.86000061035156
2021-03-03,103.19999694824219
2021-03-04,98.1259994506836
2021-03-05,97.39199829101562
2021-03-08,92.80999755859375
2021-03-09,97.79000091552734
2021-03-10,94.80000305175781
2021-03-11,100.5739974975586
2021-03-12,97.84400177001953
2021-03-15,99.35399627685547
2021-03-16,99.7979965209961
2021-03-17,97.0
2021-03-18,93.23600006103516
2021-03-19,94.16799926757812
2021-03-22,95.33000183105469
2021-03-23,95.63400268554688
2021-03-24,94.46399688720703
2021-03-25,94.43599700927734
2021-03-26,99.0
2021-03-29,97.0780029296875
2021-03-30,97.51399993896484
2021-03-31,100.02200317382812
2021-04-01,101.4020004272461
2021-04-05,102.80400085449219
2021-04-06,101.81600189208984
2021-04-07,102.14600372314453
2021-04-08,104.80799865722656
2021-04-09,106.0
2021-04-12,107.4000015258789
2021-04-13,109.78600311279297
2021-04-14,108.96800231933594
2021-04-15,111.87000274658203
2021-04-16,111.38200378417969
2021-04-19,109.8740005493164
2021-04-20,108.15599822998047
2021-04-21,109.29399871826172
2021-04-22,109.697998046875
2021-04-23,110.54000091552734
2021-04-26,111.84200286865234
2021-04-27,112.5260009765625
2021-04-28,111.447998046875
2021-04-29,101.0
2021-04-30,101.27400207519531
2021-05-03,98.06400299072266
2021-05-04,96.66000366210938
2021-05-05,95.99400329589844
2021-05-06,97.16799926757812
2021-05-07,96.7020034790039
2021-05-10,93.36000061035156
2021-05-11,96.30000305175781
2021-05-12,92.94200134277344
2021-05-13,90.99600219726562
2021-05-14,92.06600189208984
2021-05-17,90.87999725341797
2021-05-18,91.44400024414062
2021-05-19,91.9520034790039
2021-05-20,94.22599792480469
2021-05-21,93.89399719238281
2021-05-24,95.27200317382812
2021-05-25,95.9800033569336
2021-05-26,97.08200073242188
2021-05-27,95.84400177001953
2021-05-28,94.7760009765625
2021-06-01,93.83399963378906
2021-06-02,93.4020004272461
2021-06-03,91.83999633789062
2021-06-04,92.12999725341797
2021-06-07,91.89199829101562
2021-06-08,92.1520004272461
2021-06-09,92.94200134277344
2021-06-10,97.82599639892578
2021-06-11,99.60199737548828
2021-06-14,101.86799621582031
2021-06-15,101.08599853515625
2021-06-16,102.01599884033203
2021-06-17,106.08000183105469
2021-06-18,106.74800109863281
2021-06-21,106.94999694824219
2021-06-22,109.20600128173828
2021-06-23,110.04000091552734
2021-06-24,110.41400146484375
2021-06-25,108.99800109863281
2021-06-28,110.43399810791016
2021-06-29,111.71800231933594
2021-06-30,109.91000366210938
2021-07-01,109.03399658203125
2021-07-02,110.36599731445312
2021-07-06,111.697998046875
2021-07-07,112.35600280761719
2021-07-08,112.09400177001953
2021-07-09,113.27400207519531
2021-07-12,112.38600158691406
2021-07-13,111.86599731445312
2021-07-14,112.58799743652344
2021-07-15,111.65599822998047
2021-07-16,111.27200317382812
2021-07-19,111.01799774169922
2021-07-20,113.05000305175781
2021-07-21,113.4260025024414
2021-07-22,115.33999633789062
2021-07-23,117.23600006103516
2021-07-26,116.83999633789062
2021-07-27,116.45800018310547
2021-07-28,116.66999816894531
2021-07-29,117.28600311279297
2021-07-30,117.5780029296875
2021-08-02,116.93399810791016
2021-08-03,116.93199920654297
2021-08-04,118.69400024414062
2021-08-05,119.0999984741211
2021-08-06,118.13600158691406
2021-08-09,117.59200286865234
2021-08-10,115.16000366210938
2021-08-11,114.04000091552734
2021-08-12,116.31400299072266
2021-08-13,117.56600189208984
2021-08-16,116.04399871826172
2021-08-17,116.447998046875
2021-08-18,116.38999938964844
2021-08-19,117.38400268554688
2021-08-20,120.10399627685547
2021-08-23,123.88600158691406
2021-08-24,124.37000274658203
2021-08-25,124.21399688720703
2021-08-26,124.80599975585938
2021-08-27,126.4800033569336
2021-08-30,128.3300018310547
2021-08-31,128.72799682617188
2021-09-01,130.1699981689453
2021-09-02,132.06199645996094
2021-09-03,135.7259979248047
2021-09-07,132.21800231933594
2021-09-08,130.75999450683594
2021-09-09,130.03799438476562
2021-09-10,129.5959930419922
2021-09-13,127.81600189208984
2021-09-14,129.08399963378906
2021-09-15,130.42999267578125
2021-09-16,131.27000427246094
2021-09-17,130.20599365234375
2021-09-20,129.74600219726562
2021-09-21,130.83999633789062
2021-09-22,132.52999877929688
2021-09-23,132.843994140625
2021-09-24,133.26199340820312
2021-09-27,129.91200256347656
2021-09-28,122.50399780273438
2021-09-29,123.60399627685547
2021-09-30,124.4540023803711
2021-10-01,126.55999755859375
2021-10-04,123.59400177001953
2021-10-05,126.68399810791016
2021-10-06,125.87200164794922
2021-10-07,127.58399963378906
2021-10-08,123.51599884033203
2021-10-11,123.16999816894531
2021-10-12,125.82599639892578
2021-10-13,127.88200378417969
2021-10-14,130.6060028076172
2021-10-15,132.63600158691406
2021-10-18,133.24400329589844
2021-10-19,136.0500030517578
2021-10-20,136.2220001220703
2021-10-21,137.26800537109375
2021-10-22,137.3300018310547
2021-10-25,137.77000427246094
2021-10-26,135.3419952392578
2021-10-27,132.95199584960938
2021-10-28,137.5399932861328
2021-10-29,139.552001953125
2021-11-01,136.39599609375
2021-11-02,137.3179931640625
2021-11-03,137.53399658203125
2021-11-04,140.3459930419922
2021-11-05,138.40199279785156
2021-11-08,138.45599365234375
2021-11-09,138.25399780273438
2021-11-10,134.1820068359375
2021-11-11,135.85000610351562
2021-11-12,138.27999877929688
2021-11-15,136.51400756835938
2021-11-16,138.50999450683594
2021-11-17,136.98599243164062
2021-11-18,135.16799926757812
2021-11-19,135.19400024414062
2021-11-22,131.2760009765625
2021-11-23,127.38200378417969
2021-11-24,129.86199951171875
2021-11-26,129.91000366210938
2021-11-29,134.56399536132812
2021-11-30,129.5399932861328
2021-12-01,119.91400146484375
2021-12-02,124.67400360107422
2021-12-03,122.62200164794922
2021-12-06,123.30799865722656
2021-12-07,132.67799377441406
2021-12-08,133.16200256347656
2021-12-09,128.42999267578125
2021-12-10,129.39999389648438
2021-12-13,131.18800354003906
2021-12-14,124.93800354003906
2021-12-15,129.4080047607422
2021-12-16,121.7959976196289
2021-12-17,123.1259994506836
2021-12-20,121.0739974975586
2021-12-21,126.26399993896484
2021-12-22,128.78599548339844
2021-12-23,129.71400451660156
2021-12-27,132.656005859375
2021-12-28,130.8000030517578
2021-12-29,130.91600036621094
2021-12-30,130.9080047607422
2021-12-31,129.82200622558594
2022-01-03,126.02799987792969
2022-01-04,120.78800201416016
2022-01-05,114.552001953125
2022-01-06,114.80799865722656
2022-01-07,113.27799987792969
2022-01-10,114.4000015258789
2022-01-11,115.68800354003906
2022-01-12,114.6780014038086
2022-01-13,104.25199890136719
2022-01-14,106.2040023803711
2022-01-18,104.46800231933594
2022-01-19,104.25800323486328
2022-01-20,103.0
2022-01-21,101.5479965209961
2022-01-24,105.16799926757812
2022-01-25,99.01599884033203
2022-01-26,96.88400268554688
2022-01-27,105.73799896240234
2022-01-28,112.21600341796875
2022-01-31,117.15599822998047
2022-02-01,117.30799865722656
2022-02-02,116.2300033569336
2022-02-03,112.16999816894531
2022-02-04,115.50399780273438
2022-02-07,114.63999938964844
2022-02-08,118.25399780273438
2022-02-09,122.79399871826172
2022-02-10,122.09200286865234
2022-02-11,116.74400329589844
2022-02-14,115.91600036621094
2022-02-15,118.33200073242188
2022-02-16,118.1780014038086
2022-02-17,113.1500015258789
2022-02-18,111.2020034790039
2022-02-22,110.02999877929688
2022-02-23,104.94000244140625
2022-02-24,114.79000091552734
2022-02-25,116.0459976196289
2022-02-28,115.98400115966797
2022-03-01,114.21399688720703
2022-03-02,117.41200256347656
2022-03-03,112.46199798583984
2022-03-04,109.41400146484375
2022-03-07,103.92400360107422
2022-03-08,103.63999938964844
2022-03-09,111.91600036621094
2022-03-10,106.71800231933594
2022-03-11,102.43000030517578
2022-03-14,99.0199966430664
2022-03-15,102.84400177001953
2022-03-16,109.4800033569336
2022-03-17,113.33599853515625
2022-03-18,115.97599792480469
2022-03-21,113.95999908447266
2022-03-22,117.73200225830078
2022-03-23,113.59200286865234
2022-03-24,116.21800231933594
2022-03-25,112.3740005493164
2022-03-28,116.552001953125
2022-03-29,119.55000305175781
2022-03-30,114.7979965209961
2022-03-31,111.37799835205078
2022-04-01,109.73799896240234
2022-04-04,114.96399688720703
2022-04-05,110.64399719238281
2022-04-06,105.58999633789062
2022-04-07,105.95600128173828
2022-04-08,103.12000274658203
2022-04-11,102.28399658203125
2022-04-12,102.04199981689453
2022-04-13,105.21399688720703
2022-04-14,101.46600341796875
2022-04-18,99.50599670410156
2022-04-19,102.87999725341797
2022-04-20,101.04399871826172
2022-04-21,98.33399963378906
2022-04-22,94.27999877929688
2022-04-25,94.4540023803711
2022-04-26,91.19999694824219
2022-04-27,93.25800323486328
2022-04-28,100.80400085449219
2022-04-29,95.62000274658203
2022-05-02,96.9000015258789
2022-05-03,96.37200164794922
2022-05-04,99.89199829101562
2022-05-05,93.86599731445312
2022-05-06,91.3479995727539
2022-05-09,85.17400360107422
2022-05-10,86.46399688720703
2022-05-11,84.0719985961914
2022-05-12,86.58799743652344
2022-05-13,90.52999877929688
2022-05-16,86.58599853515625
2022-05-17,86.56999969482422
2022-05-18,82.44999694824219
2022-05-19,85.35199737548828
2022-05-20,86.60600280761719
2022-05-23,86.02400207519531
2022-05-24,83.93000030517578
2022-05-25,90.45800018310547
2022-05-26,90.9739990234375
2022-05-27,95.25800323486328
2022-05-31,93.49400329589844
2022-06-01,95.0260009765625
2022-06-02,100.95999908447266
2022-06-03,98.49600219726562
2022-06-06,98.50800323486328
2022-06-07,101.28600311279297
2022-06-08,101.08399963378906
2022-06-09,98.44400024414062
2022-06-10,94.62999725341797
2022-06-13,88.0739974975586
2022-06-14,88.94999694824219
2022-06-15,93.19000244140625
2022-06-16,85.61599731445312
2022-06-17,88.75800323486328
2022-06-21,91.05400085449219
2022-06-22,91.7300033569336
2022-06-23,97.10600280761719
2022-06-24,100.81800079345703
2022-06-27,99.33999633789062
2022-06-28,94.68800354003906
2022-06-29,95.55799865722656
2022-06-30,95.10399627685547
2022-07-01,96.87200164794922
2022-07-05,99.18599700927734
2022-07-06,98.66200256347656
2022-07-07,99.41000366210938
2022-07-08,98.83000183105469
2022-07-11,98.08000183105469
2022-07-12,85.58799743652344
2022-07-13,84.55400085449219
2022-07-14,84.19400024414062
2022-07-15,87.1240005493164
2022-07-18,85.3479995727539
2022-07-19,87.18800354003906
2022-07-20,91.37000274658203
2022-07-21,92.05799865722656
2022-07-22,89.35399627685547
2022-07-25,88.0
2022-07-26,84.56400299072266
2022-07-27,89.72000122070312
2022-07-28,87.30000305175781
2022-07-29,89.33200073242188
2022-08-01,90.75399780273438
2022-08-02,90.88800048828125
2022-08-03,94.29000091552734
2022-08-04,98.5999984741211
2022-08-05,98.97000122070312
2022-08-08,98.98999786376953
2022-08-09,97.49199676513672
2022-08-10,103.23999786376953
2022-08-11,99.88999938964844
2022-08-12,101.302001953125
2022-08-15,100.81400299072266
2022-08-16,99.3479995727539
2022-08-17,97.75199890136719
2022-08-18,97.91999816894531
2022-08-19,95.25199890136719
2022-08-22,91.94200134277344
2022-08-23,91.99800109863281
2022-08-24,91.50399780273438
2022-08-25,93.20600128173828
2022-08-26,88.93800354003906
2022-08-29,87.15599822998047
2022-08-30,87.36799621582031
2022-08-31,86.92400360107422
2022-09-01,86.11199951171875
2022-09-02,86.9020004272461
2022-09-06,86.09400177001953
2022-09-07,88.83200073242188
2022-09-08,90.15399932861328
2022-09-09,94.00599670410156
2022-09-12,95.25800323486328
2022-09-13,90.47599792480469
2022-09-14,91.49800109863281
2022-09-15,87.11000061035156
2022-09-16,85.16000366210938
2022-09-19,85.01000213623047
2022-09-20,82.23999786376953
2022-09-21,80.28600311279297
2022-09-22,77.39399719238281
2022-09-23,75.40799713134766
2022-09-26,74.0199966430664
2022-09-27,75.79000091552734
2022-09-28,77.7699966430664
2022-09-29,77.0999984741211
2022-09-30,75.52200317382812
2022-10-03,78.34200286865234
2022-10-04,82.30999755859375
2022-10-05,84.11599731445312
2022-10-06,83.68599700927734
2022-10-07,80.24199676513672
2022-10-10,76.35600280761719
2022-10-11,74.26000213623047
2022-10-12,73.82599639892578
2022-10-13,72.37999725341797
2022-10-14,68.35199737548828
2022-10-17,69.72200012207031
2022-10-18,71.35800170898438
2022-10-19,71.08799743652344
2022-10-20,71.25199890136719
2022-10-21,72.13400268554688
2022-10-24,73.31199645996094
2022-10-25,75.33200073242188
2022-10-26,73.28199768066406
2022-10-27,83.13400268554688
2022-10-28,84.08000183105469
2022-10-31,84.14800262451172
2022-11-01,83.71199798583984
2022-11-02,78.53600311279297
2022-11-03,77.11199951171875
2022-11-04,72.3499984741211
2022-11-07,72.63999938964844
2022-11-08,74.22799682617188
2022-11-09,72.25399780273438
2022-11-10,80.81199645996094
2022-11-11,81.98200225830078
2022-11-14,80.08000183105469
2022-11-15,83.89600372314453
2022-11-16,82.44000244140625
2022-11-17,80.11599731445312
2022-11-18,79.8759994506836
2022-11-21,77.47599792480469
2022-11-22,80.05599975585938
2022-11-23,81.8740005493164
2022-11-25,81.44200134277344
2022-11-28,80.38600158691406
2022-11-29,79.37000274658203
2022-11-30,83.26000213623047
2022-12-01,85.12000274658203
2022-12-02,82.5739974975586
2022-12-05,78.4520034790039
2022-12-06,77.83000183105469
2022-12-07,77.7040023803711
2022-12-08,79.24600219726562
2022-12-09,78.71600341796875
2022-12-12,80.3280029296875
2022-12-13,83.23400115966797
2022-12-14,83.6780014038086
2022-12-15,80.12799835205078
2022-12-16,78.8740005493164
2022-12-19,76.45999908447266
2022-12-20,77.29399871826172
2022-12-21,78.38200378417969
2022-12-22,75.98799896240234
2022-12-23,76.37200164794922
2022-12-27,76.12799835205078
2022-12-28,75.20999908447266
2022-12-29,77.97000122070312
2022-12-30,77.65399932861328
2023-01-03,77.0999984741211
2023-01-04,78.7699966430664
2023-01-05,73.26399993896484
2023-01-06,73.30599975585938
2023-01-09,75.71199798583984
2023-01-10,76.16799926757812
2023-01-11,78.75599670410156
2023-01-12,82.6520004272461
2023-01-13,82.97799682617188
2023-01-17,83.64800262451172
2023-01-18,83.23999786376953
2023-01-19,85.68599700927734
2023-01-20,88.36599731445312
2023-01-23,88.48799896240234
2023-01-24,88.68199920654297
2023-01-25,89.75399780273438
2023-01-26,92.61399841308594
2023-01-27,91.77200317382812
2023-01-30,88.51399993896484
2023-01-31,91.0260009765625
2023-02-01,94.76200103759766
2023-02-02,98.25399780273438
2023-02-03,94.44400024414062
2023-02-06,91.04399871826172
2023-02-07,92.6520004272461
2023-02-08,92.7959976196289
2023-02-09,92.66000366210938
2023-02-10,91.6719970703125
2023-02-13,92.20800018310547
2023-02-14,92.2699966430664
2023-02-15,92.78199768066406
2023-02-16,90.73799896240234
2023-02-17,87.802001953125
2023-02-21,86.37200164794922
2023-02-22,87.96800231933594
2023-02-23,88.34200286865234
2023-02-24,85.11799621582031
2023-02-27,85.71399688720703
2023-02-28,86.43399810791016
2023-03-01,85.78800201416016
2023-03-02,87.20800018310547
2023-03-03,88.7959976196289
2023-03-06,89.2040023803711
2023-03-07,88.96199798583984
2023-03-08,89.39399719238281
2023-03-09,85.69999694824219
2023-03-10,83.01599884033203
2023-03-13,82.98600006103516
2023-03-14,84.90799713134766
2023-03-15,84.4520034790039
2023-03-16,88.47799682617188
2023-03-17,88.19999694824219
2023-03-20,87.02999877929688
2023-03-21,89.09200286865234
2023-03-22,86.7020034790039
2023-03-23,88.09400177001953
2023-03-24,86.58000183105469
2023-03-27,86.26200103759766
2023-03-28,85.81600189208984
2023-03-29,87.68800354003906
2023-03-30,87.9260025024414
2023-03-31,92.94400024414062
2023-04-03,92.89800262451172
2023-04-04,95.20999908447266
2023-04-05,93.46600341796875
2023-04-06,94.6259994506836
2023-04-10,94.52799987792969
2023-04-11,93.96399688720703
2023-04-12,94.28600311279297
2023-04-13,96.69999694824219
2023-04-14,92.60600280761719
2023-04-17,94.11000061035156
2023-04-18,95.197998046875
2023-04-19,95.11799621582031
2023-04-20,93.53800201416016
2023-04-21,94.66200256347656
2023-04-24,94.5999984741211
2023-04-25,88.45600128173828
2023-04-26,90.80599975585938
2023-04-27,90.86799621582031
2023-04-28,91.88400268554688
2023-05-01,90.08200073242188
2023-05-02,88.73600006103516
2023-05-03,87.41600036621094
2023-05-04,86.10199737548828
2023-05-05,86.95999908447266
2023-05-08,87.7979965209961
2023-05-09,88.27799987792969
2023-05-10,90.8280029296875
2023-05-11,90.51399993896484
2023-05-12,91.04000091552734
2023-05-15,92.62799835205078
2023-05-16,93.64800262451172
2023-05-17,98.58399963378906
2023-05-18,102.03399658203125
2023-05-19,102.05999755859375
2023-05-22,102.27799987792969
2023-05-23,100.02799987792969
2023-05-24,100.51000213623047
2023-05-25,106.35600280761719
2023-05-26,107.49199676513672
2023-05-30,109.8239974975586
2023-05-31,108.95600128173828
2023-06-01,108.59200286865234
2023-06-02,109.63600158691406
2023-06-05,111.34200286865234
2023-06-06,111.16000366210938
2023-06-07,105.66400146484375
2023-06-08,107.06800079345703
2023-06-09,106.80599975585938
2023-06-12,109.2699966430664
2023-06-13,110.94400024414062
2023-06-14,113.46199798583984
2023-06-15,114.8740005493164
2023-06-16,113.09600067138672
2023-06-20,111.89800262451172
2023-06-21,109.36000061035156
2023-06-22,109.9739990234375
2023-06-23,108.5979995727539
2023-06-26,107.59400177001953
2023-06-27,107.99199676513672
2023-06-28,109.73400115966797
2023-06-29,109.61599731445312
2023-06-30,112.39399719238281
2023-07-03,112.5739974975586
2023-07-05,113.1520004272461
2023-07-06,111.16600036621094
2023-07-07,110.59600067138672
2023-07-10,113.12000274658203
2023-07-11,112.28800201416016
2023-07-12,112.26799774169922
2023-07-13,115.48999786376953
2023-07-14,116.07599639892578
2023-07-17,118.47599792480469
2023-07-18,119.4260025024414
2023-07-19,120.6500015258789
2023-07-20,115.7760009765625
2023-07-21,116.40399932861328
2023-07-24,115.60800170898438
2023-07-25,116.47599792480469
2023-07-26,115.4540023803711
2023-07-27,111.97799682617188
2023-07-28,113.90799713134766
2023-07-31,116.5999984741211
2023-08-01,118.0780029296875
2023-08-02,112.63400268554688
2023-08-03,112.08000183105469
2023-08-04,110.32599639892578
2023-08-07,110.97799682617188
2023-08-08,110.56600189208984
2023-08-09,110.06600189208984
2023-08-10,111.0
2023-08-11,111.48799896240234
2023-08-14,113.24199676513672
2023-08-15,111.91999816894531
2023-08-16,109.9000015258789
2023-08-17,108.72799682617188
2023-08-18,108.30000305175781
2023-08-21,110.94000244140625
2023-08-22,112.36399841308594
2023-08-23,113.5999984741211
2023-08-24,109.90799713134766
2023-08-25,112.7300033569336
2023-08-28,113.66200256347656
2023-08-29,115.77400207519531
2023-08-30,117.64800262451172
2023-08-31,117.76599884033203
2023-09-01,118.1760025024414
2023-09-05,119.43199920654297
2023-09-06,119.7020034790039
2023-09-07,119.86399841308594
2023-09-08,120.01399993896484
2023-09-11,121.18800354003906
2023-09-12,117.76799774169922
2023-09-13,118.2760009765625
2023-09-14,118.02200317382812
2023-09-15,115.91600036621094
2023-09-18,115.7020034790039
2023-09-19,114.46600341796875
2023-09-20,114.11000061035156
2023-09-21,109.90599822998047
2023-09-22,110.81800079345703
2023-09-25,111.89600372314453
2023-09-26,108.9260025024414
2023-09-27,109.2760009765625
2023-09-28,110.7040023803711
2023-09-29,111.79199981689453
2023-10-02,111.0459976196289
2023-10-03,108.24800109863281
2023-10-04,109.72799682617188
2023-10-05,109.43399810791016
2023-10-06,112.14399719238281
2023-10-09,112.88600158691406
2023-10-10,111.66000366210938
2023-10-11,111.73400115966797
2023-10-12,112.02999877929688
2023-10-13,109.93199920654297
2023-10-16,110.32599639892578
2023-10-17,113.69400024414062
2023-10-18,110.13600158691406
2023-10-19,111.99600219726562
2023-10-20,108.50199890136719
2023-10-23,108.2760009765625
2023-10-24,110.87799835205078
2023-10-25,106.03399658203125
2023-10-26,110.19000244140625
2023-10-27,110.802001953125
2023-10-30,113.70800018310547
2023-10-31,116.37000274658203
2023-11-01,118.69599914550781
2023-11-02,119.88600158691406
2023-11-03,121.35199737548828
2023-11-06,121.8499984741211
2023-11-07,122.78199768066406
2023-11-08,125.06600189208984
2023-11-09,123.9520034790039
2023-11-10,126.9520034790039
2023-11-13,127.68199920654297
2023-11-14,130.83399963378906
2023-11-15,130.17999267578125
2023-11-16,130.45599365234375
2023-11-17,130.8719940185547
2023-11-20,133.38400268554688
2023-11-21,133.67999267578125
2023-11-22,133.9320068359375
2023-11-24,134.77999877929688
2023-11-27,134.11000061035156
2023-11-28,133.04800415039062
2023-11-29,135.78599548339844
2023-11-30,137.1479949951172
2023-12-01,138.1580047607422
2023-12-04,137.5240020751953
2023-12-05,137.6439971923828
2023-12-06,137.24600219726562
2023-12-07,137.53599548339844
2023-12-08,139.8159942626953
2023-12-11,141.0240020751953
2023-12-12,143.29600524902344
2023-12-13,143.1280059814453
2023-12-14,136.0780029296875
2023-12-15,139.6479949951172
2023-12-18,140.74400329589844
2023-12-19,141.54200744628906
2023-12-20,138.75999450683594
2023-12-21,140.15199279785156
2023-12-22,139.50999450683594
2023-12-26,140.24600219726562
2023-12-27,140.7519989013672
2023-12-28,140.49200439453125
2023-12-29,141.29800415039062
2024-01-02,137.50399780273438
2024-01-03,135.05999755859375
2024-01-04,134.37399291992188
2024-01-05,135.23199462890625
2024-01-08,139.2519989013672
2024-01-09,139.73399353027344
2024-01-10,142.86000061035156
2024-01-11,145.29200744628906
2024-01-12,145.83599853515625
2024-01-16,145.51199340820312
2024-01-17,145.50799560546875
2024-01-18,149.19200134277344
2024-01-19,149.82200622558594
2024-01-22,150.49000549316406
2024-01-23,150.6840057373047
2024-01-24,152.6840057373047
2024-01-25,153.33799743652344
2024-01-26,153.88800048828125
2024-01-29,157.447998046875
2024-01-30,157.14599609375
2024-01-31,153.0800018310547
2024-02-01,154.1999969482422
2024-02-02,156.25999450683594
2024-02-05,156.96800231933594
2024-02-06,155.49000549316406
2024-02-07,158.0780029296875
2024-02-08,159.8820037841797
2024-02-09,162.58799743652344
2024-02-12,157.47000122070312
2024-02-13,154.7519989013672
2024-02-14,158.39999389648438
2024-02-15,156.0
2024-02-16,153.0
2024-02-20,150.5679931640625
2024-02-21,149.58799743652344
2024-02-22,153.8419952392578
2024-02-23,154.19400024414062
2024-02-26,155.9320068359375
2024-02-27,153.42799377441406
2024-02-28,151.95799255371094
2024-02-29,154.26800537109375
2024-03-01,154.7259979248047
2024-03-04,155.21800231933594
2024-03-05,148.02999877929688
2024-03-06,148.21200561523438
2024-03-07,153.61599731445312
2024-03-08,151.53599548339844
2024-03-11,151.34800720214844
2024-03-12,157.91200256347656
2024-03-13,155.37600708007812
2024-03-14,155.8979949951172
2024-03-15,148.78199768066406
2024-03-18,151.16000366210938
2024-03-19,151.38800048828125
2024-03-20,153.51199340820312
2024-03-21,154.63600158691406
2024-03-22,154.8300018310547
2024-03-25,154.92799377441406
2024-03-26,155.71400451660156
2024-03-27,151.8000030517578
2024-03-28,152.47999572753906
2024-04-01,153.6739959716797
2024-04-02,151.39999389648438
2024-04-03,151.83200073242188
2024-04-04,151.50999450683594
2024-04-05,156.6999969482422
2024-04-08,157.1199951171875
2024-04-09,156.44400024414062
2024-04-10,153.83799743652344
2024-04-11,154.26800537109375
2024-04-12,153.74200439453125
2024-04-15,147.16200256347656
2024-04-16,148.95599365234375
2024-04-17,147.2899932861328
2024-04-18,146.27200317382812
2024-04-19,142.78199768066406
2024-04-22,144.38999938964844
2024-04-23,148.19000244140625
2024-04-24,149.25799560546875
2024-04-25,143.25
2024-04-26,144.7100067138672
2024-04-29,144.23199462890625
2024-04-30,138.66600036621094
2024-05-01,137.1219940185547
2024-05-02,139.1439971923828
2024-05-03,143.3300018310547
2024-05-06,145.31199645996094
2024-05-07,142.66600036621094
2024-05-08,144.20599365234375
2024-05-09,144.58799743652344
2024-05-10,145.95799255371094
2024-05-13,146.0240020751953
2024-05-14,144.32400512695312
2024-05-15,152.11399841308594
2024-05-16,151.6020050048828
2024-05-17,153.00999450683594
2024-05-20,154.83599853515625
2024-05-21,155.41000366210938
2024-05-22,154.16600036621094
2024-05-23,151.6300048828125
2024-05-24,147.70199584960938
2024-05-28,145.77200317382812
2024-05-29,146.2239990234375
2024-05-30,128.6580047607422
2024-05-31,131.38600158691406
2024-06-03,132.02200317382812
2024-06-04,134.39999389648438
2024-06-05,140.82200622558594
2024-06-06,140.6320037841797
2024-06-07,139.76199340820312
2024-06-10,141.8300018310547
2024-06-11,142.4080047607422
2024-06-12,144.3000030517578
2024-06-13,141.95199584960938
2024-06-14,145.71600341796875
2024-06-17,145.10000610351562
2024-06-18,146.03399658203125
2024-06-20,146.86199951171875
2024-06-21,149.86599731445312
2024-06-24,147.91799926757812
2024-06-25,150.96200561523438
2024-06-26,150.78199768066406
2024-06-27,154.8260040283203
2024-06-28,157.33399963378906
2024-07-01,157.79200744628906
2024-07-02,158.82200622558594
2024-07-03,157.1840057373047
2024-07-05,161.29400634765625
2024-07-08,153.24000549316406
2024-07-09,148.802001953125
2024-07-10,148.6300048828125
2024-07-11,149.8280029296875
2024-07-12,151.697998046875
2024-07-15,153.57000732421875
2024-07-16,152.1580047607422
2024-07-17,147.21400451660156
2024-07-18,147.75399780273438
2024-07-19,150.24000549316406
2024-07-22,151.3000030517578
2024-07-23,153.10400390625
2024-07-24,146.1739959716797
2024-07-25,165.75799560546875
2024-07-26,165.52200317382812
2024-07-29,159.81199645996094
2024-07-30,159.75999450683594
2024-07-31,162.8780059814453
2024-08-01,162.2760009765625
2024-08-02,158.1280059814453
2024-08-05,156.25399780273438
2024-08-06,158.58999633789062
2024-08-07,155.25599670410156
2024-08-08,159.22799682617188
2024-08-09,162.21600341796875
2024-08-12,161.32400512695312
2024-08-13,163.75999450683594
2024-08-14,163.8040008544922
2024-08-15,166.4219970703125
2024-08-16,165.51199340820312
2024-08-19,166.5760040283203
2024-08-20,167.6439971923828
2024-08-21,167.83599853515625
2024-08-22,164.18600463867188
2024-08-23,165.6540069580078
2024-08-26,165.57200622558594
2024-08-27,166.34800720214844
2024-08-28,162.82200622558594
2024-08-29,166.25399780273438
2024-08-30,171.0
2024-09-03,167.1719970703125
2024-09-04,166.96600341796875
2024-09-05,167.0800018310547
2024-09-06,165.00799560546875
2024-09-09,171.11599731445312
2024-09-10,172.02999877929688
2024-09-11,175.19200134277344
2024-09-12,177.2259979248047
2024-09-13,175.7899932861328
2024-09-16,178.49200439453125
2024-09-17,177.16600036621094
2024-09-18,178.0780029296875
2024-09-19,183.85000610351562
2024-09-20,187.4720001220703
2024-09-23,185.11000061035156
2024-09-24,184.72000122070312
2024-09-25,178.00599670410156
2024-09-26,176.9720001220703
2024-09-27,176.35800170898438
2024-09-30,178.8780059814453
2024-10-01,173.43600463867188
2024-10-02,176.08200073242188
2024-10-03,178.1280059814453
2024-10-04,183.53599548339844
2024-10-07,181.18800354003906
2024-10-08,184.39999389648438
2024-10-09,187.72999572753906
2024-10-10,188.92599487304688
2024-10-11,187.71800231933594
2024-10-14,188.93800354003906
2024-10-15,185.5919952392578
2024-10-16,183.7740020751953
2024-10-17,183.4239959716797
2024-10-18,184.35000610351562
2024-10-21,183.66799926757812
2024-10-22,183.58999633789062
2024-10-23,181.53599548339844
2024-10-24,191.3159942626953
2024-10-25,190.1699981689453
2024-10-28,189.0
2024-10-29,190.61599731445312
2024-10-30,190.0
2024-10-31,186.59800720214844
2024-11-01,188.6820068359375
2024-11-04,190.91799926757812
2024-11-05,194.20799255371094
2024-11-06,198.89599609375
2024-11-07,203.05599975585938
2024-11-08,201.61599731445312
2024-11-11,207.20199584960938
2024-11-12,209.6580047607422
2024-11-13,209.11000061035156
2024-11-14,207.9600067138672
2024-11-15,202.2779998779297
2024-11-18,201.0679931640625
2024-11-19,204.4199981689453
2024-11-20,204.5959930419922
2024-11-21,209.41000366210938
2024-11-22,212.1199951171875
2024-11-25,210.54200744628906
2024-11-26,214.01400756835938
2024-11-27,208.27999877929688
2024-11-29,209.88800048828125
2024-12-02,209.68600463867188
2024-12-03,211.46400451660156
2024-12-04,224.62600708007812
2024-12-05,224.74400329589844
2024-12-06,224.8679962158203
2024-12-09,224.0959930419922
2024-12-10,225.5679931640625
2024-12-11,229.43600463867188
2024-12-12,229.6840057373047
2024-12-13,224.22000122070312
2024-12-16,225.98599243164062
2024-12-17,222.94400024414062
2024-12-18,212.197998046875
2024-12-19,214.9739990234375
2024-12-20,218.25
2024-12-23,217.65199279785156
2024-12-24,221.11199951171875
2024-12-26,219.82200622558594
2024-12-27,216.29200744628906
2024-12-30,213.5399932861328
2024-12-31,212.0240020751953
2025-01-02,210.8679962158203
2025-01-03,214.75399780273438
2025-01-06,215.41000366210938
2025-01-07,210.8300018310547
2025-01-08,209.8159942626953
2025-01-10,204.91400146484375
2025-01-13,203.1479949951172
2025-01-14,206.25799560546875
2025-01-15,210.8260040283203
2025-01-16,211.4320068359375
2025-01-17,214.29600524902344
2025-01-21,219.3699951171875
2025-01-22,225.03399658203125
2025-01-23,226.83999633789062
2025-01-24,224.99600219726562
2025-01-27,228.12399291992188
2025-01-28,234.0780029296875
2025-01-29,228.7259979248047
2025-01-30,202.5500030517578
2025-01-31,203.67599487304688
2025-02-03,204.18800354003906
2025-02-04,202.0260009765625
2025-02-05,205.41200256347656
2025-02-06,204.66000366210938
2025-02-07,201.6580047607422
2025-02-10,204.36199951171875
2025-02-11,201.80999755859375
2025-02-12,196.47999572753906
2025-02-13,197.89599609375
2025-02-14,197.3260040283203
2025-02-18,199.49600219726562
2025-02-19,197.42799377441406
2025-02-20,193.5959930419922
2025-02-21,187.6820068359375
2025-02-24,185.51600646972656
2025-02-25,184.45799255371094
2025-02-26,188.39199829101562
2025-02-27,184.19200134277344
2025-02-28,185.95199584960938
2025-03-03,182.06199645996094
2025-03-04,181.21800231933594
2025-03-05,183.1580047607422
2025-03-06,173.41799926757812
2025-03-07,170.12600708007812
2025-03-10,156.76600646972656
2025-03-11,161.67999267578125
2025-03-12,168.6280059814453
2025-03-13,162.32400512695312
2025-03-14,168.86599731445312
2025-03-17,168.58599853515625
2025-03-18,166.0
2025-03-19,168.82400512695312
2025-03-20,164.82400512695312
2025-03-21,165.5500030517578
2025-03-24,169.9459991455078
2025-03-25,172.2760009765625
2025-03-26,167.7100067138672
2025-03-27,165.54800415039062
2025-03-28,159.552001953125
2025-03-31,159.22799682617188
2025-04-01,162.31199645996094
2025-04-02,164.80599975585938
2025-04-03,154.81399536132812
2025-04-04,144.3300018310547
2025-04-07,147.10000610351562
2025-04-08,145.52000427246094
2025-04-09,165.19000244140625
2025-04-10,156.697998046875
2025-04-11,157.13400268554688
2025-04-14,159.96400451660156
2025-04-15,163.3000030517578
2025-04-16,159.33200073242188
2025-04-17,154.4320068359375
2025-04-21,151.197998046875
2025-04-22,153.36599731445312
2025-04-23,162.5399932861328
2025-04-24,187.71400451660156
2025-04-25,189.052001953125
2025-04-28,187.48199462890625
2025-04-29,188.57200622558594
2025-04-30,191.0019989013672
2025-05-01,191.58999633789062
2025-05-02,195.4720001220703
2025-05-05,195.61000061035156
2025-05-06,193.052001953125
2025-05-07,196.6580047607422
2025-05-08,194.8979949951172
2025-05-09,196.01199340820312
2025-05-12,203.1199951171875
2025-05-13,207.343994140625
2025-05-14,205.36399841308594
2025-05-15,207.03599548339844
2025-05-16,208.03599548339844
2025-05-19,205.14999389648438
2025-05-20,204.3679962158203
2025-05-21,202.95199584960938
2025-05-22,203.1540069580078
2025-05-23,200.87399291992188
2025-05-27,205.47799682617188
2025-05-28,204.25999450683594
2025-05-29,203.04600524902344
2025-05-30,202.21800231933594
2025-06-02,202.4219970703125
2025-06-03,202.17599487304688
2025-06-04,202.54800415039062
2025-06-05,203.52000427246094
2025-06-06,206.04200744628906
2025-06-09,205.3719940185547
2025-06-10,201.95799255371094
2025-06-11,200.86599731445312
2025-06-12,201.4739990234375
2025-06-13,197.73199462890625
2025-06-16,201.0260009765625
2025-06-17,200.98199462890625
2025-06-18,196.41600036621094
2025-06-20,194.28199768066406
2025-06-23,196.0800018310547
2025-06-24,199.26400756835938
2025-06-25,201.03199768066406
2025-06-26,202.28799438476562
2025-06-27,204.48399353027344
2025-06-30,205.61599731445312
2025-07-01,202.3780059814453
2025-07-02,201.95199584960938
2025-07-03,208.93800354003906
2025-07-07,207.0019989013672
2025-07-08,204.5959930419922
2025-07-09,202.74200439453125
2025-07-10,193.6179962158203
2025-07-11,187.75599670410156
2025-07-14,192.3560028076172
2025-07-15,191.38400268554688
2025-07-16,193.3939971923828
2025-07-17,191.8300018310547
2025-07-18,192.67999267578125
2025-07-21,191.98199462890625
2025-07-22,192.4739990234375
2025-07-23,191.28599548339844
2025-07-24,199.23599243164062
2025-07-25,193.75799560546875
2025-07-28,197.14999389648438
2025-07-29,198.63999938964844
2025-07-30,195.49600219726562
2025-07-31,188.62399291992188
2025-08-01,182.87399291992188
2025-08-04,184.60000610351562
2025-08-05,181.0240020751953
2025-08-06,182.46200561523438
2025-08-07,174.82400512695312
2025-08-08,174.5019989013672
2025-08-11,171.2740020751953
2025-08-12,170.68600463867188
2025-08-13,172.66000366210938
2025-08-14,170.1719970703125
2025-08-15,173.447998046875
2025-08-18,178.41000366210938
2025-08-19,177.3560028076172
2025-08-20,178.0500030517578
2025-08-21,175.3939971923828
2025-08-22,177.35000610351562
2025-08-25,175.98800659179688
2025-08-26,172.9320068359375
2025-08-27,177.5959930419922
2025-08-28,185.72000122070312
2025-08-29,183.49200439453125
2025-09-02,182.28399658203125
2025-09-03,183.87600708007812
2025-09-04,179.71200561523438
2025-09-05,182.75999450683594
2025-09-08,187.86599731445312
2025-09-09,186.73399353027344
2025-09-10,184.71400451660156
2025-09-11,187.656005859375
2025-09-12,185.79200744628906
2025-09-15,189.48399353027344
2025-09-16,186.40199279785156
2025-09-17,190.07400512695312
2025-09-18,189.54800415039062
2025-09-19,192.22999572753906
2025-09-22,189.55599975585938
2025-09-23,185.53399658203125
2025-09-24,186.6739959716797
2025-09-25,183.7220001220703
2025-09-26,187.1999969482422
2025-09-29,188.1699981689453
2025-09-30,184.05599975585938
2025-10-01,182.48599243164062
2025-10-02,182.02000427246094
2025-10-03,182.4720001220703
2025-10-06,182.5679931640625
2025-10-07,180.84800720214844
2025-10-08,182.86399841308594
2025-10-09,183.58999633789062
2025-10-10,177.74200439453125
2025-10-13,184.74000549316406
2025-10-14,182.2519989013672
2025-10-15,180.61000061035156
2025-10-16,178.8979949951172
2025-10-17,180.72000122070312
2025-10-20,183.50999450683594
2025-10-21,188.3000030517578
2025-10-22,187.1300048828125
2025-10-23,187.83399963378906
2025-10-24,186.03399658203125
2025-10-27,189.25799560546875
2025-10-28,187.58200073242188
2025-10-29,182.33999633789062
2025-10-30,186.93600463867188
2025-10-31,183.8560028076172
2025-11-03,182.76800537109375
2025-11-04,177.51400756835938
2025-11-05,175.92599487304688
2025-11-06,171.75399780273438
2025-11-07,172.37399291992188
2025-11-10,173.25999450683594
2025-11-11,172.13400268554688
2025-11-12,172.80799865722656
2025-11-13,169.93800354003906
2025-11-14,170.08599853515625
2025-11-17,167.1580047607422
2025-11-18,163.593994140625
2025-11-19,163.2899932861328
2025-11-20,160.0919952392578
2025-11-21,162.68600463867188
2025-11-24,163.16799926757812
2025-11-25,165.06199645996094
2025-11-26,160.54400634765625
2025-11-28,162.48199462890625
2025-12-01,164.41400146484375
2025-12-02,164.87600708007812
2025-12-03,166.5800018310547
2025-12-04,167.7740020751953
2025-12-05,170.8719940185547
2025-12-08,170.70399475097656
2025-12-09,170.98199462890625
2025-12-10,170.71200561523438
2025-12-11,173.4980010986328
2025-12-12,173.01199340820312
2025-12-15,153.0399932861328
2025-12-16,156.2239990234375
2025-12-17,156.47799682617188
2025-12-18,153.3800048828125
2025-12-19,155.30999755859375
2025-12-22,156.67999267578125
2025-12-23,154.36000061035156
2025-12-24,152.58999633789062
2025-12-26,153.88999938964844
2025-12-29,154.5800018310547
2025-12-30,154.22999572753906
