Date,SYF
2014-07-31,18.204959869384766
2014-08-01,18.204959869384766
2014-08-04,18.204959869384766
2014-08-05,18.204959869384766
2014-08-06,18.189119338989258
2014-08-07,18.149551391601562
2014-08-08,18.165376663208008
2014-08-11,18.149551391601562
2014-08-12,18.204959869384766
2014-08-13,18.347421646118164
2014-08-14,18.212871551513672
2014-08-15,18.204959869384766
2014-08-18,18.339515686035156
2014-08-19,19.320999145507812
2014-08-20,19.938385009765625
2014-08-21,20.0966854095459
2014-08-22,20.072938919067383
2014-08-25,19.882976531982422
2014-08-26,19.827571868896484
2014-08-27,20.16000747680664
2014-08-28,20.33414077758789
2014-08-29,20.413293838500977
2014-09-02,20.413293838500977
2014-09-03,20.413293838500977
2014-09-04,20.342056274414062
2014-09-05,20.3974666595459
2014-09-08,19.66135025024414
2014-09-09,19.81964874267578
2014-09-10,19.550540924072266
2014-09-11,19.51096534729004
2014-09-12,19.39223289489746
2014-09-15,19.11520004272461
2014-09-16,19.24184799194336
2014-09-17,19.43181037902832
2014-09-18,19.52678871154785
2014-09-19,20.112518310546875
2014-09-22,19.66135025024414
2014-09-23,19.45555877685547
2014-09-24,19.72467041015625
2014-09-25,19.495132446289062
2014-09-26,19.605945587158203
2014-09-29,19.550540924072266
2014-09-30,19.43181037902832
2014-10-01,19.170610427856445
2014-10-02,19.45555877685547
2014-10-03,19.6534366607666
2014-10-06,19.787996292114258
2014-10-07,19.669261932373047
2014-10-08,19.803821563720703
2014-10-09,19.43181037902832
2014-10-10,19.154781341552734
2014-10-13,19.360570907592773
2014-10-14,19.669261932373047
2014-10-15,19.40806770324707
2014-10-16,19.47138214111328
2014-10-17,19.613859176635742
2014-10-20,19.558454513549805
2014-10-21,19.92255210876465
2014-10-22,20.088764190673828
2014-10-23,20.429128646850586
2014-10-24,20.66658592224121
2014-10-27,20.9990177154541
2014-10-28,21.252304077148438
2014-10-29,21.37104034423828
2014-10-30,21.204816818237305
2014-10-31,21.38686180114746
2014-11-03,21.640151977539062
2014-11-04,21.378952026367188
2014-11-05,21.7430477142334
2014-11-06,21.83011245727539
2014-11-07,22.281286239624023
2014-11-10,22.772022247314453
2014-11-11,23.0411434173584
2014-11-12,22.97781753540039
2014-11-13,22.9461612701416
2014-11-14,22.9936466217041
2014-11-17,23.05696678161621
2014-11-18,22.914499282836914
2014-11-19,22.906587600708008
2014-11-20,23.144031524658203
2014-11-21,23.08863067626953
2014-11-24,22.930328369140625
2014-11-25,22.684961318969727
2014-11-26,22.795766830444336
2014-11-28,22.96198844909668
2014-12-01,22.85909080505371
2014-12-02,22.9936466217041
2014-12-03,22.954072952270508
2014-12-04,23.072797775268555
2014-12-05,23.151954650878906
2014-12-08,23.357746124267578
2014-12-09,23.365659713745117
2014-12-10,23.468564987182617
2014-12-11,23.365659713745117
2014-12-12,22.954072952270508
2014-12-15,22.661211013793945
2014-12-16,22.510822296142578
2014-12-17,22.874927520751953
2014-12-18,23.547704696655273
2014-12-19,23.74559211730957
2014-12-22,23.62686538696289
2014-12-23,23.74559211730957
2014-12-24,23.832660675048828
2014-12-26,24.1413516998291
2014-12-29,24.109691619873047
2014-12-30,23.74559211730957
2014-12-31,23.547704696655273
2015-01-02,23.334001541137695
2015-01-05,23.151954650878906
2015-01-06,22.835350036621094
2015-01-07,23.112380981445312
2015-01-08,23.72976303100586
2015-01-09,23.508142471313477
2015-01-12,23.373579025268555
2015-01-13,23.516056060791016
2015-01-14,23.072797775268555
2015-01-15,22.574142456054688
2015-01-16,22.9461612701416
2015-01-20,23.033226013183594
2015-01-21,23.09654426574707
2015-01-22,22.9936466217041
2015-01-23,24.51336669921875
2015-01-26,24.798311233520508
2015-01-27,24.790401458740234
2015-01-28,24.7349910736084
2015-01-29,24.719165802001953
2015-01-30,24.426300048828125
2015-02-02,24.66375732421875
2015-02-03,24.640005111694336
2015-02-04,24.7349910736084
2015-02-05,25.328630447387695
2015-02-06,25.43943977355957
2015-02-09,25.64523696899414
2015-02-10,26.207223892211914
2015-02-11,26.55548667907715
2015-02-12,26.602983474731445
2015-02-13,25.961843490600586
2015-02-17,25.265310287475586
2015-02-18,25.257396697998047
2015-02-19,25.233652114868164
2015-02-20,25.795631408691406
2015-02-23,25.819377899169922
2015-02-24,25.613576889038086
2015-02-25,25.55817222595215
2015-02-26,25.684816360473633
2015-02-27,25.289052963256836
2015-03-02,25.29697036743164
2015-03-03,25.43943977355957
2015-03-04,25.241565704345703
2015-03-05,25.29697036743164
2015-03-06,24.695419311523438
2015-03-09,25.31280517578125
2015-03-10,24.61626434326172
2015-03-11,24.972450256347656
2015-03-12,25.241565704345703
2015-03-13,25.186159133911133
2015-03-16,25.289052963256836
2015-03-17,25.51068115234375
2015-03-18,25.265310287475586
2015-03-19,25.621488571166992
2015-03-20,25.526514053344727
2015-03-23,25.154495239257812
2015-03-24,25.051597595214844
2015-03-25,24.473787307739258
2015-03-26,24.228416442871094
2015-03-27,23.79307746887207
2015-03-30,23.97513198852539
2015-03-31,24.02262306213379
2015-04-01,24.07011604309082
2015-04-02,24.228416442871094
2015-04-06,23.618947982788086
2015-04-07,23.55562400817871
2015-04-08,23.721851348876953
2015-04-09,23.856407165527344
2015-04-10,24.212589263916016
2015-04-13,24.25217056274414
2015-04-14,24.157182693481445
2015-04-15,24.283828735351562
2015-04-16,24.355064392089844
2015-04-17,24.157182693481445
2015-04-20,24.457956314086914
2015-04-21,24.695419311523438
2015-04-22,24.568771362304688
2015-04-23,24.505447387695312
2015-04-24,24.39463233947754
2015-04-27,24.236331939697266
2015-04-28,24.267995834350586
2015-04-29,24.33131217956543
2015-04-30,24.655845642089844
2015-05-01,24.948699951171875
2015-05-04,25.09909439086914
2015-05-05,25.281145095825195
2015-05-06,25.39986801147461
2015-05-07,25.843114852905273
2015-05-08,26.2784481048584
2015-05-11,26.033084869384766
2015-05-12,26.215131759643555
2015-05-13,26.040998458862305
2015-05-14,25.93810272216797
2015-05-15,25.17824363708496
2015-05-18,25.201988220214844
2015-05-19,25.376123428344727
2015-05-20,25.843114852905273
2015-05-21,25.70064353942871
2015-05-22,25.72439193725586
2015-05-26,25.423612594604492
2015-05-27,25.692731857299805
2015-05-28,25.748136520385742
2015-05-29,25.55817222595215
2015-06-01,25.653152465820312
2015-06-02,25.843114852905273
2015-06-03,26.26262855529785
2015-06-04,25.92227554321289
2015-06-05,25.961843490600586
2015-06-08,25.843114852905273
2015-06-09,26.009347915649414
2015-06-10,26.35760498046875
2015-06-11,26.29429054260254
2015-06-12,26.215131759643555
2015-06-15,26.09640884399414
2015-06-16,25.72439193725586
2015-06-17,25.92227554321289
2015-06-18,25.977680206298828
2015-06-19,26.05682373046875
2015-06-22,26.048913955688477
2015-06-23,26.11223030090332
2015-06-24,25.930187225341797
2015-06-25,25.969762802124023
2015-06-26,25.882699966430664
2015-06-29,25.51068115234375
2015-06-30,26.064746856689453
2015-07-01,26.373441696166992
2015-07-02,26.230958938598633
2015-07-06,25.72439193725586
2015-07-07,25.72439193725586
2015-07-08,25.336545944213867
2015-07-09,25.803544998168945
2015-07-10,26.17555809020996
2015-07-13,26.397186279296875
2015-07-14,26.729625701904297
2015-07-15,27.022483825683594
2015-07-16,27.014570236206055
2015-07-17,27.766510009765625
2015-07-20,28.486799240112305
2015-07-21,28.18602180480957
2015-07-22,28.24142837524414
2015-07-23,28.20185089111328
2015-07-24,27.44990348815918
2015-07-27,27.402416229248047
2015-07-28,27.093713760375977
2015-07-29,27.29159164428711
2015-07-30,27.386585235595703
2015-07-31,27.19662094116211
2015-08-03,27.19662094116211
2015-08-04,27.23619270324707
2015-08-05,27.354923248291016
2015-08-06,27.014570236206055
2015-08-07,26.895837783813477
2015-08-10,27.402416229248047
2015-08-11,27.441991806030273
2015-08-12,27.671531677246094
2015-08-13,27.829833984375
2015-08-14,27.81400489807129
2015-08-17,27.95647621154785
2015-08-18,27.81400489807129
2015-08-19,27.671531677246094
2015-08-20,27.19662094116211
2015-08-21,26.69005012512207
2015-08-24,26.2388916015625
2015-08-25,26.11223030090332
2015-08-26,25.85894775390625
2015-08-27,25.58983612060547
2015-08-28,25.843114852905273
2015-08-31,26.080581665039062
2015-09-01,25.09909439086914
2015-09-02,25.16241455078125
2015-09-03,25.479019165039062
2015-09-04,25.012027740478516
2015-09-08,25.550260543823242
2015-09-09,25.431528091430664
2015-09-10,25.39986801147461
2015-09-11,24.798311233520508
2015-09-14,24.671674728393555
2015-09-15,24.63210105895996
2015-09-16,24.442134857177734
2015-09-17,24.355064392089844
2015-09-18,24.1888427734375
2015-09-21,24.434215545654297
2015-09-22,24.204675674438477
2015-09-23,24.584606170654297
2015-09-24,24.402549743652344
2015-09-25,24.56085968017578
2015-09-28,24.66375732421875
2015-09-29,24.568771362304688
2015-09-30,24.774568557739258
2015-10-01,24.8378849029541
2015-10-02,25.186159133911133
2015-10-05,26.365528106689453
2015-10-06,25.961843490600586
2015-10-07,25.431528091430664
2015-10-08,25.613576889038086
2015-10-09,25.6373233795166
2015-10-12,25.59775161743164
2015-10-13,25.186159133911133
2015-10-14,24.95661735534668
2015-10-15,24.790401458740234
2015-10-16,23.864320755004883
2015-10-19,24.806230545043945
2015-10-20,25.59775161743164
2015-10-21,25.692731857299805
2015-10-22,25.194074630737305
2015-10-23,25.083255767822266
2015-10-26,24.85371971130371
2015-10-27,25.114917755126953
2015-10-28,24.89330291748047
2015-10-29,24.473787307739258
2015-10-30,24.347150802612305
2015-11-02,24.798311233520508
2015-11-03,25.67690086364746
2015-11-04,25.3919620513916
2015-11-05,25.81145668029785
2015-11-06,26.895837783813477
2015-11-09,25.740222930908203
2015-11-10,24.600431442260742
2015-11-11,24.481704711914062
2015-11-12,24.370891571044922
2015-11-13,24.157182693481445
2015-11-16,23.97513198852539
2015-11-17,24.204675674438477
2015-11-18,25.00411033630371
2015-11-19,25.051597595214844
2015-11-20,24.814146041870117
2015-11-23,24.972450256347656
2015-11-24,24.806230545043945
2015-11-25,24.95661735534668
2015-11-27,24.814146041870117
2015-11-30,25.194074630737305
2015-12-01,25.653152465820312
2015-12-02,25.201988220214844
2015-12-03,24.608354568481445
2015-12-04,25.352371215820312
2015-12-07,24.814146041870117
2015-12-08,24.822065353393555
2015-12-09,24.228416442871094
2015-12-10,24.576692581176758
2015-12-11,23.721851348876953
2015-12-14,23.4923095703125
2015-12-15,23.80891227722168
2015-12-16,24.165102005004883
2015-12-17,23.753507614135742
2015-12-18,23.357746124267578
2015-12-21,23.531885147094727
2015-12-22,23.911813735961914
2015-12-23,24.14927101135254
2015-12-24,24.220502853393555
2015-12-28,23.88015365600586
2015-12-29,24.291744232177734
2015-12-30,24.08594512939453
2015-12-31,24.07011604309082
2016-01-04,23.698102951049805
2016-01-05,23.832660675048828
2016-01-06,23.666440963745117
2016-01-07,23.049055099487305
2016-01-08,22.82743263244629
2016-01-11,22.71661376953125
2016-01-12,22.874927520751953
2016-01-13,21.82220458984375
2016-01-14,22.30502700805664
2016-01-15,21.877607345581055
2016-01-19,22.186294555664062
2016-01-20,21.861780166625977
2016-01-21,21.948841094970703
2016-01-22,23.00156021118164
2016-01-25,22.542484283447266
2016-01-26,22.684961318969727
2016-01-27,22.510822296142578
2016-01-28,22.154638290405273
2016-01-29,22.4949951171875
2016-02-01,22.534568786621094
2016-02-02,21.378952026367188
2016-02-03,20.848628997802734
2016-02-04,20.824888229370117
2016-02-05,19.970041275024414
2016-02-08,19.376401901245117
2016-02-09,19.851322174072266
2016-02-10,19.79591178894043
2016-02-11,19.39223289489746
2016-02-12,20.080860137939453
2016-02-16,20.69032859802246
2016-02-17,20.793228149414062
2016-02-18,21.070253372192383
2016-02-19,21.188983917236328
2016-02-22,21.933015823364258
2016-02-23,21.774709701538086
2016-02-24,21.948841094970703
2016-02-25,21.988418579101562
2016-02-26,22.10714340209961
2016-02-29,21.331457138061523
2016-03-01,21.79054069519043
2016-03-02,22.360427856445312
2016-03-03,22.60580825805664
2016-03-04,22.637470245361328
2016-03-07,22.574142456054688
2016-03-08,21.925098419189453
2016-03-09,21.90926742553711
2016-03-10,22.01215934753418
2016-03-11,22.811601638793945
2016-03-14,22.518733978271484
2016-03-15,21.90926742553711
2016-03-16,21.861780166625977
2016-03-17,22.241708755493164
2016-03-18,22.52665138244629
2016-03-21,22.78784942626953
2016-03-22,22.645376205444336
2016-03-23,22.4949951171875
2016-03-24,22.518733978271484
2016-03-28,22.463333129882812
2016-03-29,22.479162216186523
2016-03-30,22.463333129882812
2016-03-31,22.684961318969727
2016-04-01,23.21527671813965
2016-04-04,22.930328369140625
2016-04-05,22.645376205444336
2016-04-06,22.677040100097656
2016-04-07,22.138809204101562
2016-04-08,22.178386688232422
2016-04-11,22.059663772583008
2016-04-12,22.28919792175293
2016-04-13,22.890743255615234
2016-04-14,23.01739501953125
2016-04-15,22.906587600708008
2016-04-18,23.05696678161621
2016-04-19,23.603118896484375
2016-04-20,24.275915145874023
2016-04-21,24.07802963256836
2016-04-22,24.1413516998291
2016-04-25,24.0938663482666
2016-04-26,24.66375732421875
2016-04-27,24.442134857177734
2016-04-28,24.51336669921875
2016-04-29,24.19675636291504
2016-05-02,24.798311233520508
2016-05-03,24.600431442260742
2016-05-04,23.93556022644043
2016-05-05,23.61103057861328
2016-05-06,23.80891227722168
2016-05-09,23.71393585205078
2016-05-10,24.1888427734375
2016-05-11,23.690187454223633
2016-05-12,23.286510467529297
2016-05-13,22.985729217529297
2016-05-16,22.906587600708008
2016-05-17,23.167781829833984
2016-05-18,23.832660675048828
2016-05-19,23.698102951049805
2016-05-20,23.650615692138672
2016-05-23,23.61103057861328
2016-05-24,23.983047485351562
2016-05-25,24.267995834350586
2016-05-26,24.45005226135254
2016-05-27,24.66375732421875
2016-05-31,24.695419311523438
2016-06-01,24.766658782958984
2016-06-02,24.758743286132812
2016-06-03,24.315486907958984
2016-06-06,24.56085968017578
2016-06-07,25.019935607910156
2016-06-08,25.289052963256836
2016-06-09,24.86163902282715
2016-06-10,24.378807067871094
2016-06-13,24.0938663482666
2016-06-14,20.935701370239258
2016-06-15,20.97527503967285
2016-06-16,20.579513549804688
2016-06-17,20.3974666595459
2016-06-20,20.22332763671875
2016-06-21,20.460786819458008
2016-06-22,20.183757781982422
2016-06-23,20.579513549804688
2016-06-24,19.503040313720703
2016-06-27,18.489900588989258
2016-06-28,18.941068649291992
2016-06-29,19.6534366607666
2016-06-30,20.00962257385254
2016-07-01,20.06502914428711
2016-07-05,19.882976531982422
2016-07-06,20.03336524963379
2016-07-07,20.5953426361084
2016-07-08,21.616405487060547
2016-07-11,21.901351928710938
2016-07-12,22.09922981262207
2016-07-13,22.257537841796875
2016-07-14,22.40001106262207
2016-07-15,22.257537841796875
2016-07-18,22.392099380493164
2016-07-19,22.360427856445312
2016-07-20,22.27336883544922
2016-07-21,22.368349075317383
2016-07-22,22.479162216186523
2016-07-25,22.23379135131836
2016-07-26,22.249618530273438
2016-07-27,22.27336883544922
2016-07-28,22.091318130493164
2016-07-29,22.067575454711914
2016-08-01,22.091318130493164
2016-08-02,21.648067474365234
2016-08-03,22.059663772583008
2016-08-04,22.09922981262207
2016-08-05,22.33669090270996
2016-08-08,22.194210052490234
2016-08-09,22.067575454711914
2016-08-10,21.98805046081543
2016-08-11,21.95623779296875
2016-08-12,22.01190185546875
2016-08-15,22.05961799621582
2016-08-16,21.709720611572266
2016-08-17,21.773332595825195
2016-08-18,21.70176887512207
2016-08-19,21.773332595825195
2016-08-22,21.685861587524414
2016-08-23,21.69380760192871
2016-08-24,21.56658172607422
2016-08-25,21.479101181030273
2016-08-26,21.359821319580078
2016-08-29,21.606338500976562
2016-08-30,21.709720611572266
2016-08-31,22.131183624267578
2016-09-01,22.07552719116211
2016-09-02,22.10733413696289
2016-09-06,21.95623779296875
2016-09-07,22.11528205871582
2016-09-08,21.741525650024414
2016-09-09,21.415489196777344
2016-09-12,21.797199249267578
2016-09-13,21.248483657836914
2016-09-14,21.335960388183594
2016-09-15,21.510910034179688
2016-09-16,21.39958381652832
2016-09-19,21.50296401977539
2016-09-20,21.312101364135742
2016-09-21,21.518857955932617
2016-09-22,21.852855682373047
2016-09-23,21.781286239624023
2016-09-26,21.709720611572266
2016-09-27,22.11528205871582
2016-09-28,22.12323570251465
2016-09-29,21.7653865814209
2016-09-30,22.266380310058594
2016-10-03,21.932382583618164
2016-10-04,21.733572006225586
2016-10-05,22.218666076660156
2016-10-06,21.46320152282715
2016-10-07,21.208728790283203
2016-10-10,21.256439208984375
2016-10-11,21.105348587036133
2016-10-12,21.081485748291016
2016-10-13,20.970155715942383
2016-10-14,21.232574462890625
2016-10-17,21.009920120239258
2016-10-18,21.184865951538086
2016-10-19,21.471149444580078
2016-10-20,21.574522018432617
2016-10-21,22.449277877807617
2016-10-24,22.89460563659668
2016-10-25,22.727611541748047
2016-10-26,22.823036193847656
2016-10-27,23.013893127441406
2016-10-28,23.141130447387695
2016-10-31,22.735563278198242
2016-11-01,22.711708068847656
2016-11-02,22.60037612915039
2016-11-03,22.472549438476562
2016-11-04,22.54445457458496
2016-11-07,23.25545883178711
2016-11-08,22.927913665771484
2016-11-09,24.1422176361084
2016-11-10,25.25266456604004
2016-11-11,25.94768714904785
2016-11-14,26.93830680847168
2016-11-15,26.634721755981445
2016-11-16,26.051546096801758
2016-11-17,26.706626892089844
2016-11-18,26.858417510986328
2016-11-21,26.858417510986328
2016-11-22,27.138017654418945
2016-11-23,27.928918838500977
2016-11-25,27.721206665039062
2016-11-28,27.082101821899414
2016-11-29,27.00221061706543
2016-11-30,27.609363555908203
2016-12-01,28.01679039001465
2016-12-02,27.55344009399414
2016-12-05,28.048744201660156
2016-12-06,28.488130569458008
2016-12-07,28.90355682373047
2016-12-08,29.279027938842773
2016-12-09,29.183162689208984
2016-12-12,28.711820602416992
2016-12-13,28.975448608398438
2016-12-14,28.711820602416992
2016-12-15,29.50271224975586
2016-12-16,29.263051986694336
2016-12-19,29.478736877441406
2016-12-20,29.766342163085938
2016-12-21,29.638519287109375
2016-12-22,29.46277618408203
2016-12-23,29.53466796875
2016-12-27,29.558626174926758
2016-12-28,28.95148468017578
2016-12-29,28.831661224365234
2016-12-30,28.975448608398438
2017-01-03,29.6065616607666
2017-01-04,30.30158805847168
2017-01-05,29.486738204956055
2017-01-06,29.662485122680664
2017-01-09,29.478736877441406
2017-01-10,29.52667999267578
2017-01-11,29.0473575592041
2017-01-12,28.863603591918945
2017-01-13,29.01539421081543
2017-01-17,28.368295669555664
2017-01-18,28.679868698120117
2017-01-19,28.44818687438965
2017-01-20,28.95148468017578
2017-01-23,28.576017379760742
2017-01-24,28.82366371154785
2017-01-25,28.687854766845703
2017-01-26,29.310983657836914
2017-01-27,29.263051986694336
2017-01-30,29.13523292541504
2017-01-31,28.61595344543457
2017-02-01,28.75975227355957
2017-02-02,28.334814071655273
2017-02-03,29.272890090942383
2017-02-06,29.224781036376953
2017-02-07,28.904075622558594
2017-02-08,28.67957305908203
2017-02-09,29.256853103637695
2017-02-10,29.04037857055664
2017-02-13,29.385141372680664
2017-02-14,29.92232322692871
2017-02-15,29.890260696411133
2017-02-16,29.545495986938477
2017-02-17,29.40918731689453
2017-02-21,29.553516387939453
2017-02-22,29.489370346069336
2017-02-23,29.369110107421875
2017-02-24,29.248830795288086
2017-02-27,29.617650985717773
2017-02-28,29.056406021118164
2017-03-01,29.57756996154785
2017-03-02,28.83993148803711
2017-03-03,28.904075622558594
2017-03-06,28.527231216430664
2017-03-07,28.54326629638672
2017-03-08,28.631467819213867
2017-03-09,28.74371910095215
2017-03-10,28.871994018554688
2017-03-13,28.888032913208008
2017-03-14,28.799842834472656
2017-03-15,28.70362663269043
2017-03-16,28.727684020996094
2017-03-17,28.15841293334961
2017-03-20,27.42078399658203
2017-03-21,26.474699020385742
2017-03-22,26.522794723510742
2017-03-23,26.80341911315918
2017-03-24,26.707204818725586
2017-03-27,26.250192642211914
2017-03-28,26.987823486328125
2017-03-29,27.084043502807617
2017-03-30,27.605192184448242
2017-03-31,27.500957489013672
2017-04-03,27.06800651550293
2017-04-04,27.043947219848633
2017-04-05,26.667112350463867
2017-04-06,26.64305877685547
2017-04-07,26.58693504333496
2017-04-10,26.354415893554688
2017-04-11,26.498737335205078
2017-04-12,26.306312561035156
2017-04-13,25.953527450561523
2017-04-17,26.474699020385742
2017-04-18,26.338382720947266
2017-04-19,26.458650588989258
2017-04-20,27.14015769958496
2017-04-21,26.76332664489746
2017-04-24,27.18025779724121
2017-04-25,27.116104125976562
2017-04-26,26.64305877685547
2017-04-27,26.498737335205078
2017-04-28,22.289405822753906
2017-05-01,22.40165901184082
2017-05-02,23.147308349609375
2017-05-03,23.067136764526367
2017-05-04,23.09129524230957
2017-05-05,23.042966842651367
2017-05-08,22.857725143432617
2017-05-09,22.63220977783203
2017-05-10,22.358360290527344
2017-05-11,21.68987464904785
2017-05-12,21.416027069091797
2017-05-15,21.834850311279297
2017-05-16,21.617385864257812
2017-05-17,21.343542098999023
2017-05-18,21.343542098999023
2017-05-19,21.617385864257812
2017-05-22,21.67376136779785
2017-05-23,21.617385864257812
2017-05-24,21.585161209106445
2017-05-25,21.931499481201172
2017-05-26,22.044252395629883
2017-05-30,21.826791763305664
2017-05-31,21.625436782836914
2017-06-01,21.923442840576172
2017-06-02,22.068410873413086
2017-06-05,22.519447326660156
2017-06-06,22.78523826599121
2017-06-07,23.252376556396484
2017-06-08,23.09129524230957
2017-06-09,23.11545753479004
2017-06-12,23.163780212402344
2017-06-13,23.349029541015625
2017-06-14,23.542325973510742
2017-06-15,23.73563003540039
2017-06-16,23.622867584228516
2017-06-19,23.69535255432129
2017-06-20,23.711469650268555
2017-06-21,23.920879364013672
2017-06-22,23.59870147705078
2017-06-23,23.332921981811523
2017-06-26,23.904766082763672
2017-06-27,23.711469650268555
2017-06-28,24.001419067382812
2017-06-29,23.80006217956543
2017-06-30,24.01753044128418
2017-07-03,24.21082305908203
2017-07-05,23.98531150817871
2017-07-06,23.663137435913086
2017-07-07,23.920879364013672
2017-07-10,23.46178436279297
2017-07-11,23.4376277923584
2017-07-12,23.622867584228516
2017-07-13,23.647031784057617
2017-07-14,23.74367904663086
2017-07-17,23.88060188293457
2017-07-18,23.622867584228516
2017-07-19,23.76784324645996
2017-07-20,23.78394889831543
2017-07-21,24.863208770751953
2017-07-24,24.75851058959961
2017-07-25,24.87932586669922
2017-07-26,24.62158966064453
2017-07-27,24.436344146728516
2017-07-28,24.114177703857422
2017-07-31,24.42023468017578
2017-08-01,24.06585121154785
2017-08-02,24.21082305908203
2017-08-03,24.21082305908203
2017-08-04,24.178443908691406
2017-08-07,24.607460021972656
2017-08-08,24.86648941040039
2017-08-09,24.486038208007812
2017-08-10,23.733247756958008
2017-08-11,23.6361083984375
2017-08-14,23.99227523803711
2017-08-15,25.085041046142578
2017-08-16,24.987903594970703
2017-08-17,24.364622116088867
2017-08-18,24.340343475341797
2017-08-21,24.494136810302734
2017-08-22,24.558887481689453
2017-08-23,24.53460693359375
2017-08-24,24.656023025512695
2017-08-25,24.720783233642578
2017-08-28,24.518417358398438
2017-08-29,24.38081932067871
2017-08-30,24.817920684814453
2017-08-31,24.923152923583984
2017-09-01,25.02837562561035
2017-09-05,24.178443908691406
2017-09-06,24.251296997070312
2017-09-07,23.52278709411621
2017-09-08,23.109960556030273
2017-09-11,23.59563636779785
2017-09-12,23.62801742553711
2017-09-13,23.733247756958008
2017-09-14,23.231382369995117
2017-09-15,23.490407943725586
2017-09-18,23.684682846069336
2017-09-19,23.547073364257812
2017-09-20,23.474218368530273
2017-09-21,23.38517951965332
2017-09-22,23.854663848876953
2017-09-25,23.92751121520996
2017-09-26,24.235105514526367
2017-09-27,25.044567108154297
2017-09-28,25.246932983398438
2017-09-29,25.13361167907715
2017-10-02,25.481666564941406
2017-10-03,25.67593765258789
2017-10-04,25.34406280517578
2017-10-05,25.627370834350586
2017-10-06,25.34406280517578
2017-10-09,25.449289321899414
2017-10-10,25.700223922729492
2017-10-11,25.433107376098633
2017-10-12,24.801734924316406
2017-10-13,24.947433471679688
2017-10-16,25.497859954833984
2017-10-17,25.076950073242188
2017-10-18,25.50595474243164
2017-10-19,25.6678409576416
2017-10-20,26.74442481994629
2017-10-23,26.453014373779297
2017-10-24,26.428726196289062
2017-10-25,26.210180282592773
2017-10-26,26.6068172454834
2017-10-27,26.66347885131836
2017-10-30,26.388259887695312
2017-10-31,26.404449462890625
2017-11-01,26.574432373046875
2017-11-02,26.890127182006836
2017-11-03,26.922651290893555
2017-11-06,26.64617919921875
2017-11-07,26.31279945373535
2017-11-08,26.076995849609375
2017-11-09,26.09326171875
2017-11-10,26.076995849609375
2017-11-13,26.499820709228516
2017-11-14,26.475435256958008
2017-11-15,26.45102882385254
2017-11-16,27.142196655273438
2017-11-17,27.532485961914062
2017-11-20,27.532485961914062
2017-11-21,27.459318161010742
2017-11-22,27.377994537353516
2017-11-24,27.231643676757812
2017-11-27,27.003965377807617
2017-11-28,28.044761657714844
2017-11-29,28.744056701660156
2017-11-30,29.183141708374023
2017-12-01,29.223798751831055
2017-12-04,30.451616287231445
2017-12-05,30.337778091430664
2017-12-06,30.402841567993164
2017-12-07,30.36217498779297
2017-12-08,30.492292404174805
2017-12-11,30.565465927124023
2017-12-12,30.378435134887695
2017-12-13,29.792997360229492
2017-12-14,30.077577590942383
2017-12-15,30.240203857421875
2017-12-18,31.31353759765625
2017-12-19,31.045202255249023
2017-12-20,30.86631965637207
2017-12-21,31.38671875
2017-12-22,31.524953842163086
2017-12-26,31.47616195678711
2017-12-27,31.38671875
2017-12-28,31.687578201293945
2017-12-29,31.394851684570312
2018-01-02,31.59813117980957
2018-01-03,31.809534072875977
2018-01-04,32.03721618652344
2018-01-05,32.31369400024414
2018-01-08,31.923385620117188
2018-01-09,32.06974792480469
2018-01-10,32.248634338378906
2018-01-11,32.32994842529297
2018-01-12,32.01283264160156
2018-01-16,30.8419132232666
2018-01-17,30.94762420654297
2018-01-18,30.32965660095215
2018-01-19,31.281021118164062
2018-01-22,32.134796142578125
2018-01-23,32.3462028503418
2018-01-24,32.31369400024414
2018-01-25,32.183589935302734
2018-01-26,32.695858001708984
2018-01-29,32.65520477294922
2018-01-30,32.2242546081543
2018-01-31,32.264892578125
2018-02-01,32.248634338378906
2018-02-02,31.571163177490234
2018-02-05,30.10198402404785
2018-02-06,30.746801376342773
2018-02-07,30.608057022094727
2018-02-08,28.551172256469727
2018-02-09,28.591995239257812
2018-02-12,29.579614639282227
2018-02-13,29.391876220703125
2018-02-14,29.9550724029541
2018-02-15,30.069347381591797
2018-02-16,29.979562759399414
2018-02-20,29.84079933166504
2018-02-21,29.848960876464844
2018-02-22,29.653074264526367
2018-02-23,30.322362899780273
2018-02-26,30.518264770507812
2018-02-27,30.04485321044922
2018-02-28,29.70204734802246
2018-03-01,29.26129913330078
2018-03-02,29.32658576965332
2018-03-05,29.571455001831055
2018-03-06,29.546964645385742
2018-03-07,29.628585815429688
2018-03-08,30.069347381591797
2018-03-09,30.428470611572266
2018-03-12,30.18361473083496
2018-03-13,29.938745498657227
2018-03-14,29.46534538269043
2018-03-15,28.298158645629883
2018-03-16,28.730756759643555
2018-03-19,28.779727935791016
2018-03-20,28.89399528503418
2018-03-21,28.812376022338867
2018-03-22,27.53091812133789
2018-03-23,26.535127639770508
2018-03-26,27.179941177368164
2018-03-27,26.665727615356445
2018-03-28,27.024864196777344
2018-03-29,27.367671966552734
2018-04-02,26.657564163208008
2018-04-03,27.286046981811523
2018-04-04,27.677827835083008
2018-04-05,28.404264450073242
2018-04-06,27.596208572387695
2018-04-09,27.63701820373535
2018-04-10,28.126745223999023
2018-04-11,27.947179794311523
2018-04-12,28.428754806518555
2018-04-13,27.808427810668945
2018-04-16,28.13492202758789
2018-04-17,28.216527938842773
2018-04-18,28.477724075317383
2018-04-19,28.853185653686523
2018-04-20,28.730756759643555
2018-04-23,28.34712791442871
2018-04-24,28.036968231201172
2018-04-25,27.171785354614258
2018-04-26,27.179941177368164
2018-04-27,27.024864196777344
2018-04-30,27.073837280273438
2018-05-01,27.00037956237793
2018-05-02,26.877941131591797
2018-05-03,26.224971771240234
2018-05-04,26.757999420166016
2018-05-07,26.831804275512695
2018-05-08,27.12701988220215
2018-05-09,27.66004753112793
2018-05-10,27.799453735351562
2018-05-11,27.971662521362305
2018-05-14,27.832256317138672
2018-05-15,28.053667068481445
2018-05-16,28.36528968811035
2018-05-17,28.64409828186035
2018-05-18,29.062318801879883
2018-05-21,29.291933059692383
2018-05-22,29.61174201965332
2018-05-23,29.619949340820312
2018-05-24,29.439537048339844
2018-05-25,29.20172119140625
2018-05-29,28.26688575744629
2018-05-30,28.7179012298584
2018-05-31,28.398086547851562
2018-06-01,28.734310150146484
2018-06-04,29.070512771606445
2018-06-05,28.701494216918945
2018-06-06,29.177122116088867
2018-06-07,29.152524948120117
2018-06-08,29.070512771606445
2018-06-11,28.914716720581055
2018-06-12,28.9475154876709
2018-06-13,28.65229034423828
2018-06-14,28.914716720581055
2018-06-15,28.881912231445312
2018-06-18,28.701494216918945
2018-06-19,28.545698165893555
2018-06-20,28.29967498779297
2018-06-21,28.06186866760254
2018-06-22,27.98806381225586
2018-06-25,27.733844757080078
2018-06-26,27.446840286254883
2018-06-27,27.061410903930664
2018-06-28,27.06961441040039
2018-06-29,27.373037338256836
2018-07-02,27.75025177001953
2018-07-03,27.471433639526367
2018-07-05,27.553443908691406
2018-07-06,27.635448455810547
2018-07-09,28.586692810058594
2018-07-10,28.578487396240234
2018-07-11,28.53748893737793
2018-07-12,27.02861213684082
2018-07-13,26.60219383239746
2018-07-16,26.700603485107422
2018-07-17,26.91380500793457
2018-07-18,27.397634506225586
2018-07-19,27.258235931396484
2018-07-20,26.90560531616211
2018-07-23,27.47963523864746
2018-07-24,27.733844757080078
2018-07-25,27.422231674194336
2018-07-26,24.601287841796875
2018-07-27,24.53568458557129
2018-07-30,24.199472427368164
2018-07-31,23.73204231262207
2018-08-01,23.945255279541016
2018-08-02,24.34707260131836
2018-08-03,24.652650833129883
2018-08-06,24.487476348876953
2018-08-07,24.85086441040039
2018-08-08,24.817829132080078
2018-08-09,24.760013580322266
2018-08-10,24.28925895690918
2018-08-13,24.107566833496094
2018-08-14,24.784793853759766
2018-08-15,24.66090965270996
2018-08-16,25.13166618347168
2018-08-17,25.08211326599121
2018-08-20,25.66022491455078
2018-08-21,25.74281120300293
2018-08-22,26.180540084838867
2018-08-23,25.825403213500977
2018-08-24,25.899736404418945
2018-08-27,26.287900924682617
2018-08-28,26.279645919799805
2018-08-29,26.164020538330078
2018-08-30,26.106210708618164
2018-08-31,26.15576171875
2018-09-04,26.329195022583008
2018-09-05,26.436561584472656
2018-09-06,26.263124465942383
2018-09-07,26.205305099487305
2018-09-10,26.576961517333984
2018-09-11,26.791690826416016
2018-09-12,26.66781234741211
2018-09-13,26.601736068725586
2018-09-14,26.91557502746582
2018-09-17,26.841245651245117
2018-09-18,27.23766326904297
2018-09-19,27.576284408569336
2018-09-20,27.74972152709961
2018-09-21,27.64235496520996
2018-09-24,27.2872257232666
2018-09-25,27.23766326904297
2018-09-26,26.353967666625977
2018-09-27,26.073171615600586
2018-09-28,25.66849136352539
2018-10-01,25.998842239379883
2018-10-02,25.88321876525879
2018-10-03,26.246612548828125
2018-10-04,26.015361785888672
2018-10-05,25.858440399169922
2018-10-08,25.874961853027344
2018-10-09,25.726299285888672
2018-10-10,25.205995559692383
2018-10-11,24.55354881286621
2018-10-12,24.64438819885254
2018-10-15,24.55354881286621
2018-10-16,24.93345832824707
2018-10-17,24.83434295654297
2018-10-18,24.479215621948242
2018-10-19,25.899736404418945
2018-10-22,24.338815689086914
2018-10-23,24.429664611816406
2018-10-24,23.587263107299805
2018-10-25,23.81024932861328
2018-10-26,23.108245849609375
2018-10-29,23.133020401000977
2018-10-30,23.735916137695312
2018-10-31,23.851545333862305
2018-11-01,24.314037322998047
2018-11-02,21.984947204589844
2018-11-05,22.22617530822754
2018-11-06,22.350948333740234
2018-11-07,22.750221252441406
2018-11-08,22.85835838317871
2018-11-09,22.97481346130371
2018-11-12,22.633764266967773
2018-11-13,22.99976348876953
2018-11-14,22.392539978027344
2018-11-15,22.051494598388672
2018-11-16,21.552398681640625
2018-11-19,21.236309051513672
2018-11-20,21.061630249023438
2018-11-21,21.344453811645508
2018-11-23,21.26126480102539
2018-11-26,21.585676193237305
2018-11-27,21.69381332397461
2018-11-28,21.97662925720215
2018-11-29,21.602310180664062
2018-11-30,21.610626220703125
2018-12-03,21.46922492980957
2018-12-04,20.712265014648438
2018-12-06,20.911901473999023
2018-12-07,21.094905853271484
2018-12-10,20.762174606323242
2018-12-11,20.296354293823242
2018-12-12,20.421133041381836
2018-12-13,20.11335563659668
2018-12-14,20.046810150146484
2018-12-17,19.539400100708008
2018-12-18,19.572675704956055
2018-12-19,19.298173904418945
2018-12-20,19.123493194580078
2018-12-21,18.71590805053711
2018-12-24,18.441402435302734
2018-12-26,19.24827003479004
2018-12-27,19.481170654296875
2018-12-28,19.547718048095703
2018-12-31,19.514450073242188
2019-01-02,20.18821907043457
2019-01-03,20.038496017456055
2019-01-04,20.995080947875977
2019-01-07,21.10322380065918
2019-01-08,21.144813537597656
2019-01-09,21.618946075439453
2019-01-10,21.4193115234375
2019-01-11,21.643898010253906
2019-01-14,21.50249671936035
2019-01-15,21.43595314025879
2019-01-16,21.943355560302734
2019-01-17,21.918399810791016
2019-01-18,21.860170364379883
2019-01-22,22.084768295288086
2019-01-23,24.4554443359375
2019-01-24,24.796491622924805
2019-01-25,24.77985191345215
2019-01-28,24.937898635864258
2019-01-29,24.663402557373047
2019-01-30,25.01276206970215
2019-01-31,24.987815856933594
2019-02-01,24.870534896850586
2019-02-04,24.895662307739258
2019-02-05,25.12183380126953
2019-02-06,25.22235679626465
2019-02-07,25.22235679626465
2019-02-08,25.0799503326416
2019-02-11,25.44015884399414
2019-02-12,25.498794555664062
2019-02-13,25.775226593017578
2019-02-14,25.825485229492188
2019-02-15,26.596145629882812
2019-02-19,26.604522705078125
2019-02-20,26.629655838012695
2019-02-21,26.62127685546875
2019-02-22,26.70504379272461
2019-02-25,26.663156509399414
2019-02-26,26.813934326171875
2019-02-27,26.82231903076172
2019-02-28,27.31654167175293
2019-03-01,27.190889358520508
2019-03-04,27.190889358520508
2019-03-05,26.98985481262207
2019-03-06,26.713415145874023
2019-03-07,26.386722564697266
2019-03-08,26.420230865478516
2019-03-11,26.82231903076172
2019-03-12,26.98147201538086
2019-03-13,27.576217651367188
2019-03-14,27.509206771850586
2019-03-15,27.90291404724121
2019-03-18,27.844284057617188
2019-03-19,27.71025276184082
2019-03-20,27.182518005371094
2019-03-21,27.567846298217773
2019-03-22,26.663156509399414
2019-03-25,26.29458236694336
2019-03-26,26.612899780273438
2019-03-27,26.495622634887695
2019-03-28,26.663156509399414
2019-03-29,26.72179412841797
2019-04-01,27.29141616821289
2019-04-02,27.15738296508789
2019-04-03,27.098739624023438
2019-04-04,27.224403381347656
2019-04-05,27.065242767333984
2019-04-08,27.257902145385742
2019-04-09,27.0317325592041
2019-04-10,27.266279220581055
2019-04-11,27.32491683959961
2019-04-12,27.643234252929688
2019-04-15,27.60135841369629
2019-04-16,27.777271270751953
2019-04-17,27.844284057617188
2019-04-18,27.92803955078125
2019-04-22,28.10395622253418
2019-04-23,28.028566360473633
2019-04-24,28.087202072143555
2019-04-25,28.06207275390625
2019-04-26,28.815977096557617
2019-04-29,28.82435417175293
2019-04-30,29.042152404785156
2019-05-01,28.614944458007812
2019-05-02,28.6065673828125
2019-05-03,28.94370460510254
2019-05-06,28.901569366455078
2019-05-07,28.65713119506836
2019-05-08,28.50541114807129
2019-05-09,28.99427604675293
2019-05-10,29.50840950012207
2019-05-13,28.648700714111328
2019-05-14,29.306137084960938
2019-05-15,29.38197898864746
2019-05-16,29.70227813720703
2019-05-17,29.424131393432617
2019-05-20,29.49998664855957
2019-05-21,29.626419067382812
2019-05-22,29.70227813720703
2019-05-23,29.28927230834961
2019-05-24,29.3398494720459
2019-05-28,29.162843704223633
2019-05-29,28.9689884185791
2019-05-30,28.850990295410156
2019-05-31,28.345279693603516
2019-06-03,28.0671329498291
2019-06-04,28.606563568115234
2019-06-05,28.71613121032715
2019-06-06,28.935277938842773
2019-06-07,28.471702575683594
2019-06-10,28.0839900970459
2019-06-11,28.69927406311035
2019-06-12,28.480131149291992
2019-06-13,28.640270233154297
2019-06-14,28.614994049072266
2019-06-17,28.665557861328125
2019-06-18,29.02798843383789
2019-06-19,28.52227210998535
2019-06-20,28.85941505432129
2019-06-21,28.91842269897461
2019-06-24,28.648700714111328
2019-06-25,28.572847366333008
2019-06-26,28.850990295410156
2019-06-27,28.901569366455078
2019-06-28,29.221845626831055
2019-07-01,29.55899429321289
2019-07-02,29.660133361816406
2019-07-03,29.94670295715332
2019-07-05,30.01412582397461
2019-07-08,30.089998245239258
2019-07-09,30.140562057495117
2019-07-10,29.93827247619629
2019-07-11,30.039419174194336
2019-07-12,30.309133529663086
2019-07-15,30.207990646362305
2019-07-16,30.368131637573242
2019-07-17,29.955127716064453
2019-07-18,30.418704986572266
2019-07-19,29.542131423950195
2019-07-22,29.786556243896484
2019-07-23,30.41027069091797
2019-07-24,30.84013557434082
2019-07-25,30.772701263427734
2019-07-26,30.848556518554688
2019-07-29,30.637847900390625
2019-07-30,30.50298309326172
2019-07-31,30.241708755493164
2019-08-01,29.93827247619629
2019-08-02,29.7347354888916
2019-08-05,28.61522674560547
2019-08-06,29.064720153808594
2019-08-07,29.183454513549805
2019-08-08,29.69231414794922
2019-08-09,29.904354095458984
2019-08-12,28.750919342041016
2019-08-13,29.412450790405273
2019-08-14,27.85192108154297
2019-08-15,27.784072875976562
2019-08-16,28.352306365966797
2019-08-19,28.37775230407715
2019-08-20,27.936731338500977
2019-08-21,28.021549224853516
2019-08-22,27.885847091674805
2019-08-23,26.757863998413086
2019-08-26,26.995336532592773
2019-08-27,26.622163772583008
2019-08-28,27.11406898498535
2019-08-29,27.36001968383789
2019-08-30,27.18191909790039
2019-09-03,26.91900634765625
2019-09-04,27.393943786621094
2019-09-05,28.22509002685547
2019-09-06,27.885847091674805
2019-09-09,28.589784622192383
2019-09-10,28.666107177734375
2019-09-11,28.776363372802734
2019-09-12,28.708513259887695
2019-09-13,28.988393783569336
2019-09-16,28.7424373626709
2019-09-17,28.80181121826172
2019-09-18,28.903575897216797
2019-09-19,28.869653701782227
2019-09-20,28.71699333190918
2019-09-23,28.93750762939453
2019-09-24,28.555849075317383
2019-09-25,28.708513259887695
2019-09-26,28.54737663269043
2019-09-27,28.513446807861328
2019-09-30,28.912059783935547
2019-10-01,28.114839553833008
2019-10-02,27.28369140625
2019-10-03,27.351539611816406
2019-10-04,27.68229866027832
2019-10-07,27.495716094970703
2019-10-08,26.630645751953125
2019-10-09,27.266733169555664
2019-10-10,27.555089950561523
2019-10-11,28.021549224853516
2019-10-14,28.089391708374023
2019-10-15,28.572818756103516
2019-10-16,28.403200149536133
2019-10-17,28.81876564025879
2019-10-18,29.08169174194336
2019-10-21,29.7347354888916
2019-10-22,29.65839385986328
2019-10-23,29.760168075561523
2019-10-24,29.69231414794922
2019-10-25,29.929794311523438
2019-10-28,30.260557174682617
2019-10-29,30.353853225708008
2019-10-30,30.18422508239746
2019-10-31,29.99764633178711
2019-11-01,30.501157760620117
2019-11-04,30.89373779296875
2019-11-05,30.962003707885742
2019-11-06,31.4228572845459
2019-11-07,31.542333602905273
2019-11-08,31.525257110595703
2019-11-11,31.482601165771484
2019-11-12,31.482601165771484
2019-11-13,31.200960159301758
2019-11-14,31.346050262451172
2019-11-15,31.619136810302734
2019-11-18,31.67034339904785
2019-11-19,31.50819206237793
2019-11-20,31.200960159301758
2019-11-21,31.38018226623535
2019-11-22,31.491119384765625
2019-11-25,31.858091354370117
2019-11-26,31.909299850463867
2019-11-27,31.900768280029297
2019-11-29,31.92637062072754
2019-12-02,31.69593620300293
2019-12-03,31.4228572845459
2019-12-04,31.986106872558594
2019-12-05,31.994638442993164
2019-12-06,32.22505187988281
2019-12-09,32.05438995361328
2019-12-10,31.934906005859375
2019-12-11,31.69593620300293
2019-12-12,32.16532516479492
2019-12-13,32.16532516479492
2019-12-16,31.730087280273438
2019-12-17,31.499666213989258
2019-12-18,31.397254943847656
2019-12-19,31.09855842590332
2019-12-20,31.354583740234375
2019-12-23,31.004674911499023
2019-12-24,30.99613380432129
2019-12-26,30.94493865966797
2019-12-27,30.97054672241211
2019-12-30,30.765714645385742
2019-12-31,30.73157501220703
2020-01-02,30.902265548706055
2020-01-03,30.45848274230957
2020-01-06,30.4499568939209
2020-01-07,30.023250579833984
2020-01-08,30.253658294677734
2020-01-09,30.236600875854492
2020-01-10,30.270734786987305
2020-01-13,30.219532012939453
2020-01-14,30.211000442504883
2020-01-15,30.040313720703125
2020-01-16,30.279277801513672
2020-01-17,30.518224716186523
2020-01-21,30.484088897705078
2020-01-22,31.08148765563965
2020-01-23,30.89373779296875
2020-01-24,27.847034454345703
2020-01-27,27.480060577392578
2020-01-28,27.79582977294922
2020-01-29,27.855560302734375
2020-01-30,28.265201568603516
2020-01-31,27.65928077697754
2020-02-03,27.667808532714844
2020-02-04,27.864097595214844
2020-02-05,28.529762268066406
2020-02-06,28.512577056884766
2020-02-07,28.512577056884766
2020-02-10,28.58130645751953
2020-02-11,28.632854461669922
2020-02-12,28.84761619567871
2020-02-13,29.053794860839844
2020-02-14,28.993663787841797
2020-02-18,28.58130645751953
2020-02-19,28.667211532592773
2020-02-20,28.8991641998291
2020-02-21,28.632854461669922
2020-02-24,27.705055236816406
2020-02-25,26.425033569335938
2020-02-26,26.27899742126465
2020-02-27,25.497241973876953
2020-02-28,24.99898338317871
2020-03-02,26.107179641723633
2020-03-03,24.801393508911133
2020-03-04,25.892414093017578
2020-03-05,25.136432647705078
2020-03-06,24.268762588500977
2020-03-09,21.493968963623047
2020-03-10,22.567806243896484
2020-03-11,21.03865623474121
2020-03-12,18.616079330444336
2020-03-13,20.72939109802246
2020-03-16,15.334427833557129
2020-03-17,14.999387741088867
2020-03-18,11.966864585876465
2020-03-19,12.54244327545166
2020-03-20,11.520148277282715
2020-03-23,10.996114730834961
2020-03-24,12.662711143493652
2020-03-25,14.312129974365234
2020-03-26,16.348127365112305
2020-03-27,14.690120697021484
2020-03-30,14.406627655029297
2020-03-31,13.822460174560547
2020-04-01,12.465127944946289
2020-04-02,12.293312072753906
2020-04-03,11.382694244384766
2020-04-06,13.30701732635498
2020-04-07,13.848235130310059
2020-04-08,14.44958209991455
2020-04-09,15.1368408203125
2020-04-13,13.934138298034668
2020-04-14,13.659236907958984
2020-04-15,12.843119621276855
2020-04-16,12.173043251037598
2020-04-17,13.418696403503418
2020-04-20,13.39292049407959
2020-04-21,13.032114028930664
2020-04-22,13.788098335266113
2020-04-23,13.831050872802734
2020-04-24,14.578444480895996
2020-04-27,15.1368408203125
2020-04-28,16.099000930786133
2020-04-29,18.083452224731445
2020-04-30,17.001026153564453
2020-05-01,16.08017349243164
2020-05-04,16.010671615600586
2020-05-05,15.63711929321289
2020-05-06,15.029010772705078
2020-05-07,15.628432273864746
2020-05-08,16.175729751586914
2020-05-11,15.402560234069824
2020-05-12,14.751016616821289
2020-05-13,13.786725997924805
2020-05-14,14.829200744628906
2020-05-15,14.368776321411133
2020-05-18,15.602371215820312
2020-05-19,15.315688133239746
2020-05-20,15.732680320739746
2020-05-21,15.75005054473877
2020-05-22,15.50681209564209
2020-05-26,16.922842025756836
2020-05-27,18.547361373901367
2020-05-28,18.451807022094727
2020-05-29,17.696006774902344
2020-06-01,18.330181121826172
2020-06-02,19.172849655151367
2020-06-03,20.580188751220703
2020-06-04,21.13617706298828
2020-06-05,22.16996192932129
2020-06-08,23.342750549316406
2020-06-09,22.465333938598633
2020-06-10,21.170923233032227
2020-06-11,19.242341995239258
2020-06-12,20.649688720703125
2020-06-15,21.18829917907715
2020-06-16,21.85721778869629
2020-06-17,21.50103759765625
2020-06-18,21.066675186157227
2020-06-19,20.649688720703125
2020-06-22,20.667062759399414
2020-06-23,20.77999496459961
2020-06-24,19.190221786499023
2020-06-25,19.763582229614258
2020-06-26,18.582111358642578
2020-06-29,19.06859588623047
2020-06-30,19.25103187561035
2020-07-01,18.773235321044922
2020-07-02,18.99041175842285
2020-07-06,19.807016372680664
2020-07-07,18.929603576660156
2020-07-08,19.390033721923828
2020-07-09,18.538667678833008
2020-07-10,19.598520278930664
2020-07-13,19.711463928222656
2020-07-14,19.502962112426758
2020-07-15,20.53675079345703
2020-07-16,20.63231086730957
2020-07-17,20.163196563720703
2020-07-20,19.44215202331543
2020-07-21,19.668025970458984
2020-07-22,19.911266326904297
2020-07-23,20.319568634033203
2020-07-24,20.467247009277344
2020-07-27,20.623620986938477
2020-07-28,20.050264358520508
2020-07-29,20.658374786376953
2020-07-30,20.128446578979492
2020-07-31,19.409259796142578
2020-08-03,19.926727294921875
2020-08-04,19.865333557128906
2020-08-05,20.46173095703125
2020-08-06,20.25123405456543
2020-08-07,20.7774715423584
2020-08-10,21.566823959350586
2020-08-11,22.014118194580078
2020-08-12,21.698379516601562
2020-08-13,21.663301467895508
2020-08-14,21.86501693725586
2020-08-17,21.356327056884766
2020-08-18,21.031818389892578
2020-08-19,21.145835876464844
2020-08-20,20.99673843383789
2020-08-21,20.970420837402344
2020-08-24,22.145681381225586
2020-08-25,21.838703155517578
2020-08-26,21.44403076171875
2020-08-27,22.435104370117188
2020-08-28,22.610523223876953
2020-08-31,21.759775161743164
2020-09-01,21.80362892150879
2020-09-02,21.768543243408203
2020-09-03,22.031660079956055
2020-09-04,22.952571868896484
2020-09-08,22.39125633239746
2020-09-09,22.452648162841797
2020-09-10,22.277233123779297
2020-09-11,22.619287490844727
2020-09-14,23.64544677734375
2020-09-15,23.233226776123047
2020-09-16,24.1979923248291
2020-09-17,24.241840362548828
2020-09-18,23.88224983215332
2020-09-21,22.71576690673828
2020-09-22,22.4614200592041
2020-09-23,22.014118194580078
2020-09-24,21.72469139099121
2020-09-25,22.0492000579834
2020-09-28,22.619287490844727
2020-09-29,22.408794403076172
2020-09-30,22.952571868896484
2020-10-01,23.37355613708496
2020-10-02,24.08397102355957
2020-10-05,24.8908634185791
2020-10-06,24.119050979614258
2020-10-07,24.820703506469727
2020-10-08,25.566200256347656
2020-10-09,25.294309616088867
2020-10-12,25.320619583129883
2020-10-13,25.031198501586914
2020-10-14,25.145212173461914
2020-10-15,25.522348403930664
2020-10-16,25.767921447753906
2020-10-19,25.504810333251953
2020-10-20,24.215530395507812
2020-10-21,23.557741165161133
2020-10-22,24.522502899169922
2020-10-23,24.33832359313965
2020-10-26,23.58405303955078
2020-10-27,23.005191802978516
2020-10-28,22.07551383972168
2020-10-29,22.32985496520996
2020-10-30,22.135223388671875
2020-11-02,22.966846466064453
2020-11-03,23.586137771606445
2020-11-04,23.462276458740234
2020-11-05,24.311588287353516
2020-11-06,23.70999526977539
2020-11-09,26.408336639404297
2020-11-10,26.196006774902344
2020-11-11,26.010217666625977
2020-11-12,25.7536563873291
2020-11-13,26.55872917175293
2020-11-16,27.52305793762207
2020-11-17,27.045318603515625
2020-11-18,26.61180877685547
2020-11-19,26.58527374267578
2020-11-20,26.0544490814209
2020-11-23,27.09840202331543
2020-11-24,28.283899307250977
2020-11-25,27.761924743652344
2020-11-27,27.50536346435547
2020-11-30,26.956844329833984
2020-12-01,27.841548919677734
2020-12-02,28.602394104003906
2020-12-03,28.62008285522461
2020-12-04,29.168603897094727
2020-12-07,28.81472396850586
2020-12-08,28.65547752380371
2020-12-09,28.62008285522461
2020-12-10,29.177446365356445
2020-12-11,28.54931640625
2020-12-14,28.230817794799805
2020-12-15,28.95627212524414
2020-12-16,29.15974998474121
2020-12-17,29.460552215576172
2020-12-18,28.62008285522461
2020-12-21,29.53133201599121
2020-12-22,29.42516326904297
2020-12-23,30.19485855102539
2020-12-24,30.04445457458496
2020-12-28,30.035615921020508
2020-12-29,30.017915725708008
2020-12-30,30.336408615112305
2020-12-31,30.70798110961914
2021-01-04,30.20369529724121
2021-01-05,30.761070251464844
2021-01-06,32.627777099609375
2021-01-07,32.47738265991211
2021-01-08,32.36238098144531
2021-01-11,32.10581970214844
2021-01-12,32.34468078613281
2021-01-13,33.096683502197266
2021-01-14,34.42372512817383
2021-01-15,34.29987335205078
2021-01-19,35.12264633178711
2021-01-20,35.30842590332031
2021-01-21,33.76905822753906
2021-01-22,33.0612907409668
2021-01-25,32.4066047668457
2021-01-26,31.300724029541016
2021-01-27,30.416034698486328
2021-01-28,31.75192642211914
2021-01-29,29.770200729370117
2021-02-01,30.690284729003906
2021-02-02,31.88463592529297
2021-02-03,31.946571350097656
2021-02-04,33.05921936035156
2021-02-05,33.19274139404297
2021-02-08,33.530982971191406
2021-02-09,33.041412353515625
2021-02-10,33.71791458129883
2021-02-11,33.183837890625
2021-02-12,33.06812286376953
2021-02-16,33.735713958740234
2021-02-17,33.35295104980469
2021-02-18,32.6230583190918
2021-02-19,33.895938873291016
2021-02-22,34.55462646484375
2021-02-23,34.25198745727539
2021-02-24,35.80079650878906
2021-02-25,34.73265838623047
2021-02-26,34.430015563964844
2021-03-01,35.6049690246582
2021-03-02,35.21332550048828
2021-03-03,35.71179962158203
2021-03-04,34.63473892211914
2021-03-05,35.6939811706543
2021-03-08,36.17465591430664
2021-03-09,35.756282806396484
2021-03-10,37.0380744934082
2021-03-11,37.97270965576172
2021-03-12,38.00830841064453
2021-03-15,38.11512756347656
2021-03-16,37.563255310058594
2021-03-17,38.399959564208984
2021-03-18,36.72652816772461
2021-03-19,36.46839904785156
2021-03-22,36.08564758300781
2021-03-23,34.53682327270508
2021-03-24,35.1510124206543
2021-03-25,36.25477600097656
2021-03-26,36.77993392944336
2021-03-29,35.872013092041016
2021-03-30,36.54851150512695
2021-03-31,36.19245529174805
2021-04-01,37.08258056640625
2021-04-05,37.58104705810547
2021-04-06,37.55434799194336
2021-04-07,37.821388244628906
2021-04-08,37.60774612426758
2021-04-09,38.09732437133789
2021-04-12,38.40886688232422
2021-04-13,36.90456008911133
2021-04-14,36.94015884399414
2021-04-15,36.74433135986328
2021-04-16,36.842247009277344
2021-04-19,36.25477600097656
2021-04-20,35.222225189208984
2021-04-21,35.76519775390625
2021-04-22,35.4981575012207
2021-04-23,36.21025085449219
2021-04-26,36.913455963134766
2021-04-27,36.25477600097656
2021-04-28,38.30205154418945
2021-04-29,39.557132720947266
2021-04-30,39.12773895263672
2021-05-03,39.07406234741211
2021-05-04,39.88810729980469
2021-05-05,40.06702423095703
2021-05-06,40.16542434692383
2021-05-07,41.059974670410156
2021-05-10,41.16732406616211
2021-05-11,40.4427375793457
2021-05-12,39.47661590576172
2021-05-13,40.49641036987305
2021-05-14,41.86506271362305
2021-05-17,41.96346664428711
2021-05-18,41.0152473449707
2021-05-19,41.033138275146484
2021-05-20,40.93473434448242
2021-05-21,41.34623336791992
2021-05-24,41.50724792480469
2021-05-25,41.38201141357422
2021-05-26,41.820343017578125
2021-05-27,42.67017364501953
2021-05-28,42.41075897216797
2021-06-01,43.806251525878906
2021-06-02,44.28036880493164
2021-06-03,44.59346008300781
2021-06-04,44.53978729248047
2021-06-07,45.130191802978516
2021-06-08,45.44327926635742
2021-06-09,44.790260314941406
2021-06-10,43.82415008544922
2021-06-11,44.1640739440918
2021-06-14,43.511043548583984
2021-06-15,44.77237319946289
2021-06-16,44.289306640625
2021-06-17,42.50020217895508
2021-06-18,41.274662017822266
2021-06-21,42.938541412353516
2021-06-22,42.849082946777344
2021-06-23,43.22479248046875
2021-06-24,43.833091735839844
2021-06-25,44.54872512817383
2021-06-28,43.376869201660156
2021-06-29,42.938541412353516
2021-06-30,43.40370178222656
2021-07-01,43.716793060302734
2021-07-02,43.8778190612793
2021-07-06,42.8222541809082
2021-07-07,42.90275192260742
2021-07-08,41.784568786621094
2021-07-09,43.59156036376953
2021-07-12,44.28036880493164
2021-07-13,43.511043548583984
2021-07-14,42.49126052856445
2021-07-15,42.68806457519531
2021-07-16,41.80245590209961
2021-07-19,40.07596969604492
2021-07-20,41.14942932128906
2021-07-21,42.169212341308594
2021-07-22,41.06892013549805
2021-07-23,41.605655670166016
2021-07-26,42.169212341308594
2021-07-27,42.249725341796875
2021-07-28,42.23184585571289
2021-07-29,43.22479248046875
2021-07-30,42.254249572753906
2021-08-02,42.10148620605469
2021-08-03,42.34412384033203
2021-08-04,42.38905715942383
2021-08-05,43.39553451538086
2021-08-06,44.393035888671875
2021-08-09,44.006614685058594
2021-08-10,45.049049377441406
2021-08-11,46.01958465576172
2021-08-12,46.38801956176758
2021-08-13,46.55876541137695
2021-08-16,46.24424362182617
2021-08-17,45.552276611328125
2021-08-18,44.88728713989258
2021-08-19,44.04256057739258
2021-08-20,44.21329879760742
2021-08-23,44.67161178588867
2021-08-24,45.12092971801758
2021-08-25,46.20828628540039
2021-08-26,45.62417984008789
2021-08-27,46.684574127197266
2021-08-30,44.34809875488281
2021-08-31,44.70756149291992
2021-09-01,43.665130615234375
2021-09-02,43.413509368896484
2021-09-03,42.57778549194336
2021-09-07,41.9487190246582
2021-09-08,41.050079345703125
2021-09-09,41.858848571777344
2021-09-10,42.52384948730469
2021-09-13,43.75498580932617
2021-09-14,42.84735870361328
2021-09-15,43.350608825683594
2021-09-16,43.75498580932617
2021-09-17,43.53032684326172
2021-09-20,42.48789978027344
2021-09-21,42.71256637573242
2021-09-22,43.4494514465332
2021-09-23,44.78843688964844
2021-09-24,45.13890075683594
2021-09-27,46.477882385253906
2021-09-28,45.53431701660156
2021-09-29,45.41748046875
2021-09-30,43.92573165893555
2021-10-01,44.85133743286133
2021-10-04,44.59073257446289
2021-10-05,45.07600402832031
2021-10-06,44.79740905761719
2021-10-07,44.59073257446289
2021-10-08,44.88728713989258
2021-10-11,44.087493896484375
2021-10-12,44.65364074707031
2021-10-13,43.494384765625
2021-10-14,44.54580307006836
2021-10-15,45.09396743774414
2021-10-18,45.839839935302734
2021-10-19,47.053009033203125
2021-10-20,46.67557907104492
2021-10-21,44.114444732666016
2021-10-22,44.20431137084961
2021-10-25,43.934722900390625
2021-10-26,43.988643646240234
2021-10-27,41.9487190246582
2021-10-28,42.11946105957031
2021-10-29,41.93888854980469
2021-11-01,42.769535064697266
2021-11-02,42.778564453125
2021-11-03,43.51892852783203
2021-11-04,43.32931900024414
2021-11-05,44.412784576416016
2021-11-08,44.475982666015625
2021-11-09,44.5211296081543
2021-11-10,44.683658599853516
2021-11-11,44.88227844238281
2021-11-12,45.306636810302734
2021-11-15,45.26149368286133
2021-11-16,44.801021575927734
2021-11-17,43.87104415893555
2021-11-18,43.65435791015625
2021-11-19,43.22999954223633
2021-11-22,43.65435791015625
2021-11-23,44.88227844238281
2021-11-24,44.93645095825195
2021-11-26,43.049434661865234
2021-11-29,42.54381561279297
2021-11-30,40.44009017944336
2021-12-01,39.5101318359375
2021-12-02,41.207550048828125
2021-12-03,40.882503509521484
2021-12-06,41.839569091796875
2021-12-07,42.968170166015625
2021-12-08,42.715362548828125
2021-12-09,43.239036560058594
2021-12-10,43.22097396850586
2021-12-13,41.839569091796875
2021-12-14,42.281978607177734
2021-12-15,42.18265914916992
2021-12-16,42.99525833129883
2021-12-17,42.11946487426758
2021-12-20,39.925453186035156
2021-12-21,41.649967193603516
2021-12-22,41.48744201660156
2021-12-23,41.67704391479492
2021-12-27,41.69510269165039
2021-12-28,41.94791030883789
2021-12-29,41.79442596435547
2021-12-30,41.767330169677734
2021-12-31,41.88471221923828
2022-01-03,42.43547058105469
2022-01-04,43.482818603515625
2022-01-05,42.354209899902344
2022-01-06,42.94108581542969
2022-01-07,43.52796173095703
2022-01-10,43.609214782714844
2022-01-11,44.02455139160156
2022-01-12,44.26831817626953
2022-01-13,44.65654754638672
2022-01-14,43.94327926635742
2022-01-18,42.652156829833984
2022-01-19,41.207550048828125
2022-01-20,40.774169921875
2022-01-21,40.10602569580078
2022-01-24,40.566505432128906
2022-01-25,41.62287521362305
2022-01-26,40.96377182006836
2022-01-27,40.10602569580078
2022-01-28,37.39738845825195
2022-01-31,38.453758239746094
2022-02-01,38.71559524536133
2022-02-02,38.55307388305664
2022-02-03,38.14677810668945
2022-02-04,38.372493743896484
2022-02-07,38.7246208190918
2022-02-08,39.70875930786133
2022-02-09,40.52544403076172
2022-02-10,40.04450988769531
2022-02-11,39.735992431640625
2022-02-14,39.953765869140625
2022-02-15,40.64339828491211
2022-02-16,40.69784927368164
2022-02-17,39.61802291870117
2022-02-18,39.40024185180664
2022-02-22,38.75597381591797
2022-02-23,37.74873733520508
2022-02-24,37.42206573486328
2022-02-25,39.1915283203125
2022-02-28,38.81948471069336
2022-03-01,35.81592559814453
2022-03-02,36.07907485961914
2022-03-03,35.289615631103516
2022-03-04,33.82867431640625
2022-03-07,31.54196548461914
2022-03-08,31.81419563293457
2022-03-09,32.84865951538086
2022-03-10,32.14994430541992
2022-03-11,31.796049118041992
2022-03-14,32.1953125
2022-03-15,32.79420852661133
2022-03-16,34.18256759643555
2022-03-17,33.982940673828125
2022-03-18,34.10996627807617
2022-03-21,33.01199722290039
2022-03-22,34.11904525756836
2022-03-23,32.97570037841797
2022-03-24,33.030147552490234
2022-03-25,33.275142669677734
2022-03-28,32.53105545043945
2022-03-29,33.3568115234375
2022-03-30,32.42217254638672
2022-03-31,31.587337493896484
2022-04-01,31.904943466186523
2022-04-04,32.2769775390625
2022-04-05,32.004756927490234
2022-04-06,32.458473205566406
2022-04-07,32.349578857421875
2022-04-08,33.2479248046875
2022-04-11,33.139034271240234
2022-04-12,33.45662307739258
2022-04-13,34.00108337402344
2022-04-14,34.20979690551758
2022-04-18,36.32407760620117
2022-04-19,36.93204879760742
2022-04-20,36.732421875
2022-04-21,36.1153678894043
2022-04-22,34.463871002197266
2022-04-25,34.74517059326172
2022-04-26,34.03737258911133
2022-04-27,33.4112663269043
2022-04-28,34.5455436706543
2022-04-29,33.596336364746094
2022-05-02,34.07093048095703
2022-05-03,34.9471321105957
2022-05-04,36.6356086730957
2022-05-05,35.89632034301758
2022-05-06,34.72807693481445
2022-05-09,33.797122955322266
2022-05-10,33.003074645996094
2022-05-11,32.245548248291016
2022-05-12,30.146339416503906
2022-05-13,30.620946884155273
2022-05-16,30.264991760253906
2022-05-17,32.30943298339844
2022-05-18,30.191978454589844
2022-05-19,29.717378616333008
2022-05-20,29.626102447509766
2022-05-23,31.122920989990234
2022-05-24,30.03682518005371
2022-05-25,30.976896286010742
2022-05-26,32.10863494873047
2022-05-27,32.98481750488281
2022-05-31,33.8062629699707
2022-06-01,32.738399505615234
2022-06-02,33.05784606933594
2022-06-03,32.34593963623047
2022-06-06,32.66538619995117
2022-06-07,33.19475173950195
2022-06-08,31.907840728759766
2022-06-09,30.894758224487305
2022-06-10,28.759048461914062
2022-06-13,27.107067108154297
2022-06-14,26.933650970458984
2022-06-15,27.809837341308594
2022-06-16,26.395164489746094
2022-06-17,27.280475616455078
2022-06-21,26.668970108032227
2022-06-22,26.50468635559082
2022-06-23,25.756271362304688
2022-06-24,26.961036682128906
2022-06-27,26.878890991210938
2022-06-28,26.431671142578125
2022-06-29,26.039213180541992
2022-06-30,25.20865821838379
2022-07-01,26.09397315979004
2022-07-05,26.413415908813477
2022-07-06,26.06658935546875
2022-07-07,26.915401458740234
2022-07-08,27.088809967041016
2022-07-11,27.152700424194336
2022-07-12,27.80071258544922
2022-07-13,27.399127960205078
2022-07-14,27.36262321472168
2022-07-15,28.649518966674805
2022-07-18,28.73166275024414
2022-07-19,30.01856231689453
2022-07-20,30.39276885986328
2022-07-21,29.808643341064453
2022-07-22,29.8268985748291
2022-07-25,29.954675674438477
2022-07-26,28.978092193603516
2022-07-27,29.73563003540039
2022-07-28,29.808643341064453
2022-07-29,30.77376365661621
2022-08-01,31.01275634765625
2022-08-02,30.1671199798584
2022-08-03,31.251733779907227
2022-08-04,31.031139373779297
2022-08-05,31.15982437133789
2022-08-08,31.646982192993164
2022-08-09,31.15982437133789
2022-08-10,32.777565002441406
2022-08-11,33.19118118286133
2022-08-12,33.218753814697266
2022-08-15,32.86029052734375
2022-08-16,33.11764907836914
2022-08-17,32.354740142822266
2022-08-18,32.5109977722168
2022-08-19,31.53668785095215
2022-08-22,30.681854248046875
2022-08-23,31.251733779907227
2022-08-24,31.555065155029297
2022-08-25,32.290401458740234
2022-08-26,30.930030822753906
2022-08-29,30.084396362304688
2022-08-30,30.295801162719727
2022-08-31,30.10277557373047
2022-09-01,29.45935821533203
2022-09-02,29.38582992553711
2022-09-06,28.494234085083008
2022-09-07,29.367441177368164
2022-09-08,29.96489906311035
2022-09-09,30.718616485595703
2022-09-12,31.52748680114746
2022-09-13,29.045732498168945
2022-09-14,29.174415588378906
2022-09-15,29.96489906311035
2022-09-16,29.88217544555664
2022-09-19,30.066011428833008
2022-09-20,29.08249855041504
2022-09-21,28.15414047241211
2022-09-22,27.326887130737305
2022-09-23,26.90407371520996
2022-09-26,25.929752349853516
2022-09-27,25.837833404541016
2022-09-28,26.64670181274414
2022-09-29,26.508827209472656
2022-09-30,25.91136932373047
2022-10-03,27.446378707885742
2022-10-04,29.119272232055664
2022-10-05,29.183609008789062
2022-10-06,28.944623947143555
2022-10-07,28.34716033935547
2022-10-10,28.5034236907959
2022-10-11,28.420698165893555
2022-10-12,28.760793685913086
2022-10-13,29.7626895904541
2022-10-14,28.880285263061523
2022-10-17,29.569658279418945
2022-10-18,29.955713272094727
2022-10-19,29.036540985107422
2022-10-20,29.008970260620117
2022-10-21,29.79026222229004
2022-10-24,30.39691162109375
2022-10-25,32.12494659423828
2022-10-26,32.21686553955078
2022-10-27,32.23524856567383
2022-10-28,33.20956802368164
2022-10-31,32.89505386352539
2022-11-01,33.209571838378906
2022-11-02,32.321510314941406
2022-11-03,31.470455169677734
2022-11-04,32.39551544189453
2022-11-07,33.487091064453125
2022-11-08,33.38532638549805
2022-11-09,32.38625717163086
2022-11-10,35.82748031616211
2022-11-11,37.215065002441406
2022-11-14,34.92091751098633
2022-11-15,33.22807312011719
2022-11-16,32.55277633666992
2022-11-17,32.79329299926758
2022-11-18,33.200313568115234
2022-11-21,33.57959747314453
2022-11-22,33.78310775756836
2022-11-23,34.079124450683594
2022-11-25,34.273380279541016
2022-11-28,33.69059753417969
2022-11-29,34.486148834228516
2022-11-30,34.763675689697266
2022-12-01,33.24656677246094
2022-12-02,32.65453338623047
2022-12-05,31.81273078918457
2022-12-06,32.04399490356445
2022-12-07,32.03474807739258
2022-12-08,32.303016662597656
2022-12-09,32.4787712097168
2022-12-12,32.904293060302734
2022-12-13,32.73778533935547
2022-12-14,31.77573013305664
2022-12-15,31.07268714904785
2022-12-16,30.721158981323242
2022-12-19,29.953369140625
2022-12-20,30.2031307220459
2022-12-21,30.78591537475586
2022-12-22,29.91636085510254
2022-12-23,30.29563331604004
2022-12-27,30.119876861572266
2022-12-28,29.69434928894043
2022-12-29,30.37889289855957
2022-12-30,30.39739418029785
2023-01-03,29.962617874145508
2023-01-04,30.619407653808594
2023-01-05,29.583343505859375
2023-01-06,30.34189224243164
2023-01-09,29.87010955810547
2023-01-10,30.37889289855957
2023-01-11,31.229944229125977
2023-01-12,31.063432693481445
2023-01-13,30.961679458618164
2023-01-17,31.146690368652344
2023-01-18,30.721158981323242
2023-01-19,30.138378143310547
2023-01-20,32.75629425048828
2023-01-23,31.969987869262695
2023-01-24,32.71928405761719
2023-01-25,34.116127014160156
2023-01-26,33.810848236083984
2023-01-27,34.28263854980469
2023-01-30,33.44083023071289
2023-01-31,33.977359771728516
2023-02-01,32.66379165649414
2023-02-02,34.95792770385742
2023-02-03,34.48326110839844
2023-02-06,33.896907806396484
2023-02-07,34.390193939208984
2023-02-08,33.906211853027344
2023-02-09,33.72937774658203
2023-02-10,33.896907806396484
2023-02-13,34.46464538574219
2023-02-14,33.803829193115234
2023-02-15,33.980674743652344
2023-02-16,33.18025207519531
2023-02-17,33.29193878173828
2023-02-21,32.57527542114258
2023-02-22,32.99410629272461
2023-02-23,33.43154525756836
2023-02-24,33.31985855102539
2023-02-27,33.0406379699707
2023-02-28,33.236087799072266
2023-03-01,33.487388610839844
2023-03-02,33.26401138305664
2023-03-03,33.85968017578125
2023-03-06,33.14302062988281
2023-03-07,32.24953079223633
2023-03-08,32.091304779052734
2023-03-09,30.927898406982422
2023-03-10,29.90410614013672
2023-03-13,27.22362518310547
2023-03-14,28.349802017211914
2023-03-15,26.89787483215332
2023-03-16,27.139856338500977
2023-03-17,26.516279220581055
2023-03-20,26.479049682617188
2023-03-21,27.828594207763672
2023-03-22,26.93509864807129
2023-03-23,26.069530487060547
2023-03-24,26.09745216369629
2023-03-27,26.358055114746094
2023-03-28,26.20914077758789
2023-03-29,26.665193557739258
2023-03-30,26.572118759155273
2023-03-31,27.065399169921875
2023-04-03,27.34461784362793
2023-04-04,26.925798416137695
2023-04-05,26.525583267211914
2023-04-06,26.63727569580078
2023-04-10,26.804800033569336
2023-04-11,27.782058715820312
2023-04-12,27.484230041503906
2023-04-13,27.707603454589844
2023-04-14,27.735519409179688
2023-04-17,27.884437561035156
2023-04-18,28.154348373413086
2023-04-19,28.656940460205078
2023-04-20,27.791366577148438
2023-04-21,27.661062240600586
2023-04-24,27.530763626098633
2023-04-25,27.121246337890625
2023-04-26,27.121246337890625
2023-04-27,27.316699981689453
2023-04-28,27.465612411499023
2023-05-01,27.081018447875977
2023-05-02,25.83343505859375
2023-05-03,25.992900848388672
2023-05-04,25.101774215698242
2023-05-05,25.645830154418945
2023-05-08,25.702110290527344
2023-05-09,25.758392333984375
2023-05-10,25.439464569091797
2023-05-11,25.711488723754883
2023-05-12,25.401941299438477
2023-05-15,26.236793518066406
2023-05-16,26.152366638183594
2023-05-17,26.97783851623535
2023-05-18,28.140995025634766
2023-05-19,28.15975570678711
2023-05-22,28.469310760498047
2023-05-23,28.76948356628418
2023-05-24,28.19727897644043
2023-05-25,28.140995025634766
2023-05-26,28.985227584838867
2023-05-30,29.294776916503906
2023-05-31,29.041507720947266
2023-06-01,29.594947814941406
2023-06-02,30.99262237548828
2023-06-05,30.68306541442871
2023-06-06,31.696144104003906
2023-06-07,32.08074188232422
2023-06-08,31.67738914489746
2023-06-09,31.602340698242188
2023-06-12,31.649240493774414
2023-06-13,32.02445983886719
2023-06-14,31.46164321899414
2023-06-15,31.367834091186523
2023-06-16,30.861299514770508
2023-06-20,30.68306541442871
2023-06-21,30.776874542236328
2023-06-22,30.654924392700195
2023-06-23,30.67368507385254
2023-06-26,30.561126708984375
2023-06-27,31.302167892456055
2023-06-28,31.752431869506836
2023-06-29,31.958786010742188
2023-06-30,31.818082809448242
2023-07-03,32.24959182739258
2023-07-05,31.649240493774414
2023-07-06,31.367834091186523
2023-07-07,31.527294158935547
2023-07-10,31.846221923828125
2023-07-11,32.568519592285156
2023-07-12,32.709224700927734
2023-07-13,33.45964431762695
2023-07-14,32.73736572265625
2023-07-17,33.30955505371094
2023-07-18,33.92866516113281
2023-07-19,33.87238311767578
2023-07-20,32.72798538208008
2023-07-21,32.5216178894043
2023-07-24,33.619110107421875
2023-07-25,32.98125076293945
2023-07-26,32.69983673095703
2023-07-27,32.5778923034668
2023-07-28,32.681827545166016
2023-07-31,32.63459014892578
2023-08-01,32.804664611816406
2023-08-02,32.256649017333984
2023-08-03,32.4078254699707
2023-08-04,32.464515686035156
2023-08-07,32.833003997802734
2023-08-08,32.91804122924805
2023-08-09,32.50231170654297
2023-08-10,32.50231170654297
2023-08-11,32.85190200805664
2023-08-14,32.3416862487793
2023-08-15,31.633056640625
2023-08-16,31.05670928955078
2023-08-17,31.236230850219727
2023-08-18,31.34016227722168
2023-08-21,31.09450912475586
2023-08-22,30.036293029785156
2023-08-23,30.263050079345703
2023-08-24,30.187463760375977
2023-08-25,30.092981338500977
2023-08-28,30.21580696105957
2023-08-29,30.74491310119629
2023-08-30,30.574846267700195
2023-08-31,30.499258041381836
2023-09-01,30.858295440673828
2023-09-05,30.045738220214844
2023-09-06,29.979602813720703
2023-09-07,29.214282989501953
2023-09-08,29.554424285888672
2023-09-11,29.951257705688477
2023-09-12,30.499258041381836
2023-09-13,30.045738220214844
2023-09-14,30.50870704650879
2023-09-15,30.72602081298828
2023-09-18,30.36698341369629
2023-09-19,30.584293365478516
2023-09-20,30.385879516601562
2023-09-21,30.055187225341797
2023-09-22,29.648906707763672
2023-09-25,29.696149826049805
2023-09-26,29.374906539916992
2023-09-27,28.515111923217773
2023-09-28,29.16704559326172
2023-09-29,28.883590698242188
2023-10-02,28.694623947143555
2023-10-03,27.494686126708984
2023-10-04,27.437997817993164
2023-10-05,27.12619972229004
2023-10-06,27.702547073364258
2023-10-09,27.740341186523438
2023-10-10,28.193862915039062
2023-10-11,28.02379608154297
2023-10-12,27.806480407714844
2023-10-13,27.277374267578125
2023-10-16,28.014345169067383
2023-10-17,28.817455291748047
2023-10-18,28.25054931640625
2023-10-19,27.173439025878906
2023-10-20,26.80495834350586
2023-10-23,27.041166305541992
2023-10-24,25.86012077331543
2023-10-25,26.171916961669922
2023-10-26,26.455368041992188
2023-10-27,26.5404052734375
2023-10-30,26.767160415649414
2023-10-31,26.73856544494629
2023-11-01,26.662303924560547
2023-11-02,27.720409393310547
2023-11-03,28.740381240844727
2023-11-06,28.13030433654785
2023-11-07,27.977783203125
2023-11-08,27.949188232421875
2023-11-09,27.787137985229492
2023-11-10,28.187501907348633
2023-11-13,28.082639694213867
2023-11-14,28.883371353149414
2023-11-15,28.368616104125977
2023-11-16,27.5583553314209
2023-11-17,28.48300552368164
2023-11-20,28.425811767578125
2023-11-21,28.092172622680664
2023-11-22,28.2923583984375
2023-11-24,28.435344696044922
2023-11-27,28.01591682434082
2023-11-28,29.44578742980957
2023-11-29,29.76035499572754
2023-11-30,30.847061157226562
2023-12-01,32.248329162597656
2023-12-04,32.38178634643555
2023-12-05,32.391319274902344
2023-12-06,32.69636154174805
2023-12-07,33.26830291748047
2023-12-08,33.64006805419922
2023-12-11,33.7925910949707
2023-12-12,33.93557357788086
2023-12-13,35.10807418823242
2023-12-14,35.975528717041016
2023-12-15,35.3845100402832
2023-12-18,35.79441452026367
2023-12-19,36.44261932373047
2023-12-20,35.58469772338867
2023-12-21,36.27103042602539
2023-12-22,36.16617202758789
2023-12-26,36.480743408203125
2023-12-27,36.557003021240234
2023-12-28,36.57606887817383
2023-12-29,36.404483795166016
2024-01-02,36.18523406982422
2024-01-03,35.69908905029297
2024-01-04,35.689552307128906
2024-01-05,37.00503158569336
2024-01-08,37.36726760864258
2024-01-09,36.699989318847656
2024-01-10,36.16617202758789
2024-01-11,36.19477844238281
2024-01-12,35.01274108886719
2024-01-16,35.231990814208984
2024-01-17,34.76490020751953
2024-01-18,34.097633361816406
2024-01-19,35.184329986572266
2024-01-22,36.004119873046875
2024-01-23,35.689552307128906
2024-01-24,36.19477844238281
2024-01-25,36.661861419677734
2024-01-26,37.69136428833008
2024-01-29,37.38633346557617
2024-01-30,37.84389114379883
2024-01-31,37.05269241333008
2024-02-01,36.80485153198242
2024-02-02,37.370933532714844
2024-02-05,37.18863296508789
2024-02-06,37.2174186706543
2024-02-07,36.96796417236328
2024-02-08,37.30377197265625
2024-02-09,37.159854888916016
2024-02-12,37.92741012573242
2024-02-13,37.08309555053711
2024-02-14,37.73552703857422
2024-02-15,38.234439849853516
2024-02-16,37.956199645996094
2024-02-20,38.83890151977539
2024-02-21,38.05215072631836
2024-02-22,38.09052276611328
2024-02-23,38.49349594116211
2024-02-26,38.30160140991211
2024-02-27,39.34741973876953
2024-02-28,39.21309280395508
2024-02-29,39.62565994262695
2024-03-01,39.38579559326172
2024-03-04,38.982826232910156
2024-03-05,39.19389724731445
2024-03-06,39.587276458740234
2024-03-07,39.88471603393555
2024-03-08,40.431610107421875
2024-03-11,40.81539535522461
2024-03-12,41.3814697265625
2024-03-13,41.71727752685547
2024-03-14,41.496604919433594
2024-03-15,40.08619689941406
2024-03-18,40.05742263793945
2024-03-19,40.412410736083984
2024-03-20,41.630924224853516
2024-03-21,40.92093276977539
2024-03-22,39.86552810668945
2024-03-25,39.64484405517578
2024-03-26,39.89430618286133
2024-03-27,40.56592559814453
2024-03-28,41.37187576293945
2024-04-01,40.05742263793945
2024-04-02,39.33781814575195
2024-04-03,39.539310455322266
2024-04-04,39.520118713378906
2024-04-05,39.60647201538086
2024-04-08,40.7866096496582
2024-04-09,40.6139030456543
2024-04-10,39.75998306274414
2024-04-11,39.61606216430664
2024-04-12,38.7717399597168
2024-04-15,38.82931137084961
2024-04-16,38.30160140991211
2024-04-17,38.07133865356445
2024-04-18,39.14592742919922
2024-04-19,39.88471603393555
2024-04-22,40.441200256347656
2024-04-23,41.122413635253906
2024-04-24,43.19485092163086
2024-04-25,42.84944152832031
2024-04-26,42.859039306640625
2024-04-29,42.887821197509766
2024-04-30,42.19701385498047
2024-05-01,42.17782211303711
2024-05-02,43.41552734375
2024-05-03,43.9943962097168
2024-05-06,44.61186218261719
2024-05-07,43.676021575927734
2024-05-08,44.00404739379883
2024-05-09,44.47679138183594
2024-05-10,44.11982345581055
2024-05-13,43.32869338989258
2024-05-14,43.58918380737305
2024-05-15,42.5858039855957
2024-05-16,41.949039459228516
2024-05-17,42.39284896850586
2024-05-20,42.614742279052734
2024-05-21,43.222564697265625
2024-05-22,42.00693130493164
2024-05-23,41.35087585449219
2024-05-24,41.80432891845703
2024-05-28,41.69820022583008
2024-05-29,40.88777160644531
2024-05-30,41.47629928588867
2024-05-31,42.257774353027344
2024-06-03,42.02622604370117
2024-06-04,41.02284622192383
2024-06-05,41.292991638183594
2024-06-06,41.5438346862793
2024-06-07,42.16130065917969
2024-06-10,42.77875900268555
2024-06-11,40.97460174560547
2024-06-12,42.113059997558594
2024-06-13,41.34122848510742
2024-06-14,40.222068786621094
2024-06-17,41.57277297973633
2024-06-18,42.09376525878906
2024-06-20,43.34798812866211
2024-06-21,42.9041862487793
2024-06-24,43.917213439941406
2024-06-25,43.569889068603516
2024-06-26,43.299747467041016
2024-06-27,42.67263412475586
2024-06-28,45.52840805053711
2024-07-01,46.416015625
2024-07-02,46.338829040527344
2024-07-03,45.69242858886719
2024-07-05,45.267921447753906
2024-07-08,45.991512298583984
2024-07-09,46.74405288696289
2024-07-10,46.3967170715332
2024-07-11,47.33257293701172
2024-07-12,47.38080978393555
2024-07-15,48.93412780761719
2024-07-16,49.889259338378906
2024-07-17,50.38130569458008
2024-07-18,49.040245056152344
2024-07-19,48.21052932739258
2024-07-22,48.741172790527344
2024-07-23,49.02095413208008
2024-07-24,48.12369155883789
2024-07-25,48.60608673095703
2024-07-26,48.992008209228516
2024-07-29,48.731510162353516
2024-07-30,49.19461441040039
2024-07-31,49.00165557861328
2024-08-01,46.85017776489258
2024-08-02,43.405879974365234
2024-08-05,42.46479415893555
2024-08-06,42.98870086669922
2024-08-07,42.9789924621582
2024-08-08,44.39545822143555
2024-08-09,45.181304931640625
2024-08-12,44.28873825073242
2024-08-13,44.37605667114258
2024-08-14,44.93876266479492
2024-08-15,44.521583557128906
2024-08-16,45.22981262207031
2024-08-19,46.209693908691406
2024-08-20,45.705204010009766
2024-08-21,45.83132553100586
2024-08-22,45.792518615722656
2024-08-23,47.1507682800293
2024-08-26,47.4127197265625
2024-08-27,47.35451126098633
2024-08-28,48.0433349609375
2024-08-29,48.29558563232422
2024-08-30,48.76126480102539
2024-09-03,47.829898834228516
2024-09-04,47.72317886352539
2024-09-05,47.21867752075195
2024-09-06,45.99625778198242
2024-09-09,46.73359298706055
2024-09-10,44.773834228515625
2024-09-11,44.47306823730469
2024-09-12,45.02607345581055
2024-09-13,45.724609375
2024-09-16,45.91864776611328
2024-09-17,47.72317886352539
2024-09-18,47.43212127685547
2024-09-19,49.50830841064453
2024-09-20,49.07172775268555
2024-09-23,48.21796798706055
2024-09-24,46.772403717041016
2024-09-25,46.762699127197266
2024-09-26,47.5776481628418
2024-09-27,48.169464111328125
2024-09-30,48.392601013183594
2024-10-01,47.548545837402344
2024-10-02,48.1015510559082
2024-10-03,48.0821418762207
2024-10-04,50.313560485839844
2024-10-07,50.03221130371094
2024-10-08,49.66353988647461
2024-10-09,50.44938278198242
2024-10-10,50.04191207885742
2024-10-11,51.565093994140625
2024-10-14,52.0889892578125
2024-10-15,51.7009162902832
2024-10-16,54.834598541259766
2024-10-17,55.00923156738281
2024-10-18,54.73758316040039
2024-10-21,54.145774841308594
2024-10-22,54.00994873046875
2024-10-23,53.35992431640625
2024-10-24,53.6121711730957
2024-10-25,53.50545883178711
2024-10-28,55.09654998779297
2024-10-29,54.08755874633789
2024-10-30,54.630863189697266
2024-10-31,53.49575424194336
2024-11-01,53.60247039794922
2024-11-04,53.660945892333984
2024-11-05,55.37622833251953
2024-11-06,65.79459381103516
2024-11-07,62.997520446777344
2024-11-08,62.169124603271484
2024-11-11,63.933128356933594
2024-11-12,63.46533203125
2024-11-13,63.475067138671875
2024-11-14,63.24116897583008
2024-11-15,63.328887939453125
2024-11-18,62.422515869140625
2024-11-19,62.03268051147461
2024-11-20,62.76362228393555
2024-11-21,63.48481750488281
2024-11-22,64.31322479248047
2024-11-25,65.3365478515625
2024-11-26,65.55094146728516
2024-11-27,65.51197052001953
2024-11-29,65.80435180664062
2024-12-02,65.38526153564453
2024-12-03,65.43399810791016
2024-12-04,65.12213134765625
2024-12-05,65.2195816040039
2024-12-06,66.19418334960938
2024-12-09,66.20392608642578
2024-12-10,65.17086791992188
2024-12-11,66.78868103027344
2024-12-12,66.78868103027344
2024-12-13,66.33062744140625
2024-12-16,66.80816650390625
2024-12-17,65.48272705078125
2024-12-18,61.97420120239258
2024-12-19,62.63692855834961
2024-12-20,63.78694534301758
2024-12-23,63.79669189453125
2024-12-24,64.92721557617188
2024-12-26,65.11238861083984
2024-12-27,64.24498748779297
2024-12-30,63.3971061706543
2024-12-31,63.34836959838867
2025-01-02,63.59202194213867
2025-01-03,65.0831527709961
2025-01-06,65.95052337646484
2025-01-07,64.88822937011719
2025-01-08,64.1183090209961
2025-01-10,62.149627685546875
2025-01-13,63.16320037841797
2025-01-14,64.38143920898438
2025-01-15,66.37935638427734
2025-01-16,66.08697509765625
2025-01-17,67.00308990478516
2025-01-21,67.70480346679688
2025-01-22,68.69888305664062
2025-01-23,68.650146484375
2025-01-24,68.83531951904297
2025-01-27,68.08488464355469
2025-01-28,64.96619415283203
2025-01-29,67.0225830078125
2025-01-30,67.70480346679688
2025-01-31,67.22724151611328
2025-02-03,66.06327056884766
2025-02-04,64.47867584228516
2025-02-05,66.36648559570312
2025-02-06,66.71861267089844
2025-02-07,66.01436614990234
2025-02-10,64.08743286132812
2025-02-11,63.803775787353516
2025-02-12,62.60066604614258
2025-02-13,62.67892074584961
2025-02-14,63.78421401977539
2025-02-18,63.862464904785156
2025-02-19,64.15589141845703
2025-02-20,62.45394515991211
2025-02-21,60.06729507446289
2025-02-24,59.24565887451172
2025-02-25,58.20883560180664
2025-02-26,58.42402648925781
2025-02-27,57.964298248291016
2025-02-28,59.35325622558594
2025-03-03,56.75141525268555
2025-03-04,54.883174896240234
2025-03-05,54.61907958984375
2025-03-06,52.96603775024414
2025-03-07,53.54313659667969
2025-03-10,51.1564826965332
2025-03-11,50.85326385498047
2025-03-12,52.43783950805664
2025-03-13,50.76523208618164
2025-03-14,52.173744201660156
2025-03-17,52.27155303955078
2025-03-18,51.890079498291016
2025-03-19,53.32794189453125
2025-03-20,52.69215393066406
2025-03-21,52.8388786315918
2025-03-24,54.599517822265625
2025-03-25,54.62885665893555
2025-03-26,53.99307632446289
2025-03-27,52.97581481933594
2025-03-28,51.28364181518555
2025-03-31,51.78248977661133
2025-04-01,52.09549331665039
2025-04-02,53.84635543823242
2025-04-03,45.541988372802734
2025-04-04,42.85211944580078
2025-04-07,43.83024597167969
2025-04-08,42.871673583984375
2025-04-09,49.37627410888672
2025-04-10,45.61045455932617
2025-04-11,45.12138748168945
2025-04-14,45.9332389831543
2025-04-15,46.471214294433594
2025-04-16,45.737613677978516
2025-04-17,46.82333755493164
2025-04-21,46.19733428955078
2025-04-22,47.49825668334961
2025-04-23,48.8187370300293
2025-04-24,50.7847900390625
2025-04-25,50.29572296142578
2025-04-28,51.02932357788086
2025-04-29,51.28364181518555
2025-04-30,50.81413650512695
2025-05-01,51.16626739501953
2025-05-02,52.99537658691406
2025-05-05,53.31011962890625
2025-05-06,52.523258209228516
2025-05-07,52.887184143066406
2025-05-08,54.5494384765625
2025-05-09,54.71664047241211
2025-05-12,59.368988037109375
2025-05-13,60.35256576538086
2025-05-14,60.09683609008789
2025-05-15,59.49685287475586
2025-05-16,59.801761627197266
2025-05-19,59.0640754699707
2025-05-20,58.85752487182617
2025-05-21,56.30021286010742
2025-05-22,56.516597747802734
2025-05-23,55.80842208862305
2025-05-27,58.05098342895508
2025-05-28,57.35264587402344
2025-05-29,57.29362869262695
2025-05-30,56.70348358154297
2025-06-02,57.175601959228516
2025-06-03,58.05098342895508
2025-06-04,56.91986846923828
2025-06-05,56.50676345825195
2025-06-06,58.24770736694336
2025-06-09,59.83127212524414
2025-06-10,59.76241683959961
2025-06-11,60.775508880615234
2025-06-12,60.431251525878906
2025-06-13,58.85752487182617
2025-06-16,60.26404571533203
2025-06-17,59.29029846191406
2025-06-18,60.44108963012695
2025-06-20,61.31647491455078
2025-06-23,62.2115364074707
2025-06-24,63.67707061767578
2025-06-25,63.86394500732422
2025-06-26,64.74918365478516
2025-06-27,65.10326385498047
2025-06-30,65.64423370361328
2025-07-01,67.05075073242188
2025-07-02,68.32941436767578
2025-07-03,69.0080795288086
2025-07-07,68.55563354492188
2025-07-08,68.1523666381836
2025-07-09,69.0080795288086
2025-07-10,69.97199249267578
2025-07-11,69.45069885253906
2025-07-14,69.71625518798828
2025-07-15,67.43435668945312
2025-07-16,68.16221618652344
2025-07-17,69.03759002685547
2025-07-18,68.89006042480469
2025-07-21,68.29991149902344
2025-07-22,69.4998779296875
2025-07-23,70.89655303955078
2025-07-24,70.63099670410156
2025-07-25,71.70309448242188
2025-07-28,71.67359161376953
2025-07-29,70.12937927246094
2025-07-30,69.1064453125
2025-07-31,68.52613067626953
2025-08-01,66.4212646484375
2025-08-04,68.11302185058594
2025-08-05,69.14039611816406
2025-08-06,68.60694885253906
2025-08-07,67.61909484863281
2025-08-08,68.58719635009766
2025-08-11,68.75513458251953
2025-08-12,71.48163604736328
2025-08-13,71.7088394165039
2025-08-14,71.94593048095703
2025-08-15,70.62218475341797
2025-08-18,70.91854858398438
2025-08-19,70.72097778320312
2025-08-20,70.71109771728516
2025-08-21,70.36534881591797
2025-08-22,72.31143188476562
2025-08-25,73.10171508789062
2025-08-26,74.42546081542969
2025-08-27,74.84036254882812
2025-08-28,75.65040588378906
2025-08-29,75.41331481933594
2025-09-02,74.70205688476562
2025-09-03,74.5736312866211
2025-09-04,75.92700958251953
2025-09-05,74.69218444824219
2025-09-08,74.2278823852539
2025-09-09,75.14659881591797
2025-09-10,73.83273315429688
2025-09-11,75.08733367919922
2025-09-12,74.45509338378906
2025-09-15,75.35404205322266
2025-09-16,73.62528991699219
2025-09-17,73.9117660522461
2025-09-18,75.60101318359375
2025-09-19,75.66028594970703
2025-09-22,74.66254425048828
2025-09-23,73.83273315429688
2025-09-24,73.72407531738281
2025-09-25,73.37832641601562
2025-09-26,73.63516998291016
2025-09-29,72.42998504638672
2025-09-30,70.18753814697266
2025-10-01,68.99221801757812
2025-10-02,69.4268798828125
2025-10-03,70.36534881591797
2025-10-06,70.51351928710938
2025-10-07,70.03935241699219
2025-10-08,70.1084976196289
2025-10-09,70.12826538085938
2025-10-10,67.1943130493164
2025-10-13,69.28858184814453
2025-10-14,71.95580291748047
2025-10-15,71.4421157836914
2025-10-16,69.39724731445312
2025-10-17,70.64195251464844
2025-10-20,71.38284301757812
2025-10-21,73.10171508789062
2025-10-22,72.12374114990234
2025-10-23,72.3509521484375
2025-10-24,73.93152618408203
2025-10-27,74.0500717163086
2025-10-28,73.81298828125
2025-10-29,72.32131958007812
2025-10-30,72.69670104980469
2025-10-31,73.47710418701172
2025-11-03,73.11160278320312
2025-11-04,72.41021728515625
2025-11-05,73.76914978027344
2025-11-06,72.95578002929688
2025-11-07,72.59868621826172
2025-11-10,74.09648132324219
2025-11-11,73.8187484741211
2025-11-12,74.88009643554688
2025-11-13,73.19384002685547
2025-11-14,72.4994888305664
2025-11-17,69.9006576538086
2025-11-18,70.64459991455078
2025-11-19,71.96385192871094
2025-11-20,71.66627502441406
2025-11-21,74.01713562011719
2025-11-24,73.91793823242188
2025-11-25,75.89186096191406
2025-11-26,76.32830810546875
2025-11-28,76.73500061035156
2025-12-01,77.41941833496094
2025-12-02,78.24271392822266
2025-12-03,78.51053619384766
2025-12-04,79.75043487548828
2025-12-05,79.71076202392578
2025-12-08,79.13544464111328
2025-12-09,80.35551452636719
2025-12-10,83.86691284179688
2025-12-11,84.96794128417969
2025-12-12,83.5395736694336
2025-12-15,82.53772735595703
2025-12-16,82.71627807617188
2025-12-17,82.55757904052734
2025-12-18,83.0039291381836
2025-12-19,83.99585723876953
2025-12-22,85.15640258789062
2025-12-23,84.878662109375
2025-12-24,85.36470794677734
2025-12-26,85.31510925292969
2025-12-29,84.05536651611328
2025-12-30,83.62884521484375
