Date,ABBV
2013-01-02,20.561065673828125
2013-01-03,20.391286849975586
2013-01-04,20.133691787719727
2013-01-07,20.17467498779297
2013-01-08,19.73558235168457
2013-01-09,19.84682273864746
2013-01-10,19.905364990234375
2013-01-11,20.053464889526367
2013-01-14,20.19565200805664
2013-01-15,20.497785568237305
2013-01-16,21.054662704467773
2013-01-17,21.575992584228516
2013-01-18,22.109176635742188
2013-01-22,21.575992584228516
2013-01-23,22.39353370666504
2013-01-24,22.19210433959961
2013-01-25,22.275047302246094
2013-01-28,21.85442352294922
2013-01-29,22.103252410888672
2013-01-30,21.87812614440918
2013-01-31,21.735946655273438
2013-02-01,22.026222229003906
2013-02-04,22.085474014282227
2013-02-05,22.038084030151367
2013-02-06,22.002534866333008
2013-02-07,21.575992584228516
2013-02-08,21.47527503967285
2013-02-11,21.23830223083496
2013-02-12,20.983572006225586
2013-02-13,20.894710540771484
2013-02-14,21.664852142333984
2013-02-15,22.26320457458496
2013-02-19,22.62458038330078
2013-02-20,22.873401641845703
2013-02-21,22.97410774230957
2013-02-22,22.78452491760254
2013-02-25,22.138790130615234
2013-02-26,21.972917556762695
2013-02-27,21.759639739990234
2013-02-28,21.8721981048584
2013-03-01,22.399450302124023
2013-03-04,22.654191970825195
2013-03-05,22.221729278564453
2013-03-06,22.357990264892578
2013-03-07,22.209882736206055
2013-03-08,22.121017456054688
2013-03-11,22.3165225982666
2013-03-12,22.020307540893555
2013-03-13,22.020307540893555
2013-03-14,22.251346588134766
2013-03-15,22.808223724365234
2013-03-18,22.60680389404297
2013-03-19,22.72528839111328
2013-03-20,23.13998031616211
2013-03-21,22.802309036254883
2013-03-22,23.086666107177734
2013-03-25,23.29401206970215
2013-03-26,23.821277618408203
2013-03-27,23.78573226928711
2013-03-28,24.158952713012695
2013-04-01,24.360374450683594
2013-04-02,24.117475509643555
2013-04-03,24.034536361694336
2013-04-04,24.644731521606445
2013-04-05,24.47293472290039
2013-04-08,24.74544906616211
2013-04-09,25.207530975341797
2013-04-10,25.84142303466797
2013-04-11,25.8294620513916
2013-04-12,25.763708114624023
2013-04-15,24.777151107788086
2013-04-16,25.381040573120117
2013-04-17,25.255481719970703
2013-04-18,25.303314208984375
2013-04-19,25.34516716003418
2013-04-22,26.427377700805664
2013-04-23,26.989397048950195
2013-04-24,26.499113082885742
2013-04-25,26.45128631591797
2013-04-26,27.40793800354004
2013-04-29,27.043212890625
2013-04-30,27.533493041992188
2013-05-01,27.234546661376953
2013-05-02,26.30181312561035
2013-05-03,26.71436882019043
2013-05-06,26.660560607910156
2013-05-07,26.851886749267578
2013-05-08,26.00286102294922
2013-05-09,26.45128631591797
2013-05-10,26.911672592163086
2013-05-13,26.630661010742188
2013-05-14,27.114965438842773
2013-05-15,27.521530151367188
2013-05-16,27.6291561126709
2013-05-17,28.203149795532227
2013-05-20,27.659055709838867
2013-05-21,27.82647132873535
2013-05-22,27.958003997802734
2013-05-23,27.85635757446289
2013-05-24,27.16877555847168
2013-05-28,27.13887596130371
2013-05-29,26.236042022705078
2013-05-30,26.63664436340332
2013-05-31,25.5245418548584
2013-06-03,25.925140380859375
2013-06-04,26.086570739746094
2013-06-05,25.733802795410156
2013-06-06,26.008840560913086
2013-06-07,26.30779266357422
2013-06-10,26.259960174560547
2013-06-11,26.062654495239258
2013-06-12,25.572378158569336
2013-06-13,25.79957389831543
2013-06-14,25.835453033447266
2013-06-17,25.715866088867188
2013-06-18,26.032758712768555
2013-06-19,25.733802795410156
2013-06-20,24.549945831298828
2013-06-21,25.482681274414062
2013-06-24,25.04621124267578
2013-06-25,25.488664627075195
2013-06-26,25.937095642089844
2013-06-27,25.787612915039062
2013-06-28,24.717369079589844
2013-07-01,24.878801345825195
2013-07-02,25.23755645751953
2013-07-03,25.249500274658203
2013-07-05,25.542484283447266
2013-07-08,26.116464614868164
2013-07-09,25.901212692260742
2013-07-10,26.253976821899414
2013-07-11,26.416898727416992
2013-07-12,27.183216094970703
2013-07-15,26.92375373840332
2013-07-16,26.43500518798828
2013-07-17,26.5255126953125
2013-07-18,26.74272918701172
2013-07-19,26.86341667175293
2013-07-22,27.13494873046875
2013-07-23,26.736703872680664
2013-07-24,26.33241844177246
2013-07-25,26.694459915161133
2013-07-26,27.02633285522461
2013-07-29,27.189254760742188
2013-07-30,26.972030639648438
2013-07-31,27.44268798828125
2013-08-01,27.30390739440918
2013-08-02,27.34613609313965
2013-08-05,26.97805404663086
2013-08-06,27.080638885498047
2013-08-07,26.89358901977539
2013-08-08,27.189254760742188
2013-08-09,26.97805404663086
2013-08-12,27.17717742919922
2013-08-13,27.11081314086914
2013-08-14,26.89961814880371
2013-08-15,26.072967529296875
2013-08-16,25.946250915527344
2013-08-19,26.169496536254883
2013-08-20,25.928150177001953
2013-08-21,25.5299015045166
2013-08-22,25.897974014282227
2013-08-23,26.205713272094727
2013-08-26,26.2177677154541
2013-08-27,25.722990036010742
2013-08-28,25.680749893188477
2013-08-29,25.71695327758789
2013-08-30,25.710922241210938
2013-09-03,25.698850631713867
2013-09-04,26.024682998657227
2013-09-05,26.253984451293945
2013-09-06,26.483274459838867
2013-09-09,26.809104919433594
2013-09-10,27.02029800415039
2013-09-11,27.12287139892578
2013-09-12,26.972030639648438
2013-09-13,27.086681365966797
2013-09-16,27.64783477783203
2013-09-17,28.721893310546875
2013-09-18,28.914976119995117
2013-09-19,28.601215362548828
2013-09-20,28.86670684814453
2013-09-23,28.420196533203125
2013-09-24,27.744388580322266
2013-09-25,27.3521728515625
2013-09-26,27.15304183959961
2013-09-27,26.748769760131836
2013-09-30,26.990135192871094
2013-10-01,27.635774612426758
2013-10-02,27.72628402709961
2013-10-03,27.762487411499023
2013-10-04,28.23917579650879
2013-10-07,27.810758590698242
2013-10-08,26.86341667175293
2013-10-09,27.038400650024414
2013-10-10,27.811628341674805
2013-10-11,27.793363571166992
2013-10-14,28.207366943359375
2013-10-15,28.055160522460938
2013-10-16,28.65181541442871
2013-10-17,29.3276309967041
2013-10-18,29.425037384033203
2013-10-21,29.437210083007812
2013-10-22,29.832962036132812
2013-10-23,29.425037384033203
2013-10-24,29.181501388549805
2013-10-25,30.015605926513672
2013-10-28,30.088668823242188
2013-10-29,30.313940048217773
2013-10-30,29.711196899414062
2013-10-31,29.49810791015625
2013-11-01,29.808605194091797
2013-11-04,29.68683624267578
2013-11-05,29.3276309967041
2013-11-06,29.254558563232422
2013-11-07,28.761404037475586
2013-11-08,29.24239158630371
2013-11-11,29.57115936279297
2013-11-12,28.907543182373047
2013-11-13,29.132795333862305
2013-11-14,29.248477935791016
2013-11-15,29.49201011657715
2013-11-18,29.753816604614258
2013-11-19,29.504182815551758
2013-11-20,29.193679809570312
2013-11-21,29.57115936279297
2013-11-22,29.796424865722656
2013-11-25,29.4737548828125
2013-11-26,29.589427947998047
2013-11-27,29.376327514648438
2013-11-29,29.49810791015625
2013-12-02,29.46156120300293
2013-12-03,30.42353630065918
2013-12-04,30.240890502929688
2013-12-05,30.295669555664062
2013-12-06,31.263731002807617
2013-12-09,31.178482055664062
2013-12-10,31.744709014892578
2013-12-11,32.0673828125
2013-12-12,31.896909713745117
2013-12-13,31.88473892211914
2013-12-16,32.49357223510742
2013-12-17,32.6518669128418
2013-12-18,33.071964263916016
2013-12-19,32.043033599853516
2013-12-20,32.018672943115234
2013-12-23,32.01258850097656
2013-12-24,31.878658294677734
2013-12-26,32.26220703125
2013-12-27,31.994335174560547
2013-12-30,32.27439880371094
2013-12-31,32.152618408203125
2014-01-02,31.647287368774414
2014-01-03,31.842111587524414
2014-01-06,30.679243087768555
2014-01-07,30.740131378173828
2014-01-08,30.660980224609375
2014-01-09,31.184579849243164
2014-01-10,30.989755630493164
2014-01-13,30.578603744506836
2014-01-14,31.051111221313477
2014-01-15,30.750425338745117
2014-01-16,30.98975944519043
2014-01-17,30.719745635986328
2014-01-21,30.682912826538086
2014-01-22,30.11835479736328
2014-01-23,29.98949432373047
2014-01-24,29.326736450195312
2014-01-27,28.73761558532715
2014-01-28,29.265361785888672
2014-01-29,29.21628761291504
2014-01-30,29.645835876464844
2014-01-31,30.210411071777344
2014-02-03,29.056734085083008
2014-02-04,29.424922943115234
2014-02-05,29.289915084838867
2014-02-06,29.412639617919922
2014-02-07,30.00175666809082
2014-02-10,30.40677261352539
2014-02-11,30.474281311035156
2014-02-12,31.026569366455078
2014-02-13,30.8976993560791
2014-02-14,31.130874633789062
2014-02-18,31.578855514526367
2014-02-19,31.41317367553711
2014-02-20,31.824317932128906
2014-02-21,31.32111358642578
2014-02-24,31.204526901245117
2014-02-25,31.124755859375
2014-02-26,31.13703727722168
2014-02-27,31.241350173950195
2014-02-28,31.241350173950195
2014-03-03,30.738161087036133
2014-03-04,31.658626556396484
2014-03-05,31.72613525390625
2014-03-06,31.934776306152344
2014-03-07,31.578855514526367
2014-03-10,31.70158576965332
2014-03-11,31.756818771362305
2014-03-12,31.689315795898438
2014-03-13,31.492958068847656
2014-03-14,31.425437927246094
2014-03-17,31.89795684814453
2014-03-18,32.585262298583984
2014-03-19,32.591400146484375
2014-03-20,32.941184997558594
2014-03-21,32.80617141723633
2014-03-24,31.51749610900879
2014-03-25,31.72000503540039
2014-03-26,31.603410720825195
2014-03-27,31.70158576965332
2014-03-28,31.284297943115234
2014-03-31,31.54203987121582
2014-04-01,31.97159767150879
2014-04-02,32.732540130615234
2014-04-03,32.830726623535156
2014-04-04,32.03295135498047
2014-04-07,31.063379287719727
2014-04-08,30.130630493164062
2014-04-09,31.06952667236328
2014-04-10,29.056734085083008
2014-04-11,28.765722274780273
2014-04-14,28.99480628967285
2014-04-15,29.632535934448242
2014-04-16,29.79351043701172
2014-04-17,30.05975341796875
2014-04-21,30.604597091674805
2014-04-22,30.963701248168945
2014-04-23,31.04420280456543
2014-04-24,30.5364990234375
2014-04-25,30.425048828125
2014-04-28,31.496177673339844
2014-04-29,31.805744171142578
2014-04-30,32.245357513427734
2014-05-01,31.954343795776367
2014-05-02,31.68812370300293
2014-05-05,31.799564361572266
2014-05-06,31.520944595336914
2014-05-07,32.68494415283203
2014-05-08,32.2886848449707
2014-05-09,32.35679626464844
2014-05-12,32.424896240234375
2014-05-13,32.319637298583984
2014-05-14,32.734474182128906
2014-05-15,32.62303924560547
2014-05-16,32.77164077758789
2014-05-19,33.50222396850586
2014-05-20,33.14930725097656
2014-05-21,32.98214340209961
2014-05-22,33.20503234863281
2014-05-23,33.40316390991211
2014-05-27,33.427921295166016
2014-05-28,33.47745895385742
2014-05-29,33.45269775390625
2014-05-30,33.638427734375
2014-06-02,33.52699279785156
2014-06-03,33.663211822509766
2014-06-04,33.79323196411133
2014-06-05,34.239017486572266
2014-06-06,34.11519241333008
2014-06-09,33.335060119628906
2014-06-10,33.415550231933594
2014-06-11,33.576534271240234
2014-06-12,33.22361373901367
2014-06-13,33.53318786621094
2014-06-16,33.43411636352539
2014-06-17,33.61986541748047
2014-06-18,33.78704071044922
2014-06-19,33.551753997802734
2014-06-20,33.00071334838867
2014-06-23,33.27933883666992
2014-06-24,33.18026351928711
2014-06-25,34.05326461791992
2014-06-26,34.98817825317383
2014-06-27,35.16155242919922
2014-06-30,34.94484329223633
2014-07-01,35.22346115112305
2014-07-02,35.978824615478516
2014-07-03,36.046932220458984
2014-07-07,35.53923034667969
2014-07-08,34.48047637939453
2014-07-09,34.0594596862793
2014-07-10,34.54239273071289
2014-07-11,34.286617279052734
2014-07-14,34.21800231933594
2014-07-15,33.33837890625
2014-07-16,33.469383239746094
2014-07-17,33.38828659057617
2014-07-18,34.25542068481445
2014-07-21,33.68772888183594
2014-07-22,33.71892166137695
2014-07-23,33.9871826171875
2014-07-24,33.737640380859375
2014-07-25,33.17616653442383
2014-07-28,33.52552795410156
2014-07-29,33.3321418762207
2014-07-30,33.53175735473633
2014-07-31,32.65214920043945
2014-08-01,32.739479064941406
2014-08-04,33.24480056762695
2014-08-05,32.93287658691406
2014-08-06,32.47123336791992
2014-08-07,32.708290100097656
2014-08-08,32.95158004760742
2014-08-11,33.25727462768555
2014-08-12,32.964073181152344
2014-08-13,33.438194274902344
2014-08-14,33.80625534057617
2014-08-15,33.62534713745117
2014-08-18,33.881126403808594
2014-08-19,34.49249267578125
2014-08-20,34.349002838134766
2014-08-21,34.286617279052734
2014-08-22,34.43634796142578
2014-08-25,34.85432815551758
2014-08-26,34.77945327758789
2014-08-27,34.748268127441406
2014-08-28,34.68588638305664
2014-08-29,34.48625564575195
2014-09-02,34.35524368286133
2014-09-03,34.62973403930664
2014-09-04,34.6484489440918
2014-09-05,34.897987365722656
2014-09-08,34.66716003417969
2014-09-09,35.528072357177734
2014-09-10,35.67779541015625
2014-09-11,36.089542388916016
2014-09-12,36.10824966430664
2014-09-15,36.13944625854492
2014-09-16,36.55742645263672
2014-09-17,37.19375228881836
2014-09-18,37.08770751953125
2014-09-19,36.84439468383789
2014-09-22,36.62603759765625
2014-09-23,35.90862274169922
2014-09-24,36.83815383911133
2014-09-25,36.1831169128418
2014-09-26,36.92547607421875
2014-09-29,36.507503509521484
2014-09-30,36.03339385986328
2014-10-01,35.702754974365234
2014-10-02,35.353397369384766
2014-10-03,36.61357498168945
2014-10-06,36.06458282470703
2014-10-07,35.340919494628906
2014-10-08,36.39522171020508
2014-10-09,35.38459777832031
2014-10-10,34.548683166503906
2014-10-13,33.70021438598633
2014-10-14,34.02074432373047
2014-10-15,34.33500289916992
2014-10-16,33.24768829345703
2014-10-17,33.5430793762207
2014-10-20,34.19670486450195
2014-10-21,35.37830352783203
2014-10-22,35.761695861816406
2014-10-23,37.408363342285156
2014-10-24,37.8923225402832
2014-10-27,38.018009185791016
2014-10-28,38.294551849365234
2014-10-29,37.69748306274414
2014-10-30,38.4516716003418
2014-10-31,39.8846549987793
2014-11-03,39.75267028808594
2014-11-04,39.38185119628906
2014-11-05,39.30643844604492
2014-11-06,39.41327667236328
2014-11-07,38.65279006958008
2014-11-10,40.09205627441406
2014-11-11,40.1297607421875
2014-11-12,40.073211669921875
2014-11-13,39.99150085449219
2014-11-14,40.22405242919922
2014-11-17,40.877681732177734
2014-11-18,41.512474060058594
2014-11-19,41.16679382324219
2014-11-20,40.97195816040039
2014-11-21,42.3358154296875
2014-11-24,42.59978103637695
2014-11-25,42.775760650634766
2014-11-26,43.17799377441406
2014-11-28,43.49225616455078
2014-12-01,43.435691833496094
2014-12-02,43.53623580932617
2014-12-03,43.05229568481445
2014-12-04,43.72480010986328
2014-12-05,43.81278610229492
2014-12-08,43.63052749633789
2014-12-09,43.454532623291016
2014-12-10,42.47407150268555
2014-12-11,42.128395080566406
2014-12-12,41.02223587036133
2014-12-15,41.24221420288086
2014-12-16,41.00967025756836
2014-12-17,41.83929443359375
2014-12-18,42.68777847290039
2014-12-19,42.555789947509766
2014-12-22,42.09069061279297
2014-12-23,40.44401550292969
2014-12-24,41.61302185058594
2014-12-26,42.09697723388672
2014-12-29,42.19753646850586
2014-12-30,41.66960144042969
2014-12-31,41.12909698486328
2015-01-02,41.41191864013672
2015-01-05,40.632572174072266
2015-01-06,40.43144989013672
2015-01-07,42.065555572509766
2015-01-08,42.50550842285156
2015-01-09,41.34278869628906
2015-01-12,41.33021545410156
2015-01-13,40.13975524902344
2015-01-14,40.336055755615234
2015-01-15,39.823143005371094
2015-01-16,40.86796569824219
2015-01-20,40.17774963378906
2015-01-21,39.70283126831055
2015-01-22,39.880130767822266
2015-01-23,39.53186798095703
2015-01-26,39.785152435302734
2015-01-27,39.956119537353516
2015-01-28,39.16459655761719
2015-01-29,39.968780517578125
2015-01-30,38.21476745605469
2015-02-02,38.436405181884766
2015-02-03,39.03795623779297
2015-02-04,36.036495208740234
2015-02-05,36.720375061035156
2015-02-06,36.0301628112793
2015-02-09,35.131004333496094
2015-02-10,36.02383041381836
2015-02-11,35.897186279296875
2015-02-12,36.12515640258789
2015-02-13,36.758365631103516
2015-02-17,37.182621002197266
2015-02-18,37.51190185546875
2015-02-19,37.359920501708984
2015-02-20,38.81633377075195
2015-02-23,38.354068756103516
2015-02-24,38.544044494628906
2015-02-25,38.38572692871094
2015-02-26,38.322410583496094
2015-02-27,38.30975341796875
2015-03-02,38.284420013427734
2015-03-03,37.75251388549805
2015-03-04,38.16410446166992
2015-03-05,36.00484085083008
2015-03-06,35.23230743408203
2015-03-09,35.16898727416992
2015-03-10,35.358943939208984
2015-03-11,35.85287094116211
2015-03-12,36.726707458496094
2015-03-13,36.726707458496094
2015-03-16,37.435909271240234
2015-03-17,37.82218551635742
2015-03-18,37.923484802246094
2015-03-19,38.74666976928711
2015-03-20,38.24642562866211
2015-03-23,38.297088623046875
2015-03-24,37.75885772705078
2015-03-25,36.86602020263672
2015-03-26,36.26445770263672
2015-03-27,36.50507736206055
2015-03-30,36.878684997558594
2015-03-31,37.06864929199219
2015-04-01,36.15681838989258
2015-04-02,36.09980773925781
2015-04-06,36.47975158691406
2015-04-07,36.99266052246094
2015-04-08,37.23961639404297
2015-04-09,38.195777893066406
2015-04-10,39.25959014892578
2015-04-13,39.07442092895508
2015-04-14,39.40642547607422
2015-04-15,39.60435485839844
2015-04-16,39.96189498901367
2015-04-17,39.77035903930664
2015-04-20,40.56845474243164
2015-04-21,40.61314392089844
2015-04-22,41.19414520263672
2015-04-23,41.02177047729492
2015-04-24,42.18377685546875
2015-04-27,41.51338577270508
2015-04-28,42.45192337036133
2015-04-29,41.90284729003906
2015-04-30,41.28353500366211
2015-05-01,41.06644821166992
2015-05-04,41.29631423950195
2015-05-05,40.77276611328125
2015-05-06,40.82383728027344
2015-05-07,41.30906677246094
2015-05-08,41.653846740722656
2015-05-11,41.62831115722656
2015-05-12,41.37931442260742
2015-05-13,41.69216537475586
2015-05-14,42.11992263793945
2015-05-15,42.13270950317383
2015-05-18,41.89008712768555
2015-05-19,41.96669387817383
2015-05-20,42.0688591003418
2015-05-21,41.915626525878906
2015-05-22,41.80708694458008
2015-05-26,42.20293045043945
2015-05-27,43.02017593383789
2015-05-28,43.0776481628418
2015-05-29,42.515785217285156
2015-06-01,42.73286437988281
2015-06-02,42.53493881225586
2015-06-03,42.78394317626953
2015-06-04,43.04570388793945
2015-06-05,43.0329475402832
2015-06-08,43.28194046020508
2015-06-09,43.205326080322266
2015-06-10,43.56926727294922
2015-06-11,43.44154739379883
2015-06-12,42.809486389160156
2015-06-15,42.720096588134766
2015-06-16,42.63071060180664
2015-06-17,43.26917266845703
2015-06-18,44.04173278808594
2015-06-19,44.3609619140625
2015-06-22,44.76957702636719
2015-06-23,44.705745697021484
2015-06-24,44.194976806640625
2015-06-25,44.57804489135742
2015-06-26,44.98666763305664
2015-06-29,42.89249038696289
2015-06-30,42.89887237548828
2015-07-01,43.741661071777344
2015-07-02,43.55009841918945
2015-07-06,43.55649185180664
2015-07-07,43.77357864379883
2015-07-08,43.198944091796875
2015-07-09,43.396888732910156
2015-07-10,44.201351165771484
2015-07-13,44.74808120727539
2015-07-14,44.896026611328125
2015-07-15,44.86384963989258
2015-07-16,45.018218994140625
2015-07-17,45.018218994140625
2015-07-20,45.539215087890625
2015-07-21,45.37199401855469
2015-07-22,45.38485336303711
2015-07-23,45.359134674072266
2015-07-24,43.78969192504883
2015-07-27,44.600135803222656
2015-07-28,45.81580352783203
2015-07-29,45.51993942260742
2015-07-30,45.1275634765625
2015-07-31,45.031097412109375
2015-08-03,44.85099411010742
2015-08-04,44.992496490478516
2015-08-05,45.21762466430664
2015-08-06,44.53581237792969
2015-08-07,44.13703536987305
2015-08-10,44.51651382446289
2015-08-11,43.899044036865234
2015-08-12,44.22064971923828
2015-08-13,44.08556365966797
2015-08-14,44.15632247924805
2015-08-17,44.61943817138672
2015-08-18,44.2913932800293
2015-08-19,44.117740631103516
2015-08-20,43.40375900268555
2015-08-21,42.38750457763672
2015-08-24,40.81163024902344
2015-08-25,39.04924392700195
2015-08-26,40.61223602294922
2015-08-27,41.49342727661133
2015-08-28,41.15254211425781
2015-08-31,40.1426887512207
2015-09-01,38.9141731262207
2015-09-02,39.2229118347168
2015-09-03,39.60884094238281
2015-09-04,38.44462966918945
2015-09-08,38.959190368652344
2015-09-09,38.116580963134766
2015-09-10,38.322418212890625
2015-09-11,38.17446517944336
2015-09-14,37.91077423095703
2015-09-15,38.07799530029297
2015-09-16,38.27739715576172
2015-09-17,38.50252151489258
2015-09-18,39.37726974487305
2015-09-21,38.2002067565918
2015-09-22,37.138916015625
2015-09-23,36.93950653076172
2015-09-24,36.386348724365234
2015-09-25,35.85248565673828
2015-09-28,33.76849365234375
2015-09-29,33.955020904541016
2015-09-30,34.99702072143555
2015-10-01,35.46013641357422
2015-10-02,35.90394592285156
2015-10-05,36.45710754394531
2015-10-06,35.42797088623047
2015-10-07,35.781742095947266
2015-10-08,36.04545974731445
2015-10-09,35.78816604614258
2015-10-12,35.871788024902344
2015-10-13,34.92403793334961
2015-10-14,35.01491165161133
2015-10-15,36.44303512573242
2015-10-16,36.696197509765625
2015-10-19,36.45602035522461
2015-10-20,35.5926513671875
2015-10-21,34.94351577758789
2015-10-22,31.334257125854492
2015-10-23,32.6779899597168
2015-10-26,33.67117691040039
2015-10-27,34.132076263427734
2015-10-28,34.5734977722168
2015-10-29,35.11876678466797
2015-10-30,38.6566276550293
2015-11-02,41.14284896850586
2015-11-03,40.52616500854492
2015-11-04,41.415489196777344
2015-11-05,40.74687576293945
2015-11-06,41.62970733642578
2015-11-09,41.04547119140625
2015-11-10,40.4417839050293
2015-11-11,39.50700759887695
2015-11-12,39.09803009033203
2015-11-13,38.85786437988281
2015-11-16,38.95522689819336
2015-11-17,39.19541549682617
2015-11-18,39.591400146484375
2015-11-19,39.3057746887207
2015-11-20,39.66929244995117
2015-11-23,39.69525909423828
2015-11-24,39.682273864746094
2015-11-25,39.136985778808594
2015-11-27,38.94873809814453
2015-11-30,37.7478141784668
2015-12-01,38.31257629394531
2015-12-02,37.46867370605469
2015-12-03,36.430057525634766
2015-12-04,37.11814498901367
2015-12-07,36.52742385864258
2015-12-08,36.787078857421875
2015-12-09,36.371620178222656
2015-12-10,36.2093391418457
2015-12-11,35.0798225402832
2015-12-14,35.98862838745117
2015-12-15,36.60533142089844
2015-12-16,37.4102668762207
2015-12-17,36.598838806152344
2015-12-18,36.183372497558594
2015-12-21,36.48198318481445
2015-12-22,37.384300231933594
2015-12-23,38.02696228027344
2015-12-24,37.94905471801758
2015-12-28,38.137306213378906
2015-12-29,38.59170913696289
2015-12-30,38.818904876708984
2015-12-31,38.45539855957031
2016-01-04,37.397281646728516
2016-01-05,37.24148178100586
2016-01-06,37.24797439575195
2016-01-07,37.13761520385742
2016-01-08,36.124961853027344
2016-01-11,34.97595977783203
2016-01-12,35.599143981933594
2016-01-13,33.572227478027344
2016-01-14,35.78937911987305
2016-01-15,37.61296081542969
2016-01-19,36.07144546508789
2016-01-20,37.488319396972656
2016-01-21,38.282039642333984
2016-01-22,38.59034729003906
2016-01-25,38.47225570678711
2016-01-26,38.21644973754883
2016-01-27,37.462074279785156
2016-01-28,36.63557052612305
2016-01-29,36.01240158081055
2016-02-01,35.6778564453125
2016-02-02,35.38924026489258
2016-02-03,37.28497314453125
2016-02-04,37.23250198364258
2016-02-05,34.844791412353516
2016-02-08,34.69391632080078
2016-02-09,35.0809440612793
2016-02-10,34.5823974609375
2016-02-11,34.22819137573242
2016-02-12,34.490570068359375
2016-02-16,35.100624084472656
2016-02-17,36.084564208984375
2016-02-18,35.7828254699707
2016-02-19,35.61226272583008
2016-02-22,36.26167678833008
2016-02-23,36.1239128112793
2016-02-24,36.00584030151367
2016-02-25,36.86515426635742
2016-02-26,36.733970642089844
2016-02-29,35.82216262817383
2016-03-01,36.956993103027344
2016-03-02,36.53718566894531
2016-03-03,36.688045501708984
2016-03-04,36.832359313964844
2016-03-07,36.99635314941406
2016-03-08,36.28791809082031
2016-03-09,36.98979568481445
2016-03-10,36.88483428955078
2016-03-11,37.86878204345703
2016-03-14,37.52767562866211
2016-03-15,36.48469543457031
2016-03-16,36.93730926513672
2016-03-17,36.28791809082031
2016-03-18,37.10786437988281
2016-03-21,36.74052810668945
2016-03-22,37.71791076660156
2016-03-23,36.97011184692383
2016-03-24,36.81268310546875
2016-03-28,36.80611801147461
2016-03-29,37.42272186279297
2016-03-30,37.38991928100586
2016-03-31,37.46864700317383
2016-04-01,37.66542434692383
2016-04-04,38.83959197998047
2016-04-05,38.400115966796875
2016-04-06,39.28566360473633
2016-04-07,38.898643493652344
2016-04-08,38.354190826416016
2016-04-11,38.373870849609375
2016-04-12,39.28566360473633
2016-04-13,39.11347198486328
2016-04-14,39.25918197631836
2016-04-15,39.4114875793457
2016-04-18,39.65653610229492
2016-04-19,39.84858703613281
2016-04-20,40.05389404296875
2016-04-21,40.643287658691406
2016-04-22,40.676422119140625
2016-04-25,40.378395080566406
2016-04-26,40.35191345214844
2016-04-27,40.199588775634766
2016-04-28,40.53071594238281
2016-04-29,40.39826202392578
2016-05-02,40.689666748046875
2016-05-03,40.9082145690918
2016-05-04,40.70290756225586
2016-05-05,41.28571319580078
2016-05-06,41.3983039855957
2016-05-09,42.1864013671875
2016-05-10,42.212886810302734
2016-05-11,41.52412796020508
2016-05-12,41.38505172729492
2016-05-13,41.060543060302734
2016-05-16,41.358551025390625
2016-05-17,39.90156936645508
2016-05-18,40.040645599365234
2016-05-19,39.25918197631836
2016-05-20,39.530696868896484
2016-05-23,39.27240753173828
2016-05-24,40.199588775634766
2016-05-25,40.54396057128906
2016-05-26,40.99432373046875
2016-05-27,41.53074264526367
2016-05-31,41.67643356323242
2016-06-01,41.61021423339844
2016-06-02,43.10694122314453
2016-06-03,43.04733657836914
2016-06-06,41.60359573364258
2016-06-07,41.789024353027344
2016-06-08,40.8817253112793
2016-06-09,40.232704162597656
2016-06-10,40.39826202392578
2016-06-13,39.68965148925781
2016-06-14,39.66978073120117
2016-06-15,40.000919342041016
2016-06-16,40.33203887939453
2016-06-17,39.74262619018555
2016-06-20,39.808860778808594
2016-06-21,39.72276306152344
2016-06-22,39.994285583496094
2016-06-23,40.60357666015625
2016-06-24,39.643287658691406
2016-06-27,38.8618049621582
2016-06-28,39.72938537597656
2016-06-29,40.934696197509766
2016-06-30,41.00093078613281
2016-07-01,41.53074264526367
2016-07-05,41.00754928588867
2016-07-06,41.96783447265625
2016-07-07,42.0075798034668
2016-07-08,42.49103546142578
2016-07-11,42.61686706542969
2016-07-12,43.37845993041992
2016-07-13,43.271568298339844
2016-07-14,42.5032844543457
2016-07-15,42.302852630615234
2016-07-18,42.46321105957031
2016-07-19,42.302852630615234
2016-07-20,42.362998962402344
2016-07-21,42.68366241455078
2016-07-22,42.63022232055664
2016-07-25,42.97093963623047
2016-07-26,43.05778503417969
2016-07-27,43.35842514038086
2016-07-28,43.238162994384766
2016-07-29,44.246971130371094
2016-08-01,44.721317291259766
2016-08-02,44.614418029785156
2016-08-03,44.47412872314453
2016-08-04,44.16012191772461
2016-08-05,44.45408630371094
2016-08-08,44.32046890258789
2016-08-09,44.601051330566406
2016-08-10,44.38059997558594
2016-08-11,44.727989196777344
2016-08-12,44.88833236694336
2016-08-15,45.02194595336914
2016-08-16,44.58768844604492
2016-08-17,44.64781951904297
2016-08-18,44.60773468017578
2016-08-19,44.828208923339844
2016-08-22,44.76808166503906
2016-08-23,44.20689010620117
2016-08-24,43.46531677246094
2016-08-25,43.238162994384766
2016-08-26,43.1646842956543
2016-08-29,43.097877502441406
2016-08-30,42.86404800415039
2016-08-31,42.82394790649414
2016-09-01,42.77719497680664
2016-09-02,42.83732604980469
2016-09-06,43.1646842956543
2016-09-07,43.40519332885742
2016-09-08,42.7972412109375
2016-09-09,42.32958221435547
2016-09-12,42.81059646606445
2016-09-13,42.31621551513672
2016-09-14,42.31621551513672
2016-09-15,42.322898864746094
2016-09-16,42.26946258544922
2016-09-19,42.028934478759766
2016-09-20,42.27613830566406
2016-09-21,42.82394790649414
2016-09-22,43.47868347167969
2016-09-23,43.41188049316406
2016-09-26,42.803916931152344
2016-09-27,43.13795852661133
2016-09-28,42.90413284301758
2016-09-29,41.968814849853516
2016-09-30,42.13582992553711
2016-10-03,42.24272918701172
2016-10-04,42.089073181152344
2016-10-05,42.3496208190918
2016-10-06,41.97549819946289
2016-10-07,42.042301177978516
2016-10-10,42.29617691040039
2016-10-11,41.681541442871094
2016-10-12,41.27025604248047
2016-10-13,41.22980880737305
2016-10-14,40.56904220581055
2016-10-17,40.548824310302734
2016-10-18,41.499507904052734
2016-10-19,41.4185905456543
2016-10-20,41.64109420776367
2016-10-21,41.11518478393555
2016-10-24,41.20957565307617
2016-10-25,41.499507904052734
2016-10-26,41.142154693603516
2016-10-27,41.43880844116211
2016-10-28,38.83625411987305
2016-10-31,37.609134674072266
2016-11-01,38.06086349487305
2016-11-02,38.29011154174805
2016-11-03,37.68329620361328
2016-11-04,37.7844352722168
2016-11-07,39.7194938659668
2016-11-08,39.65208435058594
2016-11-09,42.23441696166992
2016-11-10,43.15138626098633
2016-11-11,42.54457473754883
2016-11-14,42.45691680908203
2016-11-15,42.389495849609375
2016-11-16,41.492759704589844
2016-11-17,41.600624084472656
2016-11-18,40.805023193359375
2016-11-21,40.73759841918945
2016-11-22,39.73298645019531
2016-11-23,40.57579803466797
2016-11-25,40.798282623291016
2016-11-28,40.09033203125
2016-11-29,41.52647399902344
2016-11-30,40.993812561035156
2016-12-01,39.88805389404297
2016-12-02,40.07011413574219
2016-12-05,41.03427505493164
2016-12-06,41.54670333862305
2016-12-07,40.447689056396484
2016-12-08,41.061241149902344
2016-12-09,41.492759704589844
2016-12-12,41.82987976074219
2016-12-13,41.796165466308594
2016-12-14,41.58040237426758
2016-12-15,41.8163948059082
2016-12-16,41.951236724853516
2016-12-19,41.951236724853516
2016-12-20,41.91078186035156
2016-12-21,41.43207550048828
2016-12-22,41.57366943359375
2016-12-23,42.03214645385742
2016-12-27,42.14003372192383
2016-12-28,41.98495101928711
2016-12-29,42.295101165771484
2016-12-30,42.2209358215332
2017-01-03,42.079349517822266
2017-01-04,42.67268371582031
2017-01-05,42.99632263183594
2017-01-06,43.009788513183594
2017-01-09,43.2929801940918
2017-01-10,43.198585510253906
2017-01-11,41.63900375366211
2017-01-12,41.73434829711914
2017-01-13,42.2178840637207
2017-01-17,42.12935256958008
2017-01-18,41.993141174316406
2017-01-19,41.80244445800781
2017-01-20,41.64580535888672
2017-01-23,41.51639938354492
2017-01-24,41.25761413574219
2017-01-25,41.80244445800781
2017-01-26,41.72752380371094
2017-01-27,40.86260223388672
2017-01-30,41.15545654296875
2017-01-31,41.61857223510742
2017-02-01,41.46873474121094
2017-02-02,41.46873474121094
2017-02-03,41.318904876708984
2017-02-06,41.30529022216797
2017-02-07,41.24399185180664
2017-02-08,41.21675109863281
2017-02-09,41.43468475341797
2017-02-10,41.14863967895508
2017-02-13,41.20994186401367
2017-02-14,41.42106628417969
2017-02-15,41.986324310302734
2017-02-16,41.87055206298828
2017-02-17,42.068050384521484
2017-02-21,42.108909606933594
2017-02-22,41.78882598876953
2017-02-23,42.183834075927734
2017-02-24,42.28598403930664
2017-02-27,42.37451934814453
2017-02-28,42.1157341003418
2017-03-01,42.78995895385742
2017-03-02,43.07600021362305
2017-03-03,43.13728332519531
2017-03-06,43.280311584472656
2017-03-07,43.37566375732422
2017-03-08,43.682125091552734
2017-03-09,43.92730712890625
2017-03-10,44.86714553833008
2017-03-13,44.846717834472656
2017-03-14,44.724117279052734
2017-03-15,45.32344055175781
2017-03-16,44.88077163696289
2017-03-17,44.73774337768555
2017-03-20,44.81264877319336
2017-03-21,44.50618362426758
2017-03-22,44.62196731567383
2017-03-23,44.710506439208984
2017-03-24,44.6900634765625
2017-03-27,45.0169677734375
2017-03-28,44.93525314331055
2017-03-29,44.792232513427734
2017-03-30,44.58110427856445
2017-03-31,44.37678909301758
2017-04-03,44.28826141357422
2017-04-04,44.34272384643555
2017-04-05,44.240577697753906
2017-04-06,44.322303771972656
2017-04-07,44.63558578491211
2017-04-10,44.24739074707031
2017-04-11,44.14421463012695
2017-04-12,44.27490234375
2017-04-13,44.10982894897461
2017-04-17,44.23363494873047
2017-04-18,43.779666900634766
2017-04-19,43.642120361328125
2017-04-20,43.86909103393555
2017-04-21,43.896610260009766
2017-04-24,44.474369049072266
2017-04-25,44.77701187133789
2017-04-26,44.735748291015625
2017-04-27,45.44419860839844
2017-04-28,45.35478591918945
2017-05-01,45.7262077331543
2017-05-02,45.82937240600586
2017-05-03,45.90503692626953
2017-05-04,46.2420654296875
2017-05-05,46.07698059082031
2017-05-08,45.540489196777344
2017-05-09,45.51298141479492
2017-05-10,45.382301330566406
2017-05-11,44.91457748413086
2017-05-12,45.43732452392578
2017-05-15,45.85688781738281
2017-05-16,45.98069763183594
2017-05-17,44.96272659301758
2017-05-18,45.14155578613281
2017-05-19,45.1071662902832
2017-05-22,45.0108757019043
2017-05-23,45.2859992980957
2017-05-24,45.347896575927734
2017-05-25,45.61614990234375
2017-05-26,45.43732452392578
2017-05-30,45.40980529785156
2017-05-31,45.40980529785156
2017-06-01,45.8843994140625
2017-06-02,46.255821228027344
2017-06-05,46.43465042114258
2017-06-06,46.68227005004883
2017-06-07,47.28755569458008
2017-06-08,47.2944221496582
2017-06-09,47.920352935791016
2017-06-12,47.82405090332031
2017-06-13,47.920352935791016
2017-06-14,48.5049934387207
2017-06-15,48.56001281738281
2017-06-16,48.86954116821289
2017-06-19,49.06900405883789
2017-06-20,48.986454010009766
2017-06-21,49.06900405883789
2017-06-22,50.334590911865234
2017-06-23,49.96316146850586
2017-06-26,50.031944274902344
2017-06-27,49.79121398925781
2017-06-28,50.15576171875
2017-06-29,49.85312271118164
2017-06-30,49.87375259399414
2017-07-03,49.81184768676758
2017-07-05,49.85312271118164
2017-07-06,49.33725357055664
2017-07-07,49.5435905456543
2017-07-10,49.40602493286133
2017-07-11,49.41291809082031
2017-07-12,49.88481903076172
2017-07-13,50.40532302856445
2017-07-14,50.73845291137695
2017-07-17,50.45391845703125
2017-07-18,50.12773132324219
2017-07-19,50.50249099731445
2017-07-20,51.363059997558594
2017-07-21,51.79334259033203
2017-07-24,51.29365539550781
2017-07-25,50.328983306884766
2017-07-26,50.37757110595703
2017-07-27,49.780738830566406
2017-07-28,48.88547134399414
2017-07-31,48.51764678955078
2017-08-01,48.843833923339844
2017-08-02,49.07285690307617
2017-08-03,49.267189025878906
2017-08-04,49.267189025878906
2017-08-07,49.426780700683594
2017-08-08,49.600284576416016
2017-08-09,49.98199462890625
2017-08-10,48.88547134399414
2017-08-11,49.017330169677734
2017-08-14,49.14919662475586
2017-08-15,48.81607437133789
2017-08-16,48.87158203125
2017-08-17,48.47599792480469
2017-08-18,48.5523567199707
2017-08-21,49.06590270996094
2017-08-22,49.79459762573242
2017-08-23,49.63499450683594
2017-08-24,50.04444885253906
2017-08-25,50.301239013671875
2017-08-28,50.884185791015625
2017-08-29,51.2797737121582
2017-08-30,51.30059051513672
2017-08-31,52.25831604003906
2017-09-01,52.34159851074219
2017-09-05,52.2236213684082
2017-09-06,53.472816467285156
2017-09-07,56.75544357299805
2017-09-08,59.22610092163086
2017-09-11,60.378150939941406
2017-09-12,60.89863967895508
2017-09-13,61.3983154296875
2017-09-14,61.9188232421875
2017-09-15,60.63492202758789
2017-09-18,59.21221923828125
2017-09-19,59.940914154052734
2017-09-20,60.662696838378906
2017-09-21,60.662696838378906
2017-09-22,60.711273193359375
2017-09-25,60.0797233581543
2017-09-26,59.233036041259766
2017-09-27,58.81664276123047
2017-09-28,61.73836898803711
2017-09-29,61.668975830078125
2017-10-02,62.73080825805664
2017-10-03,62.25193786621094
2017-10-04,62.39073181152344
2017-10-05,62.5850715637207
2017-10-06,62.80021286010742
2017-10-09,63.001495361328125
2017-10-10,63.272125244140625
2017-10-11,64.11186218261719
2017-10-12,63.88823318481445
2017-10-13,63.36410140991211
2017-10-16,63.62267303466797
2017-10-17,64.41238403320312
2017-10-18,67.11689758300781
2017-10-19,67.42438507080078
2017-10-20,67.15882873535156
2017-10-23,66.04766082763672
2017-10-24,64.07693481445312
2017-10-25,64.1328125
2017-10-26,62.58839416503906
2017-10-27,64.24464416503906
2017-10-30,63.566768646240234
2017-10-31,63.070579528808594
2017-11-01,64.60105895996094
2017-11-02,63.60870361328125
2017-11-03,64.51021575927734
2017-11-06,64.9644775390625
2017-11-07,65.66329956054688
2017-11-08,66.88627624511719
2017-11-09,67.0120620727539
2017-11-10,66.69059753417969
2017-11-13,66.47394561767578
2017-11-14,66.21538543701172
2017-11-15,65.52351379394531
2017-11-16,66.01969909667969
2017-11-17,65.41870880126953
2017-11-20,65.41171264648438
2017-11-21,66.16645812988281
2017-11-22,66.01969909667969
2017-11-24,66.19441223144531
2017-11-27,66.68360137939453
2017-11-28,66.68360137939453
2017-11-29,66.96316528320312
2017-11-30,67.73186492919922
2017-12-01,67.31256103515625
2017-12-04,66.5438461303711
2017-12-05,66.6766357421875
2017-12-06,65.97078704833984
2017-12-07,65.85897827148438
2017-12-08,67.05400085449219
2017-12-11,67.41738891601562
2017-12-12,67.29859161376953
2017-12-13,68.03237915039062
2017-12-14,67.29859161376953
2017-12-15,68.10224914550781
2017-12-18,68.6194076538086
2017-12-19,68.43072509765625
2017-12-20,68.07430267333984
2017-12-21,68.42373657226562
2017-12-22,68.63337707519531
2017-12-26,68.3119125366211
2017-12-27,68.54951477050781
2017-12-28,68.33987426757812
2017-12-29,67.58509826660156
2018-01-02,68.77316284179688
2018-01-03,69.84934997558594
2018-01-04,69.45101165771484
2018-01-05,70.6600570678711
2018-01-08,69.52788543701172
2018-01-09,70.05204010009766
2018-01-10,69.66766357421875
2018-01-11,69.87178802490234
2018-01-12,70.6249008178711
2018-01-16,72.13817596435547
2018-01-17,73.45442199707031
2018-01-18,73.06729888916016
2018-01-19,73.65148162841797
2018-01-22,74.9536361694336
2018-01-23,74.17236328125
2018-01-24,74.26385498046875
2018-01-25,76.22760772705078
2018-01-26,86.72212982177734
2018-01-29,86.08865356445312
2018-01-30,81.56285095214844
2018-01-31,78.9867172241211
2018-02-01,81.8865966796875
2018-02-02,81.06311798095703
2018-02-05,77.07926940917969
2018-02-06,78.26880645751953
2018-02-07,79.97211456298828
2018-02-08,76.35430908203125
2018-02-09,78.33919525146484
2018-02-12,78.7826156616211
2018-02-13,78.73336029052734
2018-02-14,79.59207153320312
2018-02-15,80.87305450439453
2018-02-16,83.47732543945312
2018-02-20,83.04090881347656
2018-02-21,82.99166107177734
2018-02-22,82.74532318115234
2018-02-23,83.58291625976562
2018-02-26,85.54664611816406
2018-02-27,83.23802185058594
2018-02-28,81.52764892578125
2018-03-01,80.126953125
2018-03-02,80.97160339355469
2018-03-05,81.40799713134766
2018-03-06,80.63374328613281
2018-03-07,80.74637603759766
2018-03-08,82.3581771850586
2018-03-09,83.96300506591797
2018-03-12,83.26615142822266
2018-03-13,84.28675079345703
2018-03-14,83.71662902832031
2018-03-15,80.89418029785156
2018-03-16,80.03548431396484
2018-03-19,78.85298919677734
2018-03-20,79.28937530517578
2018-03-21,79.14859771728516
2018-03-22,69.04827880859375
2018-03-23,68.59780883789062
2018-03-26,67.06339263916016
2018-03-27,64.76178741455078
2018-03-28,66.35250091552734
2018-03-29,66.61995697021484
2018-04-02,64.37467193603516
2018-04-03,63.7623291015625
2018-04-04,65.41639709472656
2018-04-05,64.90257263183594
2018-04-06,63.192195892333984
2018-04-09,63.684906005859375
2018-04-10,65.8949966430664
2018-04-11,65.90908813476562
2018-04-12,65.51083374023438
2018-04-13,65.30461883544922
2018-04-16,65.85218811035156
2018-04-17,66.55623626708984
2018-04-18,67.07535552978516
2018-04-19,66.14373779296875
2018-04-20,65.85218811035156
2018-04-23,66.25752258300781
2018-04-24,64.9703598022461
2018-04-25,65.33304595947266
2018-04-26,69.29414367675781
2018-04-27,70.21149444580078
2018-04-30,68.6612319946289
2018-05-01,72.58673095703125
2018-05-02,71.3778076171875
2018-05-03,71.31378173828125
2018-05-04,71.23556518554688
2018-05-07,70.85155487060547
2018-05-08,70.68799591064453
2018-05-09,71.9538345336914
2018-05-10,73.14142608642578
2018-05-11,74.08726501464844
2018-05-14,75.3033218383789
2018-05-15,74.08726501464844
2018-05-16,74.69883728027344
2018-05-17,74.8979721069336
2018-05-18,75.36734008789062
2018-05-21,75.54512023925781
2018-05-22,75.54512023925781
2018-05-23,75.09709930419922
2018-05-24,73.34766387939453
2018-05-25,71.8826904296875
2018-05-29,70.7377700805664
2018-05-30,73.25523376464844
2018-05-31,70.36085510253906
2018-06-01,69.72793579101562
2018-06-04,70.4746322631836
2018-06-05,70.57421112060547
2018-06-06,71.1004638671875
2018-06-07,70.63108825683594
2018-06-08,71.42047882080078
2018-06-11,70.95111083984375
2018-06-12,70.33953094482422
2018-06-13,69.3936996459961
2018-06-14,70.22573852539062
2018-06-15,70.80886840820312
2018-06-18,70.03372192382812
2018-06-19,69.69949340820312
2018-06-20,69.87017059326172
2018-06-21,67.95006561279297
2018-06-22,66.485107421875
2018-06-25,66.17221069335938
2018-06-26,65.51083374023438
2018-06-27,65.0770263671875
2018-06-28,65.7313003540039
2018-06-29,65.88775634765625
2018-07-02,66.21488952636719
2018-07-03,66.5704345703125
2018-07-05,67.18914794921875
2018-07-06,68.9243392944336
2018-07-09,69.0096664428711
2018-07-10,70.28973388671875
2018-07-11,67.53048706054688
2018-07-12,68.6871337890625
2018-07-13,69.41989135742188
2018-07-16,69.14691162109375
2018-07-17,68.54344940185547
2018-07-18,67.81787109375
2018-07-19,64.6209487915039
2018-07-20,63.873802185058594
2018-07-23,64.2258071899414
2018-07-24,65.76321411132812
2018-07-25,66.89830780029297
2018-07-26,67.48737335205078
2018-07-27,65.05916595458984
2018-07-30,65.69854736328125
2018-07-31,66.25892639160156
2018-08-01,67.4658203125
2018-08-02,68.33512115478516
2018-08-03,69.34806060791016
2018-08-06,69.72882843017578
2018-08-07,67.57359313964844
2018-08-08,67.3365249633789
2018-08-09,68.58655548095703
2018-08-10,68.82363891601562
2018-08-13,69.52766418457031
2018-08-14,68.90983581542969
2018-08-15,70.00899505615234
2018-08-16,70.56217956542969
2018-08-17,70.98602294921875
2018-08-20,70.13832092285156
2018-08-21,70.21733856201172
2018-08-22,70.1454849243164
2018-08-23,69.79348754882812
2018-08-24,69.97309875488281
2018-08-27,70.41851043701172
2018-08-28,69.87249755859375
2018-08-29,70.10240173339844
2018-08-30,69.53485107421875
2018-08-31,68.95294952392578
2018-09-04,67.93280029296875
2018-09-05,68.3853988647461
2018-09-06,67.34370422363281
2018-09-07,67.65262603759766
2018-09-10,67.40117645263672
2018-09-11,66.94139862060547
2018-09-12,66.98448944091797
2018-09-13,69.20438385009766
2018-09-14,68.73744201660156
2018-09-17,68.51471710205078
2018-09-18,66.53191375732422
2018-09-19,65.38961791992188
2018-09-20,66.58220672607422
2018-09-21,66.28047180175781
2018-09-24,67.11382293701172
2018-09-25,67.37244415283203
2018-09-26,67.65980529785156
2018-09-27,67.63108825683594
2018-09-28,67.94718170166016
2018-10-01,68.24890899658203
2018-10-02,67.69571685791016
2018-10-03,68.97447967529297
2018-10-04,67.4155502319336
2018-10-05,67.803466796875
2018-10-08,68.11239624023438
2018-10-09,67.93998718261719
2018-10-10,66.86956024169922
2018-10-11,65.15972137451172
2018-10-12,65.84954071044922
2018-10-15,64.75312042236328
2018-10-16,66.73535919189453
2018-10-17,66.99677276611328
2018-10-18,65.27594757080078
2018-10-19,63.87457275390625
2018-10-22,61.188011169433594
2018-10-23,60.23682403564453
2018-10-24,57.6591796875
2018-10-25,59.343719482421875
2018-10-26,58.661190032958984
2018-10-29,59.075050354003906
2018-10-30,59.242088317871094
2018-10-31,56.52648162841797
2018-11-01,58.24005889892578
2018-11-02,57.76810073852539
2018-11-05,59.960899353027344
2018-11-06,60.74509811401367
2018-11-07,63.141212463378906
2018-11-08,63.70029830932617
2018-11-09,64.4699478149414
2018-11-12,65.1234359741211
2018-11-13,64.05607604980469
2018-11-14,64.12141418457031
2018-11-15,65.45020294189453
2018-11-16,66.45946502685547
2018-11-19,64.97096252441406
2018-11-20,63.96168899536133
2018-11-21,62.55308151245117
2018-11-23,62.17548370361328
2018-11-26,62.618408203125
2018-11-27,63.66398239135742
2018-11-28,64.5788803100586
2018-11-29,65.2831802368164
2018-11-30,68.44896697998047
2018-12-03,68.00604248046875
2018-12-04,65.74787139892578
2018-12-06,65.5881576538086
2018-12-07,63.141212463378906
2018-12-10,63.61316680908203
2018-12-11,64.019775390625
2018-12-12,64.33199310302734
2018-12-13,63.685768127441406
2018-12-14,62.16097640991211
2018-12-17,61.66721725463867
2018-12-18,60.6870002746582
2018-12-19,60.6434326171875
2018-12-20,61.98671340942383
2018-12-21,61.659969329833984
2018-12-24,61.108123779296875
2018-12-26,64.65148162841797
2018-12-27,65.2831802368164
2018-12-28,66.16175079345703
2018-12-31,66.93866729736328
2019-01-02,64.78944396972656
2019-01-03,62.65473556518555
2019-01-04,64.6732406616211
2019-01-07,65.61717224121094
2019-01-08,65.92213439941406
2019-01-09,63.75837326049805
2019-01-10,64.04155731201172
2019-01-11,64.12141418457031
2019-01-14,62.29863357543945
2019-01-15,62.842525482177734
2019-01-16,62.8792724609375
2019-01-17,64.09202575683594
2019-01-18,65.78255462646484
2019-01-22,65.16511535644531
2019-01-23,65.01078796386719
2019-01-24,63.12181091308594
2019-01-25,59.19692611694336
2019-01-28,56.69793701171875
2019-01-29,56.94049835205078
2019-01-30,58.109134674072266
2019-01-31,59.01318359375
2019-02-01,59.167518615722656
2019-02-04,57.719573974609375
2019-02-05,58.57217025756836
2019-02-06,58.12384033203125
2019-02-07,58.18996810913086
2019-02-08,58.55747985839844
2019-02-11,58.63097381591797
2019-02-12,58.748573303222656
2019-02-13,59.38067626953125
2019-02-14,59.182212829589844
2019-02-15,59.42477035522461
2019-02-19,59.182212829589844
2019-02-20,58.79267883300781
2019-02-21,57.88127517700195
2019-02-22,58.81472396850586
2019-02-25,59.01318359375
2019-02-26,59.17488098144531
2019-02-27,58.36636734008789
2019-02-28,58.241416931152344
2019-03-01,58.8735237121582
2019-03-04,58.40312957763672
2019-03-05,57.99887466430664
2019-03-06,57.396175384521484
2019-03-07,57.50642013549805
2019-03-08,57.021331787109375
2019-03-11,57.38882827758789
2019-03-12,57.87393569946289
2019-03-13,58.013572692871094
2019-03-14,58.763267517089844
2019-03-15,59.78492736816406
2019-03-18,59.27777862548828
2019-03-19,59.402732849121094
2019-03-20,59.11607360839844
2019-03-21,59.71142578125
2019-03-22,58.62364959716797
2019-03-25,58.43986892700195
2019-03-26,59.3586311340332
2019-03-27,58.719173431396484
2019-03-28,58.77061462402344
2019-03-29,59.23366165161133
2019-04-01,59.37333679199219
2019-04-02,61.05647659301758
2019-04-03,61.06382751464844
2019-04-04,60.86537551879883
2019-04-05,61.33577346801758
2019-04-08,61.725337982177734
2019-04-09,60.77717208862305
2019-04-10,60.96827697753906
2019-04-11,60.10097122192383
2019-04-12,60.160560607910156
2019-04-15,60.34675216674805
2019-04-16,59.736061096191406
2019-04-17,58.075279235839844
2019-04-18,57.769920349121094
2019-04-22,58.20187759399414
2019-04-23,58.58169937133789
2019-04-24,58.589149475097656
2019-04-25,59.08811950683594
2019-04-26,59.356239318847656
2019-04-29,59.803104400634766
2019-04-30,59.1253662109375
2019-05-01,58.752986907958984
2019-05-02,58.44019317626953
2019-05-03,58.618934631347656
2019-05-06,59.02854537963867
2019-05-07,58.05291748046875
2019-05-08,58.08271789550781
2019-05-09,58.02313995361328
2019-05-10,57.68054962158203
2019-05-13,57.248600006103516
2019-05-14,58.4178466796875
2019-05-15,58.67108154296875
2019-05-16,59.20729446411133
2019-05-17,59.177494049072266
2019-05-20,59.44560241699219
2019-05-21,60.23503112792969
2019-05-22,60.76382064819336
2019-05-23,60.436119079589844
2019-05-24,59.62434387207031
2019-05-28,58.11250686645508
2019-05-29,58.134849548339844
2019-05-30,57.799713134765625
2019-05-31,57.12944030761719
2019-06-03,56.37723922729492
2019-06-04,57.15922546386719
2019-06-05,57.39010238647461
2019-06-06,57.397544860839844
2019-06-07,57.66566467285156
2019-06-10,57.30820083618164
2019-06-11,58.21677780151367
2019-06-12,58.514686584472656
2019-06-13,58.79767990112305
2019-06-14,58.60403823852539
2019-06-17,58.574241638183594
2019-06-18,58.27634811401367
2019-06-19,57.799713134765625
2019-06-20,58.343360900878906
2019-06-21,58.67108154296875
2019-06-24,58.42527389526367
2019-06-25,48.929786682128906
2019-06-26,50.642704010009766
2019-06-27,52.13219451904297
2019-06-28,54.15791702270508
2019-07-01,54.66432571411133
2019-07-02,55.2824821472168
2019-07-03,55.82613754272461
2019-07-05,54.3589973449707
2019-07-08,53.04078674316406
2019-07-09,53.0556640625
2019-07-10,53.36102294921875
2019-07-11,53.0556640625
2019-07-12,53.13884735107422
2019-07-15,53.13129425048828
2019-07-16,52.292030334472656
2019-07-17,51.65689468383789
2019-07-18,51.60396194458008
2019-07-19,51.82322692871094
2019-07-22,51.41493606567383
2019-07-23,51.210792541503906
2019-07-24,51.00664520263672
2019-07-25,50.40177536010742
2019-07-26,51.23347854614258
2019-07-29,50.794925689697266
2019-07-30,50.794925689697266
2019-07-31,50.37152099609375
2019-08-01,49.75152587890625
2019-08-02,49.411258697509766
2019-08-05,49.3205451965332
2019-08-06,48.97273254394531
2019-08-07,48.73834228515625
2019-08-08,49.486881256103516
2019-08-09,49.58517837524414
2019-08-12,48.791255950927734
2019-08-13,49.154197692871094
2019-08-14,48.01247787475586
2019-08-15,47.61930847167969
2019-08-16,48.71565628051758
2019-08-19,50.3261604309082
2019-08-20,50.21274185180664
2019-08-21,51.0671272277832
2019-08-22,51.05201721191406
2019-08-23,49.88005065917969
2019-08-26,50.25054168701172
2019-08-27,49.653221130371094
2019-08-28,49.955665588378906
2019-08-29,50.0690803527832
2019-08-30,49.706153869628906
2019-09-03,49.44907760620117
2019-09-04,50.19005584716797
2019-09-05,50.681522369384766
2019-09-06,51.12762451171875
2019-09-09,50.43201446533203
2019-09-10,51.551048278808594
2019-09-11,52.541526794433594
2019-09-12,53.55471420288086
2019-09-13,53.31275177001953
2019-09-16,53.365684509277344
2019-09-17,54.13690185546875
2019-09-18,53.88739776611328
2019-09-19,54.18985366821289
2019-09-20,54.734230041503906
2019-09-23,55.14252853393555
2019-09-24,55.15763854980469
2019-09-25,54.507389068603516
2019-09-26,55.974246978759766
2019-09-27,56.5942497253418
2019-09-30,57.25205612182617
2019-10-01,55.369361877441406
2019-10-02,54.537635803222656
2019-10-03,55.838134765625
2019-10-04,56.45058822631836
2019-10-07,56.20107650756836
2019-10-08,55.59618377685547
2019-10-09,55.42227554321289
2019-10-10,56.29180145263672
2019-10-11,56.483577728271484
2019-10-14,56.58331298828125
2019-10-15,57.15098571777344
2019-10-16,57.34276580810547
2019-10-17,57.641944885253906
2019-10-18,58.654544830322266
2019-10-21,59.29893493652344
2019-10-22,59.736202239990234
2019-10-23,59.64414596557617
2019-10-24,58.91537094116211
2019-10-25,58.708248138427734
2019-10-28,60.089080810546875
2019-10-29,60.19647216796875
2019-10-30,61.10936737060547
2019-10-31,61.02497863769531
2019-11-01,62.712646484375
2019-11-04,63.66389083862305
2019-11-05,62.78168487548828
2019-11-06,62.96581268310547
2019-11-07,62.9120979309082
2019-11-08,65.36692810058594
2019-11-11,65.7121353149414
2019-11-12,66.31047821044922
2019-11-13,66.47926330566406
2019-11-14,67.2233657836914
2019-11-15,67.99048614501953
2019-11-18,68.06720733642578
2019-11-19,68.28966522216797
2019-11-20,66.89348602294922
2019-11-21,66.37184143066406
2019-11-22,66.01131439208984
2019-11-25,67.32308197021484
2019-11-26,67.29241180419922
2019-11-27,67.7603530883789
2019-11-29,67.30006408691406
2019-12-02,66.7630844116211
2019-12-03,65.93458557128906
2019-12-04,66.89348602294922
2019-12-05,66.52526092529297
2019-12-06,66.72472381591797
2019-12-09,66.31047821044922
2019-12-10,66.40255737304688
2019-12-11,66.50993347167969
2019-12-12,68.06720733642578
2019-12-13,67.38446807861328
2019-12-16,68.60419464111328
2019-12-17,69.10284423828125
2019-12-18,68.5274658203125
2019-12-19,68.0978775024414
2019-12-20,68.49679565429688
2019-12-23,69.23323059082031
2019-12-24,68.92638397216797
2019-12-26,68.9110107421875
2019-12-27,68.42774963378906
2019-12-30,67.90609741210938
2019-12-31,67.92145538330078
2020-01-02,68.69627380371094
2020-01-03,68.04419708251953
2020-01-06,68.5811767578125
2020-01-07,68.18994903564453
2020-01-08,68.6732406616211
2020-01-09,69.20256042480469
2020-01-10,68.32036590576172
2020-01-13,67.90609741210938
2020-01-14,68.57474517822266
2020-01-15,69.39888763427734
2020-01-16,69.39888763427734
2020-01-17,68.41925048828125
2020-01-21,68.41148376464844
2020-01-22,67.80502319335938
2020-01-23,66.29669952392578
2020-01-24,64.95164489746094
2020-01-27,65.32483673095703
2020-01-28,65.13047790527344
2020-01-29,64.68728637695312
2020-01-30,63.58324432373047
2020-01-31,62.99237060546875
2020-02-03,63.987548828125
2020-02-04,65.58919525146484
2020-02-05,67.35408782958984
2020-02-06,67.78170013427734
2020-02-07,71.75468444824219
2020-02-10,73.66730499267578
2020-02-11,74.63919067382812
2020-02-12,76.0309066772461
2020-02-13,74.13382720947266
2020-02-14,73.12308502197266
2020-02-18,72.78096771240234
2020-02-19,73.19306945800781
2020-02-20,73.26301574707031
2020-02-21,73.83060455322266
2020-02-24,72.41556549072266
2020-02-25,69.33670806884766
2020-02-26,68.738037109375
2020-02-27,66.4133071899414
2020-02-28,66.6387939453125
2020-03-02,68.95572662353516
2020-03-03,68.08493041992188
2020-03-04,71.3348388671875
2020-03-05,70.44852447509766
2020-03-06,69.0567855834961
2020-03-09,66.29669952392578
2020-03-10,68.05384063720703
2020-03-11,65.97014617919922
2020-03-12,61.118614196777344
2020-03-13,66.37445068359375
2020-03-16,57.74428939819336
2020-03-17,56.772422790527344
2020-03-18,55.22522735595703
2020-03-19,55.2485466003418
2020-03-20,53.5069694519043
2020-03-23,50.14821243286133
2020-03-24,52.472896575927734
2020-03-25,52.7994499206543
2020-03-26,57.40221405029297
2020-03-27,56.500308990478516
2020-03-30,58.49845504760742
2020-03-31,59.237083435058594
2020-04-01,57.08342361450195
2020-04-02,58.41291809082031
2020-04-03,57.0445442199707
2020-04-06,58.879451751708984
2020-04-07,58.61507797241211
2020-04-08,61.07971954345703
2020-04-09,62.004940032958984
2020-04-13,62.43256759643555
2020-04-14,64.80770874023438
2020-04-15,64.5630874633789
2020-04-16,64.59466552734375
2020-04-17,65.84931945800781
2020-04-20,66.27543640136719
2020-04-21,63.411033630371094
2020-04-22,64.28692626953125
2020-04-23,64.73668670654297
2020-04-24,65.95977783203125
2020-04-27,66.82778930664062
2020-04-28,65.3048324584961
2020-04-29,66.09392547607422
2020-04-30,64.8629379272461
2020-05-01,65.3679428100586
2020-05-04,64.59466552734375
2020-05-05,67.36434936523438
2020-05-06,67.40382385253906
2020-05-07,66.45692443847656
2020-05-08,66.25173950195312
2020-05-11,69.36073303222656
2020-05-12,71.38079071044922
2020-05-13,70.12616729736328
2020-05-14,70.97050476074219
2020-05-15,71.57808685302734
2020-05-18,72.17778778076172
2020-05-19,71.96473693847656
2020-05-20,71.95685577392578
2020-05-21,73.40087127685547
2020-05-22,72.6749267578125
2020-05-26,71.57808685302734
2020-05-27,71.00204467773438
2020-05-28,71.04151916503906
2020-05-29,73.12471008300781
2020-06-01,71.57019805908203
2020-06-02,71.8384780883789
2020-06-03,71.72012329101562
2020-06-04,73.41666412353516
2020-06-05,74.05580139160156
2020-06-08,74.63973999023438
2020-06-09,75.88650512695312
2020-06-10,76.46253967285156
2020-06-11,72.8011703491211
2020-06-12,72.95899200439453
2020-06-15,73.44821166992188
2020-06-16,75.79969787597656
2020-06-17,75.54719543457031
2020-06-18,75.93385314941406
2020-06-19,76.31260681152344
2020-06-22,76.75450134277344
2020-06-23,76.78605651855469
2020-06-24,75.07374572753906
2020-06-25,76.53353881835938
2020-06-26,75.85493469238281
2020-06-29,76.09954833984375
2020-06-30,77.47257232666016
2020-07-01,78.2301025390625
2020-07-02,78.0249252319336
2020-07-06,78.12752532958984
2020-07-07,78.39579010009766
2020-07-08,78.34056854248047
2020-07-09,77.2831802368164
2020-07-10,76.40731811523438
2020-07-13,77.22005462646484
2020-07-14,78.96923828125
2020-07-15,80.25517272949219
2020-07-16,79.8078842163086
2020-07-17,80.53472137451172
2020-07-20,79.5043716430664
2020-07-21,77.7951431274414
2020-07-22,78.03475952148438
2020-07-23,78.29830932617188
2020-07-24,77.56350708007812
2020-07-27,77.60344696044922
2020-07-28,77.24402618408203
2020-07-29,77.48363494873047
2020-07-30,76.70887756347656
2020-07-31,75.80633544921875
2020-08-03,76.6290054321289
2020-08-04,75.31111907958984
2020-08-05,74.4804458618164
2020-08-06,73.93733215332031
2020-08-07,74.21688842773438
2020-08-10,73.78556823730469
2020-08-11,74.01719665527344
2020-08-12,76.28556060791016
2020-08-13,75.62261199951172
2020-08-14,75.93412780761719
2020-08-17,76.95647430419922
2020-08-18,76.3973617553711
2020-08-19,76.75679016113281
2020-08-20,76.03794860839844
2020-08-21,75.76639556884766
2020-08-24,75.48683166503906
2020-08-25,75.12740325927734
2020-08-26,75.35902404785156
2020-08-27,75.31909942626953
2020-08-28,75.21527099609375
2020-08-31,76.49320220947266
2020-09-01,73.67373657226562
2020-09-02,75.03955841064453
2020-09-03,73.37821197509766
2020-09-04,73.37821197509766
2020-09-08,72.06033325195312
2020-09-09,73.18653869628906
2020-09-10,71.60505676269531
2020-09-11,71.64500427246094
2020-09-14,72.27598571777344
2020-09-15,72.6114501953125
2020-09-16,71.70890808105469
2020-09-17,71.58909606933594
2020-09-18,71.97245788574219
2020-09-21,71.15778350830078
2020-09-22,70.76641845703125
2020-09-23,69.60026550292969
2020-09-24,68.61787414550781
2020-09-25,68.87346649169922
2020-09-28,69.71208953857422
2020-09-29,69.40059661865234
2020-09-30,69.95970916748047
2020-10-01,69.60026550292969
2020-10-02,68.78558349609375
2020-10-05,70.23128509521484
2020-10-06,68.60188293457031
2020-10-07,69.54436492919922
2020-10-08,69.760009765625
2020-10-09,70.04756927490234
2020-10-12,70.54276275634766
2020-10-13,70.15139770507812
2020-10-14,69.68183135986328
2020-10-15,69.00180053710938
2020-10-16,69.84375
2020-10-19,68.2569580078125
2020-10-20,68.2083740234375
2020-10-21,67.1073226928711
2020-10-22,68.2569580078125
2020-10-23,68.28123474121094
2020-10-26,67.94120788574219
2020-10-27,66.96158599853516
2020-10-28,65.16429138183594
2020-10-29,65.31004333496094
2020-10-30,68.89653778076172
2020-11-02,71.44674682617188
2020-11-03,71.21198272705078
2020-11-04,76.50672912597656
2020-11-05,75.8509521484375
2020-11-06,75.17088317871094
2020-11-09,77.0086669921875
2020-11-10,80.04463195800781
2020-11-11,79.46174621582031
2020-11-12,79.0164566040039
2020-11-13,80.18229675292969
2020-11-16,79.63175201416016
2020-11-17,80.31990814208984
2020-11-18,79.9232177734375
2020-11-19,80.69232940673828
2020-11-20,81.6395492553711
2020-11-23,82.72441864013672
2020-11-24,84.16548156738281
2020-11-25,84.35979461669922
2020-11-27,84.91841888427734
2020-11-30,84.66743469238281
2020-12-01,84.23027038574219
2020-12-02,84.99937438964844
2020-12-03,84.79698181152344
2020-12-04,86.85334014892578
2020-12-07,85.68754577636719
2020-12-08,87.18527221679688
2020-12-09,87.97866821289062
2020-12-10,87.02335357666016
2020-12-11,86.09233856201172
2020-12-14,84.35979461669922
2020-12-15,83.24256134033203
2020-12-16,84.71601867675781
2020-12-17,84.91841888427734
2020-12-18,84.56218719482422
2020-12-21,83.96310424804688
2020-12-22,83.22634887695312
2020-12-23,83.6149673461914
2020-12-24,83.59877014160156
2020-12-28,83.75260162353516
2020-12-29,84.76458740234375
2020-12-30,85.2260513305664
2020-12-31,86.74810791015625
2021-01-04,85.33941650390625
2021-01-05,86.22185516357422
2021-01-06,85.47705078125
2021-01-07,86.39189147949219
2021-01-08,86.84524536132812
2021-01-11,88.26203155517578
2021-01-12,88.8773422241211
2021-01-13,91.03894805908203
2021-01-14,91.4321060180664
2021-01-15,90.52294158935547
2021-01-19,91.88259887695312
2021-01-20,92.24298858642578
2021-01-21,91.12904357910156
2021-01-22,90.8014144897461
2021-01-25,90.50654602050781
2021-01-26,89.11417388916016
2021-01-27,84.19158935546875
2021-01-28,85.35466003417969
2021-01-29,83.93765258789062
2021-02-01,83.79023742675781
2021-02-02,84.74853515625
2021-02-03,87.598876953125
2021-02-04,88.89299011230469
2021-02-05,89.05682373046875
2021-02-08,87.50878143310547
2021-02-09,86.329345703125
2021-02-10,85.22358703613281
2021-02-11,84.97787475585938
2021-02-12,85.54302978515625
2021-02-16,85.34644317626953
2021-02-17,87.05830383300781
2021-02-18,86.86990356445312
2021-02-19,86.00990295410156
2021-02-22,87.68897247314453
2021-02-23,87.04192352294922
2021-02-24,89.0240478515625
2021-02-25,87.91012573242188
2021-02-26,88.24594116210938
2021-03-01,88.79471588134766
2021-03-02,88.33604431152344
2021-03-03,87.40230560302734
2021-03-04,86.53409576416016
2021-03-05,87.39411163330078
2021-03-08,86.91088104248047
2021-03-09,87.46783447265625
2021-03-10,88.45890045166016
2021-03-11,88.35240936279297
2021-03-12,88.63909149169922
2021-03-15,90.30998229980469
2021-03-16,90.78504943847656
2021-03-17,86.03447723388672
2021-03-18,84.99425506591797
2021-03-19,84.70758819580078
2021-03-22,86.73886108398438
2021-03-23,85.87066650390625
2021-03-24,84.41272735595703
2021-03-25,85.0843276977539
2021-03-26,86.80438995361328
2021-03-29,87.41868591308594
2021-03-30,87.46783447265625
2021-03-31,88.63909149169922
2021-04-01,88.88480377197266
2021-04-05,86.9354476928711
2021-04-06,86.31295013427734
2021-04-07,86.1737060546875
2021-04-08,86.90266418457031
2021-04-09,88.0821304321289
2021-04-12,88.66365814208984
2021-04-13,88.63909149169922
2021-04-14,87.79349517822266
2021-04-15,88.61422729492188
2021-04-16,89.45982360839844
2021-04-19,90.0401382446289
2021-04-20,90.3883285522461
2021-04-21,91.85570526123047
2021-04-22,91.23394012451172
2021-04-23,92.3365249633789
2021-04-26,92.34484100341797
2021-04-27,92.38627624511719
2021-04-28,92.79248809814453
2021-04-29,91.9303207397461
2021-04-30,92.4360122680664
2021-05-03,95.07231140136719
2021-05-04,94.42566680908203
2021-05-05,95.9842300415039
2021-05-06,96.2329330444336
2021-05-07,95.95936584472656
2021-05-10,96.34900665283203
2021-05-11,95.24639129638672
2021-05-12,95.30442810058594
2021-05-13,96.66402435302734
2021-05-14,96.52308654785156
2021-05-17,96.90444946289062
2021-05-18,97.16974639892578
2021-05-19,96.04225158691406
2021-05-20,97.0868148803711
2021-05-21,96.2660903930664
2021-05-24,96.09199523925781
2021-05-25,94.97281646728516
2021-05-26,95.0888900756836
2021-05-27,93.11581420898438
2021-05-28,93.8453598022461
2021-06-01,93.02462005615234
2021-06-02,92.35310363769531
2021-06-03,93.02462005615234
2021-06-04,93.14896392822266
2021-06-07,93.6878433227539
2021-06-08,93.13237762451172
2021-06-09,94.50858306884766
2021-06-10,96.36558532714844
2021-06-11,95.68577575683594
2021-06-14,95.6692123413086
2021-06-15,96.02566528320312
2021-06-16,95.77696228027344
2021-06-17,95.25469207763672
2021-06-18,93.77903747558594
2021-06-21,95.1137466430664
2021-06-22,95.0888900756836
2021-06-23,94.50858306884766
2021-06-24,95.12205505371094
2021-06-25,93.6629638671875
2021-06-28,93.67953491210938
2021-06-29,93.09922790527344
2021-06-30,93.3810806274414
2021-07-01,94.72412109375
2021-07-02,95.478515625
2021-07-06,95.94278717041016
2021-07-07,96.78836822509766
2021-07-08,96.456787109375
2021-07-09,96.64745330810547
2021-07-12,97.51791381835938
2021-07-13,97.75003051757812
2021-07-14,98.37875366210938
2021-07-15,98.22786712646484
2021-07-16,98.49610137939453
2021-07-19,96.75251770019531
2021-07-20,97.2806396484375
2021-07-21,98.06858825683594
2021-07-22,98.5296401977539
2021-07-23,99.07450866699219
2021-07-26,98.73919677734375
2021-07-27,98.88168334960938
2021-07-28,99.37628936767578
2021-07-29,99.64452362060547
2021-07-30,97.49020385742188
2021-08-02,96.77766418457031
2021-08-03,97.44828796386719
2021-08-04,96.4675064086914
2021-08-05,96.50102996826172
2021-08-06,95.93942260742188
2021-08-09,95.61247253417969
2021-08-10,96.24955749511719
2021-08-11,95.32747650146484
2021-08-12,96.93693542480469
2021-08-13,97.64108276367188
2021-08-16,99.25894165039062
2021-08-17,100.3067626953125
2021-08-18,98.320068359375
2021-08-19,98.8565673828125
2021-08-20,99.60260772705078
2021-08-23,100.05528259277344
2021-08-24,100.32352447509766
2021-08-25,100.92707824707031
2021-08-26,100.92707824707031
2021-08-27,100.23968505859375
2021-08-30,101.069580078125
2021-08-31,101.24559020996094
2021-09-01,94.11196899414062
2021-09-02,93.90242767333984
2021-09-03,93.56712341308594
2021-09-07,91.39601135253906
2021-09-08,92.5108871459961
2021-09-09,89.92066192626953
2021-09-10,89.42608642578125
2021-09-13,90.0967025756836
2021-09-14,89.2584457397461
2021-09-15,90.33978271484375
2021-09-16,90.59964752197266
2021-09-17,90.30626678466797
2021-09-20,89.19136810302734
2021-09-21,89.82005310058594
2021-09-22,89.19974517822266
2021-09-23,89.99609375
2021-09-24,89.75299835205078
2021-09-27,90.29788970947266
2021-09-28,89.97933197021484
2021-09-29,91.23673248291016
2021-09-30,90.42361450195312
2021-10-01,91.44629669189453
2021-10-04,91.1445083618164
2021-10-05,91.79835510253906
2021-10-06,91.63910675048828
2021-10-07,92.93841552734375
2021-10-08,93.19827270507812
2021-10-11,92.49413299560547
2021-10-12,91.01041412353516
2021-10-13,90.97687530517578
2021-10-14,92.40225219726562
2021-10-15,92.7585678100586
2021-10-18,91.14656829833984
2021-10-19,91.16353607177734
2021-10-20,91.97801971435547
2021-10-21,92.27497100830078
2021-10-22,92.59737396240234
2021-10-25,92.05435943603516
2021-10-26,92.8943099975586
2021-10-27,91.96952056884766
2021-10-28,93.04704284667969
2021-10-29,97.28917694091797
2021-11-01,97.40796661376953
2021-11-02,98.86724853515625
2021-11-03,99.74962615966797
2021-11-04,99.31690979003906
2021-11-05,99.41873168945312
2021-11-08,98.4684829711914
2021-11-09,98.08668518066406
2021-11-10,99.05389404296875
2021-11-11,98.95210266113281
2021-11-12,99.24055480957031
2021-11-15,99.13026428222656
2021-11-16,98.77391052246094
2021-11-17,99.56295776367188
2021-11-18,99.32540130615234
2021-11-19,98.62120819091797
2021-11-22,98.12063598632812
2021-11-23,100.86106872558594
2021-11-24,100.67440795898438
2021-11-26,98.85026550292969
2021-11-29,99.17268371582031
2021-11-30,97.80670166015625
2021-12-01,98.34121704101562
2021-12-02,99.15572357177734
2021-12-03,100.83560180664062
2021-12-06,102.9566650390625
2021-12-07,103.09242248535156
2021-12-08,103.39786529541016
2021-12-09,105.3322525024414
2021-12-10,106.45219421386719
2021-12-13,107.33454895019531
2021-12-14,107.99633026123047
2021-12-15,110.49069213867188
2021-12-16,111.80574798583984
2021-12-17,109.89680480957031
2021-12-20,111.02520751953125
2021-12-21,110.25313568115234
2021-12-22,112.03483581542969
2021-12-23,112.91719055175781
2021-12-27,114.0371322631836
2021-12-28,114.02014923095703
2021-12-29,114.8431167602539
2021-12-30,115.32674407958984
2021-12-31,114.87706756591797
2022-01-03,114.89403533935547
2022-01-04,114.67347717285156
2022-01-05,115.27584838867188
2022-01-06,114.73282623291016
2022-01-07,114.43589782714844
2022-01-10,115.71701049804688
2022-01-11,116.20911407470703
2022-01-12,116.48059844970703
2022-01-13,114.45753479003906
2022-01-14,116.4720458984375
2022-01-18,117.25212097167969
2022-01-19,115.90625762939453
2022-01-20,114.03750610351562
2022-01-21,113.13739013671875
2022-01-24,113.29169464111328
2022-01-25,114.08891296386719
2022-01-26,115.066162109375
2022-01-27,116.5577621459961
2022-01-28,118.22933197021484
2022-01-31,117.34640502929688
2022-02-01,117.44071197509766
2022-02-02,118.82938385009766
2022-02-03,120.63818359375
2022-02-04,120.569580078125
2022-02-07,122.18119812011719
2022-02-08,123.0212631225586
2022-02-09,122.75554656982422
2022-02-10,122.33548736572266
2022-02-11,121.7354507446289
2022-02-14,122.58409118652344
2022-02-15,124.09278106689453
2022-02-16,125.0443115234375
2022-02-17,124.27285766601562
2022-02-18,123.46703338623047
2022-02-22,124.7785873413086
2022-02-23,125.8072509765625
2022-02-24,124.52999877929688
2022-02-25,128.1903839111328
2022-02-28,126.673095703125
2022-03-01,126.60449981689453
2022-03-02,128.2161407470703
2022-03-03,128.9362030029297
2022-03-04,129.06475830078125
2022-03-07,128.1132354736328
2022-03-08,126.14158630371094
2022-03-09,127.59031677246094
2022-03-10,127.87319946289062
2022-03-11,127.7789306640625
2022-03-14,130.3848876953125
2022-03-15,133.62522888183594
2022-03-16,133.7709503173828
2022-03-17,135.9483184814453
2022-03-18,136.47122192382812
2022-03-21,137.1998748779297
2022-03-22,137.1655731201172
2022-03-23,135.80262756347656
2022-03-24,137.39703369140625
2022-03-25,138.29713439941406
2022-03-28,138.8457794189453
2022-03-29,139.02578735351562
2022-03-30,140.3716583251953
2022-03-31,138.9657440185547
2022-04-01,139.4544219970703
2022-04-04,138.7771759033203
2022-04-05,140.09732055664062
2022-04-06,144.79493713378906
2022-04-07,148.5410614013672
2022-04-08,149.981201171875
2022-04-11,145.5836181640625
2022-04-12,143.4233856201172
2022-04-13,137.4149932861328
2022-04-14,140.31976318359375
2022-04-18,137.76942443847656
2022-04-19,135.167236328125
2022-04-20,135.46983337402344
2022-04-21,137.04324340820312
2022-04-22,133.9915313720703
2022-04-25,135.12403869628906
2022-04-26,135.02024841308594
2022-04-27,136.2651824951172
2022-04-28,135.1326904296875
2022-04-29,126.98027801513672
2022-05-02,127.83615112304688
2022-05-03,129.33175659179688
2022-05-04,131.05213928222656
2022-05-05,131.5621795654297
2022-05-06,132.12413024902344
2022-05-09,130.5075225830078
2022-05-10,131.48439025878906
2022-05-11,131.3719940185547
2022-05-12,133.38633728027344
2022-05-13,132.703369140625
2022-05-16,134.40646362304688
2022-05-17,133.8099365234375
2022-05-18,131.77833557128906
2022-05-19,131.16455078125
2022-05-20,130.5507354736328
2022-05-23,127.97444915771484
2022-05-24,128.90811157226562
2022-05-25,131.3719940185547
2022-05-26,130.1703338623047
2022-05-27,129.67755126953125
2022-05-31,127.40387725830078
2022-06-01,126.23680114746094
2022-06-02,126.86785125732422
2022-06-03,127.23096466064453
2022-06-06,126.67768096923828
2022-06-07,128.93405151367188
2022-06-08,129.02919006347656
2022-06-09,125.72671508789062
2022-06-10,123.7988510131836
2022-06-13,120.53097534179688
2022-06-14,118.97481536865234
2022-06-15,119.38114929199219
2022-06-16,120.29753875732422
2022-06-17,119.54541778564453
2022-06-21,124.0322265625
2022-06-22,127.56818389892578
2022-06-23,129.2021026611328
2022-06-24,131.70053100585938
2022-06-27,132.39212036132812
2022-06-28,131.83021545410156
2022-06-29,133.2566680908203
2022-06-30,132.40945434570312
2022-07-01,132.96275329589844
2022-07-05,133.07510375976562
2022-07-06,131.8647918701172
2022-07-07,131.40660095214844
2022-07-08,132.14141845703125
2022-07-11,132.46995544433594
2022-07-12,131.80426025390625
2022-07-13,131.53623962402344
2022-07-14,131.27450561523438
2022-07-15,134.0493927001953
2022-07-18,130.51536560058594
2022-07-19,130.6636505126953
2022-07-20,128.8748321533203
2022-07-21,128.9271697998047
2022-07-22,129.5554656982422
2022-07-25,131.08248901367188
2022-07-26,131.6497039794922
2022-07-27,131.89402770996094
2022-07-28,130.67239379882812
2022-07-29,125.22732543945312
2022-08-01,122.35648345947266
2022-08-02,122.50482177734375
2022-08-03,123.21161651611328
2022-08-04,121.22207641601562
2022-08-05,120.45419311523438
2022-08-08,122.46118927001953
2022-08-09,122.38265228271484
2022-08-10,122.9847640991211
2022-08-11,123.9795150756836
2022-08-12,124.43325805664062
2022-08-15,124.16275024414062
2022-08-16,124.3896255493164
2022-08-17,123.42105865478516
2022-08-18,123.2901382446289
2022-08-19,123.77882385253906
2022-08-22,122.46118927001953
2022-08-23,121.3093490600586
2022-08-24,120.34075164794922
2022-08-25,121.57986450195312
2022-08-26,118.97949981689453
2022-08-29,118.42105865478516
2022-08-30,118.28141021728516
2022-08-31,117.33027648925781
2022-09-01,120.81197357177734
2022-09-02,118.91842651367188
2022-09-06,120.06153106689453
2022-09-07,121.03884887695312
2022-09-08,122.6182632446289
2022-09-09,123.40361022949219
2022-09-12,124.11915588378906
2022-09-13,120.88175201416016
2022-09-14,121.7718734741211
2022-09-15,124.354736328125
2022-09-16,125.70729064941406
2022-09-19,124.48563385009766
2022-09-20,123.70899963378906
2022-09-21,122.43501281738281
2022-09-22,124.79106140136719
2022-09-23,124.83467864990234
2022-09-26,123.2203598022461
2022-09-27,123.66539001464844
2022-09-28,126.17849731445312
2022-09-29,124.5379867553711
2022-09-30,117.11215209960938
2022-10-03,120.69852447509766
2022-10-04,123.90094757080078
2022-10-05,125.07027435302734
2022-10-06,122.41756439208984
2022-10-07,121.08245086669922
2022-10-10,120.68978881835938
2022-10-11,123.48213958740234
2022-10-12,122.14704895019531
2022-10-13,125.98151397705078
2022-10-14,125.99915313720703
2022-10-17,127.29490661621094
2022-10-18,127.46239471435547
2022-10-19,126.16661834716797
2022-10-20,125.99031066894531
2022-10-21,129.63084411621094
2022-10-24,133.00689697265625
2022-10-25,132.06375122070312
2022-10-26,134.4349365234375
2022-10-27,135.30760192871094
2022-10-28,130.1156463623047
2022-10-31,129.049072265625
2022-11-01,129.4986572265625
2022-11-02,127.3918685913086
2022-11-03,127.30372619628906
2022-11-04,128.06182861328125
2022-11-07,130.54759216308594
2022-11-08,130.9265899658203
2022-11-09,130.12448120117188
2022-11-10,131.9755859375
2022-11-11,132.3634490966797
2022-11-14,133.75619506835938
2022-11-15,134.902099609375
2022-11-16,133.87075805664062
2022-11-17,134.12640380859375
2022-11-18,136.61216735839844
2022-11-21,138.48973083496094
2022-11-22,140.85211181640625
2022-11-23,140.49951171875
2022-11-25,140.7022247314453
2022-11-28,139.65330505371094
2022-11-29,139.45053100585938
2022-11-30,142.077392578125
2022-12-01,142.47406005859375
2022-12-02,144.26344299316406
2022-12-05,144.51031494140625
2022-12-06,144.3163604736328
2022-12-07,145.79721069335938
2022-12-08,146.31732177734375
2022-12-09,143.73458862304688
2022-12-12,145.72671508789062
2022-12-13,145.259521484375
2022-12-14,145.32122802734375
2022-12-15,143.76983642578125
2022-12-16,141.46031188964844
2022-12-19,142.35064697265625
2022-12-20,141.54849243164062
2022-12-21,142.98529052734375
2022-12-22,143.919677734375
2022-12-23,143.76983642578125
2022-12-27,143.67288208007812
2022-12-28,143.0029296875
2022-12-29,143.2938232421875
2022-12-30,142.45640563964844
2023-01-03,143.13516235351562
2023-01-04,144.2898712158203
2023-01-05,144.1135711669922
2023-01-06,146.81092834472656
2023-01-09,142.50048828125
2023-01-10,140.71986389160156
2023-01-11,138.5426483154297
2023-01-12,135.454833984375
2023-01-13,136.68284606933594
2023-01-17,135.99758911132812
2023-01-18,132.76744079589844
2023-01-19,132.33140563964844
2023-01-20,133.11448669433594
2023-01-23,132.1890106201172
2023-01-24,131.42376708984375
2023-01-25,131.51272583007812
2023-01-26,131.16563415527344
2023-01-27,130.16905212402344
2023-01-30,129.6083984375
2023-01-31,131.4771270751953
2023-02-01,130.4538116455078
2023-02-02,128.8876190185547
2023-02-03,129.2079620361328
2023-02-06,129.04782104492188
2023-02-07,129.15460205078125
2023-02-08,128.68295288085938
2023-02-09,132.322509765625
2023-02-10,135.30352783203125
2023-02-13,136.7985076904297
2023-02-14,135.7840576171875
2023-02-15,134.42259216308594
2023-02-16,133.06105041503906
2023-02-17,134.64505004882812
2023-02-21,135.25904846191406
2023-02-22,134.07553100585938
2023-02-23,135.32131958007812
2023-02-24,135.890869140625
2023-02-27,137.2879180908203
2023-02-28,136.94976806640625
2023-03-01,138.1688995361328
2023-03-02,137.37692260742188
2023-03-03,138.8718719482422
2023-03-06,138.1777801513672
2023-03-07,136.08660888671875
2023-03-08,133.1233673095703
2023-03-09,131.12120056152344
2023-03-10,133.22128295898438
2023-03-13,135.2145538330078
2023-03-14,136.90530395507812
2023-03-15,137.09213256835938
2023-03-16,138.1956024169922
2023-03-17,137.23451232910156
2023-03-20,138.92523193359375
2023-03-21,139.5037078857422
2023-03-22,136.74510192871094
2023-03-23,138.1956024169922
2023-03-24,140.61602783203125
2023-03-27,140.1888885498047
2023-03-28,140.82066345214844
2023-03-29,140.59823608398438
2023-03-30,140.5270233154297
2023-03-31,141.81732177734375
2023-04-03,142.75164794921875
2023-04-04,142.18218994140625
2023-04-05,143.08982849121094
2023-04-06,143.75721740722656
2023-04-10,143.51699829101562
2023-04-11,143.60597229003906
2023-04-12,144.47804260253906
2023-04-13,146.10348510742188
2023-04-14,145.11561584472656
2023-04-17,144.74742126464844
2023-04-18,143.3195037841797
2023-04-19,144.7743682861328
2023-04-20,145.25035095214844
2023-04-21,145.85203552246094
2023-04-24,147.35177612304688
2023-04-25,148.08816528320312
2023-04-26,145.30421447753906
2023-04-27,133.6924285888672
2023-04-28,135.7130584716797
2023-05-01,138.03903198242188
2023-05-02,136.16209411621094
2023-05-03,134.0337371826172
2023-05-04,132.33641052246094
2023-05-05,132.93809509277344
2023-05-08,132.41722106933594
2023-05-09,131.86041259765625
2023-05-10,131.49221801757812
2023-05-11,131.6448974609375
2023-05-12,132.14779663085938
2023-05-15,131.6448974609375
2023-05-16,128.68133544921875
2023-05-17,128.73521423339844
2023-05-18,128.81602478027344
2023-05-19,130.31578063964844
2023-05-22,130.12721252441406
2023-05-23,127.98988342285156
2023-05-24,126.759521484375
2023-05-25,124.48744201660156
2023-05-26,123.53553009033203
2023-05-30,122.52971649169922
2023-05-31,123.894775390625
2023-06-01,119.8355712890625
2023-06-02,122.9158935546875
2023-06-05,122.90692138671875
2023-06-06,121.62265014648438
2023-06-07,122.58358001708984
2023-06-08,123.60737609863281
2023-06-09,124.09231567382812
2023-06-12,123.68817901611328
2023-06-13,124.20905303955078
2023-06-14,122.34111785888672
2023-06-15,122.0357894897461
2023-06-16,124.50540924072266
2023-06-20,123.76902770996094
2023-06-21,122.90692138671875
2023-06-22,123.40083312988281
2023-06-23,122.06271362304688
2023-06-26,121.1916275024414
2023-06-27,119.08123016357422
2023-06-28,119.00037384033203
2023-06-29,119.6469497680664
2023-06-30,120.99404907226562
2023-07-03,121.24549102783203
2023-07-05,123.58939361572266
2023-07-06,123.25711059570312
2023-07-07,121.68556213378906
2023-07-10,120.77852630615234
2023-07-11,121.74840545654297
2023-07-12,121.21855926513672
2023-07-13,121.30027770996094
2023-07-14,123.49763488769531
2023-07-17,122.42620086669922
2023-07-18,124.01522827148438
2023-07-19,125.01403045654297
2023-07-20,129.10910034179688
2023-07-21,130.5165252685547
2023-07-24,130.00802612304688
2023-07-25,128.60061645507812
2023-07-26,128.84576416015625
2023-07-27,135.15643310546875
2023-07-28,136.97244262695312
2023-07-31,135.8192901611328
2023-08-01,134.8749237060547
2023-08-02,135.63768005371094
2023-08-03,135.33802795410156
2023-08-04,134.13946533203125
2023-08-07,136.5002899169922
2023-08-08,135.85557556152344
2023-08-09,136.8997802734375
2023-08-10,137.50814819335938
2023-08-11,138.18008422851562
2023-08-14,138.2617950439453
2023-08-15,138.12557983398438
2023-08-16,137.60804748535156
2023-08-17,136.21878051757812
2023-08-18,136.32774353027344
2023-08-21,136.3459014892578
2023-08-22,134.60252380371094
2023-08-23,133.54928588867188
2023-08-24,133.14065551757812
2023-08-25,133.19512939453125
2023-08-28,133.86703491210938
2023-08-29,134.01234436035156
2023-08-30,134.6752166748047
2023-08-31,133.44032287597656
2023-09-01,134.56622314453125
2023-09-05,132.65940856933594
2023-09-06,132.21450805664062
2023-09-07,135.21090698242188
2023-09-08,135.31080627441406
2023-09-11,135.32891845703125
2023-09-12,135.53778076171875
2023-09-13,137.25390625
2023-09-14,139.50575256347656
2023-09-15,138.12557983398438
2023-09-18,139.77818298339844
2023-09-19,139.36953735351562
2023-09-20,139.4785614013672
2023-09-21,139.3150634765625
2023-09-22,138.68856811523438
2023-09-25,140.42286682128906
2023-09-26,139.75096130371094
2023-09-27,139.0426788330078
2023-09-28,138.24363708496094
2023-09-29,135.34710693359375
2023-10-02,134.6116180419922
2023-10-03,133.86703491210938
2023-10-04,134.1031494140625
2023-10-05,133.8852081298828
2023-10-06,134.60252380371094
2023-10-09,135.39251708984375
2023-10-10,135.19273376464844
2023-10-11,135.60133361816406
2023-10-12,136.00486755371094
2023-10-13,135.6930694580078
2023-10-16,135.0235595703125
2023-10-17,136.8118896484375
2023-10-18,136.90362548828125
2023-10-19,133.45535278320312
2023-10-20,134.1064910888672
2023-10-23,132.73085021972656
2023-10-24,134.17987060546875
2023-10-25,133.2169189453125
2023-10-26,133.161865234375
2023-10-27,127.41169738769531
2023-10-30,130.12628173828125
2023-10-31,129.4751434326172
2023-11-01,130.65821838378906
2023-11-02,131.38270568847656
2023-11-03,129.6952667236328
2023-11-06,129.4935302734375
2023-11-07,130.37391662597656
2023-11-08,130.25466918945312
2023-11-09,126.5954818725586
2023-11-10,127.09990692138672
2023-11-13,127.1457748413086
2023-11-14,126.61382293701172
2023-11-15,126.1919937133789
2023-11-16,126.81558990478516
2023-11-17,126.83391571044922
2023-11-20,126.84310913085938
2023-11-21,127.228271484375
2023-11-22,126.98983764648438
2023-11-24,127.17324829101562
2023-11-27,127.55842590332031
2023-11-28,126.63218688964844
2023-11-29,127.0173568725586
2023-11-30,130.58486938476562
2023-12-01,131.52027893066406
2023-12-04,132.1989288330078
2023-12-05,132.58412170410156
2023-12-06,134.24404907226562
2023-12-07,135.7022247314453
2023-12-08,136.90362548828125
2023-12-11,138.70111083984375
2023-12-12,140.53530883789062
2023-12-13,141.50741577148438
2023-12-14,142.03933715820312
2023-12-15,141.26893615722656
2023-12-18,140.7003936767578
2023-12-19,140.86549377441406
2023-12-20,139.1138153076172
2023-12-21,139.93917846679688
2023-12-22,142.09434509277344
2023-12-26,141.8009033203125
2023-12-27,142.03933715820312
2023-12-28,141.9201202392578
2023-12-29,142.1218719482422
2024-01-02,146.5697784423828
2024-01-03,147.1566925048828
2024-01-04,148.0738067626953
2024-01-05,148.6974334716797
2024-01-08,148.04627990722656
2024-01-09,148.85333251953125
2024-01-10,151.2194366455078
2024-01-11,150.20144653320312
2024-01-12,150.35882568359375
2024-01-16,149.507080078125
2024-01-17,150.02554321289062
2024-01-18,151.19212341308594
2024-01-19,152.55313110351562
2024-01-22,153.12718200683594
2024-01-23,155.08070373535156
2024-01-24,152.04391479492188
2024-01-25,152.88645935058594
2024-01-26,152.21055603027344
2024-01-29,151.7569122314453
2024-01-30,152.69198608398438
2024-01-31,152.21055603027344
2024-02-01,155.16403198242188
2024-02-02,156.16395568847656
2024-02-05,158.5619354248047
2024-02-06,160.44140625
2024-02-07,162.0338897705078
2024-02-08,161.83018493652344
2024-02-09,161.1728515625
2024-02-12,160.2377166748047
2024-02-13,160.44140625
2024-02-14,161.48764038085938
2024-02-15,163.4967498779297
2024-02-16,164.3300323486328
2024-02-20,162.7190399169922
2024-02-21,162.15423583984375
2024-02-22,163.64488220214844
2024-02-23,164.88552856445312
2024-02-26,165.5521240234375
2024-02-27,165.7188262939453
2024-02-28,164.8022003173828
2024-02-29,162.9967803955078
2024-03-01,165.64476013183594
2024-03-04,163.92262268066406
2024-03-05,165.87619018554688
2024-03-06,167.63531494140625
2024-03-07,167.18167114257812
2024-03-08,165.58917236328125
2024-03-11,166.31134033203125
2024-03-12,167.50567626953125
2024-03-13,166.5242919921875
2024-03-14,167.76492309570312
2024-03-15,164.6910858154297
2024-03-18,165.255859375
2024-03-19,166.339111328125
2024-03-20,163.20046997070312
2024-03-21,164.3392791748047
2024-03-22,165.2188262939453
2024-03-25,165.2928924560547
2024-03-26,165.9039764404297
2024-03-27,166.97796630859375
2024-03-28,168.59823608398438
2024-04-01,167.3575439453125
2024-04-02,167.29275512695312
2024-04-03,164.181884765625
2024-04-04,155.45103454589844
2024-04-05,157.3953399658203
2024-04-08,157.21017456054688
2024-04-09,157.52499389648438
2024-04-10,156.49728393554688
2024-04-11,155.0992431640625
2024-04-12,151.65093994140625
2024-04-15,151.08087158203125
2024-04-16,151.89389038085938
2024-04-17,153.4918975830078
2024-04-18,153.87501525878906
2024-04-19,155.51040649414062
2024-04-22,156.89346313476562
2024-04-23,158.43539428710938
2024-04-24,156.80938720703125
2024-04-25,156.33277893066406
2024-04-26,149.16514587402344
2024-04-29,150.9407196044922
2024-04-30,151.98731994628906
2024-05-01,151.12759399414062
2024-05-02,150.27720642089844
2024-05-03,153.06201171875
2024-05-06,152.07147216796875
2024-05-07,151.90325927734375
2024-05-08,149.9407958984375
2024-05-09,149.89402770996094
2024-05-10,150.22113037109375
2024-05-13,150.7164306640625
2024-05-14,151.00611877441406
2024-05-15,153.06201171875
2024-05-16,153.58535766601562
2024-05-17,155.51974487304688
2024-05-20,153.78160095214844
2024-05-21,152.2583465576172
2024-05-22,149.1558074951172
2024-05-23,147.8942108154297
2024-05-24,146.7728271484375
2024-05-28,145.16549682617188
2024-05-29,144.65151977539062
2024-05-30,146.07196044921875
2024-05-31,150.67904663085938
2024-06-03,149.6978302001953
2024-06-04,151.52008056640625
2024-06-05,154.6039276123047
2024-06-06,157.52896118164062
2024-06-07,158.32325744628906
2024-06-10,159.295166015625
2024-06-11,156.71592712402344
2024-06-12,155.2113494873047
2024-06-13,155.6505889892578
2024-06-14,157.54762268066406
2024-06-17,158.5662078857422
2024-06-18,160.1361846923828
2024-06-20,160.85574340820312
2024-06-21,159.229736328125
2024-06-24,161.42581176757812
2024-06-25,159.56614685058594
2024-06-26,159.93995666503906
2024-06-27,157.9214324951172
2024-06-28,160.2857208251953
2024-07-01,159.2110137939453
2024-07-02,155.08987426757812
2024-07-03,153.10874938964844
2024-07-05,156.29541015625
2024-07-08,155.61322021484375
2024-07-09,157.04299926757812
2024-07-10,157.12709045410156
2024-07-11,158.7811737060547
2024-07-12,159.12693786621094
2024-07-15,158.46676635742188
2024-07-16,159.5701904296875
2024-07-17,165.2947235107422
2024-07-18,161.39979553222656
2024-07-19,162.5126190185547
2024-07-22,163.72918701171875
2024-07-23,163.2953643798828
2024-07-24,166.18121337890625
2024-07-25,171.80201721191406
2024-07-26,174.62184143066406
2024-07-29,171.58511352539062
2024-07-30,176.14962768554688
2024-07-31,174.77273559570312
2024-08-01,178.9128875732422
2024-08-02,178.51678466796875
2024-08-05,173.86734008789062
2024-08-06,175.14056396484375
2024-08-07,176.8380889892578
2024-08-08,179.56358337402344
2024-08-09,179.12037658691406
2024-08-12,179.35614013671875
2024-08-13,180.34637451171875
2024-08-14,182.01565551757812
2024-08-15,182.3928680419922
2024-08-16,182.86441040039062
2024-08-19,185.66537475585938
2024-08-20,184.98635864257812
2024-08-21,185.34474182128906
2024-08-22,185.19384765625
2024-08-23,186.3066864013672
2024-08-26,186.2029571533203
2024-08-27,184.76942443847656
2024-08-28,184.279052734375
2024-08-29,184.07154846191406
2024-08-30,185.13723754882812
2024-09-03,186.438720703125
2024-09-04,185.79742431640625
2024-09-05,181.88360595703125
2024-09-06,182.3928680419922
2024-09-09,185.240966796875
2024-09-10,188.0042266845703
2024-09-11,183.51512145996094
2024-09-12,182.9775848388672
2024-09-13,183.15676879882812
2024-09-16,184.5902557373047
2024-09-17,182.44003295898438
2024-09-18,181.95904541015625
2024-09-19,182.600341796875
2024-09-20,182.45889282226562
2024-09-23,182.79840087890625
2024-09-24,182.49661254882812
2024-09-25,180.37466430664062
2024-09-26,180.97824096679688
2024-09-27,183.70375061035156
2024-09-30,186.2406463623047
2024-10-01,185.75025939941406
2024-10-02,185.6182403564453
2024-10-03,184.32618713378906
2024-10-04,183.23223876953125
2024-10-07,182.59092712402344
2024-10-08,182.0250701904297
2024-10-09,183.66604614257812
2024-10-10,183.28878784179688
2024-10-11,183.13790893554688
2024-10-14,184.51483154296875
2024-10-15,182.3854217529297
2024-10-16,181.0545654296875
2024-10-17,179.25790405273438
2024-10-18,179.5335693359375
2024-10-21,177.32814025878906
2024-10-22,179.43850708007812
2024-10-23,178.60195922851562
2024-10-24,180.28456115722656
2024-10-25,178.57347106933594
2024-10-28,180.31307983398438
2024-10-29,180.0944366455078
2024-10-30,191.5493927001953
2024-10-31,193.80233764648438
2024-11-01,193.49815368652344
2024-11-04,190.5702362060547
2024-11-05,191.72048950195312
2024-11-06,191.26419067382812
2024-11-07,190.60826110839844
2024-11-08,189.6481475830078
2024-11-11,165.81617736816406
2024-11-12,162.64109802246094
2024-11-13,161.9376678466797
2024-11-14,161.25320434570312
2024-11-15,156.8423309326172
2024-11-18,158.06863403320312
2024-11-19,158.34432983398438
2024-11-20,159.47555541992188
2024-11-21,163.24951171875
2024-11-22,168.2117156982422
2024-11-25,168.31629943847656
2024-11-26,172.19480895996094
2024-11-27,174.03900146484375
2024-11-29,173.8964080810547
2024-12-02,172.793701171875
2024-12-03,172.53700256347656
2024-12-04,167.7459259033203
2024-12-05,167.47024536132812
2024-12-06,167.4892578125
2024-12-09,167.8505096435547
2024-12-10,166.99493408203125
2024-12-11,165.75914001464844
2024-12-12,164.6374053955078
2024-12-13,164.8085174560547
2024-12-16,163.15444946289062
2024-12-17,166.71926879882812
2024-12-18,164.47579956054688
2024-12-19,163.0498809814453
2024-12-20,166.90939331054688
2024-12-23,169.5806121826172
2024-12-24,171.11111450195312
2024-12-26,170.35060119628906
2024-12-27,169.21937561035156
2024-12-30,167.49874877929688
2024-12-31,168.92469787597656
2025-01-02,170.57876586914062
2025-01-03,172.27084350585938
2025-01-06,171.20619201660156
2025-01-07,170.664306640625
2025-01-08,169.6851806640625
2025-01-10,166.5196075439453
2025-01-13,168.01210021972656
2025-01-14,166.88087463378906
2025-01-15,164.42434692382812
2025-01-16,166.67935180664062
2025-01-17,164.62583923339844
2025-01-21,165.63339233398438
2025-01-22,162.36123657226562
2025-01-23,163.7718048095703
2025-01-24,163.41677856445312
2025-01-27,169.75
2025-01-28,167.74447631835938
2025-01-29,168.17628479003906
2025-01-30,168.550537109375
2025-01-31,176.4670867919922
2025-02-03,182.4548797607422
2025-02-04,182.27255249023438
2025-02-05,183.99978637695312
2025-02-06,185.17050170898438
2025-02-07,182.8962860107422
2025-02-10,182.6467742919922
2025-02-11,184.0765838623047
2025-02-12,185.19927978515625
2025-02-13,185.631103515625
2025-02-14,185.0745391845703
2025-02-18,188.3179168701172
2025-02-19,189.3734588623047
2025-02-20,192.7607879638672
2025-02-21,193.9122772216797
2025-02-24,195.83145141601562
2025-02-25,195.88900756835938
2025-02-26,194.8046875
2025-02-27,196.7334442138672
2025-02-28,200.5813751220703
2025-03-03,202.9323272705078
2025-03-04,199.36268615722656
2025-03-05,202.9899139404297
2025-03-06,202.2318572998047
2025-03-07,205.62876892089844
2025-03-10,207.90298461914062
2025-03-11,204.95704650878906
2025-03-12,203.48887634277344
2025-03-13,202.99951171875
2025-03-14,203.2106170654297
2025-03-17,205.80149841308594
2025-03-18,205.20655822753906
2025-03-19,203.6712188720703
2025-03-20,203.39295959472656
2025-03-21,201.52175903320312
2025-03-24,200.7156982421875
2025-03-25,193.2021942138672
2025-03-26,193.16380310058594
2025-03-27,194.5264129638672
2025-03-28,196.99253845214844
2025-03-31,201.0515899658203
2025-04-01,197.93292236328125
2025-04-02,196.89659118652344
2025-04-03,193.4900665283203
2025-04-04,179.40341186523438
2025-04-07,179.00997924804688
2025-04-08,168.56973266601562
2025-04-09,172.57118225097656
2025-04-10,167.1591339111328
2025-04-11,167.97479248046875
2025-04-14,171.861083984375
2025-04-15,171.221923828125
2025-04-16,166.26344299316406
2025-04-17,167.53213500976562
2025-04-21,164.79141235351562
2025-04-22,168.2971954345703
2025-04-23,171.46401977539062
2025-04-24,174.6792755126953
2025-04-25,180.18975830078125
2025-04-28,186.2716064453125
2025-04-29,187.4047088623047
2025-04-30,188.94456481933594
2025-05-01,187.2400665283203
2025-05-02,192.20822143554688
2025-05-05,189.88394165039062
2025-05-06,181.245361328125
2025-05-07,182.1557159423828
2025-05-08,179.7248992919922
2025-05-09,178.7758331298828
2025-05-12,184.0732421875
2025-05-13,182.06854248046875
2025-05-14,171.8417205810547
2025-05-15,175.9479522705078
2025-05-16,178.214111328125
2025-05-19,179.85081481933594
2025-05-20,179.0179443359375
2025-05-21,176.0641632080078
2025-05-22,176.7808074951172
2025-05-23,177.47808837890625
2025-05-27,179.86048889160156
2025-05-28,177.31344604492188
2025-05-29,179.7636260986328
2025-05-30,180.23818969726562
2025-06-02,181.09042358398438
2025-06-03,181.3422088623047
2025-06-04,181.4293670654297
2025-06-05,181.55526733398438
2025-06-06,183.8408203125
2025-06-09,183.19195556640625
2025-06-10,183.52122497558594
2025-06-11,185.4581298828125
2025-06-12,186.34909057617188
2025-06-13,185.05137634277344
2025-06-16,184.8383026123047
2025-06-17,179.6280517578125
2025-06-18,179.63772583007812
2025-06-20,179.4537353515625
2025-06-23,177.96231079101562
2025-06-24,179.69583129882812
2025-06-25,179.5408935546875
2025-06-26,180.896728515625
2025-06-27,176.5580596923828
2025-06-30,179.7636260986328
2025-07-01,183.9957733154297
2025-07-02,184.73178100585938
2025-07-03,183.30816650390625
2025-07-07,181.71023559570312
2025-07-08,183.78271484375
2025-07-09,184.6058807373047
2025-07-10,188.8477020263672
2025-07-11,186.37814331054688
2025-07-14,185.4774932861328
2025-07-15,182.06842041015625
2025-07-16,186.16127014160156
2025-07-17,186.9622344970703
2025-07-18,184.8718719482422
2025-07-21,180.5641326904297
2025-07-22,182.771728515625
2025-07-23,186.13197326660156
2025-07-24,186.40548706054688
2025-07-25,185.86822509765625
2025-07-28,184.14903259277344
2025-07-29,186.78643798828125
2025-07-30,184.92071533203125
2025-07-31,184.637451171875
2025-08-01,190.6936798095703
2025-08-04,192.61801147460938
2025-08-05,193.9464874267578
2025-08-06,191.74864196777344
2025-08-07,194.24929809570312
2025-08-08,193.45806884765625
2025-08-11,194.0343780517578
2025-08-12,194.0343780517578
2025-08-13,196.7987823486328
2025-08-14,199.93434143066406
2025-08-15,201.8977508544922
2025-08-18,201.78053283691406
2025-08-19,201.4093475341797
2025-08-20,204.3007049560547
2025-08-21,204.64259338378906
2025-08-22,205.71710205078125
2025-08-25,202.73780822753906
2025-08-26,203.52903747558594
2025-08-27,203.2359619140625
2025-08-28,203.09921264648438
2025-08-29,205.521728515625
2025-09-02,207.00648498535156
2025-09-03,206.9478759765625
2025-09-04,208.0614471435547
2025-09-05,207.63165283203125
2025-09-08,204.9258575439453
2025-09-09,205.541259765625
2025-09-10,206.73297119140625
2025-09-11,215.11402893066406
2025-09-12,213.2776336669922
2025-09-15,212.5645751953125
2025-09-16,211.245849609375
2025-09-17,215.6903533935547
2025-09-18,216.843017578125
2025-09-19,217.31187438964844
2025-09-22,217.42910766601562
2025-09-23,217.44862365722656
2025-09-24,214.88937377929688
2025-09-25,213.47300720214844
2025-09-26,215.49501037597656
2025-09-29,217.98587036132812
2025-09-30,226.1715850830078
2025-10-01,238.71388244628906
2025-10-02,231.07518005371094
2025-10-03,228.48663330078125
2025-10-06,224.85289001464844
2025-10-07,227.43165588378906
2025-10-08,225.8785400390625
2025-10-09,225.34129333496094
2025-10-10,225.1556854248047
2025-10-13,224.9603271484375
2025-10-14,223.8174591064453
2025-10-15,222.56796264648438
2025-10-16,223.2074737548828
2025-10-17,225.8638916015625
2025-10-20,228.3136749267578
2025-10-21,227.6544952392578
2025-10-22,224.98825073242188
2025-10-23,224.565185546875
2025-10-24,224.3094024658203
2025-10-27,224.34873962402344
2025-10-28,223.86663818359375
2025-10-29,221.50538635253906
2025-10-30,224.5159912109375
2025-10-31,214.52000427246094
2025-11-03,208.53817749023438
2025-11-04,212.40472412109375
2025-11-05,213.27052307128906
2025-11-06,215.50387573242188
2025-11-07,215.62193298339844
2025-11-10,215.17921447753906
2025-11-11,221.534912109375
2025-11-12,229.46478271484375
2025-11-13,228.5399627685547
2025-11-14,228.6088409423828
2025-11-17,230.2223663330078
2025-11-18,230.09445190429688
2025-11-19,229.14996337890625
2025-11-20,225.7458038330078
2025-11-21,232.46554565429688
2025-11-24,225.80484008789062
2025-11-25,228.05787658691406
2025-11-26,223.98472595214844
2025-11-28,224.02406311035156
2025-12-01,221.47589111328125
2025-12-02,220.74783325195312
2025-12-03,226.52305603027344
2025-12-04,225.01776123046875
2025-12-05,222.43023681640625
2025-12-08,219.51800537109375
2025-12-09,219.39012145996094
2025-12-10,221.54473876953125
2025-12-11,220.36412048339844
2025-12-12,219.71478271484375
2025-12-15,223.77810668945312
2025-12-16,220.0591278076172
2025-12-17,220.6887969970703
2025-12-18,219.2228546142578
2025-12-19,223.15829467773438
2025-12-22,224.23068237304688
2025-12-23,225.09646606445312
2025-12-24,226.1787109375
2025-12-26,226.2672576904297
2025-12-29,227.11337280273438
2025-12-30,226.03114318847656
