Date,XLC
2018-06-19,46.32429504394531
2018-06-20,46.899192810058594
2018-06-21,46.611751556396484
2018-06-22,46.81574249267578
2018-06-25,45.851417541503906
2018-06-26,45.927459716796875
2018-06-27,45.52689743041992
2018-06-28,45.981231689453125
2018-06-29,45.92559814453125
2018-07-02,46.21304702758789
2018-07-03,45.647438049316406
2018-07-05,46.34286117553711
2018-07-06,47.07535934448242
2018-07-09,47.3442497253418
2018-07-10,47.32478332519531
2018-07-11,47.26080322265625
2018-07-12,48.002586364746094
2018-07-13,47.92841339111328
2018-07-16,47.789329528808594
2018-07-17,47.79859924316406
2018-07-18,47.659523010253906
2018-07-19,47.32571792602539
2018-07-20,47.16807556152344
2018-07-23,47.36280822753906
2018-07-24,47.69660568237305
2018-07-25,48.0396728515625
2018-07-26,46.227874755859375
2018-07-27,45.350730895996094
2018-07-30,44.63675308227539
2018-07-31,44.933467864990234
2018-08-01,44.74802017211914
2018-08-02,45.044742584228516
2018-08-03,45.350730895996094
2018-08-06,45.8050651550293
2018-08-07,45.860694885253906
2018-08-08,45.823612213134766
2018-08-09,46.07395935058594
2018-08-10,45.68452835083008
2018-08-13,45.61960983276367
2018-08-14,45.94414138793945
2018-08-15,45.30436325073242
2018-08-16,45.28581237792969
2018-08-17,45.07255935668945
2018-08-20,45.14672088623047
2018-08-21,45.42490005493164
2018-08-22,45.369258880615234
2018-08-23,45.183815002441406
2018-08-24,45.84214782714844
2018-08-27,46.28722381591797
2018-08-28,46.08323287963867
2018-08-29,46.34286117553711
2018-08-30,46.055416107177734
2018-08-31,45.60107421875
2018-09-04,45.035465240478516
2018-09-05,44.451297760009766
2018-09-06,44.11750411987305
2018-09-07,44.210227966308594
2018-09-10,44.302947998046875
2018-09-11,44.74802017211914
2018-09-12,44.618202209472656
2018-09-13,44.933467864990234
2018-09-14,44.85000991821289
2018-09-17,44.41423416137695
2018-09-18,44.72948455810547
2018-09-19,44.85000991821289
2018-09-20,45.34144973754883
2018-09-21,45.13874816894531
2018-09-24,45.13874816894531
2018-09-25,45.157352447509766
2018-09-26,45.334014892578125
2018-09-27,45.72449493408203
2018-09-28,45.55714797973633
2018-10-01,45.37119674682617
2018-10-02,45.334014892578125
2018-10-03,45.53855514526367
2018-10-04,44.88773727416992
2018-10-05,44.46004104614258
2018-10-08,44.31129837036133
2018-10-09,44.28340148925781
2018-10-10,42.535491943359375
2018-10-11,42.172889709472656
2018-10-12,43.111942291259766
2018-10-15,42.944580078125
2018-10-16,44.0788688659668
2018-10-17,44.25551223754883
2018-10-18,43.4466438293457
2018-10-19,43.43734359741211
2018-10-22,43.40945816040039
2018-10-23,43.31647491455078
2018-10-24,41.25246047973633
2018-10-25,42.619171142578125
2018-10-26,41.46630096435547
2018-10-29,40.82477569580078
2018-10-30,41.94046401977539
2018-10-31,42.80512237548828
2018-11-01,43.0561637878418
2018-11-02,42.619171142578125
2018-11-05,42.44253158569336
2018-11-06,42.69355392456055
2018-11-07,43.47452926635742
2018-11-08,43.06544494628906
2018-11-09,42.18218994140625
2018-11-12,41.54998016357422
2018-11-13,41.41981506347656
2018-11-14,41.62435531616211
2018-11-15,41.93117141723633
2018-11-16,41.72663116455078
2018-11-19,40.462188720703125
2018-11-20,39.93223190307617
2018-11-21,40.40640640258789
2018-11-23,39.8764533996582
2018-11-26,40.78758239746094
2018-11-27,40.917755126953125
2018-11-28,41.77312088012695
2018-11-29,41.91258239746094
2018-11-30,41.84749221801758
2018-12-03,41.91258239746094
2018-12-04,40.67603302001953
2018-12-06,41.131591796875
2018-12-07,40.35062026977539
2018-12-10,40.65742492675781
2018-12-11,40.69461441040039
2018-12-12,41.131591796875
2018-12-13,40.945648193359375
2018-12-14,40.545860290527344
2018-12-17,39.75558090209961
2018-12-18,39.93223190307617
2018-12-19,39.076873779296875
2018-12-20,38.38887023925781
2018-12-21,37.13337326049805
2018-12-24,36.34984588623047
2018-12-26,38.39259719848633
2018-12-27,38.569828033447266
2018-12-28,38.44856262207031
2018-12-31,38.5045280456543
2019-01-02,39.01755905151367
2019-01-03,38.364620208740234
2019-01-04,40.015621185302734
2019-01-07,40.4726676940918
2019-01-08,41.15359115600586
2019-01-09,41.209556579589844
2019-01-10,41.29351043701172
2019-01-11,41.08828353881836
2019-01-14,40.93905258178711
2019-01-15,41.619964599609375
2019-01-16,41.44274139404297
2019-01-17,41.61063766479492
2019-01-18,41.946441650390625
2019-01-22,41.078975677490234
2019-01-23,40.89241409301758
2019-01-24,41.078975677490234
2019-01-25,41.60131072998047
2019-01-28,41.23753356933594
2019-01-29,40.75249481201172
2019-01-30,41.34012985229492
2019-01-31,43.028446197509766
2019-02-01,42.87919616699219
2019-02-04,43.28029251098633
2019-02-05,43.756004333496094
2019-02-06,42.7765998840332
2019-02-07,42.366172790527344
2019-02-08,42.655338287353516
2019-02-11,42.21693801879883
2019-02-12,42.70196533203125
2019-02-13,42.72995376586914
2019-02-14,42.888526916503906
2019-02-15,43.075077056884766
2019-02-19,43.12171173095703
2019-02-20,42.97247314453125
2019-02-21,42.571380615234375
2019-02-22,42.97247314453125
2019-02-25,43.019107818603516
2019-02-26,43.019107818603516
2019-02-27,42.80458068847656
2019-02-28,42.832557678222656
2019-03-01,43.16834259033203
2019-03-04,43.22433853149414
2019-03-05,43.49482345581055
2019-03-06,43.476173400878906
2019-03-07,43.09375
2019-03-08,43.06575012207031
2019-03-11,43.8399543762207
2019-03-12,44.03583526611328
2019-03-13,44.166412353515625
2019-03-14,43.970542907714844
2019-03-15,43.93595886230469
2019-03-18,43.56218338012695
2019-03-19,43.63695526123047
2019-03-20,44.02939224243164
2019-03-21,44.60872268676758
2019-03-22,43.88924789428711
2019-03-25,43.81449508666992
2019-03-26,44.02939224243164
2019-03-27,43.71169662475586
2019-03-28,43.608917236328125
2019-03-29,43.70237350463867
2019-04-01,44.365787506103516
2019-04-02,44.59939956665039
2019-04-03,44.76758575439453
2019-04-04,45.019866943359375
2019-04-05,45.150691986083984
2019-04-08,45.06660461425781
2019-04-09,45.188072204589844
2019-04-10,45.384300231933594
2019-04-11,45.41232681274414
2019-04-12,45.80477523803711
2019-04-15,45.76740264892578
2019-04-16,45.81411361694336
2019-04-17,45.898223876953125
2019-04-18,45.92625427246094
2019-04-22,46.13182067871094
2019-04-23,46.7485466003418
2019-04-24,46.53361511230469
2019-04-25,47.056888580322266
2019-04-26,47.43064880371094
2019-04-29,47.86048889160156
2019-04-30,46.785911560058594
2019-05-01,46.54296875
2019-05-02,46.356082916259766
2019-05-03,46.804595947265625
2019-05-06,46.72985076904297
2019-05-07,45.97297286987305
2019-05-08,45.898223876953125
2019-05-09,45.75806427001953
2019-05-10,45.888885498046875
2019-05-13,44.46858596801758
2019-05-14,44.720863342285156
2019-05-15,45.72068786621094
2019-05-16,46.12247085571289
2019-05-17,45.78609848022461
2019-05-20,45.02921676635742
2019-05-21,45.52446365356445
2019-05-22,45.47774124145508
2019-05-23,44.84233856201172
2019-05-24,44.83298873901367
2019-05-28,45.02921676635742
2019-05-29,44.590049743652344
2019-05-30,44.692840576171875
2019-05-31,44.00137710571289
2019-06-03,42.61844253540039
2019-06-04,43.5341682434082
2019-06-05,43.55286407470703
2019-06-06,43.7397346496582
2019-06-07,44.449886322021484
2019-06-10,44.41250228881836
2019-06-11,44.59939956665039
2019-06-12,44.384483337402344
2019-06-13,44.87970733642578
2019-06-14,44.96381378173828
2019-06-17,45.47774124145508
2019-06-18,45.73002243041992
2019-06-19,45.78609848022461
2019-06-20,46.075767517089844
2019-06-21,46.270572662353516
2019-06-24,46.38298797607422
2019-06-25,45.5212516784668
2019-06-26,45.343299865722656
2019-06-27,45.66176223754883
2019-06-28,46.101985931396484
2019-07-01,46.47665023803711
2019-07-02,46.907508850097656
2019-07-03,47.15104293823242
2019-07-05,47.21660232543945
2019-07-08,46.79509353637695
2019-07-09,47.085479736328125
2019-07-10,47.619361877441406
2019-07-11,47.647457122802734
2019-07-12,47.99402618408203
2019-07-15,48.00338363647461
2019-07-16,47.8909912109375
2019-07-17,47.4413948059082
2019-07-18,47.0573616027832
2019-07-19,46.448551177978516
2019-07-22,46.62651443481445
2019-07-23,46.80447006225586
2019-07-24,47.21660232543945
2019-07-25,47.094844818115234
2019-07-26,48.443603515625
2019-07-29,48.1719856262207
2019-07-30,47.947181701660156
2019-07-31,47.56315994262695
2019-08-01,47.3383674621582
2019-08-02,46.8794059753418
2019-08-05,45.36202621459961
2019-08-06,46.01768493652344
2019-08-07,46.07388687133789
2019-08-08,47.00116729736328
2019-08-09,46.47665023803711
2019-08-12,45.98020935058594
2019-08-13,46.65461730957031
2019-08-14,44.996734619140625
2019-08-15,45.07166290283203
2019-08-16,45.65239334106445
2019-08-19,46.364253997802734
2019-08-20,46.0551643371582
2019-08-21,46.23310852050781
2019-08-22,46.13007736206055
2019-08-23,44.86560821533203
2019-08-26,45.53998947143555
2019-08-27,45.62429428100586
2019-08-28,45.736690521240234
2019-08-29,46.448551177978516
2019-08-30,46.392337799072266
2019-09-03,45.93339920043945
2019-09-04,46.82320785522461
2019-09-05,47.619361877441406
2019-09-06,47.516326904296875
2019-09-09,47.66619873046875
2019-09-10,47.73176193237305
2019-09-11,47.98466110229492
2019-09-12,48.125160217285156
2019-09-13,48.04085922241211
2019-09-16,47.86288833618164
2019-09-17,47.909732818603516
2019-09-18,47.853519439697266
2019-09-19,47.90035629272461
2019-09-20,47.589603424072266
2019-09-23,47.42061233520508
2019-09-24,46.707096099853516
2019-09-25,47.242244720458984
2019-09-26,46.78221893310547
2019-09-27,46.25646209716797
2019-09-30,46.49116897583008
2019-10-01,46.02174758911133
2019-10-02,45.3270149230957
2019-10-03,45.76826095581055
2019-10-04,46.38788986206055
2019-10-07,46.38788986206055
2019-10-08,45.6368293762207
2019-10-09,45.909095764160156
2019-10-10,46.17195510864258
2019-10-11,46.716487884521484
2019-10-14,46.61320877075195
2019-10-15,47.41122055053711
2019-10-16,47.49571228027344
2019-10-17,47.777374267578125
2019-10-18,47.22346115112305
2019-10-21,47.5051155090332
2019-10-22,47.045074462890625
2019-10-23,47.41122055053711
2019-10-24,46.8760986328125
2019-10-25,47.242244720458984
2019-10-28,47.68348693847656
2019-10-29,47.251625061035156
2019-10-30,47.383060455322266
2019-10-31,47.52388381958008
2019-11-01,47.83369445800781
2019-11-04,48.0965690612793
2019-11-05,48.11534881591797
2019-11-06,47.94636154174805
2019-11-07,48.246788024902344
2019-11-08,48.37822341918945
2019-11-11,48.15290069580078
2019-11-12,48.209228515625
2019-11-13,48.190460205078125
2019-11-14,48.40640640258789
2019-11-15,48.81009292602539
2019-11-18,48.97908020019531
2019-11-19,49.00725173950195
2019-11-20,48.70682144165039
2019-11-21,48.83824920654297
2019-11-22,48.857032775878906
2019-11-25,49.00725173950195
2019-11-26,49.16685104370117
2019-11-27,49.514217376708984
2019-11-29,49.3452262878418
2019-12-02,48.875816345214844
2019-12-03,48.781925201416016
2019-12-04,49.03540802001953
2019-12-05,49.24195861816406
2019-12-06,49.53299331665039
2019-12-09,49.3452262878418
2019-12-10,49.17623519897461
2019-12-11,49.40156173706055
2019-12-12,49.4578857421875
2019-12-13,49.3452262878418
2019-12-16,49.83342361450195
2019-12-17,49.78647994995117
2019-12-18,50.12446212768555
2019-12-19,50.584495544433594
2019-12-20,50.74161148071289
2019-12-23,50.60989761352539
2019-12-24,50.600494384765625
2019-12-26,50.98624038696289
2019-12-27,50.89215087890625
2019-12-30,50.36526870727539
2019-12-31,50.4593620300293
2020-01-02,51.052101135253906
2020-01-03,50.72280502319336
2020-01-06,51.400238037109375
2020-01-07,51.466094970703125
2020-01-08,51.833038330078125
2020-01-09,52.105899810791016
2020-01-10,51.89891052246094
2020-01-13,52.38816452026367
2020-01-14,52.256439208984375
2020-01-15,52.510475158691406
2020-01-16,52.9150505065918
2020-01-17,53.329036712646484
2020-01-21,53.28200149536133
2020-01-22,53.25376510620117
2020-01-23,53.037357330322266
2020-01-24,52.39756774902344
2020-01-27,51.579002380371094
2020-01-28,52.171756744384766
2020-01-29,52.087074279785156
2020-01-30,51.5601806640625
2020-01-31,50.72280502319336
2020-02-03,51.3249626159668
2020-02-04,51.86125946044922
2020-02-05,51.945945739746094
2020-02-06,52.59514617919922
2020-02-07,52.55751419067383
2020-02-10,52.86800765991211
2020-02-11,52.811561584472656
2020-02-12,53.49839782714844
2020-02-13,53.5078010559082
2020-02-14,53.573665618896484
2020-02-18,53.93120193481445
2020-02-19,54.17583084106445
2020-02-20,53.62070846557617
2020-02-21,52.802146911621094
2020-02-24,51.03328323364258
2020-02-25,49.66901779174805
2020-02-26,49.574928283691406
2020-02-27,47.617897033691406
2020-02-28,47.759029388427734
2020-03-02,49.414974212646484
2020-03-03,47.78725814819336
2020-03-04,49.509071350097656
2020-03-05,47.702579498291016
2020-03-06,46.874603271484375
2020-03-09,43.750885009765625
2020-03-10,45.98076629638672
2020-03-11,44.004920959472656
2020-03-12,39.87446212768555
2020-03-13,43.45920944213867
2020-03-16,38.55723190307617
2020-03-17,40.231998443603516
2020-03-18,38.895957946777344
2020-03-19,39.592193603515625
2020-03-20,37.842159271240234
2020-03-23,38.043128967285156
2020-03-24,40.38309097290039
2020-03-25,39.7603645324707
2020-03-26,42.02482986450195
2020-03-27,40.3453483581543
2020-03-30,41.81724548339844
2020-03-31,41.74177169799805
2020-04-01,40.08115768432617
2020-04-02,40.59067153930664
2020-04-03,39.769798278808594
2020-04-06,42.3928108215332
2020-04-07,42.70418167114258
2020-04-08,43.619388580322266
2020-04-09,43.94020462036133
2020-04-13,44.00624084472656
2020-04-14,45.308319091796875
2020-04-15,44.88372802734375
2020-04-16,45.06299591064453
2020-04-17,45.67630386352539
2020-04-20,45.26115036010742
2020-04-21,43.83640670776367
2020-04-22,45.01581954956055
2020-04-23,45.33662796020508
2020-04-24,45.91217041015625
2020-04-27,46.289588928222656
2020-04-28,45.44983673095703
2020-04-29,47.64827346801758
2020-04-30,47.440696716308594
2020-05-01,46.78022384643555
2020-05-04,47.05384826660156
2020-05-05,47.299163818359375
2020-05-06,47.16706848144531
2020-05-07,48.05398941040039
2020-05-08,48.93147277832031
2020-05-11,48.959781646728516
2020-05-12,48.00681686401367
2020-05-13,47.18593978881836
2020-05-14,47.69544982910156
2020-05-15,48.355918884277344
2020-05-18,49.374935150146484
2020-05-19,49.36549758911133
2020-05-20,50.7336311340332
2020-05-21,50.37507629394531
2020-05-22,50.677001953125
2020-05-26,50.81853103637695
2020-05-27,51.17707443237305
2020-05-28,50.69587326049805
2020-05-29,50.96950149536133
2020-06-01,51.554481506347656
2020-06-02,51.762062072753906
2020-06-03,51.92246627807617
2020-06-04,51.53561782836914
2020-06-05,52.37535858154297
2020-06-08,53.356632232666016
2020-06-09,53.22453689575195
2020-06-10,53.06413650512695
2020-06-11,50.620399475097656
2020-06-12,51.063846588134766
2020-06-15,51.88471984863281
2020-06-16,52.309303283691406
2020-06-17,52.37535858154297
2020-06-18,52.545196533203125
2020-06-19,52.40366744995117
2020-06-22,52.51900863647461
2020-06-23,52.8593635559082
2020-06-24,51.668113708496094
2020-06-25,51.89501190185547
2020-06-26,49.607059478759766
2020-06-29,50.524131774902344
2020-06-30,51.091392517089844
2020-07-01,52.35828399658203
2020-07-02,52.18810272216797
2020-07-06,53.2375373840332
2020-07-07,53.08625793457031
2020-07-08,53.558990478515625
2020-07-09,53.625160217285156
2020-07-10,54.55169677734375
2020-07-13,53.454986572265625
2020-07-14,53.98443603515625
2020-07-15,54.305885314941406
2020-07-16,54.40043258666992
2020-07-17,54.27751922607422
2020-07-20,54.929866790771484
2020-07-21,54.66514205932617
2020-07-22,54.72187423706055
2020-07-23,53.83316421508789
2020-07-24,53.74806594848633
2020-07-27,54.116798400878906
2020-07-28,53.558990478515625
2020-07-29,54.05061340332031
2020-07-30,54.20188903808594
2020-07-31,54.95823669433594
2020-08-03,55.0055046081543
2020-08-04,55.35531234741211
2020-08-05,55.27022171020508
2020-08-06,56.726192474365234
2020-08-07,56.6600227355957
2020-08-10,56.47093200683594
2020-08-11,55.62948989868164
2020-08-12,56.29130172729492
2020-08-13,56.57492446899414
2020-08-14,56.56547546386719
2020-08-17,56.63165283203125
2020-08-18,57.14218521118164
2020-08-19,56.98146438598633
2020-08-20,57.69053649902344
2020-08-21,57.435272216796875
2020-08-24,58.13489532470703
2020-08-25,58.683258056640625
2020-08-26,60.68757629394531
2020-08-27,59.95013427734375
2020-08-28,60.091957092285156
2020-08-31,59.808319091796875
2020-09-01,60.299949645996094
2020-09-02,61.58575439453125
2020-09-03,59.4963264465332
2020-09-04,58.40907287597656
2020-09-08,56.86801528930664
2020-09-09,57.548728942871094
2020-09-10,56.69783020019531
2020-09-11,56.5181999206543
2020-09-14,56.73565673828125
2020-09-15,57.74728012084961
2020-09-16,57.12328338623047
2020-09-17,56.0738410949707
2020-09-18,55.53495407104492
2020-09-21,54.885005950927734
2020-09-22,55.94614028930664
2020-09-23,54.61025619506836
2020-09-24,54.71446228027344
2020-09-25,55.443992614746094
2020-09-28,56.18299102783203
2020-09-29,56.239845275878906
2020-09-30,56.27774429321289
2020-10-01,57.08306121826172
2020-10-02,55.95561218261719
2020-10-05,56.87461853027344
2020-10-06,55.68085861206055
2020-10-07,56.0882453918457
2020-10-08,56.81777572631836
2020-10-09,57.15885925292969
2020-10-12,58.66527557373047
2020-10-13,58.72212219238281
2020-10-14,58.021026611328125
2020-10-15,57.57572937011719
2020-10-16,57.585201263427734
2020-10-19,56.55249786376953
2020-10-20,56.959903717041016
2020-10-21,57.916805267333984
2020-10-22,58.2957763671875
2020-10-23,58.84529495239258
2020-10-26,57.55677795410156
2020-10-27,57.92626953125
2020-10-28,55.652435302734375
2020-10-29,57.05464172363281
2020-10-30,56.0882453918457
2020-11-02,56.0598258972168
2020-11-03,56.89357376098633
2020-11-04,59.347434997558594
2020-11-05,60.49383544921875
2020-11-06,60.351715087890625
2020-11-09,59.8400993347168
2020-11-10,59.65061569213867
2020-11-11,60.19065475463867
2020-11-12,59.84958267211914
2020-11-13,60.74016189575195
2020-11-16,61.12862014770508
2020-11-17,60.910701751708984
2020-11-18,60.29487609863281
2020-11-19,60.66436767578125
2020-11-20,60.522254943847656
2020-11-23,60.550682067871094
2020-11-24,61.791812896728516
2020-11-25,61.7823486328125
2020-11-27,62.180274963378906
2020-11-30,61.96236038208008
2020-12-01,63.09928512573242
2020-12-02,63.68669509887695
2020-12-03,63.4024543762207
2020-12-04,63.45930480957031
2020-12-07,63.857242584228516
2020-12-08,63.76250076293945
2020-12-09,63.00453186035156
2020-12-10,63.042442321777344
2020-12-11,63.421417236328125
2020-12-14,63.22243881225586
2020-12-15,63.743560791015625
2020-12-16,63.68669509887695
2020-12-17,63.52562713623047
2020-12-18,63.58248519897461
2020-12-21,63.038734436035156
2020-12-22,62.45037841796875
2020-12-23,62.810970306396484
2020-12-24,62.87742614746094
2020-12-28,64.00667572021484
2020-12-29,63.9497184753418
2020-12-30,63.522705078125
2020-12-31,64.03512573242188
2021-01-04,63.08617401123047
2021-01-05,63.313926696777344
2021-01-06,63.010250091552734
2021-01-07,63.845340728759766
2021-01-08,64.04462432861328
2021-01-11,62.9058837890625
2021-01-12,61.89049530029297
2021-01-13,62.1087532043457
2021-01-14,61.75765609741211
2021-01-15,61.95693588256836
2021-01-19,63.076717376708984
2021-01-20,65.05998992919922
2021-01-21,65.29723358154297
2021-01-22,65.32568359375
2021-01-25,65.70526885986328
2021-01-26,66.59730529785156
2021-01-27,64.44318389892578
2021-01-28,64.6709213256836
2021-01-29,63.46574020385742
2021-02-01,64.65193939208984
2021-02-02,65.63884735107422
2021-02-03,66.5213851928711
2021-02-04,66.919921875
2021-02-05,67.7645034790039
2021-02-08,68.03020477294922
2021-02-09,68.25797271728516
2021-02-10,68.90323638916016
2021-02-11,68.9791488647461
2021-02-12,69.27335357666016
2021-02-16,69.60545349121094
2021-02-17,69.80471801757812
2021-02-18,69.463134765625
2021-02-19,68.77986907958984
2021-02-22,68.50468444824219
2021-02-23,69.03607940673828
2021-02-24,69.15946197509766
2021-02-25,67.650634765625
2021-02-26,67.91632843017578
2021-03-01,69.65291595458984
2021-03-02,69.14048767089844
2021-03-03,68.1535873413086
2021-03-04,68.03020477294922
2021-03-05,69.62445068359375
2021-03-08,68.69448852539062
2021-03-09,69.463134765625
2021-03-10,69.75729370117188
2021-03-11,71.07632446289062
2021-03-12,70.8770523071289
2021-03-15,71.3800048828125
2021-03-16,72.12967681884766
2021-03-17,72.13915252685547
2021-03-18,70.94348907470703
2021-03-19,71.56031799316406
2021-03-22,72.16204833984375
2021-03-23,71.62969970703125
2021-03-24,69.8235092163086
2021-03-25,69.48126220703125
2021-03-26,68.72077941894531
2021-03-29,69.42423248291016
2021-03-30,69.42423248291016
2021-03-31,69.6999282836914
2021-04-01,70.897705078125
2021-04-05,72.39019012451172
2021-04-06,72.57081604003906
2021-04-07,73.13167572021484
2021-04-08,73.14118957519531
2021-04-09,73.1221923828125
2021-04-12,72.8274917602539
2021-04-13,72.92253112792969
2021-04-14,72.17156982421875
2021-04-15,73.09367370605469
2021-04-16,73.0461196899414
2021-04-19,72.63735961914062
2021-04-20,72.24759674072266
2021-04-21,72.37120056152344
2021-04-22,71.83882141113281
2021-04-23,72.6753921508789
2021-04-26,72.8274917602539
2021-04-27,72.53279876708984
2021-04-28,73.19823455810547
2021-04-29,75.22306823730469
2021-04-30,74.19637298583984
2021-05-03,73.806640625
2021-05-04,73.14118957519531
2021-05-05,72.99860382080078
2021-05-06,73.85416412353516
2021-05-07,74.4150390625
2021-05-10,72.98908233642578
2021-05-11,72.77995300292969
2021-05-12,71.35400390625
2021-05-13,71.8673324584961
2021-05-14,73.28378295898438
2021-05-17,72.70390319824219
2021-05-18,71.96240234375
2021-05-19,72.07649230957031
2021-05-20,73.31229400634766
2021-05-21,73.06512451171875
2021-05-24,74.39603424072266
2021-05-25,74.37699127197266
2021-05-26,74.86183166503906
2021-05-27,75.14702606201172
2021-05-28,74.89985656738281
2021-06-01,74.94737243652344
2021-06-02,74.71923065185547
2021-06-03,74.21539306640625
2021-06-04,75.28010559082031
2021-06-07,75.66984558105469
2021-06-08,75.45121765136719
2021-06-09,75.3751449584961
2021-06-10,75.783935546875
2021-06-11,75.86949157714844
2021-06-14,76.37330627441406
2021-06-15,75.93603515625
2021-06-16,75.27059173583984
2021-06-17,75.58429718017578
2021-06-18,74.7002182006836
2021-06-21,75.42493438720703
2021-06-22,76.07252502441406
2021-06-23,75.996337890625
2021-06-24,76.71060180664062
2021-06-25,76.80583190917969
2021-06-28,77.67244720458984
2021-06-29,77.25343322753906
2021-06-30,77.11056518554688
2021-07-01,77.68199157714844
2021-07-02,78.22480010986328
2021-07-06,78.03435516357422
2021-07-07,77.92005157470703
2021-07-08,77.0629653930664
2021-07-09,77.74864959716797
2021-07-12,78.30099487304688
2021-07-13,78.10102081298828
2021-07-14,78.04386138916016
2021-07-15,77.49151611328125
2021-07-16,77.00582122802734
2021-07-19,75.83444213867188
2021-07-20,76.6915512084961
2021-07-21,77.32962799072266
2021-07-22,77.59626770019531
2021-07-23,79.51998901367188
2021-07-26,79.92948150634766
2021-07-27,78.97716522216797
2021-07-28,79.59617614746094
2021-07-29,78.73907470703125
2021-07-30,78.47241973876953
2021-08-02,78.29146575927734
2021-08-03,77.9391098022461
2021-08-04,78.15812683105469
2021-08-05,78.87239837646484
2021-08-06,78.87239837646484
2021-08-09,78.72954559326172
2021-08-10,78.8819351196289
2021-08-11,79.0343017578125
2021-08-12,79.1771469116211
2021-08-13,79.22476959228516
2021-08-16,79.35809326171875
2021-08-17,78.70097351074219
2021-08-18,78.10102081298828
2021-08-19,78.11053466796875
2021-08-20,78.78669738769531
2021-08-23,79.73902893066406
2021-08-24,79.99614715576172
2021-08-25,80.11996459960938
2021-08-26,79.42476654052734
2021-08-27,80.68184661865234
2021-08-30,81.23419952392578
2021-08-31,81.53894805908203
2021-09-01,81.94844818115234
2021-09-02,81.3960952758789
2021-09-03,81.3960952758789
2021-09-07,81.58655548095703
2021-09-08,81.16752624511719
2021-09-09,80.76754760742188
2021-09-10,80.2437515258789
2021-09-13,80.44376373291016
2021-09-14,79.74853515625
2021-09-15,80.13899993896484
2021-09-16,80.06282806396484
2021-09-17,79.1771469116211
2021-09-20,77.58592987060547
2021-09-21,77.2615737915039
2021-09-22,77.22342681884766
2021-09-23,78.01521301269531
2021-09-24,78.65438079833984
2021-09-27,78.64482116699219
2021-09-28,76.72735595703125
2021-09-29,76.66058349609375
2021-09-30,76.42211151123047
2021-10-01,77.70995330810547
2021-10-04,76.03099060058594
2021-10-05,77.16619873046875
2021-10-06,77.29972076416016
2021-10-07,77.63363647460938
2021-10-08,77.25205993652344
2021-10-11,76.08821105957031
2021-10-12,75.38226318359375
2021-10-13,75.73523712158203
2021-10-14,76.80368041992188
2021-10-15,76.62242126464844
2021-10-18,77.21389770507812
2021-10-19,77.95799255371094
2021-10-20,78.11060333251953
2021-10-21,78.3395767211914
2021-10-22,76.67967224121094
2021-10-25,77.01356506347656
2021-10-26,76.32670593261719
2021-10-27,76.1168441772461
2021-10-28,76.36485290527344
2021-10-29,76.60334777832031
2021-11-01,76.72735595703125
2021-11-02,76.73690795898438
2021-11-03,77.01356506347656
2021-11-04,77.31883239746094
2021-11-05,77.93889617919922
2021-11-08,77.59545135498047
2021-11-09,77.40469360351562
2021-11-10,76.52703857421875
2021-11-11,76.37439727783203
2021-11-12,77.49053955078125
2021-11-15,77.70995330810547
2021-11-16,77.12801361083984
2021-11-17,76.8322982788086
2021-11-18,76.27899169921875
2021-11-19,76.02141571044922
2021-11-22,75.09607696533203
2021-11-23,74.89575958251953
2021-11-24,75.00070190429688
2021-11-26,73.62699127197266
2021-11-29,74.256591796875
2021-11-30,71.90029907226562
2021-12-01,70.24040222167969
2021-12-02,71.42333984375
2021-12-03,71.26115417480469
2021-12-06,72.43452453613281
2021-12-07,73.1786117553711
2021-12-08,73.71283721923828
2021-12-09,73.13092803955078
2021-12-10,73.16908264160156
2021-12-13,72.7874984741211
2021-12-14,72.5967025756836
2021-12-15,73.35987091064453
2021-12-16,73.25494384765625
2021-12-17,72.95919799804688
2021-12-20,72.44969177246094
2021-12-21,73.82624053955078
2021-12-22,74.00785064697266
2021-12-23,74.66744995117188
2021-12-27,75.3939437866211
2021-12-28,75.355712890625
2021-12-29,74.98291015625
2021-12-30,75.29835510253906
2021-12-31,74.25640869140625
2022-01-03,74.77259826660156
2022-01-04,74.61009979248047
2022-01-05,72.73645782470703
2022-01-06,73.06149291992188
2022-01-07,73.07105255126953
2022-01-10,72.6122055053711
2022-01-11,73.52033996582031
2022-01-12,73.61592864990234
2022-01-13,72.8511734008789
2022-01-14,73.18575286865234
2022-01-18,72.2967300415039
2022-01-19,72.17247772216797
2022-01-20,71.45553588867188
2022-01-21,69.03704071044922
2022-01-24,69.54368591308594
2022-01-25,68.11935424804688
2022-01-26,67.12518310546875
2022-01-27,67.20166015625
2022-01-28,69.12307739257812
2022-01-31,70.6907730102539
2022-02-01,71.30257415771484
2022-02-02,72.72691345214844
2022-02-03,67.8612289428711
2022-02-04,68.0333023071289
2022-02-07,66.84796142578125
2022-02-08,66.81929016113281
2022-02-09,68.70244598388672
2022-02-10,67.7178726196289
2022-02-11,66.25529479980469
2022-02-14,66.26483917236328
2022-02-15,67.19210052490234
2022-02-16,66.72370910644531
2022-02-17,64.94568634033203
2022-02-18,64.43902587890625
2022-02-22,63.77946090698242
2022-02-23,62.708805084228516
2022-02-24,64.46769714355469
2022-02-25,65.50967407226562
2022-02-28,65.43318939208984
2022-03-01,64.61109161376953
2022-03-02,65.16554260253906
2022-03-03,64.48683166503906
2022-03-04,63.559566497802734
2022-03-07,61.44697952270508
2022-03-08,61.29403305053711
2022-03-09,63.12940979003906
2022-03-10,62.661006927490234
2022-03-11,61.53301239013672
2022-03-14,60.81606674194336
2022-03-15,61.982295989990234
2022-03-16,63.69341278076172
2022-03-17,64.38168334960938
2022-03-18,65.2228775024414
2022-03-21,64.61241912841797
2022-03-22,65.81993103027344
2022-03-23,64.91907501220703
2022-03-24,65.98286437988281
2022-03-25,66.29912567138672
2022-03-28,66.50996398925781
2022-03-29,67.6695785522461
2022-03-30,67.19039916992188
2022-03-31,65.915771484375
2022-04-01,66.40453338623047
2022-04-04,68.2350082397461
2022-04-05,67.3628921508789
2022-04-06,66.10745239257812
2022-04-07,65.53244018554688
2022-04-08,65.24494171142578
2022-04-11,64.40158081054688
2022-04-12,63.874481201171875
2022-04-13,64.81365966796875
2022-04-14,63.71156692504883
2022-04-18,63.500728607177734
2022-04-19,64.7657470703125
2022-04-20,61.95777130126953
2022-04-21,60.19439697265625
2022-04-22,58.766441345214844
2022-04-25,59.57146072387695
2022-04-26,57.61640930175781
2022-04-27,56.33220672607422
2022-04-28,58.5843620300293
2022-04-29,56.600555419921875
2022-05-02,58.16267013549805
2022-05-03,58.316001892089844
2022-05-04,60.3189811706543
2022-05-05,58.095584869384766
2022-05-06,56.89764404296875
2022-05-09,55.42177200317383
2022-05-10,55.67094802856445
2022-05-11,54.66468048095703
2022-05-12,55.25885009765625
2022-05-13,56.552635192871094
2022-05-16,56.18846130371094
2022-05-17,57.4151496887207
2022-05-18,55.536773681640625
2022-05-19,55.460105895996094
2022-05-20,55.60386276245117
2022-05-23,56.4376335144043
2022-05-24,54.434669494628906
2022-05-25,55.16301345825195
2022-05-26,56.50471115112305
2022-05-27,57.712249755859375
2022-05-31,57.67390823364258
2022-06-01,57.01264190673828
2022-06-02,58.40226364135742
2022-06-03,57.13722610473633
2022-06-06,57.42473220825195
2022-06-07,57.83682632446289
2022-06-08,57.683494567871094
2022-06-09,55.91053771972656
2022-06-10,54.348411560058594
2022-06-13,51.7800178527832
2022-06-14,51.636268615722656
2022-06-15,52.795875549316406
2022-06-16,50.86957931518555
2022-06-17,51.597930908203125
2022-06-21,51.962989807128906
2022-06-22,52.04945373535156
2022-06-23,52.69309997558594
2022-06-24,54.7009162902832
2022-06-27,54.182151794433594
2022-06-28,52.60664367675781
2022-06-29,52.769954681396484
2022-06-30,52.13590621948242
2022-07-01,52.664276123046875
2022-07-05,53.884342193603516
2022-07-06,53.893943786621094
2022-07-07,54.739341735839844
2022-07-08,54.47996139526367
2022-07-11,52.82759475708008
2022-07-12,52.79877853393555
2022-07-13,52.55860900878906
2022-07-14,51.89574432373047
2022-07-15,53.23107147216797
2022-07-18,52.96208953857422
2022-07-19,54.84502029418945
2022-07-20,55.74805450439453
2022-07-21,55.719234466552734
2022-07-22,53.78828048706055
2022-07-25,53.60574722290039
2022-07-26,52.529788970947266
2022-07-27,54.74895095825195
2022-07-28,54.124507904052734
2022-07-29,54.153324127197266
2022-08-01,54.07648468017578
2022-08-02,53.99001693725586
2022-08-03,55.286922454833984
2022-08-04,55.527103424072266
2022-08-05,54.84502029418945
2022-08-08,55.162044525146484
2022-08-09,54.62406539916992
2022-08-10,56.1611442565918
2022-08-11,56.218788146972656
2022-08-12,57.217891693115234
2022-08-15,57.41962432861328
2022-08-16,57.534912109375
2022-08-17,56.42052459716797
2022-08-18,56.33406448364258
2022-08-19,55.42142105102539
2022-08-22,53.836307525634766
2022-08-23,53.375186920166016
2022-08-24,53.692203521728516
2022-08-25,54.739341735839844
2022-08-26,52.99091339111328
2022-08-29,52.57782745361328
2022-08-30,52.116703033447266
2022-08-31,52.24158477783203
2022-09-01,52.721920013427734
2022-09-02,51.72282409667969
2022-09-06,51.07917022705078
2022-09-07,52.107086181640625
2022-09-08,51.982200622558594
2022-09-09,53.43282699584961
2022-09-12,53.71141815185547
2022-09-13,50.762142181396484
2022-09-14,50.848602294921875
2022-09-15,50.627647399902344
2022-09-16,50.08966827392578
2022-09-19,50.37849044799805
2022-09-20,49.598690032958984
2022-09-21,48.38568115234375
2022-09-22,48.21238327026367
2022-09-23,47.278564453125
2022-09-26,46.508399963378906
2022-09-27,46.25809860229492
2022-09-28,47.83692932128906
2022-09-29,46.672054290771484
2022-09-30,46.10406494140625
2022-10-03,47.39409637451172
2022-10-04,48.847774505615234
2022-10-05,48.472320556640625
2022-10-06,48.21238327026367
2022-10-07,46.91273498535156
2022-10-10,46.78758239746094
2022-10-11,45.91151428222656
2022-10-12,45.853759765625
2022-10-13,46.960872650146484
2022-10-14,46.190696716308594
2022-10-17,47.46148681640625
2022-10-18,47.81768035888672
2022-10-19,47.85618591308594
2022-10-20,47.97172164916992
2022-10-21,48.279781341552734
2022-10-24,48.616729736328125
2022-10-25,49.90674591064453
2022-10-26,48.327919006347656
2022-10-27,46.03667068481445
2022-10-28,47.201541900634766
2022-10-31,46.41212844848633
2022-11-01,46.11368942260742
2022-11-02,44.814029693603516
2022-11-03,43.716548919677734
2022-11-04,44.014976501464844
2022-11-07,44.80440902709961
2022-11-08,44.8525390625
2022-11-09,44.246028900146484
2022-11-10,46.922367095947266
2022-11-11,48.154624938964844
2022-11-14,47.96208190917969
2022-11-15,48.67449188232422
2022-11-16,48.193138122558594
2022-11-17,47.827308654785156
2022-11-18,47.682899475097656
2022-11-21,47.28818893432617
2022-11-22,47.990966796875
2022-11-23,48.597469329833984
2022-11-25,48.327919006347656
2022-11-28,47.5577507019043
2022-11-29,47.57699966430664
2022-11-30,49.58906173706055
2022-12-01,49.877872467041016
2022-12-02,50.00302505493164
2022-12-05,49.2136116027832
2022-12-06,47.798423767089844
2022-12-07,47.5577507019043
2022-12-08,47.46148681640625
2022-12-09,47.59625244140625
2022-12-12,47.97172164916992
2022-12-13,48.78038787841797
2022-12-14,48.14500045776367
2022-12-15,46.267723083496094
2022-12-16,46.25809860229492
2022-12-19,45.17527770996094
2022-12-20,45.484100341796875
2022-12-21,46.08244323730469
2022-12-22,45.686763763427734
2022-12-23,46.130706787109375
2022-12-27,45.71571731567383
2022-12-28,45.0498161315918
2022-12-29,46.29477310180664
2022-12-30,46.31407165527344
2023-01-03,46.91242218017578
2023-01-04,47.79063034057617
2023-01-05,47.858184814453125
2023-01-06,48.6399040222168
2023-01-09,48.71710968017578
2023-01-10,49.45057678222656
2023-01-11,49.80765151977539
2023-01-12,50.35774230957031
2023-01-13,50.52180862426758
2023-01-17,50.04891586303711
2023-01-18,49.44091796875
2023-01-19,49.69183349609375
2023-01-20,51.24561309814453
2023-01-23,52.14314270019531
2023-01-24,51.998374938964844
2023-01-25,52.18174743652344
2023-01-26,52.992401123046875
2023-01-27,53.35913848876953
2023-01-30,52.5195198059082
2023-01-31,53.15647506713867
2023-02-01,53.78376770019531
2023-02-02,57.31595993041992
2023-02-03,56.16750717163086
2023-02-06,55.49195098876953
2023-02-07,56.52458572387695
2023-02-08,54.74885177612305
2023-02-09,53.55214309692383
2023-02-10,53.04065704345703
2023-02-13,53.79342269897461
2023-02-14,53.812721252441406
2023-02-15,54.304908752441406
2023-02-16,53.474937438964844
2023-02-17,53.41704559326172
2023-02-21,52.239646911621094
2023-02-22,52.345802307128906
2023-02-23,52.10453796386719
2023-02-24,51.38072967529297
2023-02-27,51.54478454589844
2023-02-28,51.63164520263672
2023-03-01,51.2359619140625
2023-03-02,51.718502044677734
2023-03-03,52.84764099121094
2023-03-06,52.84764099121094
2023-03-07,52.30720138549805
2023-03-08,52.33615493774414
2023-03-09,51.158756256103516
2023-03-10,50.43494415283203
2023-03-13,50.43494415283203
2023-03-14,51.86326599121094
2023-03-15,52.423004150390625
2023-03-16,53.600399017333984
2023-03-17,53.08890914916992
2023-03-20,53.48567199707031
2023-03-21,54.627593994140625
2023-03-22,53.6695442199707
2023-03-23,54.540489196777344
2023-03-24,54.821128845214844
2023-03-27,54.51145935058594
2023-03-28,54.06630325317383
2023-03-29,54.78242111206055
2023-03-30,55.043701171875
2023-03-31,56.098514556884766
2023-04-03,56.33076095581055
2023-04-04,56.50495147705078
2023-04-05,56.32109069824219
2023-04-06,57.027523040771484
2023-04-10,56.90171813964844
2023-04-11,56.756553649902344
2023-04-12,56.1662483215332
2023-04-13,57.33718490600586
2023-04-14,57.31782913208008
2023-04-17,56.98881149291992
2023-04-18,56.69849395751953
2023-04-19,56.272701263427734
2023-04-20,55.69206237792969
2023-04-21,55.827545166015625
2023-04-24,55.76948928833008
2023-04-25,54.8985481262207
2023-04-26,54.31791305541992
2023-04-27,57.47267150878906
2023-04-28,57.96620178222656
2023-05-01,57.95652389526367
2023-05-02,56.882362365722656
2023-05-03,56.65978240966797
2023-05-04,55.75012969970703
2023-05-05,56.44688415527344
2023-05-08,57.017845153808594
2023-05-09,56.65978240966797
2023-05-10,57.16299819946289
2023-05-11,57.73394775390625
2023-05-12,57.7823371887207
2023-05-15,58.05329895019531
2023-05-16,57.98555374145508
2023-05-17,58.69199752807617
2023-05-18,59.74679946899414
2023-05-19,59.42745590209961
2023-05-22,59.96937942504883
2023-05-23,59.224239349365234
2023-05-24,58.953269958496094
2023-05-25,58.953269958496094
2023-05-26,60.153236389160156
2023-05-30,60.25001525878906
2023-05-31,60.23065948486328
2023-06-01,61.04354476928711
2023-06-02,61.12096405029297
2023-06-05,61.275787353515625
2023-06-06,61.52740478515625
2023-06-07,60.84031677246094
2023-06-08,61.14999008178711
2023-06-09,61.16933822631836
2023-06-12,61.89512634277344
2023-06-13,62.098350524902344
2023-06-14,62.20479965209961
2023-06-15,63.191871643066406
2023-06-16,62.6693115234375
2023-06-20,62.36397933959961
2023-06-21,61.74363708496094
2023-06-22,62.22827911376953
2023-06-23,62.09257125854492
2023-06-26,61.472232818603516
2023-06-27,62.50937271118164
2023-06-28,62.79046630859375
2023-06-29,62.45122146606445
2023-06-30,63.08126449584961
2023-07-03,63.294490814208984
2023-07-05,63.77914810180664
2023-07-06,63.275115966796875
2023-07-07,63.05216979980469
2023-07-10,62.88738250732422
2023-07-11,63.98268508911133
2023-07-12,64.75812530517578
2023-07-13,65.7080307006836
2023-07-14,65.08767700195312
2023-07-17,64.85505676269531
2023-07-18,65.30091857910156
2023-07-19,65.48507690429688
2023-07-20,64.18624114990234
2023-07-21,63.546512603759766
2023-07-24,63.66282653808594
2023-07-25,63.86637496948242
2023-07-26,64.86473846435547
2023-07-27,65.40755462646484
2023-07-28,66.69670104980469
2023-07-31,66.67730712890625
2023-08-01,66.59007263183594
2023-08-02,65.33969116210938
2023-08-03,65.17491912841797
2023-08-04,65.0295181274414
2023-08-07,66.03758239746094
2023-08-08,65.8534164428711
2023-08-09,65.14582061767578
2023-08-10,65.36875915527344
2023-08-11,65.05860137939453
2023-08-14,65.53355407714844
2023-08-15,64.95198822021484
2023-08-16,64.1765365600586
2023-08-17,63.43988037109375
2023-08-18,63.061859130859375
2023-08-21,63.517433166503906
2023-08-22,63.517433166503906
2023-08-23,64.54488372802734
2023-08-24,63.30418014526367
2023-08-25,63.372032165527344
2023-08-28,64.14746856689453
2023-08-29,65.57232666015625
2023-08-30,65.58202362060547
2023-08-31,65.64987182617188
2023-09-01,65.0392074584961
2023-09-05,65.0295181274414
2023-09-06,64.82595825195312
2023-09-07,64.70965576171875
2023-09-08,64.90349578857422
2023-09-11,65.88249969482422
2023-09-12,65.19429779052734
2023-09-13,65.40755462646484
2023-09-14,66.31867980957031
2023-09-15,65.43661499023438
2023-09-18,65.48326110839844
2023-09-19,65.5318374633789
2023-09-20,64.63787078857422
2023-09-21,63.84107208251953
2023-09-22,63.76333999633789
2023-09-25,63.9188117980957
2023-09-26,63.20946502685547
2023-09-27,63.37465286254883
2023-09-28,64.07428741455078
2023-09-29,63.714744567871094
2023-10-02,64.19088745117188
2023-10-03,63.326072692871094
2023-10-04,63.92853546142578
2023-10-05,63.84107208251953
2023-10-06,65.01685333251953
2023-10-09,65.71646118164062
2023-10-10,66.09542846679688
2023-10-11,66.69788360595703
2023-10-12,65.91082000732422
2023-10-13,65.17231750488281
2023-10-16,66.22177124023438
2023-10-17,66.45497131347656
2023-10-18,65.30834197998047
2023-10-19,65.2403335571289
2023-10-20,64.63787078857422
2023-10-23,64.97797393798828
2023-10-24,65.7456283569336
2023-10-25,62.89853286743164
2023-10-26,61.52841567993164
2023-10-27,61.304931640625
2023-10-30,62.568138122558594
2023-10-31,62.8888053894043
2023-11-01,63.81193161010742
2023-11-02,64.65730285644531
2023-11-03,65.64844512939453
2023-11-06,65.47354125976562
2023-11-07,65.82334899902344
2023-11-08,65.51241302490234
2023-11-09,65.49298095703125
2023-11-10,66.53271484375
2023-11-13,66.38693237304688
2023-11-14,67.46554565429688
2023-11-15,67.79591369628906
2023-11-16,68.09715270996094
2023-11-17,68.08743286132812
2023-11-20,68.8550796508789
2023-11-21,68.62186431884766
2023-11-22,69.18545532226562
2023-11-24,68.95226287841797
2023-11-27,68.52469635009766
2023-11-28,68.68988037109375
2023-11-29,68.19432067871094
2023-11-30,67.79591369628906
2023-12-01,67.93196105957031
2023-12-04,67.25175476074219
2023-12-05,66.94081115722656
2023-12-06,66.76591491699219
2023-12-07,68.16516876220703
2023-12-08,68.48583984375
2023-12-11,67.96112060546875
2023-12-12,68.24290466308594
2023-12-13,68.88423156738281
2023-12-14,69.18545532226562
2023-12-15,69.01055145263672
2023-12-18,69.86190032958984
2023-12-19,70.57298278808594
2023-12-20,70.02749633789062
2023-12-21,70.71910095214844
2023-12-22,70.72884368896484
2023-12-26,71.0015869140625
2023-12-27,71.0113296508789
2023-12-28,71.2061538696289
2023-12-29,70.77754974365234
2024-01-02,70.37818145751953
2024-01-03,70.11516571044922
2024-01-04,69.88138580322266
2024-01-05,70.1736068725586
2024-01-08,71.26461029052734
2024-01-09,71.11848449707031
2024-01-10,71.78087615966797
2024-01-11,71.54708099365234
2024-01-12,71.89775085449219
2024-01-16,71.48863983154297
2024-01-17,71.05030059814453
2024-01-18,71.91724395751953
2024-01-19,72.89134216308594
2024-01-22,73.03744506835938
2024-01-23,73.75828552246094
2024-01-24,74.21610260009766
2024-01-25,75.42398071289062
2024-01-26,75.66749572753906
2024-01-29,76.30064392089844
2024-01-30,75.78438568115234
2024-01-31,73.91413116455078
2024-02-01,74.6739273071289
2024-02-02,77.67412567138672
2024-02-05,76.58314514160156
2024-02-06,76.349365234375
2024-02-07,76.73899841308594
2024-02-08,77.0312271118164
2024-02-09,77.118896484375
2024-02-12,77.36241912841797
2024-02-13,76.27144622802734
2024-02-14,77.48905181884766
2024-02-15,78.1222152709961
2024-02-16,76.90458679199219
2024-02-20,76.78771209716797
2024-02-21,76.70003509521484
2024-02-22,77.84944915771484
2024-02-23,77.65465545654297
2024-02-26,76.52468872070312
2024-02-27,77.14810943603516
2024-02-28,76.62210845947266
2024-02-29,77.3039779663086
2024-03-01,77.94688415527344
2024-03-04,76.92407989501953
2024-03-05,76.30064392089844
2024-03-06,76.4078140258789
2024-03-07,77.64490509033203
2024-03-08,77.52800750732422
2024-03-11,77.38189697265625
2024-03-12,78.06375885009766
2024-03-13,78.20014190673828
2024-03-14,78.01506805419922
2024-03-15,77.23579406738281
2024-03-18,78.8219985961914
2024-03-19,78.79269409179688
2024-03-20,79.72058868408203
2024-03-21,79.74988555908203
2024-03-22,79.91592407226562
2024-03-25,79.6424560546875
2024-03-26,79.47640991210938
2024-03-27,79.8866195678711
2024-03-28,79.75965881347656
2024-04-01,80.375
2024-04-02,80.2480239868164
2024-04-03,80.88290405273438
2024-04-04,79.7889633178711
2024-04-05,80.5996322631836
2024-04-08,80.60941314697266
2024-04-09,80.69731140136719
2024-04-10,80.06243896484375
2024-04-11,80.76567840576172
2024-04-12,79.43733978271484
2024-04-15,78.43130493164062
2024-04-16,78.16758728027344
2024-04-17,78.09920501708984
2024-04-18,78.48013305664062
2024-04-19,77.6206283569336
2024-04-22,77.72806549072266
2024-04-23,78.90990447998047
2024-04-24,78.95873260498047
2024-04-25,76.14575958251953
2024-04-26,78.24571990966797
2024-04-29,77.3373794555664
2024-04-30,76.04808807373047
2024-05-01,76.75133514404297
2024-05-02,77.52295684814453
2024-05-03,78.34339904785156
2024-05-06,79.40804290771484
2024-05-07,79.49594116210938
2024-05-08,79.36896514892578
2024-05-09,79.76942443847656
2024-05-10,79.8866195678711
2024-05-13,79.74010467529297
2024-05-14,80.10150909423828
2024-05-15,80.60941314697266
2024-05-16,80.55081176757812
2024-05-17,80.68754577636719
2024-05-20,80.92195892333984
2024-05-21,80.81451416015625
2024-05-22,80.91218566894531
2024-05-23,79.99407196044922
2024-05-24,81.0196304321289
2024-05-28,81.1563720703125
2024-05-29,80.72660827636719
2024-05-30,80.46288299560547
2024-05-31,81.32242584228516
2024-06-03,81.64474487304688
2024-06-04,81.95729064941406
2024-06-05,82.95356750488281
2024-06-06,83.00240325927734
2024-06-07,82.43588256835938
2024-06-10,82.64099884033203
2024-06-11,82.79727172851562
2024-06-12,82.62147521972656
2024-06-13,81.90845489501953
2024-06-14,82.17217254638672
2024-06-17,82.56285858154297
2024-06-18,82.07449340820312
2024-06-20,82.42611694335938
2024-06-21,82.96333312988281
2024-06-24,83.241455078125
2024-06-25,84.17179107666016
2024-06-26,84.18158721923828
2024-06-27,84.66145324707031
2024-06-28,83.88780212402344
2024-07-01,83.53524017333984
2024-07-02,84.27951049804688
2024-07-03,84.30889129638672
2024-07-05,85.94434356689453
2024-07-08,85.17069244384766
2024-07-09,85.43511199951172
2024-07-10,85.9737319946289
2024-07-11,84.79855346679688
2024-07-12,84.52433776855469
2024-07-15,84.82793426513672
2024-07-16,85.05316925048828
2024-07-17,83.7702865600586
2024-07-18,83.72129821777344
2024-07-19,83.34918212890625
2024-07-22,83.70172119140625
2024-07-23,83.58419799804688
2024-07-24,81.40033721923828
2024-07-25,80.46021270751953
2024-07-26,81.96834564208984
2024-07-29,82.69303131103516
2024-07-30,83.02598571777344
2024-07-31,84.01510620117188
2024-08-01,84.35786437988281
2024-08-02,82.98682403564453
2024-08-05,80.60708618164062
2024-08-06,81.55703735351562
2024-08-07,81.12613677978516
2024-08-08,82.74199676513672
2024-08-09,83.44709014892578
2024-08-12,82.86931610107422
2024-08-13,83.9465560913086
2024-08-14,83.46670532226562
2024-08-15,84.22075653076172
2024-08-16,84.47538757324219
2024-08-19,85.43511199951172
2024-08-20,85.3763427734375
2024-08-21,85.73869323730469
2024-08-22,85.09235382080078
2024-08-23,85.68972778320312
2024-08-26,85.88558197021484
2024-08-27,85.68972778320312
2024-08-28,85.12171936035156
2024-08-29,84.94544982910156
2024-08-30,85.5134506225586
2024-09-03,83.9465560913086
2024-09-04,83.54502868652344
2024-09-05,83.78985595703125
2024-09-06,82.03689575195312
2024-09-09,82.38944244384766
2024-09-10,82.36986541748047
2024-09-11,82.71260833740234
2024-09-12,84.25993347167969
2024-09-13,85.07276916503906
2024-09-16,85.96392822265625
2024-09-17,85.96392822265625
2024-09-18,85.8953857421875
2024-09-19,87.0607681274414
2024-09-20,87.0607681274414
2024-09-23,87.25623321533203
2024-09-24,87.6688003540039
2024-09-25,87.39376068115234
2024-09-26,87.88489532470703
2024-09-27,88.41533660888672
2024-09-30,88.79840850830078
2024-10-01,88.8671875
2024-10-02,88.59215545654297
2024-10-03,88.28762817382812
2024-10-04,89.26990509033203
2024-10-07,88.07152557373047
2024-10-08,88.84752655029297
2024-10-09,88.87700653076172
2024-10-10,88.2188720703125
2024-10-11,88.82789611816406
2024-10-14,89.24044799804688
2024-10-15,89.4369125366211
2024-10-16,89.37797546386719
2024-10-17,88.9555892944336
2024-10-18,89.61372375488281
2024-10-21,89.2601089477539
2024-10-22,89.3877944946289
2024-10-23,88.71002197265625
2024-10-24,89.0145263671875
2024-10-25,89.24044799804688
2024-10-28,89.81017303466797
2024-10-29,90.65494537353516
2024-10-30,91.20501708984375
2024-10-31,90.40937805175781
2024-11-01,90.76298522949219
2024-11-04,90.45848846435547
2024-11-05,91.46041107177734
2024-11-06,93.70984649658203
2024-11-07,94.93769836425781
2024-11-08,94.47602081298828
2024-11-11,95.00645446777344
2024-11-12,95.43865966796875
2024-11-13,95.47793579101562
2024-11-14,95.36990356445312
2024-11-15,93.46427154541016
2024-11-18,94.38761138916016
2024-11-19,95.00645446777344
2024-11-20,95.61546325683594
2024-11-21,95.36990356445312
2024-11-22,95.16361999511719
2024-11-25,95.65475463867188
2024-11-26,96.00838470458984
2024-11-27,96.13607788085938
2024-11-29,96.65669250488281
2024-12-02,97.45233917236328
2024-12-03,98.23816680908203
2024-12-04,98.4640884399414
2024-12-05,98.23816680908203
2024-12-06,99.1418685913086
2024-12-09,97.02995300292969
2024-12-10,98.55249786376953
2024-12-11,100.16344451904297
2024-12-12,100.35008239746094
2024-12-13,99.15169525146484
2024-12-16,99.53478240966797
2024-12-17,98.78824615478516
2024-12-18,95.9690933227539
2024-12-19,95.70387268066406
2024-12-20,96.2244873046875
2024-12-23,96.75038146972656
2024-12-24,97.66629028320312
2024-12-26,97.53825378417969
2024-12-27,96.6716079711914
2024-12-30,95.65721130371094
2024-12-31,95.34207153320312
2025-01-02,95.80494689941406
2025-01-03,96.3958511352539
2025-01-06,97.43978118896484
2025-01-07,96.35646057128906
2025-01-08,95.7852554321289
2025-01-10,94.35723114013672
2025-01-13,94.39662170410156
2025-01-14,94.08148193359375
2025-01-15,95.62767791748047
2025-01-16,95.08602142333984
2025-01-17,95.91327667236328
2025-01-21,96.77993774414062
2025-01-22,97.74507904052734
2025-01-23,98.00113677978516
2025-01-24,98.88748931884766
2025-01-27,99.39960479736328
2025-01-28,99.88217163085938
2025-01-29,100.32534790039062
2025-01-30,100.42383575439453
2025-01-31,100.82762145996094
2025-02-03,101.04427337646484
2025-02-04,101.95032501220703
2025-02-05,100.96549224853516
2025-02-06,101.39881896972656
2025-02-07,101.18215942382812
2025-02-10,101.63517761230469
2025-02-11,101.80260467529297
2025-02-12,101.91094207763672
2025-02-13,103.08289337158203
2025-02-14,103.71318817138672
2025-02-18,103.2306137084961
2025-02-19,103.34879302978516
2025-02-20,102.8662338256836
2025-02-21,101.4579086303711
2025-02-24,101.6548843383789
2025-02-25,100.14807891845703
2025-02-26,99.9708023071289
2025-02-27,99.00567626953125
2025-02-28,100.45337677001953
2025-03-03,99.44883728027344
2025-03-04,98.66098022460938
2025-03-05,99.93141174316406
2025-03-06,98.1390151977539
2025-03-07,98.7693099975586
2025-03-10,96.30722045898438
2025-03-11,94.88904571533203
2025-03-12,95.36177062988281
2025-03-13,93.40193939208984
2025-03-14,95.11555480957031
2025-03-17,95.79509735107422
2025-03-18,94.45571899414062
2025-03-19,95.57843780517578
2025-03-20,95.37162017822266
2025-03-21,96.1200942993164
2025-03-24,97.4812240600586
2025-03-25,98.71590423583984
2025-03-26,97.8763198852539
2025-03-27,97.44171142578125
2025-03-28,94.56735229492188
2025-03-31,95.26864624023438
2025-04-01,95.32791900634766
2025-04-02,95.66374969482422
2025-04-03,91.39665985107422
2025-04-04,86.16159057617188
2025-04-07,86.28011322021484
2025-04-08,85.0750503540039
2025-04-09,92.59185028076172
2025-04-10,89.39153289794922
2025-04-11,90.152099609375
2025-04-14,90.75462341308594
2025-04-15,90.9818115234375
2025-04-16,88.53218841552734
2025-04-17,89.1050796508789
2025-04-21,87.0999526977539
2025-04-22,89.37177276611328
2025-04-23,90.80401611328125
2025-04-24,92.62147521972656
2025-04-25,93.20425415039062
2025-04-28,93.55984497070312
2025-04-29,94.24138641357422
2025-04-30,94.27103424072266
2025-05-01,94.7550277709961
2025-05-02,96.22677612304688
2025-05-05,96.45396423339844
2025-05-06,96.43419647216797
2025-05-07,96.25640106201172
2025-05-08,96.48358154296875
2025-05-09,95.9897232055664
2025-05-12,97.98497009277344
2025-05-13,98.9430923461914
2025-05-14,99.45671844482422
2025-05-15,99.8518295288086
2025-05-16,100.53336334228516
2025-05-19,100.63214874267578
2025-05-20,100.38520812988281
2025-05-21,99.634521484375
2025-05-22,99.4172134399414
2025-05-23,98.96285247802734
2025-05-27,100.57288360595703
2025-05-28,100.55313110351562
2025-05-29,99.7431640625
2025-05-30,100.15803527832031
2025-06-02,100.65190124511719
2025-06-03,100.3654556274414
2025-06-04,101.00749206542969
2025-06-05,101.1457748413086
2025-06-06,102.43973541259766
2025-06-09,102.14341735839844
2025-06-10,103.43737030029297
2025-06-11,103.20030212402344
2025-06-12,102.36071014404297
2025-06-13,101.32357788085938
2025-06-16,103.06201171875
2025-06-17,102.15328979492188
2025-06-18,102.20267486572266
2025-06-20,101.58039093017578
2025-06-23,102.8666000366211
2025-06-24,104.19339752197266
2025-06-25,104.17359161376953
2025-06-26,105.38157653808594
2025-06-27,106.6192626953125
2025-06-30,107.46088409423828
2025-07-01,106.69847869873047
2025-07-02,106.39152526855469
2025-07-03,106.9757080078125
2025-07-07,105.94596099853516
2025-07-08,105.7281265258789
2025-07-09,106.00537109375
2025-07-10,105.64891052246094
2025-07-11,104.96571350097656
2025-07-14,105.99546813964844
2025-07-15,104.9458999633789
2025-07-16,105.26274871826172
2025-07-17,105.62911987304688
2025-07-18,105.1439437866211
2025-07-21,106.5499496459961
2025-07-22,106.7974853515625
2025-07-23,107.38167572021484
2025-07-24,107.55989837646484
2025-07-25,106.55985260009766
2025-07-28,105.98556518554688
2025-07-29,105.07462310791016
2025-07-30,105.40137481689453
2025-07-31,106.35192108154297
2025-08-01,105.07462310791016
2025-08-04,107.09454345703125
2025-08-05,106.26280975341797
2025-08-06,106.66876983642578
2025-08-07,106.21329498291016
2025-08-08,106.56975555419922
2025-08-11,107.11433410644531
2025-08-12,109.16394805908203
2025-08-13,110.0154800415039
2025-08-14,110.10458374023438
2025-08-15,110.38182830810547
2025-08-18,109.70852661132812
2025-08-19,109.09463500976562
2025-08-20,108.76788330078125
2025-08-21,108.64906311035156
2025-08-22,110.21349334716797
2025-08-25,110.39173126220703
2025-08-26,109.90655517578125
2025-08-27,110.09468841552734
2025-08-28,110.51054382324219
2025-08-29,110.29270935058594
2025-09-02,110.10458374023438
2025-09-03,111.94625854492188
2025-09-04,112.95621490478516
2025-09-05,113.56021118164062
2025-09-08,113.68893432617188
2025-09-09,114.33252716064453
2025-09-10,113.49089813232422
2025-09-11,115.23355102539062
2025-09-12,116.19400024414062
2025-09-15,117.8277587890625
2025-09-16,117.35247802734375
2025-09-17,117.65943145751953
2025-09-18,117.74853515625
2025-09-19,118.23371124267578
2025-09-22,117.82136535644531
2025-09-23,117.65245819091797
2025-09-24,116.67872619628906
2025-09-25,116.28128051757812
2025-09-26,117.41398620605469
2025-09-29,117.79156494140625
2025-09-30,117.61270904541016
2025-10-01,115.96332550048828
2025-10-02,115.70498657226562
2025-10-03,115.64537811279297
2025-10-06,115.76461029052734
2025-10-07,115.3174819946289
2025-10-08,114.84056091308594
2025-10-09,114.18477630615234
2025-10-10,112.0783462524414
2025-10-13,113.11168670654297
2025-10-14,113.85688781738281
2025-10-15,114.66171264648438
2025-10-16,113.43958282470703
2025-10-17,114.20465850830078
2025-10-20,115.496337890625
2025-10-21,115.90371704101562
2025-10-22,114.90017700195312
2025-10-23,114.5126724243164
2025-10-24,114.81075286865234
2025-10-27,116.41045379638672
2025-10-28,115.83415985107422
2025-10-29,115.5460205078125
2025-10-30,113.588623046875
2025-10-31,114.07548522949219
2025-11-03,112.86328887939453
2025-11-04,112.0882797241211
2025-11-05,112.69438171386719
2025-11-06,111.68090057373047
2025-11-07,111.39276123046875
2025-11-10,112.5552749633789
2025-11-11,113.4693832397461
2025-11-12,112.81361389160156
2025-11-13,111.21391296386719
2025-11-14,110.61775207519531
2025-11-17,110.46870422363281
2025-11-18,111.09468078613281
2025-11-19,110.47864532470703
2025-11-20,109.26644897460938
2025-11-21,111.1841049194336
2025-11-24,112.28700256347656
2025-11-25,113.56875610351562
2025-11-26,113.72772216796875
2025-11-28,114.65177917480469
2025-12-01,114.11522674560547
2025-12-02,114.4927978515625
2025-12-03,114.39344024658203
2025-12-04,115.0492172241211
2025-12-05,116.38064575195312
2025-12-08,115.5162124633789
2025-12-09,115.64537811279297
2025-12-10,116.32102966308594
2025-12-11,116.06269073486328
2025-12-12,115.80435943603516
2025-12-15,115.82421875
2025-12-16,115.90371704101562
2025-12-17,115.06908416748047
2025-12-18,115.72486877441406
2025-12-19,115.77454376220703
2025-12-22,116.28890991210938
2025-12-23,117.01658630371094
2025-12-24,117.71435546875
2025-12-26,117.59474182128906
2025-12-29,117.5149917602539
2025-12-30,117.9137191772461
