Date,XLRE
2015-10-08,21.044126510620117
2015-10-09,21.009300231933594
2015-10-12,21.141651153564453
2015-10-13,21.009300231933594
2015-10-14,21.009300231933594
2015-10-15,20.94659996032715
2015-10-16,21.345048904418945
2015-10-19,21.594436645507812
2015-10-20,21.615331649780273
2015-10-21,21.632753372192383
2015-10-22,21.90650749206543
2015-10-23,21.6431941986084
2015-10-26,21.671064376831055
2015-10-27,21.676633834838867
2015-10-28,21.597919464111328
2015-10-29,21.696136474609375
2015-10-30,21.559608459472656
2015-11-02,21.559608459472656
2015-11-03,21.83824348449707
2015-11-04,21.747692108154297
2015-11-05,21.66409683227539
2015-11-06,20.86301612854004
2015-11-09,20.695825576782227
2015-11-10,20.91874122619629
2015-11-11,20.99118423461914
2015-11-12,20.86301612854004
2015-11-13,20.591341018676758
2015-11-16,20.5704402923584
2015-11-17,20.890878677368164
2015-11-18,21.138164520263672
2015-11-19,21.25309944152832
2015-11-20,21.42724609375
2015-11-23,21.538707733154297
2015-11-24,21.2113094329834
2015-11-25,21.2113094329834
2015-11-27,21.371524810791016
2015-11-30,21.4202823638916
2015-12-01,21.77485466003418
2015-12-02,21.329727172851562
2015-12-03,20.904808044433594
2015-12-04,21.329727172851562
2015-12-07,21.329727172851562
2015-12-08,21.39938735961914
2015-12-09,21.28096580505371
2015-12-10,21.1068172454834
2015-12-11,20.993968963623047
2015-12-14,21.058752059936523
2015-12-15,21.301862716674805
2015-12-16,21.68499755859375
2015-12-17,21.65713119506836
2015-12-18,21.37541389465332
2015-12-21,21.410627365112305
2015-12-22,21.607833862304688
2015-12-23,21.819120407104492
2015-12-24,21.84025001525879
2015-12-28,21.78179168701172
2015-12-29,22.143091201782227
2015-12-30,22.143091201782227
2015-12-31,21.96279525756836
2016-01-04,21.452880859375
2016-01-05,22.10294532775879
2016-01-06,21.889545440673828
2016-01-07,21.488094329833984
2016-01-08,21.206382751464844
2016-01-11,21.333154678344727
2016-01-12,21.100736618041992
2016-01-13,20.882402420043945
2016-01-14,20.952835083007812
2016-01-15,20.600690841674805
2016-01-19,20.74153709411621
2016-01-20,20.185150146484375
2016-01-21,20.340099334716797
2016-01-22,20.76267433166504
2016-01-25,20.76267433166504
2016-01-26,20.94719696044922
2016-01-27,20.76267433166504
2016-01-28,20.53729820251465
2016-01-29,20.558427810668945
2016-02-01,20.99509048461914
2016-02-02,20.727460861206055
2016-02-03,20.748584747314453
2016-02-04,20.873245239257812
2016-02-05,20.493635177612305
2016-02-08,19.407608032226562
2016-02-09,19.25548553466797
2016-02-10,19.66396713256836
2016-02-11,19.170963287353516
2016-02-12,19.361122131347656
2016-02-16,19.361122131347656
2016-02-17,19.966819763183594
2016-02-18,20.213321685791016
2016-02-19,20.185150146484375
2016-02-22,20.49504280090332
2016-02-23,20.3893985748291
2016-02-24,20.406301498413086
2016-02-25,20.53729820251465
2016-02-26,20.685203552246094
2016-02-29,20.657026290893555
2016-03-01,21.150041580200195
2016-03-02,21.382457733154297
2016-03-03,21.41203498840332
2016-03-04,21.47400665283203
2016-03-07,21.45992088317871
2016-03-08,21.427532196044922
2016-03-09,21.362031936645508
2016-03-10,21.261314392089844
2016-03-11,21.755725860595703
2016-03-14,21.826160430908203
2016-03-15,21.97054100036621
2016-03-16,21.80503273010254
2016-03-17,22.534685134887695
2016-03-18,22.37612533569336
2016-03-21,22.26236343383789
2016-03-22,22.22325325012207
2016-03-23,22.1414852142334
2016-03-24,22.17703628540039
2016-03-28,22.31924057006836
2016-03-29,22.802743911743164
2016-03-30,22.752973556518555
2016-03-31,22.866729736328125
2016-04-01,22.91437530517578
2016-04-04,22.880956649780273
2016-04-05,22.676176071166992
2016-04-06,22.738750457763672
2016-04-07,22.553878784179688
2016-04-08,22.767189025878906
2016-04-11,22.752973556518555
2016-04-12,22.852514266967773
2016-04-13,22.76505470275879
2016-04-14,22.674760818481445
2016-04-15,22.8311824798584
2016-04-18,22.916505813598633
2016-04-19,22.838289260864258
2016-04-20,22.610761642456055
2016-04-21,22.087438583374023
2016-04-22,22.369009017944336
2016-04-25,22.526151657104492
2016-04-26,22.58943748474121
2016-04-27,22.50411033630371
2016-04-28,22.52686309814453
2016-04-29,22.3121280670166
2016-05-02,22.546772003173828
2016-05-03,22.660533905029297
2016-05-04,22.987607955932617
2016-05-05,23.00893783569336
2016-05-06,23.12981605529785
2016-05-09,23.363037109375
2016-05-10,23.449779510498047
2016-05-11,23.023155212402344
2016-05-12,23.101375579833984
2016-05-13,22.767894744873047
2016-05-16,23.078622817993164
2016-05-17,22.696086883544922
2016-05-18,22.136505126953125
2016-05-19,22.091707229614258
2016-05-20,22.24245262145996
2016-05-23,22.3121280670166
2016-05-24,22.46143913269043
2016-05-25,22.613609313964844
2016-05-26,22.596542358398438
2016-05-27,22.6854190826416
2016-05-31,22.696086883544922
2016-06-01,22.610761642456055
2016-06-02,22.681865692138672
2016-06-03,22.784250259399414
2016-06-06,22.795635223388672
2016-06-07,22.814117431640625
2016-06-08,22.92361831665039
2016-06-09,22.971969604492188
2016-06-10,22.8596248626709
2016-06-13,22.852514266967773
2016-06-14,22.74586296081543
2016-06-15,22.980499267578125
2016-06-16,23.098529815673828
2016-06-17,23.062686920166016
2016-06-20,23.084196090698242
2016-06-21,23.270586013793945
2016-06-22,23.24908447265625
2016-06-23,23.34944725036621
2016-06-24,23.05551528930664
2016-06-27,23.019672393798828
2016-06-28,23.442646026611328
2016-06-29,23.887117385864258
2016-06-30,24.08068084716797
2016-07-01,24.06635093688965
2016-07-05,24.241979598999023
2016-07-06,24.20972442626953
2016-07-07,23.908626556396484
2016-07-08,24.322994232177734
2016-07-11,24.510822296142578
2016-07-12,24.561004638671875
2016-07-13,24.675701141357422
2016-07-14,24.538782119750977
2016-07-15,24.5029354095459
2016-07-18,24.510822296142578
2016-07-19,24.581073760986328
2016-07-20,24.546672821044922
2016-07-21,24.618364334106445
2016-07-22,24.804750442504883
2016-07-25,24.768905639648438
2016-07-26,24.629114151000977
2016-07-27,24.446304321289062
2016-07-28,24.59685707092285
2016-07-29,24.860673904418945
2016-08-01,24.940967559814453
2016-08-02,24.561004638671875
2016-08-03,24.374608993530273
2016-08-04,24.33160400390625
2016-08-05,24.33160400390625
2016-08-08,24.32442855834961
2016-08-09,24.489315032958984
2016-08-10,24.43913459777832
2016-08-11,24.20972442626953
2016-08-12,24.288589477539062
2016-08-15,24.259910583496094
2016-08-16,23.965978622436523
2016-08-17,24.06635093688965
2016-08-18,24.01616668701172
2016-08-19,23.829771041870117
2016-08-22,23.944473266601562
2016-08-23,23.930137634277344
2016-08-24,23.865610122680664
2016-08-25,23.965978622436523
2016-08-26,23.72940444946289
2016-08-29,23.965978622436523
2016-08-30,23.894296646118164
2016-08-31,23.930137634277344
2016-09-01,23.92296028137207
2016-09-02,24.08068084716797
2016-09-06,24.28141975402832
2016-09-07,24.40249252319336
2016-09-08,24.092594146728516
2016-09-09,23.17732048034668
2016-09-12,23.271011352539062
2016-09-13,22.860214233398438
2016-09-14,22.90346336364746
2016-09-15,23.076427459716797
2016-09-16,22.997150421142578
2016-09-19,23.234973907470703
2016-09-20,23.191728591918945
2016-09-21,23.458389282226562
2016-09-22,23.91963005065918
2016-09-23,24.013320922851562
2016-09-26,24.063762664794922
2016-09-27,23.85476303100586
2016-09-28,24.020524978637695
2016-09-29,23.725048065185547
2016-09-30,23.6169376373291
2016-10-03,23.162906646728516
2016-10-04,22.809772491455078
2016-10-05,22.384563446044922
2016-10-06,22.427810668945312
2016-10-07,22.370155334472656
2016-10-10,22.456636428833008
2016-10-11,22.28367805480957
2016-10-12,22.60076904296875
2016-10-13,22.672840118408203
2016-10-14,22.64401626586914
2016-10-17,22.66563606262207
2016-10-18,22.78093910217285
2016-10-19,22.8674259185791
2016-10-20,22.78814697265625
2016-10-21,22.773740768432617
2016-10-24,22.802568435668945
2016-10-25,22.773740768432617
2016-10-26,22.478254318237305
2016-10-27,21.9449462890625
2016-10-28,22.002599716186523
2016-10-31,22.305295944213867
2016-11-01,21.865673065185547
2016-11-02,21.52695083618164
2016-11-03,21.433258056640625
2016-11-04,21.577396392822266
2016-11-07,21.973770141601562
2016-11-08,22.11071014404297
2016-11-09,21.61343765258789
2016-11-10,21.28911781311035
2016-11-11,21.310733795166016
2016-11-14,21.728744506835938
2016-11-15,21.5846004486084
2016-11-16,21.570194244384766
2016-11-17,21.368396759033203
2016-11-18,21.41163444519043
2016-11-21,21.353979110717773
2016-11-22,21.721529006958008
2016-11-23,21.570194244384766
2016-11-25,21.663875579833984
2016-11-28,21.743154525756836
2016-11-29,21.894495010375977
2016-11-30,21.627843856811523
2016-12-01,21.29632568359375
2016-12-02,21.49812126159668
2016-12-05,21.67108726501465
2016-12-06,21.764774322509766
2016-12-07,22.218807220458984
2016-12-08,22.334121704101562
2016-12-09,22.3197021484375
2016-12-12,22.550325393676758
2016-12-13,22.607975006103516
2016-12-14,22.21159553527832
2016-12-15,22.03142738342285
2016-12-16,22.34040641784668
2016-12-19,22.538564682006836
2016-12-20,22.553237915039062
2016-12-21,22.26701545715332
2016-12-22,22.23766326904297
2016-12-23,22.259675979614258
2016-12-27,22.31838607788086
2016-12-28,22.14959144592285
2016-12-29,22.355085372924805
2016-12-30,22.56791877746582
2017-01-03,22.641311645507812
2017-01-04,22.927541732788086
2017-01-05,23.044963836669922
2017-01-06,23.044963836669922
2017-01-09,22.898183822631836
2017-01-10,22.611953735351562
2017-01-11,22.48719024658203
2017-01-12,22.57526206970215
2017-01-13,22.523889541625977
2017-01-17,22.707368850708008
2017-01-18,22.758745193481445
2017-01-19,22.538564682006836
2017-01-20,22.67800521850586
2017-01-23,22.81745147705078
2017-01-24,22.824790954589844
2017-01-25,22.685354232788086
2017-01-26,22.670665740966797
2017-01-27,22.47985076904297
2017-01-30,22.355085372924805
2017-01-31,22.538564682006836
2017-02-01,22.289039611816406
2017-02-02,22.553237915039062
2017-02-03,22.700027465820312
2017-02-06,22.560583114624023
2017-02-07,22.51655387878418
2017-02-08,22.707368850708008
2017-02-09,22.802778244018555
2017-02-10,22.95690155029297
2017-02-13,23.066984176635742
2017-02-14,22.949560165405273
2017-02-15,22.883502960205078
2017-02-16,22.978918075561523
2017-02-17,23.044963836669922
2017-02-21,23.360551834106445
2017-02-22,23.272478103637695
2017-02-23,23.426607131958008
2017-02-24,23.54403305053711
2017-02-27,23.661455154418945
2017-02-28,23.588062286376953
2017-03-01,23.52935218811035
2017-03-02,23.455957412719727
2017-03-03,23.382566452026367
2017-03-06,23.28715705871582
2017-03-07,23.20642852783203
2017-03-08,22.86149024963379
2017-03-09,22.56791877746582
2017-03-10,22.545902252197266
2017-03-13,22.57526206970215
2017-03-14,22.545902252197266
2017-03-15,22.978918075561523
2017-03-16,22.927541732788086
2017-03-17,22.97037696838379
2017-03-20,22.992530822753906
2017-03-21,22.955602645874023
2017-03-22,23.007308959960938
2017-03-23,23.177181243896484
2017-03-24,23.155031204223633
2017-03-27,22.97037696838379
2017-03-28,23.10332679748535
2017-03-29,23.184574127197266
2017-03-30,23.23627281188965
2017-03-31,23.339683532714844
2017-04-03,23.369220733642578
2017-04-04,23.302745819091797
2017-04-05,23.339683532714844
2017-04-06,23.472627639770508
2017-04-07,23.502168655395508
2017-04-10,23.66465950012207
2017-04-11,23.775442123413086
2017-04-12,23.73851776123047
2017-04-13,23.686817169189453
2017-04-17,23.960098266601562
2017-04-18,24.019193649291992
2017-04-19,23.967491149902344
2017-04-20,23.960098266601562
2017-04-21,23.878854751586914
2017-04-24,23.64250373840332
2017-04-25,23.69420623779297
2017-04-26,23.49478530883789
2017-04-27,23.50955581665039
2017-04-28,23.37660789489746
2017-05-01,23.524330139160156
2017-05-02,23.531715393066406
2017-05-03,23.243661880493164
2017-05-04,23.26582145690918
2017-05-05,23.45046615600586
2017-05-08,23.324907302856445
2017-05-09,23.23627281188965
2017-05-10,23.361835479736328
2017-05-11,23.25104522705078
2017-05-12,23.16241455078125
2017-05-15,23.26582145690918
2017-05-16,23.14763832092285
2017-05-17,23.295364379882812
2017-05-18,23.339683532714844
2017-05-19,23.472627639770508
2017-05-22,23.531715393066406
2017-05-23,23.561254501342773
2017-05-24,23.69420623779297
2017-05-25,23.7828369140625
2017-05-26,23.635116577148438
2017-05-30,23.568639755249023
2017-05-31,23.531715393066406
2017-06-01,23.605571746826172
2017-06-02,23.8123836517334
2017-06-05,23.75328826904297
2017-06-06,23.64250373840332
2017-06-07,23.76805877685547
2017-06-08,23.657270431518555
2017-06-09,23.76805877685547
2017-06-12,23.923166275024414
2017-06-13,23.982257843017578
2017-06-14,24.056121826171875
2017-06-15,24.174297332763672
2017-06-16,24.160886764526367
2017-06-19,24.17578125
2017-06-20,24.13109588623047
2017-06-21,24.078960418701172
2017-06-22,24.093852996826172
2017-06-23,24.198122024536133
2017-06-26,24.309837341308594
2017-06-27,24.2130184173584
2017-06-28,24.242809295654297
2017-06-29,23.99703598022461
2017-06-30,23.982139587402344
2017-07-03,24.20557403564453
2017-07-05,23.915103912353516
2017-07-06,23.483129501342773
2017-07-07,23.617191314697266
2017-07-10,23.430994033813477
2017-07-11,23.393754959106445
2017-07-12,23.69911766052246
2017-07-13,23.743806838989258
2017-07-14,23.982139587402344
2017-07-17,24.034271240234375
2017-07-18,24.004480361938477
2017-07-19,24.183231353759766
2017-07-20,24.1162052154541
2017-07-21,24.160886764526367
2017-07-24,24.1459903717041
2017-07-25,24.1459903717041
2017-07-26,24.347082138061523
2017-07-27,24.324743270874023
2017-07-28,24.309837341308594
2017-07-31,24.272607803344727
2017-08-01,24.376876831054688
2017-08-02,24.25771141052246
2017-08-03,24.198122024536133
2017-08-04,24.272607803344727
2017-08-07,24.25771141052246
2017-08-08,24.1459903717041
2017-08-09,24.17578125
2017-08-10,23.959794998168945
2017-08-11,23.803386688232422
2017-08-14,24.198122024536133
2017-08-15,24.153438568115234
2017-08-16,24.22791290283203
2017-08-17,24.056615829467773
2017-08-18,23.877864837646484
2017-08-21,24.123645782470703
2017-08-22,24.108749389648438
2017-08-23,24.35453224182129
2017-08-24,24.309837341308594
2017-08-25,24.42901039123535
2017-08-28,24.302400588989258
2017-08-29,24.287500381469727
2017-08-30,24.39921760559082
2017-08-31,24.518381118774414
2017-09-01,24.518381118774414
2017-09-05,24.49604034423828
2017-09-06,24.53327751159668
2017-09-07,24.719478607177734
2017-09-08,24.7269229888916
2017-09-11,24.90566635131836
2017-09-12,24.637548446655273
2017-09-13,24.53327751159668
2017-09-14,24.7045841217041
2017-09-15,24.791589736938477
2017-09-18,24.649070739746094
2017-09-19,24.401527404785156
2017-09-20,24.33401870727539
2017-09-21,24.296512603759766
2017-09-22,24.086475372314453
2017-09-25,24.176496505737305
2017-09-26,24.19899559020996
2017-09-27,23.9964599609375
2017-09-28,24.168994903564453
2017-09-29,24.183996200561523
2017-10-02,24.093976974487305
2017-10-03,24.086475372314453
2017-10-04,24.296512603759766
2017-10-05,24.371522903442383
2017-10-06,24.30401611328125
2017-10-09,24.356523513793945
2017-10-10,24.39403533935547
2017-10-11,24.529054641723633
2017-10-12,24.70157814025879
2017-10-13,24.76909065246582
2017-10-16,24.649070739746094
2017-10-17,24.649070739746094
2017-10-18,24.60406494140625
2017-10-19,24.589059829711914
2017-10-20,24.551559448242188
2017-10-23,24.46154022216797
2017-10-24,24.30401611328125
2017-10-25,24.244009017944336
2017-10-26,24.108983993530273
2017-10-27,24.146484375
2017-10-30,24.296512603759766
2017-10-31,24.379030227661133
2017-11-01,24.356523513793945
2017-11-02,24.566560745239258
2017-11-03,24.566560745239258
2017-11-06,24.941614151000977
2017-11-07,25.17416000366211
2017-11-08,25.361692428588867
2017-11-09,25.361692428588867
2017-11-10,25.361692428588867
2017-11-13,25.436697006225586
2017-11-14,25.414199829101562
2017-11-15,25.226665496826172
2017-11-16,25.324172973632812
2017-11-17,25.17416000366211
2017-11-20,25.11414909362793
2017-11-21,25.249170303344727
2017-11-22,25.166656494140625
2017-11-24,25.256664276123047
2017-11-27,25.181665420532227
2017-11-28,25.121646881103516
2017-11-29,25.06163787841797
2017-11-30,25.09164810180664
2017-12-01,25.136648178100586
2017-12-04,24.806594848632812
2017-12-05,24.709081649780273
2017-12-06,24.74658966064453
2017-12-07,24.844100952148438
2017-12-08,24.904115676879883
2017-12-11,24.964122772216797
2017-12-12,25.076642990112305
2017-12-13,25.06913948059082
2017-12-14,25.09164810180664
2017-12-15,25.17127799987793
2017-12-18,25.25469398498535
2017-12-19,24.776906967163086
2017-12-20,24.511472702026367
2017-12-21,24.42804527282715
2017-12-22,24.587310791015625
2017-12-26,24.716232299804688
2017-12-27,24.814830780029297
2017-12-28,24.958921432495117
2017-12-29,24.981678009033203
2018-01-02,24.83757972717285
2018-01-03,24.845163345336914
2018-01-04,24.42046356201172
2018-01-05,24.47355842590332
2018-01-08,24.64039421081543
2018-01-09,24.359790802001953
2018-01-10,23.980594635009766
2018-01-11,23.828908920288086
2018-01-12,23.65447998046875
2018-01-16,23.768239974975586
2018-01-17,23.90475082397461
2018-01-18,23.677228927612305
2018-01-19,23.844078063964844
2018-01-22,24.071598052978516
2018-01-23,24.44321632385254
2018-01-24,24.374958038330078
2018-01-25,24.32187271118164
2018-01-26,24.390121459960938
2018-01-29,24.109521865844727
2018-01-30,24.01092529296875
2018-01-31,24.503889083862305
2018-02-01,24.056428909301758
2018-02-02,23.783409118652344
2018-02-05,23.169095993041992
2018-02-06,23.123594284057617
2018-02-07,23.01742172241211
2018-02-08,22.29694366455078
2018-02-09,22.820241928100586
2018-02-12,22.88091278076172
2018-02-13,23.047754287719727
2018-02-14,22.903663635253906
2018-02-15,23.116018295288086
2018-02-16,23.26769256591797
2018-02-20,23.032590866088867
2018-02-21,22.607885360717773
2018-02-22,22.865741729736328
2018-02-23,23.282865524291992
2018-02-26,23.366289138793945
2018-02-27,22.865741729736328
2018-02-28,22.835407257080078
2018-03-01,22.72164535522461
2018-03-02,22.645803451538086
2018-03-05,22.964338302612305
2018-03-06,23.055341720581055
2018-03-07,23.1539363861084
2018-03-08,23.335952758789062
2018-03-09,23.487628936767578
2018-03-12,23.60139274597168
2018-03-13,23.677228927612305
2018-03-14,23.72273063659668
2018-03-15,23.72273063659668
2018-03-16,23.847082138061523
2018-03-19,23.610599517822266
2018-03-20,23.60297203063965
2018-03-21,23.389360427856445
2018-03-22,23.30544090270996
2018-03-23,22.939271926879883
2018-03-26,23.252052307128906
2018-03-27,23.290191650390625
2018-03-28,23.717395782470703
2018-03-29,23.70976448059082
2018-04-02,23.419879913330078
2018-04-03,23.50379180908203
2018-04-04,23.778419494628906
2018-04-05,23.801307678222656
2018-04-06,23.55719757080078
2018-04-09,23.54956817626953
2018-04-10,23.389360427856445
2018-04-11,23.450389862060547
2018-04-12,23.175756454467773
2018-04-13,23.297821044921875
2018-04-16,23.404619216918945
2018-04-17,23.717395782470703
2018-04-18,23.6563663482666
2018-04-19,23.259672164916992
2018-04-20,23.05369758605957
2018-04-23,23.099477767944336
2018-04-24,23.122356414794922
2018-04-25,23.04607391357422
2018-04-26,23.343591690063477
2018-04-27,23.6563663482666
2018-04-30,23.564823150634766
2018-05-01,23.732648849487305
2018-05-02,23.6258487701416
2018-05-03,23.618223190307617
2018-05-04,23.88522720336914
2018-05-07,23.93100357055664
2018-05-08,23.76316261291504
2018-05-09,23.94625473022461
2018-05-10,24.167484283447266
2018-05-11,24.053054809570312
2018-05-14,23.88522720336914
2018-05-15,23.480905532836914
2018-05-16,23.419879913330078
2018-05-17,23.297821044921875
2018-05-18,23.313074111938477
2018-05-21,23.54956817626953
2018-05-22,23.580081939697266
2018-05-23,23.770795822143555
2018-05-24,23.679248809814453
2018-05-25,23.793682098388672
2018-05-29,23.854713439941406
2018-05-30,24.167484283447266
2018-05-31,24.091196060180664
2018-06-01,24.19036865234375
2018-06-04,24.426855087280273
2018-06-05,24.304798126220703
2018-06-06,24.37346076965332
2018-06-07,24.37346076965332
2018-06-08,24.457368850708008
2018-06-11,24.449739456176758
2018-06-12,24.587059020996094
2018-06-13,24.037792205810547
2018-06-14,24.266658782958984
2018-06-15,24.2274169921875
2018-06-18,24.204341888427734
2018-06-19,24.2351131439209
2018-06-20,24.496702194213867
2018-06-21,24.642879486083984
2018-06-22,24.858299255371094
2018-06-25,24.796751022338867
2018-06-26,24.927541732788086
2018-06-27,24.858299255371094
2018-06-28,25.1044921875
2018-06-29,25.166046142578125
2018-07-02,25.019865036010742
2018-07-03,25.166046142578125
2018-07-05,25.496877670288086
2018-07-06,25.604581832885742
2018-07-09,25.366090774536133
2018-07-10,25.48918914794922
2018-07-11,25.412246704101562
2018-07-12,25.473793029785156
2018-07-13,25.38916778564453
2018-07-16,25.25067138671875
2018-07-17,25.081417083740234
2018-07-18,24.989089965820312
2018-07-19,25.227596282958984
2018-07-20,25.00448226928711
2018-07-23,24.935239791870117
2018-07-24,24.865989685058594
2018-07-25,25.1121883392334
2018-07-26,25.196821212768555
2018-07-27,24.966014862060547
2018-07-30,24.942930221557617
2018-07-31,25.427635192871094
2018-08-01,25.59689712524414
2018-08-02,25.473793029785156
2018-08-03,25.804624557495117
2018-08-06,25.750770568847656
2018-08-07,25.69691276550293
2018-08-08,25.53534507751465
2018-08-09,25.58150291442871
2018-08-10,25.33530616760254
2018-08-13,25.32761573791504
2018-08-14,25.427635192871094
2018-08-15,25.6507511138916
2018-08-16,25.85078239440918
2018-08-17,26.096982955932617
2018-08-20,26.127756118774414
2018-08-21,25.88924789428711
2018-08-22,25.727684020996094
2018-08-23,25.666139602661133
2018-08-24,25.843095779418945
2018-08-27,25.804624557495117
2018-08-28,26.120065689086914
2018-08-29,26.08159637451172
2018-08-30,25.94310760498047
2018-08-31,26.043123245239258
2018-09-04,25.81231689453125
2018-09-05,25.97388458251953
2018-09-06,26.058513641357422
2018-09-07,25.727684020996094
2018-09-10,25.866174697875977
2018-09-11,25.873870849609375
2018-09-12,25.896949768066406
2018-09-13,26.058513641357422
2018-09-14,25.835403442382812
2018-09-17,25.981571197509766
2018-09-18,25.827709197998047
2018-09-19,25.58150291442871
2018-09-20,25.773845672607422
2018-09-21,25.773847579956055
2018-09-24,25.268482208251953
2018-09-25,25.245161056518555
2018-09-26,24.965253829956055
2018-09-27,25.043006896972656
2018-09-28,25.354005813598633
2018-10-01,25.159631729125977
2018-10-02,25.081880569458008
2018-10-03,24.79421615600586
2018-10-04,24.677581787109375
2018-10-05,24.68535804748535
2018-10-08,25.004125595092773
2018-10-09,25.08965492248535
2018-10-10,24.693134307861328
2018-10-11,23.970073699951172
2018-10-12,23.954517364501953
2018-10-15,24.102237701416016
2018-10-16,24.553186416625977
2018-10-17,24.48320960998535
2018-10-18,24.49098777770996
2018-10-19,24.73978614807129
2018-10-22,24.38991928100586
2018-10-23,24.54541015625
2018-10-24,24.833087921142578
2018-10-25,25.128528594970703
2018-10-26,24.475435256958008
2018-10-29,24.879732131958008
2018-10-30,25.29180145263672
2018-10-31,24.949705123901367
2018-11-01,25.043006896972656
2018-11-02,24.833087921142578
2018-11-05,25.245161056518555
2018-11-06,25.38509750366211
2018-11-07,25.664997100830078
2018-11-08,25.719425201416016
2018-11-09,25.750524520874023
2018-11-12,25.804948806762695
2018-11-13,25.8593692779541
2018-11-14,25.851594924926758
2018-11-15,25.649450302124023
2018-11-16,26.01487159729004
2018-11-19,26.084848403930664
2018-11-20,25.742748260498047
2018-11-21,25.727201461791992
2018-11-23,25.633901596069336
2018-11-26,25.68832778930664
2018-11-27,25.828275680541992
2018-11-28,26.038198471069336
2018-11-29,26.06929588317871
2018-11-30,26.318092346191406
2018-12-03,26.442489624023438
2018-12-04,26.092628479003906
2018-12-06,26.807910919189453
2018-12-07,26.40361213684082
2018-12-10,26.302536010742188
2018-12-11,26.34918975830078
2018-12-12,25.851594924926758
2018-12-13,26.030424118041992
2018-12-14,25.9837703704834
2018-12-17,25.011905670166016
2018-12-18,25.260705947875977
2018-12-19,25.027456283569336
2018-12-20,24.724231719970703
2018-12-21,24.345874786376953
2018-12-24,23.449125289916992
2018-12-26,24.196413040161133
2018-12-27,24.251476287841797
2018-12-28,24.33800506591797
2018-12-31,24.38519859313965
2019-01-02,23.826705932617188
2019-01-03,23.936826705932617
2019-01-04,24.180683135986328
2019-01-07,24.38519859313965
2019-01-08,24.80997657775879
2019-01-09,24.707721710205078
2019-01-10,25.101022720336914
2019-01-11,25.148218154907227
2019-01-14,25.069562911987305
2019-01-15,25.35274314880371
2019-01-16,25.470739364624023
2019-01-17,25.59659194946289
2019-01-18,25.690988540649414
2019-01-22,25.6437931060791
2019-01-23,25.659528732299805
2019-01-24,25.761783599853516
2019-01-25,26.060705184936523
2019-01-28,26.32028579711914
2019-01-29,26.52480697631836
2019-01-30,26.745058059692383
2019-01-31,27.00464630126953
2019-02-01,26.83945655822754
2019-02-04,26.99677848815918
2019-02-05,27.177696228027344
2019-02-06,26.965314865112305
2019-02-07,27.193429946899414
2019-02-08,27.193429946899414
2019-02-11,27.2720947265625
2019-02-12,27.083303451538086
2019-02-13,27.26422882080078
2019-02-14,27.366491317749023
2019-02-15,27.531679153442383
2019-02-19,27.56314468383789
2019-02-20,27.390087127685547
2019-02-21,27.437284469604492
2019-02-22,27.594602584838867
2019-02-25,27.366491317749023
2019-02-26,27.311429977416992
2019-02-27,27.224895477294922
2019-02-28,27.30355453491211
2019-03-01,27.2720947265625
2019-03-04,27.382219314575195
2019-03-05,27.460878372192383
2019-03-06,27.390087127685547
2019-03-07,27.366491317749023
2019-03-08,27.390087127685547
2019-03-11,27.814865112304688
2019-03-12,27.964323043823242
2019-03-13,28.098047256469727
2019-03-14,28.16883659362793
2019-03-15,28.053335189819336
2019-03-18,27.910938262939453
2019-03-19,27.831815719604492
2019-03-20,27.958402633666992
2019-03-21,28.456817626953125
2019-03-22,28.322315216064453
2019-03-25,28.346054077148438
2019-03-26,28.52010154724121
2019-03-27,28.425168991088867
2019-03-28,28.662508010864258
2019-03-29,28.654592514038086
2019-04-01,28.56756019592285
2019-04-02,28.81281089782715
2019-04-03,28.781169891357422
2019-04-04,28.694143295288086
2019-04-05,28.915666580200195
2019-04-08,28.773265838623047
2019-04-09,28.686235427856445
2019-04-10,28.915666580200195
2019-04-11,28.87610626220703
2019-04-12,29.034332275390625
2019-04-15,28.860292434692383
2019-04-16,28.179914474487305
2019-04-17,27.887203216552734
2019-04-18,28.10871696472168
2019-04-22,27.800172805786133
2019-04-23,28.116628646850586
2019-04-24,28.314407348632812
2019-04-25,28.282764434814453
2019-04-26,28.47263526916504
2019-04-29,28.179914474487305
2019-04-30,28.504276275634766
2019-05-01,28.504276275634766
2019-05-02,28.559656143188477
2019-05-03,28.757444381713867
2019-05-06,28.638769149780273
2019-05-07,28.14827537536621
2019-05-08,28.14827537536621
2019-05-09,28.243209838867188
2019-05-10,28.56756019592285
2019-05-13,28.56756019592285
2019-05-14,28.6704158782959
2019-05-15,28.860292434692383
2019-05-16,29.02642822265625
2019-05-17,28.98686408996582
2019-05-20,28.52010154724121
2019-05-21,28.757444381713867
2019-05-22,28.891931533813477
2019-05-23,29.034332275390625
2019-05-24,29.073881149291992
2019-05-28,28.773265838623047
2019-05-29,28.440996170043945
2019-05-30,28.61503791809082
2019-05-31,28.852375030517578
2019-06-03,28.963123321533203
2019-06-04,28.804906845092773
2019-06-05,29.461544036865234
2019-06-06,29.516916275024414
2019-06-07,29.611852645874023
2019-06-10,29.509016036987305
2019-06-11,29.564382553100586
2019-06-12,29.675151824951172
2019-06-13,29.714698791503906
2019-06-14,29.84128761291504
2019-06-17,30.165634155273438
2019-06-18,30.078622817993164
2019-06-19,30.276397705078125
2019-06-20,30.45836067199707
2019-06-21,30.117868423461914
2019-06-24,29.966360092163086
2019-06-25,29.559690475463867
2019-06-26,28.985565185546875
2019-06-27,29.224782943725586
2019-06-28,29.32046890258789
2019-07-01,29.2646484375
2019-07-02,29.806884765625
2019-07-03,30.23748016357422
2019-07-05,30.070022583007812
2019-07-08,30.181657791137695
2019-07-09,30.341136932373047
2019-07-10,30.508586883544922
2019-07-11,30.117868423461914
2019-07-12,29.998262405395508
2019-07-15,30.038137435913086
2019-07-16,29.990285873413086
2019-07-17,29.838775634765625
2019-07-18,29.8308048248291
2019-07-19,29.344390869140625
2019-07-22,29.31249237060547
2019-07-23,29.59955406188965
2019-07-24,29.57564353942871
2019-07-25,29.44805145263672
2019-07-26,29.543729782104492
2019-07-29,29.655380249023438
2019-07-30,29.950414657592773
2019-07-31,29.8308048248291
2019-08-01,29.902570724487305
2019-08-02,30.133813858032227
2019-08-05,29.559690475463867
2019-08-06,29.92649269104004
2019-08-07,30.20558738708496
2019-08-08,30.68402862548828
2019-08-09,30.67605209350586
2019-08-12,30.652122497558594
2019-08-13,30.668081283569336
2019-08-14,30.189638137817383
2019-08-15,30.612255096435547
2019-08-16,30.827558517456055
2019-08-19,31.106657028198242
2019-08-20,30.875410079956055
2019-08-21,31.002986907958984
2019-08-22,31.15448760986328
2019-08-23,30.763774871826172
2019-08-26,31.05082893371582
2019-08-27,30.947168350219727
2019-08-28,31.034883499145508
2019-08-29,31.258159637451172
2019-08-30,31.266128540039062
2019-09-03,31.712669372558594
2019-09-04,31.97581672668457
2019-09-05,31.696727752685547
2019-09-06,31.73660659790039
2019-09-09,31.49736976623535
2019-09-10,31.034883499145508
2019-09-11,30.963123321533203
2019-09-12,31.146522521972656
2019-09-13,30.771743774414062
2019-09-16,31.0906982421875
2019-09-17,31.52926254272461
2019-09-18,31.433582305908203
2019-09-19,31.537240982055664
2019-09-20,31.403196334838867
2019-09-23,31.51556968688965
2019-09-24,31.47543716430664
2019-09-25,31.443323135375977
2019-09-26,31.748371124267578
2019-09-27,31.539655685424805
2019-09-30,31.57979393005371
2019-10-01,31.306856155395508
2019-10-02,31.11420440673828
2019-10-03,31.48346710205078
2019-10-04,31.627958297729492
2019-10-07,31.571758270263672
2019-10-08,31.419240951538086
2019-10-09,31.51556968688965
2019-10-10,31.59584617614746
2019-10-11,31.491483688354492
2019-10-14,31.539655685424805
2019-10-15,31.563735961914062
2019-10-16,31.52359962463379
2019-10-17,31.73231315612793
2019-10-18,32.03734588623047
2019-10-21,32.25408935546875
2019-10-22,32.15776443481445
2019-10-23,32.21394729614258
2019-10-24,32.09354019165039
2019-10-25,31.700210571289062
2019-10-28,31.363054275512695
2019-10-29,31.443323135375977
2019-10-30,31.676118850708008
2019-10-31,31.571758270263672
2019-11-01,31.491483688354492
2019-11-04,31.13829231262207
2019-11-05,30.60044288635254
2019-11-06,30.71282196044922
2019-11-07,30.383703231811523
2019-11-08,30.327512741088867
2019-11-11,30.383703231811523
2019-11-12,30.18302345275879
2019-11-13,30.488065719604492
2019-11-14,30.793106079101562
2019-11-15,30.945627212524414
2019-11-18,31.11420440673828
2019-11-19,31.178421020507812
2019-11-20,31.194475173950195
2019-11-21,30.77705955505371
2019-11-22,30.60044288635254
2019-11-25,30.624523162841797
2019-11-26,31.04998016357422
2019-11-27,31.14630889892578
2019-11-29,31.025903701782227
2019-12-02,30.45595359802246
2019-12-03,30.704803466796875
2019-12-04,30.86534881591797
2019-12-05,30.91350555419922
2019-12-06,30.921546936035156
2019-12-09,30.96167755126953
2019-12-10,30.744932174682617
2019-12-11,30.512142181396484
2019-12-12,30.14288902282715
2019-12-13,30.17498207092285
2019-12-16,30.407793045043945
2019-12-17,30.078659057617188
2019-12-18,30.504117965698242
2019-12-19,30.793106079101562
2019-12-20,31.030866622924805
2019-12-23,30.84422492980957
2019-12-24,30.884801864624023
2019-12-26,31.07143783569336
2019-12-27,31.185049057006836
2019-12-30,31.16070556640625
2019-12-31,31.379802703857422
2020-01-02,31.01464080810547
2020-01-03,31.241853713989258
2020-01-06,31.249958038330078
2020-01-07,30.909149169921875
2020-01-08,31.063322067260742
2020-01-09,31.05521011352539
2020-01-10,31.35545539855957
2020-01-13,31.736854553222656
2020-01-14,31.58267593383789
2020-01-15,31.80177116394043
2020-01-16,32.085792541503906
2020-01-17,32.12635803222656
2020-01-21,32.45095443725586
2020-01-22,32.191280364990234
2020-01-23,32.4996452331543
2020-01-24,32.45095443725586
2020-01-27,32.31299591064453
2020-01-28,32.39414978027344
2020-01-29,32.22373962402344
2020-01-30,32.296775817871094
2020-01-31,31.834228515625
2020-02-03,31.866687774658203
2020-02-04,32.28054428100586
2020-02-05,32.256202697753906
2020-02-06,32.39414978027344
2020-02-07,32.410377502441406
2020-02-10,32.783653259277344
2020-02-11,33.181270599365234
2020-02-12,33.39225769042969
2020-02-13,33.595130920410156
2020-02-14,33.984642028808594
2020-02-18,33.952178955078125
2020-02-19,33.47341537475586
2020-02-20,33.84669494628906
2020-02-21,34.025211334228516
2020-02-24,33.57079315185547
2020-02-25,32.72685623168945
2020-02-26,32.442840576171875
2020-02-27,30.60890007019043
2020-02-28,29.85422706604004
2020-03-02,31.339237213134766
2020-03-03,31.314876556396484
2020-03-04,32.5321044921875
2020-03-05,31.785539627075195
2020-03-06,31.241853713989258
2020-03-09,29.034637451171875
2020-03-10,30.446603775024414
2020-03-11,28.815532684326172
2020-03-12,26.34053611755371
2020-03-13,28.65324592590332
2020-03-16,24.068397521972656
2020-03-17,25.529056549072266
2020-03-18,23.735689163208008
2020-03-19,23.362411499023438
2020-03-20,22.039705276489258
2020-03-23,20.815000534057617
2020-03-24,22.629987716674805
2020-03-25,23.635581970214844
2020-03-26,25.45055389404297
2020-03-27,25.515954971313477
2020-03-30,26.17818260192871
2020-03-31,25.344268798828125
2020-04-01,23.807262420654297
2020-04-02,24.158815383911133
2020-04-03,23.954421997070312
2020-04-06,25.68764305114746
2020-04-07,25.695819854736328
2020-04-08,27.625259399414062
2020-04-09,29.047807693481445
2020-04-13,27.715190887451172
2020-04-14,28.6390323638916
2020-04-15,27.535327911376953
2020-04-16,27.355466842651367
2020-04-17,28.23842430114746
2020-04-20,27.191953659057617
2020-04-21,26.791351318359375
2020-04-22,27.25735855102539
2020-04-23,26.946687698364258
2020-04-24,27.0447940826416
2020-04-27,27.82965087890625
2020-04-28,27.854171752929688
2020-04-29,27.927749633789062
2020-04-30,27.731542587280273
2020-05-01,26.88127899169922
2020-05-04,26.864927291870117
2020-05-05,27.03661346435547
2020-05-06,26.537906646728516
2020-05-07,26.77499771118164
2020-05-08,27.265533447265625
2020-05-11,26.938514709472656
2020-05-12,25.793928146362305
2020-05-13,25.385149002075195
2020-05-14,25.417856216430664
2020-05-15,25.32792091369629
2020-05-18,26.56243896484375
2020-05-19,26.047372817993164
2020-05-20,26.292634963989258
2020-05-21,26.16183090209961
2020-05-22,26.734121322631836
2020-05-26,27.584383010864258
2020-05-27,28.173017501831055
2020-05-28,28.49186134338379
2020-05-29,28.32835578918457
2020-06-01,28.892465591430664
2020-06-02,29.08051109313965
2020-06-03,29.775426864624023
2020-06-04,29.2194881439209
2020-06-05,30.29048728942871
2020-06-08,30.952714920043945
2020-06-09,30.592992782592773
2020-06-10,30.020706176757812
2020-06-11,28.164844512939453
2020-06-12,29.05598258972168
2020-06-15,29.42388153076172
2020-06-16,29.914411544799805
2020-06-17,29.562862396240234
2020-06-18,29.194965362548828
2020-06-19,28.90064239501953
2020-06-22,28.818262100219727
2020-06-23,28.711158752441406
2020-06-24,27.977930068969727
2020-06-25,28.274520874023438
2020-06-26,27.7884464263916
2020-06-29,28.266281127929688
2020-06-30,28.678207397460938
2020-07-01,29.46086311340332
2020-07-02,29.362003326416016
2020-07-06,29.394954681396484
2020-07-07,28.91712760925293
2020-07-08,28.900646209716797
2020-07-09,28.801780700683594
2020-07-10,28.83473777770996
2020-07-13,28.381622314453125
2020-07-14,28.661727905273438
2020-07-15,28.793542861938477
2020-07-16,28.455766677856445
2020-07-17,28.851211547851562
2020-07-20,28.579345703125
2020-07-21,28.587575912475586
2020-07-22,28.93360137939453
2020-07-23,28.78530502319336
2020-07-24,28.669965744018555
2020-07-27,29.007749557495117
2020-07-28,29.592676162719727
2020-07-29,30.152896881103516
2020-07-30,29.905738830566406
2020-07-31,29.872783660888672
2020-08-03,29.394954681396484
2020-08-04,29.831600189208984
2020-08-05,29.609159469604492
2020-08-06,29.66682243347168
2020-08-07,30.070510864257812
2020-08-10,30.021080017089844
2020-08-11,29.444387435913086
2020-08-12,29.81511878967285
2020-08-13,29.469100952148438
2020-08-14,29.54324722290039
2020-08-17,29.806882858276367
2020-08-18,29.773927688598633
2020-08-19,29.164276123046875
2020-08-20,29.47734260559082
2020-08-21,29.57619857788086
2020-08-24,29.61739158630371
2020-08-25,29.708019256591797
2020-08-26,29.50205421447754
2020-08-27,29.897504806518555
2020-08-28,30.12818145751953
2020-08-31,29.86455535888672
2020-09-01,29.81511878967285
2020-09-02,30.48244285583496
2020-09-03,29.971656799316406
2020-09-04,29.86455535888672
2020-09-08,29.485576629638672
2020-09-09,29.806882858276367
2020-09-10,29.3867130279541
2020-09-11,29.287851333618164
2020-09-14,30.00460433959961
2020-09-15,30.400054931640625
2020-09-16,30.597766876220703
2020-09-17,29.922222137451172
2020-09-18,29.32904624938965
2020-09-21,28.544166564941406
2020-09-22,28.883974075317383
2020-09-23,28.055166244506836
2020-09-24,28.187774658203125
2020-09-25,28.734792709350586
2020-09-28,29.232080459594727
2020-09-29,29.082897186279297
2020-09-30,29.232080459594727
2020-10-01,29.71278190612793
2020-10-02,30.19348907470703
2020-10-05,30.359256744384766
2020-10-06,30.10232925415039
2020-10-07,30.185205459594727
2020-10-08,30.69077491760254
2020-10-09,30.607900619506836
2020-10-12,30.765377044677734
2020-10-13,30.243228912353516
2020-10-14,29.895132064819336
2020-10-15,30.036026000976562
2020-10-16,29.928274154663086
2020-10-19,29.455860137939453
2020-10-20,29.65477180480957
2020-10-21,29.547027587890625
2020-10-22,29.339820861816406
2020-10-23,29.530454635620117
2020-10-26,29.174068450927734
2020-10-27,28.801097869873047
2020-10-28,28.16291618347168
2020-10-29,28.48615264892578
2020-10-30,28.303813934326172
2020-11-02,29.000011444091797
2020-11-03,29.455860137939453
2020-11-04,29.538738250732422
2020-11-05,29.646484375
2020-11-06,29.530454635620117
2020-11-09,30.309526443481445
2020-11-10,30.475290298461914
2020-11-11,30.707355499267578
2020-11-12,30.39241600036621
2020-11-13,31.088611602783203
2020-11-16,31.28752326965332
2020-11-17,31.30409812927246
2020-11-18,30.77365493774414
2020-11-19,30.823389053344727
2020-11-20,30.616180419921875
2020-11-23,30.516727447509766
2020-11-24,30.500154495239258
2020-11-25,30.57475471496582
2020-11-27,30.516727447509766
2020-11-30,30.25151252746582
2020-12-01,30.632768630981445
2020-12-02,30.309526443481445
2020-12-03,30.533308029174805
2020-12-04,30.93943214416504
2020-12-07,30.632768630981445
2020-12-08,30.491870880126953
2020-12-09,30.210073471069336
2020-12-10,30.044315338134766
2020-12-11,30.06088638305664
2020-12-14,29.84539031982422
2020-12-15,30.367544174194336
2020-12-16,30.37583351135254
2020-12-17,30.73222541809082
2020-12-18,30.2017822265625
2020-12-21,29.929767608642578
2020-12-22,30.139657974243164
2020-12-23,29.854209899902344
2020-12-24,30.148054122924805
2020-12-28,30.39151954650879
2020-12-29,30.15644645690918
2020-12-30,30.324356079101562
2020-12-31,30.693758010864258
2021-01-04,29.703092575073242
2021-01-05,29.669511795043945
2021-01-06,29.526784896850586
2021-01-07,29.61913299560547
2021-01-08,29.938167572021484
2021-01-11,29.434446334838867
2021-01-12,29.459625244140625
2021-01-13,29.862606048583984
2021-01-14,30.047304153442383
2021-01-15,30.509050369262695
2021-01-19,30.30756950378418
2021-01-20,30.937223434448242
2021-01-21,30.83647346496582
2021-01-22,30.912033081054688
2021-01-25,31.189083099365234
2021-01-26,31.50811004638672
2021-01-27,31.105133056640625
2021-01-28,31.189083099365234
2021-01-29,30.861663818359375
2021-02-01,31.55847930908203
2021-02-02,31.692813873291016
2021-02-03,31.566883087158203
2021-02-04,31.743188858032227
2021-02-05,31.852327346801758
2021-02-08,31.91949462890625
2021-02-09,32.06220626831055
2021-02-10,32.280494689941406
2021-02-11,32.22172546386719
2021-02-12,32.21333694458008
2021-02-16,31.86911964416504
2021-02-17,31.89430046081543
2021-02-18,31.877506256103516
2021-02-19,31.978261947631836
2021-02-22,32.1629638671875
2021-02-23,32.280494689941406
2021-02-24,32.43161392211914
2021-02-25,31.90269660949707
2021-02-26,31.34860610961914
2021-03-01,31.382184982299805
2021-03-02,31.189083099365234
2021-03-03,30.802892684936523
2021-03-04,30.57621955871582
2021-03-05,30.928829193115234
2021-03-08,31.079944610595703
2021-03-09,31.43255043029785
2021-03-10,31.743188858032227
2021-03-11,32.21333694458008
2021-03-12,32.76743698120117
2021-03-15,33.1368293762207
2021-03-16,33.1368293762207
2021-03-17,33.086456298828125
2021-03-18,32.876564025878906
2021-03-19,32.44001770019531
2021-03-22,32.79783248901367
2021-03-23,32.899593353271484
2021-03-24,32.75543975830078
2021-03-25,33.035255432128906
2021-03-26,33.84078598022461
2021-03-29,33.764469146728516
2021-03-30,33.620330810546875
2021-03-31,33.484657287597656
2021-04-01,34.01884460449219
2021-04-05,34.196922302246094
2021-04-06,34.28171157836914
2021-04-07,34.3241081237793
2021-04-08,34.15452194213867
2021-04-09,34.20539093017578
2021-04-12,34.408905029296875
2021-04-13,34.612396240234375
2021-04-14,34.40041732788086
2021-04-15,35.05331802368164
2021-04-16,35.10419845581055
2021-04-19,35.21443557739258
2021-04-20,35.60447311401367
2021-04-21,35.76557540893555
2021-04-22,35.612953186035156
2021-04-23,35.81645202636719
2021-04-26,35.89277267456055
2021-04-27,35.89277267456055
2021-04-28,35.76557540893555
2021-04-29,36.028438568115234
2021-04-30,36.265865325927734
2021-05-03,36.07083511352539
2021-05-04,35.850372314453125
2021-05-05,35.32465744018555
2021-05-06,35.494239807128906
2021-05-07,35.92668151855469
2021-05-10,36.087806701660156
2021-05-11,35.663841247558594
2021-05-12,34.798946380615234
2021-05-13,35.2398681640625
2021-05-14,35.570556640625
2021-05-17,35.5875129699707
2021-05-18,35.65534591674805
2021-05-19,35.519676208496094
2021-05-20,35.96060562133789
2021-05-21,35.901248931884766
2021-05-24,36.29130172729492
2021-05-25,36.393043518066406
2021-05-26,36.47783279418945
2021-05-27,36.43545150756836
2021-05-28,36.68134307861328
2021-06-01,37.30881118774414
2021-06-02,37.826045989990234
2021-06-03,37.74974060058594
2021-06-04,37.78364181518555
2021-06-07,38.139774322509766
2021-06-08,38.34328842163086
2021-06-09,38.38568115234375
2021-06-10,38.775726318359375
2021-06-11,38.529823303222656
2021-06-14,38.75028610229492
2021-06-15,38.3941535949707
2021-06-16,38.0464973449707
2021-06-17,38.19064712524414
2021-06-18,37.58863067626953
2021-06-21,38.33536148071289
2021-06-22,38.16468048095703
2021-06-23,38.04520034790039
2021-06-24,37.86598587036133
2021-06-25,38.13908386230469
2021-06-28,38.15614700317383
2021-06-29,38.13054275512695
2021-06-30,37.83185577392578
2021-07-01,37.9854621887207
2021-07-02,38.16468048095703
2021-07-06,38.50605392456055
2021-07-07,38.702327728271484
2021-07-08,38.66819763183594
2021-07-09,39.18024444580078
2021-07-12,39.521610260009766
2021-07-13,39.00956344604492
2021-07-14,39.35092544555664
2021-07-15,39.410675048828125
2021-07-16,39.453338623046875
2021-07-19,38.838871002197266
2021-07-20,39.53868103027344
2021-07-21,39.41919708251953
2021-07-22,39.13758087158203
2021-07-23,39.49600601196289
2021-07-26,39.49600601196289
2021-07-27,39.8117790222168
2021-07-28,39.57281494140625
2021-07-29,39.453338623046875
2021-07-30,39.58134841918945
2021-08-02,39.59841537475586
2021-08-03,39.760562896728516
2021-08-04,39.63255310058594
2021-08-05,39.948307037353516
2021-08-06,39.88004684448242
2021-08-09,39.70082092285156
2021-08-10,39.27411651611328
2021-08-11,39.48747253417969
2021-08-12,39.624027252197266
2021-08-13,39.88859176635742
2021-08-16,39.93124008178711
2021-08-17,40.008052825927734
2021-08-18,39.589881896972656
2021-08-19,39.92271423339844
2021-08-20,40.1104621887207
2021-08-23,39.956851959228516
2021-08-24,39.65816116333008
2021-08-25,39.61548614501953
2021-08-26,39.641090393066406
2021-08-27,39.96537780761719
2021-08-30,40.45183181762695
2021-08-31,40.6907844543457
2021-09-01,41.390586853027344
2021-09-02,41.58686828613281
2021-09-03,41.58686828613281
2021-09-07,41.12602233886719
2021-09-08,41.37351608276367
2021-09-09,40.494503021240234
2021-09-10,39.982452392578125
2021-09-13,40.204341888427734
2021-09-14,40.118995666503906
2021-09-15,40.272613525390625
2021-09-16,40.34941864013672
2021-09-17,39.982452392578125
2021-09-20,39.708683013916016
2021-09-21,39.7172737121582
2021-09-22,40.05197525024414
2021-09-23,39.854583740234375
2021-09-24,39.39973449707031
2021-09-27,38.74750518798828
2021-09-28,38.51578903198242
2021-09-29,38.76467514038086
2021-09-30,38.146766662597656
2021-10-01,38.55870056152344
2021-10-04,38.60161209106445
2021-10-05,38.301246643066406
2021-10-06,38.67026901245117
2021-10-07,38.713191986083984
2021-10-08,38.292667388916016
2021-10-11,38.34415817260742
2021-10-12,38.859073638916016
2021-10-13,39.08219909667969
2021-10-14,39.63145065307617
2021-10-15,39.64860916137695
2021-10-18,39.7172737121582
2021-10-19,39.89748764038086
2021-10-20,40.50680923461914
2021-10-21,40.63554000854492
2021-10-22,40.92732620239258
2021-10-25,41.04747772216797
2021-10-26,41.236270904541016
2021-10-27,40.93590545654297
2021-10-28,41.53664779663086
2021-10-29,41.03889083862305
2021-11-01,41.13329315185547
2021-11-02,41.51947784423828
2021-11-03,41.75978088378906
2021-11-04,41.28776931762695
2021-11-05,41.382171630859375
2021-11-08,41.373592376708984
2021-11-09,41.52806091308594
2021-11-10,41.32209777832031
2021-11-11,41.33926010131836
2021-11-12,41.356414794921875
2021-11-15,41.588130950927734
2021-11-16,41.33067321777344
2021-11-17,41.60530090332031
2021-11-18,41.596717834472656
2021-11-19,41.373592376708984
2021-11-22,41.16762161254883
2021-11-23,41.60530090332031
2021-11-24,42.16312789916992
2021-11-26,41.021724700927734
2021-11-29,41.53664779663086
2021-11-30,40.66986846923828
2021-12-01,40.137794494628906
2021-12-02,41.236270904541016
2021-12-03,41.030311584472656
2021-12-06,41.622467041015625
2021-12-07,42.360511779785156
2021-12-08,42.540733337402344
2021-12-09,42.00007247924805
2021-12-10,42.21462631225586
2021-12-13,42.78102493286133
2021-12-14,42.309024810791016
2021-12-15,42.93550491333008
2021-12-16,43.09855651855469
2021-12-17,42.952667236328125
2021-12-20,42.67136001586914
2021-12-21,42.91371536254883
2021-12-22,43.337833404541016
2021-12-23,43.2079963684082
2021-12-27,44.090858459472656
2021-12-28,44.28129196166992
2021-12-29,44.54959487915039
2021-12-30,44.74867630004883
2021-12-31,44.8438835144043
2022-01-03,44.42843246459961
2022-01-04,44.25531768798828
2022-01-05,42.81850814819336
2022-01-06,42.87043762207031
2022-01-07,42.64540100097656
2022-01-10,42.39439392089844
2022-01-11,42.32514190673828
2022-01-12,42.43766403198242
2022-01-13,42.290523529052734
2022-01-14,41.79716491699219
2022-01-18,41.511531829833984
2022-01-19,40.97489547729492
2022-01-20,40.611366271972656
2022-01-21,40.585391998291016
2022-01-24,40.67195510864258
2022-01-25,40.55944061279297
2022-01-26,39.884315490722656
2022-01-27,39.16591262817383
2022-01-28,40.524818420410156
2022-01-31,40.97489547729492
2022-02-01,40.69791793823242
2022-02-02,41.39902114868164
2022-02-03,40.97489547729492
2022-02-04,40.41229248046875
2022-02-07,40.42094802856445
2022-02-08,40.05741882324219
2022-02-09,41.026824951171875
2022-02-10,39.85834503173828
2022-02-11,39.313053131103516
2022-02-14,38.88893127441406
2022-02-15,39.07935333251953
2022-02-16,39.1832160949707
2022-02-17,38.84565734863281
2022-02-18,38.672542572021484
2022-02-22,38.56868362426758
2022-02-23,38.06666564941406
2022-02-24,38.7244873046875
2022-02-25,39.69388961791992
2022-02-28,39.010101318359375
2022-03-01,38.93220520019531
2022-03-02,39.62464904785156
2022-03-03,40.05741882324219
2022-03-04,40.39497375488281
2022-03-07,39.65927505493164
2022-03-08,39.30439758300781
2022-03-09,39.962215423583984
2022-03-10,40.10070037841797
2022-03-11,39.70254898071289
2022-03-14,39.46019744873047
2022-03-15,39.77178955078125
2022-03-16,40.213218688964844
2022-03-17,40.78447341918945
2022-03-18,40.87968444824219
2022-03-21,40.669891357421875
2022-03-22,40.696014404296875
2022-03-23,40.234642028808594
2022-03-24,40.54801940917969
2022-03-25,41.02679443359375
2022-03-28,41.54910659790039
2022-03-29,42.76780319213867
2022-03-30,42.532772064208984
2022-03-31,42.06269836425781
2022-04-01,42.89837646484375
2022-04-04,42.76780319213867
2022-04-05,42.8026237487793
2022-04-06,43.43809509277344
2022-04-07,43.081172943115234
2022-04-08,43.23787307739258
2022-04-11,42.645938873291016
2022-04-12,42.515357971191406
2022-04-13,42.689456939697266
2022-04-14,42.445716857910156
2022-04-18,42.34125900268555
2022-04-19,43.22917175292969
2022-04-20,44.04744338989258
2022-04-21,43.76018142700195
2022-04-22,42.97672653198242
2022-04-25,42.776512145996094
2022-04-26,42.10622024536133
2022-04-27,41.853782653808594
2022-04-28,42.61981964111328
2022-04-29,40.56543731689453
2022-05-02,39.512123107910156
2022-05-03,39.990901947021484
2022-05-04,40.460968017578125
2022-05-05,39.42507553100586
2022-05-06,39.02464294433594
2022-05-09,37.205299377441406
2022-05-10,36.378326416015625
2022-05-11,36.32608413696289
2022-05-12,36.595943450927734
2022-05-13,37.509971618652344
2022-05-16,37.205299377441406
2022-05-17,37.6057243347168
2022-05-18,36.50889587402344
2022-05-19,36.439247131347656
2022-05-20,36.86579513549805
2022-05-23,37.344573974609375
2022-05-24,37.77983474731445
2022-05-25,37.988746643066406
2022-05-26,37.945220947265625
2022-05-27,39.01593780517578
2022-05-31,38.49363327026367
2022-06-01,38.07579803466797
2022-06-02,38.650325775146484
2022-06-03,38.162841796875
2022-06-06,38.0496826171875
2022-06-07,38.49363327026367
2022-06-08,37.57090377807617
2022-06-09,36.709102630615234
2022-06-10,35.83860397338867
2022-06-13,34.11500930786133
2022-06-14,33.87126541137695
2022-06-15,34.6460075378418
2022-06-16,33.819034576416016
2022-06-17,34.019256591796875
2022-06-21,34.65281295776367
2022-06-22,35.21442413330078
2022-06-23,35.90764617919922
2022-06-24,36.688636779785156
2022-06-27,36.5570068359375
2022-06-28,36.05683135986328
2022-06-29,35.82867431640625
2022-06-30,35.85499954223633
2022-07-01,36.49558639526367
2022-07-05,36.346405029296875
2022-07-06,36.320072174072266
2022-07-07,36.346405029296875
2022-07-08,36.179683685302734
2022-07-11,36.179683685302734
2022-07-12,35.951534271240234
2022-07-13,35.75847244262695
2022-07-14,35.407474517822266
2022-07-15,35.977848052978516
2022-07-18,35.62684631347656
2022-07-19,36.60966110229492
2022-07-20,36.425376892089844
2022-07-21,36.802711486816406
2022-07-22,37.08351516723633
2022-07-25,37.109840393066406
2022-07-26,37.1800422668457
2022-07-27,37.38186264038086
2022-07-28,38.75954818725586
2022-07-29,38.90873336791992
2022-08-01,38.55773162841797
2022-08-02,38.04876708984375
2022-08-03,38.206722259521484
2022-08-04,38.241825103759766
2022-08-05,38.364681243896484
2022-08-08,38.645477294921875
2022-08-09,38.95260238647461
2022-08-10,39.4791145324707
2022-08-11,39.29483413696289
2022-08-12,39.96173858642578
2022-08-15,40.137245178222656
2022-08-16,39.97929382324219
2022-08-17,39.86521911621094
2022-08-18,39.59318923950195
2022-08-19,39.20708084106445
2022-08-22,38.3910026550293
2022-08-23,37.81184387207031
2022-08-24,38.110198974609375
2022-08-25,38.698123931884766
2022-08-26,37.71531677246094
2022-08-29,37.39064025878906
2022-08-30,36.85537338256836
2022-08-31,36.72372817993164
2022-09-01,36.85537338256836
2022-09-02,36.223548889160156
2022-09-06,36.60088348388672
2022-09-07,37.302886962890625
2022-09-08,37.4081916809082
2022-09-09,37.76796340942383
2022-09-12,38.08386993408203
2022-09-13,36.635982513427734
2022-09-14,36.188453674316406
2022-09-15,35.398704528808594
2022-09-16,35.407474517822266
2022-09-19,35.340171813964844
2022-09-20,34.410404205322266
2022-09-21,33.905670166015625
2022-09-22,33.58688735961914
2022-09-23,33.17070007324219
2022-09-26,32.2763557434082
2022-09-27,31.851322174072266
2022-09-28,32.45344543457031
2022-09-29,31.550243377685547
2022-09-30,31.886735916137695
2022-10-03,32.48001480102539
2022-10-04,32.99360275268555
2022-10-05,32.38261032104492
2022-10-06,31.320016860961914
2022-10-07,30.576200485229492
2022-10-10,30.23086166381836
2022-10-11,30.51421546936035
2022-10-12,30.10688591003418
2022-10-13,30.673608779907227
2022-10-14,29.903223037719727
2022-10-17,31.018957138061523
2022-10-18,31.42628288269043
2022-10-19,30.63818359375
2022-10-20,30.487651824951172
2022-10-21,30.70016860961914
2022-10-24,30.682462692260742
2022-10-25,31.895591735839844
2022-10-26,31.833606719970703
2022-10-27,31.851322174072266
2022-10-28,32.60398864746094
2022-10-31,32.524288177490234
2022-11-01,32.47116470336914
2022-11-02,31.62108039855957
2022-11-03,31.603376388549805
2022-11-04,32.046119689941406
2022-11-07,32.03727340698242
2022-11-08,32.23208236694336
2022-11-09,31.877880096435547
2022-11-10,34.32184982299805
2022-11-11,34.30414581298828
2022-11-14,33.3920783996582
2022-11-15,33.80825424194336
2022-11-16,33.56917190551758
2022-11-17,33.26811218261719
2022-11-18,33.69314193725586
2022-11-21,33.93223190307617
2022-11-22,34.10047149658203
2022-11-23,34.15361022949219
2022-11-25,34.357276916503906
2022-11-28,33.3920783996582
2022-11-29,33.94994354248047
2022-11-30,34.746891021728516
2022-12-01,34.67605209350586
2022-12-02,34.5078125
2022-12-05,33.92337417602539
2022-12-06,33.66658401489258
2022-12-07,33.737422943115234
2022-12-08,33.98536682128906
2022-12-09,33.914527893066406
2022-12-12,34.197879791259766
2022-12-13,34.95055389404297
2022-12-14,34.61406326293945
2022-12-15,34.21559143066406
2022-12-16,33.20612716674805
2022-12-19,32.81298065185547
2022-12-20,32.7413330078125
2022-12-21,33.07268524169922
2022-12-22,32.91149139404297
2022-12-23,33.2070198059082
2022-12-27,33.180152893066406
2022-12-28,32.65178298950195
2022-12-29,33.377174377441406
2022-12-30,33.07268524169922
2023-01-03,33.19806671142578
2023-01-04,33.95927810668945
2023-01-05,32.9652214050293
2023-01-06,33.9234619140625
2023-01-09,33.90555191040039
2023-01-10,34.004058837890625
2023-01-11,35.23992156982422
2023-01-12,35.633968353271484
2023-01-13,35.42799377441406
2023-01-17,35.43694305419922
2023-01-18,34.89065933227539
2023-01-19,34.72050476074219
2023-01-20,35.123504638671875
2023-01-23,35.22201156616211
2023-01-24,35.3742561340332
2023-01-25,35.410072326660156
2023-01-26,35.81307601928711
2023-01-27,36.13547134399414
2023-01-30,35.696651458740234
2023-01-31,36.350406646728516
2023-02-01,36.61906814575195
2023-02-02,37.46088409423828
2023-02-03,36.68175506591797
2023-02-06,36.448909759521484
2023-02-07,36.305625915527344
2023-02-08,36.20711135864258
2023-02-09,35.857852935791016
2023-02-10,35.92949295043945
2023-02-13,36.26084899902344
2023-02-14,35.88471221923828
2023-02-15,35.98323059082031
2023-02-16,35.65187454223633
2023-02-17,35.47275924682617
2023-02-21,34.77423095703125
2023-02-22,34.460784912109375
2023-02-23,34.792144775390625
2023-02-24,34.1473503112793
2023-02-27,34.201080322265625
2023-02-28,34.218990325927734
2023-03-01,33.69061279296875
2023-03-02,34.12944030761719
2023-03-03,34.70258712768555
2023-03-06,34.56825256347656
2023-03-07,33.69957733154297
2023-03-08,34.17421340942383
2023-03-09,33.39508819580078
2023-03-10,32.32937240600586
2023-03-13,32.84879684448242
2023-03-14,33.18911361694336
2023-03-15,33.2070198059082
2023-03-16,33.2070198059082
2023-03-17,32.44580841064453
2023-03-20,32.79393768310547
2023-03-21,32.60454177856445
2023-03-22,31.41400146484375
2023-03-23,31.22459602355957
2023-03-24,32.027313232421875
2023-03-27,31.9190731048584
2023-03-28,31.81084632873535
2023-03-29,32.56846618652344
2023-03-30,32.992374420166016
2023-03-31,33.71390914916992
2023-04-03,33.398231506347656
2023-04-04,33.407257080078125
2023-04-05,33.23588180541992
2023-04-06,33.461360931396484
2023-04-10,33.63273620605469
2023-04-11,33.795082092285156
2023-04-12,33.69586944580078
2023-04-13,33.58763885498047
2023-04-14,33.01040267944336
2023-04-17,33.759002685546875
2023-04-18,33.70488739013672
2023-04-19,33.90331268310547
2023-04-20,33.49744415283203
2023-04-21,33.53352355957031
2023-04-24,33.443328857421875
2023-04-25,33.13667297363281
2023-04-26,32.866092681884766
2023-04-27,33.6597900390625
2023-04-28,34.04762268066406
2023-05-01,33.73194885253906
2023-05-02,33.15470886230469
2023-05-03,32.947269439697266
2023-05-04,33.25392532348633
2023-05-05,33.76802062988281
2023-05-08,33.53352355957031
2023-05-09,33.425296783447266
2023-05-10,33.740966796875
2023-05-11,33.38920974731445
2023-05-12,33.452354431152344
2023-05-15,33.38920974731445
2023-05-16,32.49631881713867
2023-05-17,32.92021942138672
2023-05-18,32.7127685546875
2023-05-19,32.658660888671875
2023-05-22,32.875118255615234
2023-05-23,32.4692497253418
2023-05-24,31.756725311279297
2023-05-25,31.828886032104492
2023-05-26,32.19867706298828
2023-05-30,32.297889709472656
2023-05-31,32.50532913208008
2023-06-01,32.514347076416016
2023-06-02,33.19981002807617
2023-06-05,33.04648971557617
2023-06-06,33.24490737915039
2023-06-07,33.858211517333984
2023-06-08,33.65077209472656
2023-06-09,33.479408264160156
2023-06-12,33.461360931396484
2023-06-13,33.70488739013672
2023-06-14,33.88526916503906
2023-06-15,34.029579162597656
2023-06-16,33.99350357055664
2023-06-20,33.628353118896484
2023-06-21,33.48265838623047
2023-06-22,33.009151458740234
2023-06-23,32.654014587402344
2023-06-26,33.38249206542969
2023-06-27,33.74673080444336
2023-06-28,33.83778762817383
2023-06-29,34.147396087646484
2023-06-30,34.32040786743164
2023-07-03,34.59358215332031
2023-07-05,34.76659393310547
2023-07-06,34.57537078857422
2023-07-07,34.411468505859375
2023-07-10,34.529842376708984
2023-07-11,34.921409606933594
2023-07-12,35.08530807495117
2023-07-13,35.32207107543945
2023-07-14,35.32207107543945
2023-07-17,35.02156448364258
2023-07-18,34.73017501831055
2023-07-19,35.112632751464844
2023-07-20,34.99424743652344
2023-07-21,35.1490478515625
2023-07-24,35.48597717285156
2023-07-25,35.221893310546875
2023-07-26,35.34938049316406
2023-07-27,34.60268783569336
2023-07-28,34.50252151489258
2023-07-31,34.77570343017578
2023-08-01,34.71196365356445
2023-08-02,34.56626892089844
2023-08-03,34.09275817871094
2023-08-04,33.755836486816406
2023-08-07,34.183815002441406
2023-08-08,34.01080322265625
2023-08-09,34.09275817871094
2023-08-10,33.98348617553711
2023-08-11,34.04722595214844
2023-08-14,33.865108489990234
2023-08-15,33.519081115722656
2023-08-16,33.10930633544922
2023-08-17,32.86345291137695
2023-08-18,32.95450973510742
2023-08-21,32.6722297668457
2023-08-22,32.772396087646484
2023-08-23,33.255008697509766
2023-08-24,33.100215911865234
2023-08-25,33.19126892089844
2023-08-28,33.45533752441406
2023-08-29,33.83778762817383
2023-08-30,33.95616912841797
2023-08-31,33.71030807495117
2023-09-01,33.69209289550781
2023-09-05,33.35517120361328
2023-09-06,33.29143524169922
2023-09-07,33.56460952758789
2023-09-08,33.34606170654297
2023-09-11,33.36428451538086
2023-09-12,33.36428451538086
2023-09-13,33.0273551940918
2023-09-14,33.628353118896484
2023-09-15,33.50087356567383
2023-09-18,33.208072662353516
2023-09-19,33.03369140625
2023-09-20,33.09793472290039
2023-09-21,31.950611114501953
2023-09-22,31.730327606201172
2023-09-25,31.675249099731445
2023-09-26,31.1153621673584
2023-09-27,30.84000015258789
2023-09-28,31.16124725341797
2023-09-29,31.271398544311523
2023-10-02,30.70232582092285
2023-10-03,30.142433166503906
2023-10-04,30.46367645263672
2023-10-05,30.6839656829834
2023-10-06,30.803285598754883
2023-10-09,31.207143783569336
2023-10-10,31.317285537719727
2023-10-11,31.950611114501953
2023-10-12,31.528392791748047
2023-10-13,31.51921272277832
2023-10-16,31.84046173095703
2023-10-17,31.675249099731445
2023-10-18,30.977680206298828
2023-10-19,30.215856552124023
2023-10-20,30.05982208251953
2023-10-23,29.802827835083008
2023-10-24,30.17914581298828
2023-10-25,29.545820236206055
2023-10-26,30.169967651367188
2023-10-27,29.69268035888672
2023-10-30,29.784467697143555
2023-10-31,30.38106918334961
2023-11-01,30.537105560302734
2023-11-02,31.482501983642578
2023-11-03,32.22597122192383
2023-11-06,31.785396575927734
2023-11-07,31.51921272277832
2023-11-08,31.702789306640625
2023-11-09,31.21632194519043
2023-11-10,31.565105438232422
2023-11-13,31.298931121826172
2023-11-14,32.987789154052734
2023-11-15,33.061214447021484
2023-11-16,33.052032470703125
2023-11-17,33.01533126831055
2023-11-20,33.2723274230957
2023-11-21,33.10710906982422
2023-11-22,33.208072662353516
2023-11-24,33.336570739746094
2023-11-27,33.45589828491211
2023-11-28,33.639461517333984
2023-11-29,33.89646911621094
2023-11-30,34.17182159423828
2023-12-01,34.88775634765625
2023-12-04,35.080501556396484
2023-12-05,34.93365478515625
2023-12-06,34.81432342529297
2023-12-07,34.86021423339844
2023-12-08,34.78679275512695
2023-12-11,34.90611267089844
2023-12-12,34.896934509277344
2023-12-13,36.163578033447266
2023-12-14,37.16403579711914
2023-12-15,36.71428680419922
2023-12-18,36.61318588256836
2023-12-19,36.8636360168457
2023-12-20,36.39982604980469
2023-12-21,36.705936431884766
2023-12-22,36.85436248779297
2023-12-26,37.12337112426758
2023-12-27,37.33671951293945
2023-12-28,37.56863021850586
2023-12-29,37.16047286987305
2024-01-02,37.50369644165039
2024-01-03,36.61318588256836
2024-01-04,36.520408630371094
2024-01-05,36.44620895385742
2024-01-08,36.947120666503906
2024-01-09,36.68738555908203
2024-01-10,36.7430419921875
2024-01-11,36.39982604980469
2024-01-12,36.67810821533203
2024-01-16,36.45547866821289
2024-01-17,35.787593841552734
2024-01-18,35.55569839477539
2024-01-19,35.89891052246094
2024-01-22,36.065879821777344
2024-01-23,35.87107467651367
2024-01-24,35.37944412231445
2024-01-25,35.8618049621582
2024-01-26,35.7041130065918
2024-01-29,35.96384048461914
2024-01-30,35.62989807128906
2024-01-31,35.37016677856445
2024-02-01,35.991668701171875
2024-02-02,35.537139892578125
2024-02-05,34.83214569091797
2024-02-06,35.36089324951172
2024-02-07,35.34233474731445
2024-02-08,35.537139892578125
2024-02-09,35.62989807128906
2024-02-12,35.51858139038086
2024-02-13,34.8692512512207
2024-02-14,35.101158142089844
2024-02-15,35.94529342651367
2024-02-16,35.57424545288086
2024-02-20,35.51858139038086
2024-02-21,35.7783203125
2024-02-22,35.87107467651367
2024-02-23,35.91746520996094
2024-02-26,35.509307861328125
2024-02-27,35.537139892578125
2024-02-28,35.991668701171875
2024-02-29,36.279232025146484
2024-03-01,36.67810821533203
2024-03-04,37.095542907714844
2024-03-05,36.62245178222656
2024-03-06,36.826534271240234
2024-03-07,36.826534271240234
2024-03-08,37.262508392333984
2024-03-11,37.076988220214844
2024-03-12,36.98422622680664
2024-03-13,36.752323150634766
2024-03-14,36.23285675048828
2024-03-15,36.21430587768555
2024-03-18,36.20869064331055
2024-03-19,36.20869064331055
2024-03-20,36.358123779296875
2024-03-21,36.49821853637695
2024-03-22,36.068607330322266
2024-03-25,35.92852020263672
2024-03-26,35.77908706665039
2024-03-27,36.685001373291016
2024-03-28,36.91849136352539
2024-04-01,36.274070739746094
2024-04-02,35.87248229980469
2024-04-03,35.89115905761719
2024-04-04,35.61098098754883
2024-04-05,35.844459533691406
2024-04-08,36.15265655517578
2024-04-09,36.610286712646484
2024-04-10,35.10664749145508
2024-04-11,35.14400863647461
2024-04-12,34.77976989746094
2024-04-15,34.17271423339844
2024-04-16,33.64971160888672
2024-04-17,33.369529724121094
2024-04-18,33.37887191772461
2024-04-19,33.509620666503906
2024-04-22,33.78045654296875
2024-04-23,34.08866882324219
2024-04-24,34.21941375732422
2024-04-25,34.023284912109375
2024-04-26,34.05130386352539
2024-04-29,34.43421936035156
2024-04-30,33.79914093017578
2024-05-01,33.817813873291016
2024-05-02,34.303462982177734
2024-05-03,34.57430648803711
2024-05-06,34.58365249633789
2024-05-07,34.94788360595703
2024-05-08,34.621002197265625
2024-05-09,35.442867279052734
2024-05-10,35.31211853027344
2024-05-13,35.405513763427734
2024-05-14,35.65767288208008
2024-05-15,36.26472854614258
2024-05-16,36.19935607910156
2024-05-17,36.19935607910156
2024-05-20,35.9752197265625
2024-05-21,35.94718933105469
2024-05-22,35.638999938964844
2024-05-23,34.882511138916016
2024-05-24,34.882511138916016
2024-05-28,34.677040100097656
2024-05-29,34.350162506103516
2024-05-30,34.845149993896484
2024-05-31,35.536258697509766
2024-06-03,35.39617156982422
2024-06-04,35.732391357421875
2024-06-05,35.685691833496094
2024-06-06,35.74172592163086
2024-06-07,35.4615478515625
2024-06-10,35.638999938964844
2024-06-11,35.52692413330078
2024-06-12,35.77908706665039
2024-06-13,35.95653533935547
2024-06-14,35.98455047607422
2024-06-17,35.797767639160156
2024-06-18,35.93785858154297
2024-06-20,35.844459533691406
2024-06-21,35.93785858154297
2024-06-24,36.1803092956543
2024-06-25,35.67086410522461
2024-06-26,35.62369155883789
2024-06-27,35.944454193115234
2024-06-28,36.236915588378906
2024-07-01,35.887855529785156
2024-07-02,36.03879928588867
2024-07-03,36.001060485839844
2024-07-05,36.13314437866211
2024-07-08,36.218048095703125
2024-07-09,36.22748565673828
2024-07-10,36.482208251953125
2024-07-11,37.45393753051758
2024-07-12,37.72753143310547
2024-07-15,37.88791275024414
2024-07-16,38.24641036987305
2024-07-17,38.5860481262207
2024-07-18,38.265281677246094
2024-07-19,38.21810531616211
2024-07-22,38.595481872558594
2024-07-23,38.52944564819336
2024-07-24,38.00111770629883
2024-07-25,37.793575286865234
2024-07-26,38.425662994384766
2024-07-29,38.670955657958984
2024-07-30,38.9539794921875
2024-07-31,38.85963439941406
2024-08-01,39.46342849731445
2024-08-02,39.491729736328125
2024-08-05,38.350196838378906
2024-08-06,39.19926834106445
2024-08-07,38.91624450683594
2024-08-08,39.246437072753906
2024-08-09,39.444557189941406
2024-08-12,39.208709716796875
2024-08-13,39.482295989990234
2024-08-14,39.623809814453125
2024-08-15,39.51060104370117
2024-08-16,39.491729736328125
2024-08-19,39.72758483886719
2024-08-20,39.76532745361328
2024-08-21,39.89740753173828
2024-08-22,40.14269256591797
2024-08-23,40.916297912597656
2024-08-26,40.88800048828125
2024-08-27,40.99177551269531
2024-08-28,40.85026168823242
2024-08-29,40.689884185791016
2024-08-30,41.08612060546875
2024-09-03,41.18046569824219
2024-09-04,41.274803161621094
2024-09-05,41.16159439086914
2024-09-06,41.16159439086914
2024-09-09,41.65217590332031
2024-09-10,42.38804244995117
2024-09-11,42.27482986450195
2024-09-12,42.350303649902344
2024-09-13,42.652198791503906
2024-09-16,42.7937126159668
2024-09-17,42.45408248901367
2024-09-18,42.33143615722656
2024-09-19,42.2276611328125
2024-09-20,42.152191162109375
2024-09-23,42.61865234375
2024-09-24,42.61865234375
2024-09-25,42.438148498535156
2024-09-26,42.020137786865234
2024-09-27,42.0771369934082
2024-09-30,42.438148498535156
2024-10-01,42.181640625
2024-10-02,42.02963638305664
2024-10-03,41.62112045288086
2024-10-04,41.34560775756836
2024-10-07,41.04159927368164
2024-10-08,41.16510009765625
2024-10-09,41.184104919433594
2024-10-10,40.84209060668945
2024-10-11,41.26010513305664
2024-10-14,41.54511260986328
2024-10-15,42.06763458251953
2024-10-16,42.48565673828125
2024-10-17,42.21014404296875
2024-10-18,42.50465393066406
2024-10-21,41.630619049072266
2024-10-22,41.697120666503906
2024-10-23,42.10563278198242
2024-10-24,42.20063781738281
2024-10-25,41.868125915527344
2024-10-28,42.00113296508789
2024-10-29,41.62112045288086
2024-10-30,41.77312469482422
2024-10-31,41.04159927368164
2024-11-01,40.604583740234375
2024-11-04,41.06059646606445
2024-11-05,41.62112045288086
2024-11-06,40.50957107543945
2024-11-07,41.013092041015625
2024-11-08,41.716121673583984
2024-11-11,41.355106353759766
2024-11-12,40.832584381103516
2024-11-13,41.15559768676758
2024-11-14,40.78508377075195
2024-11-15,40.832584381103516
2024-11-18,41.193599700927734
2024-11-19,41.36460876464844
2024-11-20,41.2981071472168
2024-11-21,41.57361602783203
2024-11-22,41.88713073730469
2024-11-25,42.44765090942383
2024-11-26,42.65665817260742
2024-11-27,42.951168060302734
2024-11-29,42.75166320800781
2024-12-02,42.10563278198242
2024-12-03,41.8586311340332
2024-12-04,41.7446174621582
2024-12-05,41.64011764526367
2024-12-06,41.58312225341797
2024-12-09,41.668617248535156
2024-12-10,40.99409484863281
2024-12-11,40.889591217041016
2024-12-12,40.861087799072266
2024-12-13,40.69008255004883
2024-12-16,40.481075286865234
2024-12-17,40.30056381225586
2024-12-18,38.72350311279297
2024-12-19,38.05847930908203
2024-12-20,38.75200653076172
2024-12-23,38.92869186401367
2024-12-24,39.18796157836914
2024-12-26,39.245574951171875
2024-12-27,38.92869186401367
2024-12-30,38.74624252319336
2024-12-31,39.053524017333984
2025-01-02,38.68863296508789
2025-01-03,39.216766357421875
2025-01-06,38.67902374267578
2025-01-07,38.39094924926758
2025-01-08,38.55419921875
2025-01-10,37.62274932861328
2025-01-13,38.102874755859375
2025-01-14,38.429359436035156
2025-01-15,38.59260177612305
2025-01-16,39.45683670043945
2025-01-17,39.44723129272461
2025-01-21,40.167415618896484
2025-01-22,39.4664306640625
2025-01-23,39.78331756591797
2025-01-24,39.8985481262207
2025-01-27,40.29225158691406
2025-01-28,39.802520751953125
2025-01-29,39.34160232543945
2025-01-30,39.860137939453125
2025-01-31,39.77370834350586
2025-02-03,39.70649719238281
2025-02-04,39.70649719238281
2025-02-05,40.33066940307617
2025-02-06,40.44589614868164
2025-02-07,40.301856994628906
2025-02-10,40.35947036743164
2025-02-11,40.58032989501953
2025-02-12,40.234642028808594
2025-02-13,40.5515251159668
2025-02-14,40.388282775878906
2025-02-18,40.53231430053711
2025-02-19,40.6091423034668
2025-02-20,40.887611389160156
2025-02-21,40.5515251159668
2025-02-24,40.73396682739258
2025-02-25,41.16608428955078
2025-02-26,40.96442794799805
2025-02-27,41.14687728881836
2025-02-28,41.43495559692383
2025-03-03,41.790252685546875
2025-03-04,41.31012725830078
2025-03-05,41.69422149658203
2025-03-06,40.5515251159668
2025-03-07,40.781982421875
2025-03-10,40.388282775878906
2025-03-11,39.96577072143555
2025-03-12,39.82173156738281
2025-03-13,39.043922424316406
2025-03-14,39.802520751953125
2025-03-17,40.503509521484375
2025-03-18,40.253841400146484
2025-03-19,40.301856994628906
2025-03-20,40.253841400146484
2025-03-21,39.860137939453125
2025-03-24,40.414852142333984
2025-03-25,39.93165588378906
2025-03-26,40.13459396362305
2025-03-27,40.03795623779297
2025-03-28,40.01863098144531
2025-03-31,40.443843841552734
2025-04-01,40.47283935546875
2025-04-02,40.66612243652344
2025-04-03,39.448455810546875
2025-04-04,37.65094757080078
2025-04-07,36.74253463745117
2025-04-08,35.8341178894043
2025-04-09,37.89255142211914
2025-04-10,37.09043884277344
2025-04-11,37.61228942871094
2025-04-14,38.443397521972656
2025-04-15,38.501380920410156
2025-04-16,38.4820556640625
2025-04-17,39.090885162353516
2025-04-21,38.279109954833984
2025-04-22,39.0618896484375
2025-04-23,39.1102180480957
2025-04-24,39.2261848449707
2025-04-25,39.16819763183594
2025-04-28,39.409793853759766
2025-04-29,39.72871017456055
2025-04-30,39.912322998046875
2025-05-01,40.028289794921875
2025-05-02,40.52116012573242
2025-05-05,40.47283935546875
2025-05-06,40.19258499145508
2025-05-07,40.16359329223633
2025-05-08,39.97031021118164
2025-05-09,40.211910247802734
2025-05-12,40.25056838989258
2025-05-13,39.709381103515625
2025-05-14,39.37113952636719
2025-05-15,40.09593963623047
2025-05-16,40.59846878051758
2025-05-19,40.68544387817383
2025-05-20,40.47283935546875
2025-05-21,39.40013122558594
2025-05-22,39.26483917236328
2025-05-23,39.27450180053711
2025-05-27,39.921993255615234
2025-05-28,39.921993255615234
2025-05-29,40.28921890258789
2025-05-30,40.327877044677734
2025-06-02,40.385860443115234
2025-06-03,40.240901947021484
2025-06-04,40.36653137207031
2025-06-05,40.35687255859375
2025-06-06,40.47283935546875
2025-06-09,40.45350646972656
2025-06-10,40.81107711791992
2025-06-11,40.588809967041016
2025-06-12,40.81107711791992
2025-06-13,40.48249816894531
2025-06-16,40.52116012573242
2025-06-17,40.35687255859375
2025-06-18,40.434181213378906
2025-06-20,40.42451858520508
2025-06-23,41.01448059082031
2025-06-24,41.209503173828125
2025-06-25,40.205108642578125
2025-06-26,39.951576232910156
2025-06-27,40.09784698486328
2025-06-30,40.390380859375
2025-07-01,40.66342544555664
2025-07-02,40.74143600463867
2025-07-03,40.76094055175781
2025-07-07,40.448890686035156
2025-07-08,40.390380859375
2025-07-09,40.370887756347656
2025-07-10,40.57566452026367
2025-07-11,40.536659240722656
2025-07-14,40.80970001220703
2025-07-15,40.283119201660156
2025-07-16,40.72193145751953
2025-07-17,40.68292999267578
2025-07-18,40.79994583129883
2025-07-21,40.955970764160156
2025-07-22,41.667823791503906
2025-07-23,41.78483581542969
2025-07-24,41.72633361816406
2025-07-25,41.72633361816406
2025-07-28,41.00472640991211
2025-07-29,41.68732452392578
2025-07-30,41.10224151611328
2025-07-31,40.380638122558594
2025-08-01,40.26362228393555
2025-08-04,40.604915618896484
2025-08-05,40.74143600463867
2025-08-06,40.40013885498047
2025-08-07,40.55615997314453
2025-08-08,40.224613189697266
2025-08-11,39.990577697753906
2025-08-12,40.058841705322266
2025-08-13,40.32212829589844
2025-08-14,40.039337158203125
2025-08-15,40.3026237487793
2025-08-18,39.92231750488281
2025-08-19,40.63417053222656
2025-08-20,40.79019546508789
2025-08-21,40.64392852783203
2025-08-22,41.28751754760742
2025-08-25,41.082740783691406
2025-08-26,40.96571731567383
2025-08-27,41.14124298095703
2025-08-28,41.03398132324219
2025-08-29,41.258262634277344
2025-09-02,40.55615997314453
2025-09-03,40.448890686035156
2025-09-04,40.72193145751953
2025-09-05,41.13149642944336
2025-09-08,40.858455657958984
2025-09-09,40.83895492553711
2025-09-10,40.8194465637207
2025-09-11,41.4825439453125
2025-09-12,41.297271728515625
2025-09-15,41.24850845336914
2025-09-16,41.00472640991211
2025-09-17,40.98522186279297
2025-09-18,41.01448059082031
2025-09-19,40.80970001220703
2025-09-22,40.94430923461914
2025-09-23,41.2685661315918
2025-09-24,40.84605407714844
2025-09-25,40.747798919677734
2025-09-26,41.150657653808594
2025-09-29,41.2292594909668
2025-09-30,41.39630126953125
2025-10-01,41.39630126953125
2025-10-02,41.18013381958008
2025-10-03,41.34717559814453
2025-10-06,40.934486389160156
2025-10-07,40.8067512512207
2025-10-08,40.600406646728516
2025-10-09,40.41371536254883
2025-10-10,39.971553802490234
2025-10-13,40.197547912597656
2025-10-14,40.580753326416016
2025-10-15,41.17030715942383
2025-10-16,41.04256820678711
2025-10-17,41.30786895751953
2025-10-20,41.740203857421875
2025-10-21,41.61246871948242
2025-10-22,41.79916000366211
2025-10-23,41.75986099243164
2025-10-24,41.907249450683594
2025-10-27,41.99568176269531
2025-10-28,41.062225341796875
2025-10-29,39.94207763671875
2025-10-30,40.16807174682617
2025-10-31,40.18772506713867
2025-11-03,40.11894226074219
2025-11-04,40.22702407836914
2025-11-05,40.217201232910156
2025-11-06,40.02068328857422
2025-11-07,40.55127716064453
2025-11-10,40.52180099487305
2025-11-11,40.973793029785156
2025-11-12,40.6495361328125
2025-11-13,40.11894226074219
2025-11-14,40.23685073852539
2025-11-17,39.971553802490234
2025-11-18,40.11894226074219
2025-11-19,39.80451202392578
2025-11-20,39.66695022583008
2025-11-21,40.18772506713867
2025-11-24,40.24667739868164
2025-11-25,40.57093048095703
2025-11-26,40.747798919677734
2025-11-28,40.94430923461914
2025-12-01,40.37441635131836
2025-12-02,40.27615737915039
2025-12-03,40.354759216308594
2025-12-04,40.285980224609375
2025-12-05,40.27615737915039
2025-12-08,40.03050994873047
2025-12-09,39.7946891784668
2025-12-10,39.87329864501953
2025-12-11,40.08946228027344
2025-12-12,40.04033279418945
2025-12-15,40.197547912597656
2025-12-16,39.84381866455078
2025-12-17,40.02068328857422
2025-12-18,39.7750358581543
2025-12-19,39.627647399902344
2025-12-22,39.921669006347656
2025-12-23,39.911739349365234
2025-12-24,40.17000198364258
2025-12-26,40.24946975708008
2025-12-29,40.358734130859375
2025-12-30,40.44813537597656
