variant,period,cash_mode,final_value,total_return,cagr,max_drawdown,volatility,sharpe,sortino,trade_count,win_rate,average_win,average_loss,profit_factor,exception_trade_count,exception_win_rate,exception_average_return,exposure,turnover,costs,cash_yield_earned,cash_return_days,cash_return_missing_days
matched_baseline,train_2024_2025,zero_yield,6346.81679954507,0.05780279992417836,0.02855486768014659,-0.05890377400457869,0.048500195643707555,0.6058819996610354,0.5185873394742658,37,0.43243243243243246,0.13992421594745136,-0.06702168408387987,1.5531013229039556,0,,,0.0647529798630361,5.465259813279754,106.79201248849054,0.0,0,0
matched_baseline,train_2024_2025,sgov_proxy,6978.464788856926,0.1630774648094877,0.07862832104939033,-0.04612866937804083,0.04919140547874187,1.5664548507441158,1.3209829663934738,37,0.43243243243243246,0.1402975426658258,-0.06674940221482807,1.6504614200404553,0,,,0.0657374439643481,5.877088363198708,109.26306909015717,548.8168929878482,501,0
matched_baseline,2026,zero_yield,5869.606461612689,-0.02173225639788523,-0.036307118531190286,-0.03885162045666857,0.04162773682947507,-0.8657636619219928,-0.6001920918063651,8,0.25,0.10536666948789804,-0.08632980472170128,0.41593942188600114,0,,,0.03391292894852786,1.1403927415016886,22.842248897720644,0.0,0,0
matched_baseline,2026,sgov_proxy,5994.314260386975,-0.0009476232688375719,-0.0015945039142690742,-0.026689328438114668,0.04148364104252678,-0.017564248694531402,-0.012213232839207852,8,0.25,0.10536666948789804,-0.08632980472170128,0.41593942188600114,0,,,0.03368907106547702,1.1403927415016886,22.842248897720644,124.70779877428211,149,0
matched_baseline,full,zero_yield,6323.272293429233,0.05387871557153878,0.020424517814296772,-0.05890377400457869,0.047246934018939764,0.4529223324079954,0.3804243861111026,44,0.4318181818181818,0.1410968089826501,-0.07453783802790516,1.3919027769343122,0,,,0.0582994037037227,6.464568995784464,126.78786403486421,0.0,0,0
matched_baseline,full,sgov_proxy,7123.916532206963,0.1873194220344938,0.06838984844726892,-0.04612866937804083,0.0486134940971908,1.3895751723557725,1.1556102779792339,44,0.4318181818181818,0.1415870316118852,-0.07424454578382454,1.4821488100547078,0,,,0.0595105736239741,7.047315003278816,130.28444611872945,698.1019217777349,651,0
rsr1,train_2024_2025,zero_yield,6900.84669868605,0.15014111644767514,0.0726006747488881,-0.024609702212045947,0.03744336530924216,1.8942559443848725,2.3279785454250836,20,0.65,0.18095736422791486,-0.06043230097047732,5.916269252095685,0,,,0.050845525855629216,3.227790346343301,59.36770229246081,0.0,0,0
rsr1,train_2024_2025,sgov_proxy,7553.150340434057,0.2588583900723429,0.12225434686020975,-0.0237325964620535,0.03909320457761748,2.976161434684707,3.4265854071111312,21,0.6190476190476191,0.181401774814524,-0.05803693829434322,5.195102442194248,0,,,0.05513990989569311,3.8241136507260003,64.9457288293617,571.171063577072,501,0
rsr1,2026,zero_yield,6037.371760750666,0.006228626791777714,0.010506189595704818,-0.018842605447387473,0.03372706005366588,0.3262091840039179,0.187167045308568,3,0.6666666666666666,0.10536666948789804,-0.0838189107801222,1.6735088655995964,0,,,0.026182136884534093,0.511607664666537,9.069692429452402,0.0,0,0
rsr1,2026,sgov_proxy,6165.207107985621,0.027534517997603647,0.04678018976534837,-0.015801984868256014,0.033676220525783236,1.3720409651193304,0.7865629153497008,3,0.6666666666666666,0.10536666948789804,-0.0838189107801222,1.6735088655995964,0,,,0.02603757757616238,0.511607664666537,9.069692429452402,127.83534723495123,149,0
rsr1,full,zero_yield,6941.006350636008,0.156834391772668,0.05773634866032973,-0.024609702212045947,0.0367800755903497,1.5494362690026295,1.467638007502572,23,0.6521739130434783,0.17096035613448057,-0.06335562719668293,4.941783798055066,0,,,0.04497419162797737,3.785434511480531,68.71361678885064,0.0,0,0
rsr1,full,sgov_proxy,7756.640142477874,0.2927733570796458,0.10399697662665619,-0.0237325964620535,0.03749970541922827,2.6658845886164744,2.532347219527828,24,0.625,0.1713455119762085,-0.06090160190387422,4.529903406323914,0,,,0.04775346245897729,4.381757815863231,74.29164332575152,734.5012136709317,651,0
rsr2,train_2024_2025,zero_yield,7030.590030378825,0.1717650050631374,0.08265749154931856,-0.01905940928066363,0.037698352362547496,2.129797859633683,2.6244152273053825,20,0.7,0.1713454858660155,-0.056352887941070136,8.23797130303449,0,,,0.05061436710146251,3.297936313081651,59.78870825722854,0.0,0,0
rsr2,train_2024_2025,sgov_proxy,7631.389731723254,0.2718982886205423,0.12806377405241842,-0.022419297984842546,0.03859933903084023,3.147826462480102,3.6004709540185087,21,0.6666666666666666,0.17170591908283633,-0.05424755988787441,6.579550719828156,0,,,0.05428867742676539,3.8629961550932332,65.17909958037268,573.9190180307146,501,0
rsr2,2026,zero_yield,6049.084766523843,0.00818079442064068,0.01380819337045347,-0.016939078104330263,0.03361401423182759,0.42406340554718064,0.24724815170228373,3,0.6666666666666666,0.11961098508236183,-0.0838189107801222,1.8845990864668132,0,,,0.02569575073452043,0.5135598322954,9.081417159956084,0.0,0,0
rsr2,2026,sgov_proxy,6177.228664159664,0.029538110693277275,0.050218049227533035,-0.015473077866201779,0.03354831566929893,1.4747082383575385,0.8610989726918069,3,0.6666666666666666,0.11961098508236183,-0.0838189107801222,1.8845990864668132,0,,,0.025552380607127934,0.5135598322954,9.081417159956084,128.14389763581786,149,0
rsr2,full,zero_yield,7086.367023359687,0.18106117055994786,0.0662166364734671,-0.023258890167864976,0.03680664541014721,1.7660328347281216,1.6895428685706777,23,0.6956521739130435,0.16495639834852616,-0.06027660548950615,6.490175460207313,0,,,0.04456301086886087,3.8581833683906988,69.15025572762329,0.0,0,0
rsr2,full,sgov_proxy,7852.618935834566,0.30876982263909447,0.10924031062753592,-0.022419297984842546,0.03700103781550158,2.829820336144695,2.6809404020922494,24,0.6666666666666666,0.16527177741324445,-0.057943978749405385,5.543603174274009,0,,,0.04692792293300872,4.423243210402281,74.54064705076743,739.3712291611631,651,0
