ticker,allocation,budget,shares,notional,immediate_cash,deployed_pct_total_cash,friction_scenario,roundtrip_friction,tax_haircut,sec_yield,after_tax_yield,holding_days,gross_after_tax_income,roundtrip_cost,net_income,break_even_days
SGOV,0.25,939.1225,9,905.04,2850.45,0.24092703561037032,quoted_spread_roundtrip_1bp,0.0001,0.0,0.036,0.036,7,0.6248495342465753,2.090504,-1.465654465753425,23.419282880069147
SGOV,0.25,939.1225,9,905.04,2850.45,0.24092703561037032,quoted_spread_roundtrip_1bp,0.0001,0.0,0.036,0.036,14,1.2496990684931506,2.090504,-0.8408049315068495,23.419282880069147
SGOV,0.25,939.1225,9,905.04,2850.45,0.24092703561037032,quoted_spread_roundtrip_1bp,0.0001,0.0,0.036,0.036,30,2.6779265753424655,2.090504,0.5874225753424653,23.419282880069147
SGOV,0.25,939.1225,9,905.04,2850.45,0.24092703561037032,quoted_spread_roundtrip_1bp,0.0001,0.0,0.036,0.036,60,5.355853150684931,2.090504,3.265349150684931,23.419282880069147
SGOV,0.25,939.1225,9,905.04,2850.45,0.24092703561037032,quoted_spread_roundtrip_1bp,0.0001,0.0,0.036,0.036,90,8.033779726027396,2.090504,5.943275726027395,23.419282880069147
SGOV,0.25,939.1225,9,905.04,2850.45,0.24092703561037032,quoted_spread_roundtrip_1bp,0.0001,0.0,0.036,0.036,180,16.06755945205479,2.090504,13.977055452054792,23.419282880069147
SGOV,0.25,939.1225,9,905.04,2850.45,0.24092703561037032,quoted_spread_roundtrip_1bp,0.0001,0.0,0.036,0.036,365,32.58143999999999,2.090504,30.490935999999994,23.419282880069147
SGOV,0.25,939.1225,9,905.04,2850.45,0.24092703561037032,quoted_spread_roundtrip_1bp,0.0001,0.15,0.036,0.030599999999999995,7,0.5311221041095889,2.090504,-1.5593818958904113,27.552097505963705
SGOV,0.25,939.1225,9,905.04,2850.45,0.24092703561037032,quoted_spread_roundtrip_1bp,0.0001,0.15,0.036,0.030599999999999995,14,1.0622442082191779,2.090504,-1.0282597917808223,27.552097505963705
SGOV,0.25,939.1225,9,905.04,2850.45,0.24092703561037032,quoted_spread_roundtrip_1bp,0.0001,0.15,0.036,0.030599999999999995,30,2.2762375890410955,2.090504,0.18573358904109538,27.552097505963705
SGOV,0.25,939.1225,9,905.04,2850.45,0.24092703561037032,quoted_spread_roundtrip_1bp,0.0001,0.15,0.036,0.030599999999999995,60,4.552475178082191,2.090504,2.461971178082191,27.552097505963705
SGOV,0.25,939.1225,9,905.04,2850.45,0.24092703561037032,quoted_spread_roundtrip_1bp,0.0001,0.15,0.036,0.030599999999999995,90,6.828712767123287,2.090504,4.738208767123287,27.552097505963705
SGOV,0.25,939.1225,9,905.04,2850.45,0.24092703561037032,quoted_spread_roundtrip_1bp,0.0001,0.15,0.036,0.030599999999999995,180,13.657425534246574,2.090504,11.566921534246575,27.552097505963705
SGOV,0.25,939.1225,9,905.04,2850.45,0.24092703561037032,quoted_spread_roundtrip_1bp,0.0001,0.15,0.036,0.030599999999999995,365,27.694223999999995,2.090504,25.603719999999996,27.552097505963705
SGOV,0.25,939.1225,9,905.04,2850.45,0.24092703561037032,quoted_spread_roundtrip_1bp,0.0001,0.3,0.036,0.025199999999999997,7,0.4373946739726027,2.090504,-1.6531093260273975,33.45611840009878
SGOV,0.25,939.1225,9,905.04,2850.45,0.24092703561037032,quoted_spread_roundtrip_1bp,0.0001,0.3,0.036,0.025199999999999997,14,0.8747893479452054,2.090504,-1.2157146520547948,33.45611840009878
SGOV,0.25,939.1225,9,905.04,2850.45,0.24092703561037032,quoted_spread_roundtrip_1bp,0.0001,0.3,0.036,0.025199999999999997,30,1.8745486027397258,2.090504,-0.21595539726027435,33.45611840009878
SGOV,0.25,939.1225,9,905.04,2850.45,0.24092703561037032,quoted_spread_roundtrip_1bp,0.0001,0.3,0.036,0.025199999999999997,60,3.7490972054794516,2.090504,1.6585932054794514,33.45611840009878
SGOV,0.25,939.1225,9,905.04,2850.45,0.24092703561037032,quoted_spread_roundtrip_1bp,0.0001,0.3,0.036,0.025199999999999997,90,5.623645808219178,2.090504,3.5331418082191774,33.45611840009878
SGOV,0.25,939.1225,9,905.04,2850.45,0.24092703561037032,quoted_spread_roundtrip_1bp,0.0001,0.3,0.036,0.025199999999999997,180,11.247291616438355,2.090504,9.156787616438354,33.45611840009878
SGOV,0.25,939.1225,9,905.04,2850.45,0.24092703561037032,quoted_spread_roundtrip_1bp,0.0001,0.3,0.036,0.025199999999999997,365,22.807007999999996,2.090504,20.716503999999997,33.45611840009878
SGOV,0.25,939.1225,9,905.04,2850.45,0.24092703561037032,strategy_stress_10bps_each_side,0.002,0.0,0.036,0.036,7,0.6248495342465753,3.81008,-3.185230465753425,42.68317176895804
SGOV,0.25,939.1225,9,905.04,2850.45,0.24092703561037032,strategy_stress_10bps_each_side,0.002,0.0,0.036,0.036,14,1.2496990684931506,3.81008,-2.5603809315068498,42.68317176895804
SGOV,0.25,939.1225,9,905.04,2850.45,0.24092703561037032,strategy_stress_10bps_each_side,0.002,0.0,0.036,0.036,30,2.6779265753424655,3.81008,-1.1321534246575347,42.68317176895804
SGOV,0.25,939.1225,9,905.04,2850.45,0.24092703561037032,strategy_stress_10bps_each_side,0.002,0.0,0.036,0.036,60,5.355853150684931,3.81008,1.5457731506849308,42.68317176895804
SGOV,0.25,939.1225,9,905.04,2850.45,0.24092703561037032,strategy_stress_10bps_each_side,0.002,0.0,0.036,0.036,90,8.033779726027396,3.81008,4.223699726027395,42.68317176895804
SGOV,0.25,939.1225,9,905.04,2850.45,0.24092703561037032,strategy_stress_10bps_each_side,0.002,0.0,0.036,0.036,180,16.06755945205479,3.81008,12.257479452054792,42.68317176895804
SGOV,0.25,939.1225,9,905.04,2850.45,0.24092703561037032,strategy_stress_10bps_each_side,0.002,0.0,0.036,0.036,365,32.58143999999999,3.81008,28.771359999999994,42.68317176895804
SGOV,0.25,939.1225,9,905.04,2850.45,0.24092703561037032,strategy_stress_10bps_each_side,0.002,0.15,0.036,0.030599999999999995,7,0.5311221041095889,3.81008,-3.2789578958904113,50.21549619877416
SGOV,0.25,939.1225,9,905.04,2850.45,0.24092703561037032,strategy_stress_10bps_each_side,0.002,0.15,0.036,0.030599999999999995,14,1.0622442082191779,3.81008,-2.7478357917808225,50.21549619877416
SGOV,0.25,939.1225,9,905.04,2850.45,0.24092703561037032,strategy_stress_10bps_each_side,0.002,0.15,0.036,0.030599999999999995,30,2.2762375890410955,3.81008,-1.5338424109589046,50.21549619877416
SGOV,0.25,939.1225,9,905.04,2850.45,0.24092703561037032,strategy_stress_10bps_each_side,0.002,0.15,0.036,0.030599999999999995,60,4.552475178082191,3.81008,0.7423951780821909,50.21549619877416
SGOV,0.25,939.1225,9,905.04,2850.45,0.24092703561037032,strategy_stress_10bps_each_side,0.002,0.15,0.036,0.030599999999999995,90,6.828712767123287,3.81008,3.018632767123287,50.21549619877416
SGOV,0.25,939.1225,9,905.04,2850.45,0.24092703561037032,strategy_stress_10bps_each_side,0.002,0.15,0.036,0.030599999999999995,180,13.657425534246574,3.81008,9.847345534246575,50.21549619877416
SGOV,0.25,939.1225,9,905.04,2850.45,0.24092703561037032,strategy_stress_10bps_each_side,0.002,0.15,0.036,0.030599999999999995,365,27.694223999999995,3.81008,23.884143999999996,50.21549619877416
SGOV,0.25,939.1225,9,905.04,2850.45,0.24092703561037032,strategy_stress_10bps_each_side,0.002,0.3,0.036,0.025199999999999997,7,0.4373946739726027,3.81008,-3.3726853260273977,60.97595966994005
SGOV,0.25,939.1225,9,905.04,2850.45,0.24092703561037032,strategy_stress_10bps_each_side,0.002,0.3,0.036,0.025199999999999997,14,0.8747893479452054,3.81008,-2.935290652054795,60.97595966994005
SGOV,0.25,939.1225,9,905.04,2850.45,0.24092703561037032,strategy_stress_10bps_each_side,0.002,0.3,0.036,0.025199999999999997,30,1.8745486027397258,3.81008,-1.9355313972602743,60.97595966994005
SGOV,0.25,939.1225,9,905.04,2850.45,0.24092703561037032,strategy_stress_10bps_each_side,0.002,0.3,0.036,0.025199999999999997,60,3.7490972054794516,3.81008,-0.060982794520548556,60.97595966994005
SGOV,0.25,939.1225,9,905.04,2850.45,0.24092703561037032,strategy_stress_10bps_each_side,0.002,0.3,0.036,0.025199999999999997,90,5.623645808219178,3.81008,1.8135658082191775,60.97595966994005
SGOV,0.25,939.1225,9,905.04,2850.45,0.24092703561037032,strategy_stress_10bps_each_side,0.002,0.3,0.036,0.025199999999999997,180,11.247291616438355,3.81008,7.437211616438355,60.97595966994005
SGOV,0.25,939.1225,9,905.04,2850.45,0.24092703561037032,strategy_stress_10bps_each_side,0.002,0.3,0.036,0.025199999999999997,365,22.807007999999996,3.81008,18.996927999999997,60.97595966994005
SGOV,0.5,1878.245,18,1810.08,1945.4099999999999,0.48185407122074064,quoted_spread_roundtrip_1bp,0.0001,0.0,0.036,0.036,7,1.2496990684931506,2.181008,-0.9313089315068492,12.216585884479016
SGOV,0.5,1878.245,18,1810.08,1945.4099999999999,0.48185407122074064,quoted_spread_roundtrip_1bp,0.0001,0.0,0.036,0.036,14,2.499398136986301,2.181008,0.31839013698630136,12.216585884479016
SGOV,0.5,1878.245,18,1810.08,1945.4099999999999,0.48185407122074064,quoted_spread_roundtrip_1bp,0.0001,0.0,0.036,0.036,30,5.355853150684931,2.181008,3.174845150684931,12.216585884479016
SGOV,0.5,1878.245,18,1810.08,1945.4099999999999,0.48185407122074064,quoted_spread_roundtrip_1bp,0.0001,0.0,0.036,0.036,60,10.711706301369862,2.181008,8.530698301369862,12.216585884479016
SGOV,0.5,1878.245,18,1810.08,1945.4099999999999,0.48185407122074064,quoted_spread_roundtrip_1bp,0.0001,0.0,0.036,0.036,90,16.06755945205479,2.181008,13.88655145205479,12.216585884479016
SGOV,0.5,1878.245,18,1810.08,1945.4099999999999,0.48185407122074064,quoted_spread_roundtrip_1bp,0.0001,0.0,0.036,0.036,180,32.13511890410958,2.181008,29.954110904109584,12.216585884479016
SGOV,0.5,1878.245,18,1810.08,1945.4099999999999,0.48185407122074064,quoted_spread_roundtrip_1bp,0.0001,0.0,0.036,0.036,365,65.16287999999999,2.181008,62.98187199999999,12.216585884479016
SGOV,0.5,1878.245,18,1810.08,1945.4099999999999,0.48185407122074064,quoted_spread_roundtrip_1bp,0.0001,0.15,0.036,0.030599999999999995,7,1.0622442082191779,2.181008,-1.118763791780822,14.37245398174002
SGOV,0.5,1878.245,18,1810.08,1945.4099999999999,0.48185407122074064,quoted_spread_roundtrip_1bp,0.0001,0.15,0.036,0.030599999999999995,14,2.1244884164383557,2.181008,-0.056519583561644104,14.37245398174002
SGOV,0.5,1878.245,18,1810.08,1945.4099999999999,0.48185407122074064,quoted_spread_roundtrip_1bp,0.0001,0.15,0.036,0.030599999999999995,30,4.552475178082191,2.181008,2.371467178082191,14.37245398174002
SGOV,0.5,1878.245,18,1810.08,1945.4099999999999,0.48185407122074064,quoted_spread_roundtrip_1bp,0.0001,0.15,0.036,0.030599999999999995,60,9.104950356164382,2.181008,6.923942356164382,14.37245398174002
SGOV,0.5,1878.245,18,1810.08,1945.4099999999999,0.48185407122074064,quoted_spread_roundtrip_1bp,0.0001,0.15,0.036,0.030599999999999995,90,13.657425534246574,2.181008,11.476417534246574,14.37245398174002
SGOV,0.5,1878.245,18,1810.08,1945.4099999999999,0.48185407122074064,quoted_spread_roundtrip_1bp,0.0001,0.15,0.036,0.030599999999999995,180,27.314851068493148,2.181008,25.13384306849315,14.37245398174002
SGOV,0.5,1878.245,18,1810.08,1945.4099999999999,0.48185407122074064,quoted_spread_roundtrip_1bp,0.0001,0.15,0.036,0.030599999999999995,365,55.38844799999999,2.181008,53.20743999999999,14.37245398174002
SGOV,0.5,1878.245,18,1810.08,1945.4099999999999,0.48185407122074064,quoted_spread_roundtrip_1bp,0.0001,0.3,0.036,0.025199999999999997,7,0.8747893479452054,2.181008,-1.3062186520547945,17.45226554925574
SGOV,0.5,1878.245,18,1810.08,1945.4099999999999,0.48185407122074064,quoted_spread_roundtrip_1bp,0.0001,0.3,0.036,0.025199999999999997,14,1.7495786958904107,2.181008,-0.43142930410958913,17.45226554925574
SGOV,0.5,1878.245,18,1810.08,1945.4099999999999,0.48185407122074064,quoted_spread_roundtrip_1bp,0.0001,0.3,0.036,0.025199999999999997,30,3.7490972054794516,2.181008,1.5680892054794517,17.45226554925574
SGOV,0.5,1878.245,18,1810.08,1945.4099999999999,0.48185407122074064,quoted_spread_roundtrip_1bp,0.0001,0.3,0.036,0.025199999999999997,60,7.498194410958903,2.181008,5.317186410958904,17.45226554925574
SGOV,0.5,1878.245,18,1810.08,1945.4099999999999,0.48185407122074064,quoted_spread_roundtrip_1bp,0.0001,0.3,0.036,0.025199999999999997,90,11.247291616438355,2.181008,9.066283616438355,17.45226554925574
SGOV,0.5,1878.245,18,1810.08,1945.4099999999999,0.48185407122074064,quoted_spread_roundtrip_1bp,0.0001,0.3,0.036,0.025199999999999997,180,22.49458323287671,2.181008,20.313575232876712,17.45226554925574
SGOV,0.5,1878.245,18,1810.08,1945.4099999999999,0.48185407122074064,quoted_spread_roundtrip_1bp,0.0001,0.3,0.036,0.025199999999999997,365,45.61401599999999,2.181008,43.433007999999994,17.45226554925574
SGOV,0.5,1878.245,18,1810.08,1945.4099999999999,0.48185407122074064,strategy_stress_10bps_each_side,0.002,0.0,0.036,0.036,7,1.2496990684931506,5.62016,-4.37046093150685,31.48047477336791
SGOV,0.5,1878.245,18,1810.08,1945.4099999999999,0.48185407122074064,strategy_stress_10bps_each_side,0.002,0.0,0.036,0.036,14,2.499398136986301,5.62016,-3.120761863013699,31.48047477336791
SGOV,0.5,1878.245,18,1810.08,1945.4099999999999,0.48185407122074064,strategy_stress_10bps_each_side,0.002,0.0,0.036,0.036,30,5.355853150684931,5.62016,-0.2643068493150693,31.48047477336791
SGOV,0.5,1878.245,18,1810.08,1945.4099999999999,0.48185407122074064,strategy_stress_10bps_each_side,0.002,0.0,0.036,0.036,60,10.711706301369862,5.62016,5.091546301369862,31.48047477336791
SGOV,0.5,1878.245,18,1810.08,1945.4099999999999,0.48185407122074064,strategy_stress_10bps_each_side,0.002,0.0,0.036,0.036,90,16.06755945205479,5.62016,10.44739945205479,31.48047477336791
SGOV,0.5,1878.245,18,1810.08,1945.4099999999999,0.48185407122074064,strategy_stress_10bps_each_side,0.002,0.0,0.036,0.036,180,32.13511890410958,5.62016,26.514958904109584,31.48047477336791
SGOV,0.5,1878.245,18,1810.08,1945.4099999999999,0.48185407122074064,strategy_stress_10bps_each_side,0.002,0.0,0.036,0.036,365,65.16287999999999,5.62016,59.54271999999999,31.48047477336791
SGOV,0.5,1878.245,18,1810.08,1945.4099999999999,0.48185407122074064,strategy_stress_10bps_each_side,0.002,0.15,0.036,0.030599999999999995,7,1.0622442082191779,5.62016,-4.557915791780823,37.03585267455048
SGOV,0.5,1878.245,18,1810.08,1945.4099999999999,0.48185407122074064,strategy_stress_10bps_each_side,0.002,0.15,0.036,0.030599999999999995,14,2.1244884164383557,5.62016,-3.4956715835616445,37.03585267455048
SGOV,0.5,1878.245,18,1810.08,1945.4099999999999,0.48185407122074064,strategy_stress_10bps_each_side,0.002,0.15,0.036,0.030599999999999995,30,4.552475178082191,5.62016,-1.0676848219178092,37.03585267455048
SGOV,0.5,1878.245,18,1810.08,1945.4099999999999,0.48185407122074064,strategy_stress_10bps_each_side,0.002,0.15,0.036,0.030599999999999995,60,9.104950356164382,5.62016,3.484790356164382,37.03585267455048
SGOV,0.5,1878.245,18,1810.08,1945.4099999999999,0.48185407122074064,strategy_stress_10bps_each_side,0.002,0.15,0.036,0.030599999999999995,90,13.657425534246574,5.62016,8.037265534246574,37.03585267455048
SGOV,0.5,1878.245,18,1810.08,1945.4099999999999,0.48185407122074064,strategy_stress_10bps_each_side,0.002,0.15,0.036,0.030599999999999995,180,27.314851068493148,5.62016,21.69469106849315,37.03585267455048
SGOV,0.5,1878.245,18,1810.08,1945.4099999999999,0.48185407122074064,strategy_stress_10bps_each_side,0.002,0.15,0.036,0.030599999999999995,365,55.38844799999999,5.62016,49.76828799999999,37.03585267455048
SGOV,0.5,1878.245,18,1810.08,1945.4099999999999,0.48185407122074064,strategy_stress_10bps_each_side,0.002,0.3,0.036,0.025199999999999997,7,0.8747893479452054,5.62016,-4.745370652054795,44.972106819097014
SGOV,0.5,1878.245,18,1810.08,1945.4099999999999,0.48185407122074064,strategy_stress_10bps_each_side,0.002,0.3,0.036,0.025199999999999997,14,1.7495786958904107,5.62016,-3.8705813041095896,44.972106819097014
SGOV,0.5,1878.245,18,1810.08,1945.4099999999999,0.48185407122074064,strategy_stress_10bps_each_side,0.002,0.3,0.036,0.025199999999999997,30,3.7490972054794516,5.62016,-1.8710627945205487,44.972106819097014
SGOV,0.5,1878.245,18,1810.08,1945.4099999999999,0.48185407122074064,strategy_stress_10bps_each_side,0.002,0.3,0.036,0.025199999999999997,60,7.498194410958903,5.62016,1.8780344109589029,44.972106819097014
SGOV,0.5,1878.245,18,1810.08,1945.4099999999999,0.48185407122074064,strategy_stress_10bps_each_side,0.002,0.3,0.036,0.025199999999999997,90,11.247291616438355,5.62016,5.627131616438355,44.972106819097014
SGOV,0.5,1878.245,18,1810.08,1945.4099999999999,0.48185407122074064,strategy_stress_10bps_each_side,0.002,0.3,0.036,0.025199999999999997,180,22.49458323287671,5.62016,16.87442323287671,44.972106819097014
SGOV,0.5,1878.245,18,1810.08,1945.4099999999999,0.48185407122074064,strategy_stress_10bps_each_side,0.002,0.3,0.036,0.025199999999999997,365,45.61401599999999,5.62016,39.993855999999994,44.972106819097014
SGOV,0.75,2817.3675,28,2815.6800000000003,939.8099999999995,0.7495507774544855,quoted_spread_roundtrip_1bp,0.0001,0.0,0.036,0.036,7,1.9439763287671232,2.281568,-0.3375916712328768,8.215622671768257
SGOV,0.75,2817.3675,28,2815.6800000000003,939.8099999999995,0.7495507774544855,quoted_spread_roundtrip_1bp,0.0001,0.0,0.036,0.036,14,3.8879526575342465,2.281568,1.6063846575342464,8.215622671768257
SGOV,0.75,2817.3675,28,2815.6800000000003,939.8099999999995,0.7495507774544855,quoted_spread_roundtrip_1bp,0.0001,0.0,0.036,0.036,30,8.331327123287672,2.281568,6.0497591232876715,8.215622671768257
SGOV,0.75,2817.3675,28,2815.6800000000003,939.8099999999995,0.7495507774544855,quoted_spread_roundtrip_1bp,0.0001,0.0,0.036,0.036,60,16.662654246575343,2.281568,14.381086246575343,8.215622671768257
SGOV,0.75,2817.3675,28,2815.6800000000003,939.8099999999995,0.7495507774544855,quoted_spread_roundtrip_1bp,0.0001,0.0,0.036,0.036,90,24.993981369863015,2.281568,22.712413369863015,8.215622671768257
SGOV,0.75,2817.3675,28,2815.6800000000003,939.8099999999995,0.7495507774544855,quoted_spread_roundtrip_1bp,0.0001,0.0,0.036,0.036,180,49.98796273972603,2.281568,47.70639473972603,8.215622671768257
SGOV,0.75,2817.3675,28,2815.6800000000003,939.8099999999995,0.7495507774544855,quoted_spread_roundtrip_1bp,0.0001,0.0,0.036,0.036,365,101.36448,2.281568,99.082912,8.215622671768257
SGOV,0.75,2817.3675,28,2815.6800000000003,939.8099999999995,0.7495507774544855,quoted_spread_roundtrip_1bp,0.0001,0.15,0.036,0.030599999999999995,7,1.6523798794520548,2.281568,-0.6291881205479453,9.66543843737442
SGOV,0.75,2817.3675,28,2815.6800000000003,939.8099999999995,0.7495507774544855,quoted_spread_roundtrip_1bp,0.0001,0.15,0.036,0.030599999999999995,14,3.3047597589041096,2.281568,1.0231917589041095,9.66543843737442
SGOV,0.75,2817.3675,28,2815.6800000000003,939.8099999999995,0.7495507774544855,quoted_spread_roundtrip_1bp,0.0001,0.15,0.036,0.030599999999999995,30,7.08162805479452,2.281568,4.80006005479452,9.66543843737442
SGOV,0.75,2817.3675,28,2815.6800000000003,939.8099999999995,0.7495507774544855,quoted_spread_roundtrip_1bp,0.0001,0.15,0.036,0.030599999999999995,60,14.16325610958904,2.281568,11.88168810958904,9.66543843737442
SGOV,0.75,2817.3675,28,2815.6800000000003,939.8099999999995,0.7495507774544855,quoted_spread_roundtrip_1bp,0.0001,0.15,0.036,0.030599999999999995,90,21.24488416438356,2.281568,18.96331616438356,9.66543843737442
SGOV,0.75,2817.3675,28,2815.6800000000003,939.8099999999995,0.7495507774544855,quoted_spread_roundtrip_1bp,0.0001,0.15,0.036,0.030599999999999995,180,42.48976832876712,2.281568,40.20820032876712,9.66543843737442
SGOV,0.75,2817.3675,28,2815.6800000000003,939.8099999999995,0.7495507774544855,quoted_spread_roundtrip_1bp,0.0001,0.15,0.036,0.030599999999999995,365,86.159808,2.281568,83.87824,9.66543843737442
SGOV,0.75,2817.3675,28,2815.6800000000003,939.8099999999995,0.7495507774544855,quoted_spread_roundtrip_1bp,0.0001,0.3,0.036,0.025199999999999997,7,1.3607834301369863,2.281568,-0.9207845698630137,11.736603816811796
SGOV,0.75,2817.3675,28,2815.6800000000003,939.8099999999995,0.7495507774544855,quoted_spread_roundtrip_1bp,0.0001,0.3,0.036,0.025199999999999997,14,2.7215668602739727,2.281568,0.4399988602739726,11.736603816811796
SGOV,0.75,2817.3675,28,2815.6800000000003,939.8099999999995,0.7495507774544855,quoted_spread_roundtrip_1bp,0.0001,0.3,0.036,0.025199999999999997,30,5.83192898630137,2.281568,3.55036098630137,11.736603816811796
SGOV,0.75,2817.3675,28,2815.6800000000003,939.8099999999995,0.7495507774544855,quoted_spread_roundtrip_1bp,0.0001,0.3,0.036,0.025199999999999997,60,11.66385797260274,2.281568,9.38228997260274,11.736603816811796
SGOV,0.75,2817.3675,28,2815.6800000000003,939.8099999999995,0.7495507774544855,quoted_spread_roundtrip_1bp,0.0001,0.3,0.036,0.025199999999999997,90,17.49578695890411,2.281568,15.214218958904109,11.736603816811796
SGOV,0.75,2817.3675,28,2815.6800000000003,939.8099999999995,0.7495507774544855,quoted_spread_roundtrip_1bp,0.0001,0.3,0.036,0.025199999999999997,180,34.99157391780822,2.281568,32.71000591780822,11.736603816811796
SGOV,0.75,2817.3675,28,2815.6800000000003,939.8099999999995,0.7495507774544855,quoted_spread_roundtrip_1bp,0.0001,0.3,0.036,0.025199999999999997,365,70.955136,2.281568,68.67356799999999,11.736603816811796
SGOV,0.75,2817.3675,28,2815.6800000000003,939.8099999999995,0.7495507774544855,strategy_stress_10bps_each_side,0.002,0.0,0.036,0.036,7,1.9439763287671232,7.631360000000001,-5.687383671232878,27.479511560657148
SGOV,0.75,2817.3675,28,2815.6800000000003,939.8099999999995,0.7495507774544855,strategy_stress_10bps_each_side,0.002,0.0,0.036,0.036,14,3.8879526575342465,7.631360000000001,-3.7434073424657544,27.479511560657148
SGOV,0.75,2817.3675,28,2815.6800000000003,939.8099999999995,0.7495507774544855,strategy_stress_10bps_each_side,0.002,0.0,0.036,0.036,30,8.331327123287672,7.631360000000001,0.6999671232876707,27.479511560657148
SGOV,0.75,2817.3675,28,2815.6800000000003,939.8099999999995,0.7495507774544855,strategy_stress_10bps_each_side,0.002,0.0,0.036,0.036,60,16.662654246575343,7.631360000000001,9.031294246575342,27.479511560657148
SGOV,0.75,2817.3675,28,2815.6800000000003,939.8099999999995,0.7495507774544855,strategy_stress_10bps_each_side,0.002,0.0,0.036,0.036,90,24.993981369863015,7.631360000000001,17.362621369863014,27.479511560657148
SGOV,0.75,2817.3675,28,2815.6800000000003,939.8099999999995,0.7495507774544855,strategy_stress_10bps_each_side,0.002,0.0,0.036,0.036,180,49.98796273972603,7.631360000000001,42.35660273972603,27.479511560657148
SGOV,0.75,2817.3675,28,2815.6800000000003,939.8099999999995,0.7495507774544855,strategy_stress_10bps_each_side,0.002,0.0,0.036,0.036,365,101.36448,7.631360000000001,93.73312,27.479511560657148
SGOV,0.75,2817.3675,28,2815.6800000000003,939.8099999999995,0.7495507774544855,strategy_stress_10bps_each_side,0.002,0.15,0.036,0.030599999999999995,7,1.6523798794520548,7.631360000000001,-5.978980120547946,32.32883713018488
SGOV,0.75,2817.3675,28,2815.6800000000003,939.8099999999995,0.7495507774544855,strategy_stress_10bps_each_side,0.002,0.15,0.036,0.030599999999999995,14,3.3047597589041096,7.631360000000001,-4.326600241095891,32.32883713018488
SGOV,0.75,2817.3675,28,2815.6800000000003,939.8099999999995,0.7495507774544855,strategy_stress_10bps_each_side,0.002,0.15,0.036,0.030599999999999995,30,7.08162805479452,7.631360000000001,-0.5497319452054805,32.32883713018488
SGOV,0.75,2817.3675,28,2815.6800000000003,939.8099999999995,0.7495507774544855,strategy_stress_10bps_each_side,0.002,0.15,0.036,0.030599999999999995,60,14.16325610958904,7.631360000000001,6.53189610958904,32.32883713018488
SGOV,0.75,2817.3675,28,2815.6800000000003,939.8099999999995,0.7495507774544855,strategy_stress_10bps_each_side,0.002,0.15,0.036,0.030599999999999995,90,21.24488416438356,7.631360000000001,13.61352416438356,32.32883713018488
SGOV,0.75,2817.3675,28,2815.6800000000003,939.8099999999995,0.7495507774544855,strategy_stress_10bps_each_side,0.002,0.15,0.036,0.030599999999999995,180,42.48976832876712,7.631360000000001,34.85840832876712,32.32883713018488
SGOV,0.75,2817.3675,28,2815.6800000000003,939.8099999999995,0.7495507774544855,strategy_stress_10bps_each_side,0.002,0.15,0.036,0.030599999999999995,365,86.159808,7.631360000000001,78.528448,32.32883713018488
SGOV,0.75,2817.3675,28,2815.6800000000003,939.8099999999995,0.7495507774544855,strategy_stress_10bps_each_side,0.002,0.3,0.036,0.025199999999999997,7,1.3607834301369863,7.631360000000001,-6.270576569863015,39.256445086653066
SGOV,0.75,2817.3675,28,2815.6800000000003,939.8099999999995,0.7495507774544855,strategy_stress_10bps_each_side,0.002,0.3,0.036,0.025199999999999997,14,2.7215668602739727,7.631360000000001,-4.909793139726029,39.256445086653066
SGOV,0.75,2817.3675,28,2815.6800000000003,939.8099999999995,0.7495507774544855,strategy_stress_10bps_each_side,0.002,0.3,0.036,0.025199999999999997,30,5.83192898630137,7.631360000000001,-1.799431013698631,39.256445086653066
SGOV,0.75,2817.3675,28,2815.6800000000003,939.8099999999995,0.7495507774544855,strategy_stress_10bps_each_side,0.002,0.3,0.036,0.025199999999999997,60,11.66385797260274,7.631360000000001,4.032497972602739,39.256445086653066
SGOV,0.75,2817.3675,28,2815.6800000000003,939.8099999999995,0.7495507774544855,strategy_stress_10bps_each_side,0.002,0.3,0.036,0.025199999999999997,90,17.49578695890411,7.631360000000001,9.864426958904108,39.256445086653066
SGOV,0.75,2817.3675,28,2815.6800000000003,939.8099999999995,0.7495507774544855,strategy_stress_10bps_each_side,0.002,0.3,0.036,0.025199999999999997,180,34.99157391780822,7.631360000000001,27.360213917808217,39.256445086653066
SGOV,0.75,2817.3675,28,2815.6800000000003,939.8099999999995,0.7495507774544855,strategy_stress_10bps_each_side,0.002,0.3,0.036,0.025199999999999997,365,70.955136,7.631360000000001,63.323775999999995,39.256445086653066
SGOV,1.0,3756.49,37,3720.7200000000003,34.76999999999953,0.9904778130648558,quoted_spread_roundtrip_1bp,0.0001,0.0,0.036,0.036,7,2.5688258630136986,2.372072,0.19675386301369846,6.463849589446249
SGOV,1.0,3756.49,37,3720.7200000000003,34.76999999999953,0.9904778130648558,quoted_spread_roundtrip_1bp,0.0001,0.0,0.036,0.036,14,5.137651726027397,2.372072,2.765579726027397,6.463849589446249
SGOV,1.0,3756.49,37,3720.7200000000003,34.76999999999953,0.9904778130648558,quoted_spread_roundtrip_1bp,0.0001,0.0,0.036,0.036,30,11.009253698630136,2.372072,8.637181698630137,6.463849589446249
SGOV,1.0,3756.49,37,3720.7200000000003,34.76999999999953,0.9904778130648558,quoted_spread_roundtrip_1bp,0.0001,0.0,0.036,0.036,60,22.018507397260272,2.372072,19.646435397260273,6.463849589446249
SGOV,1.0,3756.49,37,3720.7200000000003,34.76999999999953,0.9904778130648558,quoted_spread_roundtrip_1bp,0.0001,0.0,0.036,0.036,90,33.02776109589041,2.372072,30.655689095890413,6.463849589446249
SGOV,1.0,3756.49,37,3720.7200000000003,34.76999999999953,0.9904778130648558,quoted_spread_roundtrip_1bp,0.0001,0.0,0.036,0.036,180,66.05552219178082,2.372072,63.68345019178082,6.463849589446249
SGOV,1.0,3756.49,37,3720.7200000000003,34.76999999999953,0.9904778130648558,quoted_spread_roundtrip_1bp,0.0001,0.0,0.036,0.036,365,133.94592,2.372072,131.573848,6.463849589446249
SGOV,1.0,3756.49,37,3720.7200000000003,34.76999999999953,0.9904778130648558,quoted_spread_roundtrip_1bp,0.0001,0.15,0.036,0.030599999999999995,7,2.183501983561644,2.372072,-0.18857001643835636,7.604528928760293
SGOV,1.0,3756.49,37,3720.7200000000003,34.76999999999953,0.9904778130648558,quoted_spread_roundtrip_1bp,0.0001,0.15,0.036,0.030599999999999995,14,4.367003967123288,2.372072,1.9949319671232875,7.604528928760293
SGOV,1.0,3756.49,37,3720.7200000000003,34.76999999999953,0.9904778130648558,quoted_spread_roundtrip_1bp,0.0001,0.15,0.036,0.030599999999999995,30,9.357865643835616,2.372072,6.985793643835616,7.604528928760293
SGOV,1.0,3756.49,37,3720.7200000000003,34.76999999999953,0.9904778130648558,quoted_spread_roundtrip_1bp,0.0001,0.15,0.036,0.030599999999999995,60,18.715731287671233,2.372072,16.343659287671233,7.604528928760293
SGOV,1.0,3756.49,37,3720.7200000000003,34.76999999999953,0.9904778130648558,quoted_spread_roundtrip_1bp,0.0001,0.15,0.036,0.030599999999999995,90,28.07359693150685,2.372072,25.70152493150685,7.604528928760293
SGOV,1.0,3756.49,37,3720.7200000000003,34.76999999999953,0.9904778130648558,quoted_spread_roundtrip_1bp,0.0001,0.15,0.036,0.030599999999999995,180,56.1471938630137,2.372072,53.775121863013695,7.604528928760293
SGOV,1.0,3756.49,37,3720.7200000000003,34.76999999999953,0.9904778130648558,quoted_spread_roundtrip_1bp,0.0001,0.15,0.036,0.030599999999999995,365,113.85403199999999,2.372072,111.48195999999999,7.604528928760293
SGOV,1.0,3756.49,37,3720.7200000000003,34.76999999999953,0.9904778130648558,quoted_spread_roundtrip_1bp,0.0001,0.3,0.036,0.025199999999999997,7,1.798178104109589,2.372072,-0.5738938958904112,9.234070842066071
SGOV,1.0,3756.49,37,3720.7200000000003,34.76999999999953,0.9904778130648558,quoted_spread_roundtrip_1bp,0.0001,0.3,0.036,0.025199999999999997,14,3.596356208219178,2.372072,1.2242842082191778,9.234070842066071
SGOV,1.0,3756.49,37,3720.7200000000003,34.76999999999953,0.9904778130648558,quoted_spread_roundtrip_1bp,0.0001,0.3,0.036,0.025199999999999997,30,7.7064775890410955,2.372072,5.334405589041095,9.234070842066071
SGOV,1.0,3756.49,37,3720.7200000000003,34.76999999999953,0.9904778130648558,quoted_spread_roundtrip_1bp,0.0001,0.3,0.036,0.025199999999999997,60,15.412955178082191,2.372072,13.04088317808219,9.234070842066071
SGOV,1.0,3756.49,37,3720.7200000000003,34.76999999999953,0.9904778130648558,quoted_spread_roundtrip_1bp,0.0001,0.3,0.036,0.025199999999999997,90,23.119432767123286,2.372072,20.747360767123286,9.234070842066071
SGOV,1.0,3756.49,37,3720.7200000000003,34.76999999999953,0.9904778130648558,quoted_spread_roundtrip_1bp,0.0001,0.3,0.036,0.025199999999999997,180,46.23886553424657,2.372072,43.86679353424657,9.234070842066071
SGOV,1.0,3756.49,37,3720.7200000000003,34.76999999999953,0.9904778130648558,quoted_spread_roundtrip_1bp,0.0001,0.3,0.036,0.025199999999999997,365,93.76214399999999,2.372072,91.39007199999999,9.234070842066071
SGOV,1.0,3756.49,37,3720.7200000000003,34.76999999999953,0.9904778130648558,strategy_stress_10bps_each_side,0.002,0.0,0.036,0.036,7,2.5688258630136986,9.44144,-6.872614136986302,25.727738478335137
SGOV,1.0,3756.49,37,3720.7200000000003,34.76999999999953,0.9904778130648558,strategy_stress_10bps_each_side,0.002,0.0,0.036,0.036,14,5.137651726027397,9.44144,-4.303788273972603,25.727738478335137
SGOV,1.0,3756.49,37,3720.7200000000003,34.76999999999953,0.9904778130648558,strategy_stress_10bps_each_side,0.002,0.0,0.036,0.036,30,11.009253698630136,9.44144,1.567813698630136,25.727738478335137
SGOV,1.0,3756.49,37,3720.7200000000003,34.76999999999953,0.9904778130648558,strategy_stress_10bps_each_side,0.002,0.0,0.036,0.036,60,22.018507397260272,9.44144,12.577067397260272,25.727738478335137
SGOV,1.0,3756.49,37,3720.7200000000003,34.76999999999953,0.9904778130648558,strategy_stress_10bps_each_side,0.002,0.0,0.036,0.036,90,33.02776109589041,9.44144,23.586321095890412,25.727738478335137
SGOV,1.0,3756.49,37,3720.7200000000003,34.76999999999953,0.9904778130648558,strategy_stress_10bps_each_side,0.002,0.0,0.036,0.036,180,66.05552219178082,9.44144,56.614082191780824,25.727738478335137
SGOV,1.0,3756.49,37,3720.7200000000003,34.76999999999953,0.9904778130648558,strategy_stress_10bps_each_side,0.002,0.0,0.036,0.036,365,133.94592,9.44144,124.50448,25.727738478335137
SGOV,1.0,3756.49,37,3720.7200000000003,34.76999999999953,0.9904778130648558,strategy_stress_10bps_each_side,0.002,0.15,0.036,0.030599999999999995,7,2.183501983561644,9.44144,-7.257938016438356,30.26792762157075
SGOV,1.0,3756.49,37,3720.7200000000003,34.76999999999953,0.9904778130648558,strategy_stress_10bps_each_side,0.002,0.15,0.036,0.030599999999999995,14,4.367003967123288,9.44144,-5.074436032876712,30.26792762157075
SGOV,1.0,3756.49,37,3720.7200000000003,34.76999999999953,0.9904778130648558,strategy_stress_10bps_each_side,0.002,0.15,0.036,0.030599999999999995,30,9.357865643835616,9.44144,-0.0835743561643838,30.26792762157075
SGOV,1.0,3756.49,37,3720.7200000000003,34.76999999999953,0.9904778130648558,strategy_stress_10bps_each_side,0.002,0.15,0.036,0.030599999999999995,60,18.715731287671233,9.44144,9.274291287671232,30.26792762157075
SGOV,1.0,3756.49,37,3720.7200000000003,34.76999999999953,0.9904778130648558,strategy_stress_10bps_each_side,0.002,0.15,0.036,0.030599999999999995,90,28.07359693150685,9.44144,18.63215693150685,30.26792762157075
SGOV,1.0,3756.49,37,3720.7200000000003,34.76999999999953,0.9904778130648558,strategy_stress_10bps_each_side,0.002,0.15,0.036,0.030599999999999995,180,56.1471938630137,9.44144,46.7057538630137,30.26792762157075
SGOV,1.0,3756.49,37,3720.7200000000003,34.76999999999953,0.9904778130648558,strategy_stress_10bps_each_side,0.002,0.15,0.036,0.030599999999999995,365,113.85403199999999,9.44144,104.41259199999999,30.26792762157075
SGOV,1.0,3756.49,37,3720.7200000000003,34.76999999999953,0.9904778130648558,strategy_stress_10bps_each_side,0.002,0.3,0.036,0.025199999999999997,7,1.798178104109589,9.44144,-7.6432618958904115,36.75391211190734
SGOV,1.0,3756.49,37,3720.7200000000003,34.76999999999953,0.9904778130648558,strategy_stress_10bps_each_side,0.002,0.3,0.036,0.025199999999999997,14,3.596356208219178,9.44144,-5.845083791780822,36.75391211190734
SGOV,1.0,3756.49,37,3720.7200000000003,34.76999999999953,0.9904778130648558,strategy_stress_10bps_each_side,0.002,0.3,0.036,0.025199999999999997,30,7.7064775890410955,9.44144,-1.7349624109589046,36.75391211190734
SGOV,1.0,3756.49,37,3720.7200000000003,34.76999999999953,0.9904778130648558,strategy_stress_10bps_each_side,0.002,0.3,0.036,0.025199999999999997,60,15.412955178082191,9.44144,5.971515178082191,36.75391211190734
SGOV,1.0,3756.49,37,3720.7200000000003,34.76999999999953,0.9904778130648558,strategy_stress_10bps_each_side,0.002,0.3,0.036,0.025199999999999997,90,23.119432767123286,9.44144,13.677992767123285,36.75391211190734
SGOV,1.0,3756.49,37,3720.7200000000003,34.76999999999953,0.9904778130648558,strategy_stress_10bps_each_side,0.002,0.3,0.036,0.025199999999999997,180,46.23886553424657,9.44144,36.79742553424657,36.75391211190734
SGOV,1.0,3756.49,37,3720.7200000000003,34.76999999999953,0.9904778130648558,strategy_stress_10bps_each_side,0.002,0.3,0.036,0.025199999999999997,365,93.76214399999999,9.44144,84.32070399999999,36.75391211190734
BIL,0.25,939.1225,10,915.3,2840.1899999999996,0.24365830868709887,quoted_spread_roundtrip_1bp,0.0001,0.0,0.0357,0.0357,7,0.6266670410958903,2.09153,-1.4648629589041098,23.362821147250557
BIL,0.25,939.1225,10,915.3,2840.1899999999996,0.24365830868709887,quoted_spread_roundtrip_1bp,0.0001,0.0,0.0357,0.0357,14,1.2533340821917807,2.09153,-0.8381959178082194,23.362821147250557
BIL,0.25,939.1225,10,915.3,2840.1899999999996,0.24365830868709887,quoted_spread_roundtrip_1bp,0.0001,0.0,0.0357,0.0357,30,2.685715890410959,2.09153,0.5941858904109587,23.362821147250557
BIL,0.25,939.1225,10,915.3,2840.1899999999996,0.24365830868709887,quoted_spread_roundtrip_1bp,0.0001,0.0,0.0357,0.0357,60,5.371431780821918,2.09153,3.2799017808219175,23.362821147250557
BIL,0.25,939.1225,10,915.3,2840.1899999999996,0.24365830868709887,quoted_spread_roundtrip_1bp,0.0001,0.0,0.0357,0.0357,90,8.057147671232876,2.09153,5.9656176712328755,23.362821147250557
BIL,0.25,939.1225,10,915.3,2840.1899999999996,0.24365830868709887,quoted_spread_roundtrip_1bp,0.0001,0.0,0.0357,0.0357,180,16.114295342465752,2.09153,14.022765342465751,23.362821147250557
BIL,0.25,939.1225,10,915.3,2840.1899999999996,0.24365830868709887,quoted_spread_roundtrip_1bp,0.0001,0.0,0.0357,0.0357,365,32.67621,2.09153,30.58468,23.362821147250557
BIL,0.25,939.1225,10,915.3,2840.1899999999996,0.24365830868709887,quoted_spread_roundtrip_1bp,0.0001,0.15,0.0357,0.030345,7,0.5326669849315069,2.09153,-1.5588630150684932,27.485671937941827
BIL,0.25,939.1225,10,915.3,2840.1899999999996,0.24365830868709887,quoted_spread_roundtrip_1bp,0.0001,0.15,0.0357,0.030345,14,1.0653339698630138,2.09153,-1.0261960301369863,27.485671937941827
BIL,0.25,939.1225,10,915.3,2840.1899999999996,0.24365830868709887,quoted_spread_roundtrip_1bp,0.0001,0.15,0.0357,0.030345,30,2.2828585068493155,2.09153,0.19132850684931535,27.485671937941827
BIL,0.25,939.1225,10,915.3,2840.1899999999996,0.24365830868709887,quoted_spread_roundtrip_1bp,0.0001,0.15,0.0357,0.030345,60,4.565717013698631,2.09153,2.474187013698631,27.485671937941827
BIL,0.25,939.1225,10,915.3,2840.1899999999996,0.24365830868709887,quoted_spread_roundtrip_1bp,0.0001,0.15,0.0357,0.030345,90,6.8485755205479455,2.09153,4.757045520547946,27.485671937941827
BIL,0.25,939.1225,10,915.3,2840.1899999999996,0.24365830868709887,quoted_spread_roundtrip_1bp,0.0001,0.15,0.0357,0.030345,180,13.697151041095891,2.09153,11.60562104109589,27.485671937941827
BIL,0.25,939.1225,10,915.3,2840.1899999999996,0.24365830868709887,quoted_spread_roundtrip_1bp,0.0001,0.15,0.0357,0.030345,365,27.774778500000004,2.09153,25.683248500000005,27.485671937941827
BIL,0.25,939.1225,10,915.3,2840.1899999999996,0.24365830868709887,quoted_spread_roundtrip_1bp,0.0001,0.3,0.0357,0.024990000000000002,7,0.43866692876712327,2.09153,-1.652863071232877,33.375458781786506
BIL,0.25,939.1225,10,915.3,2840.1899999999996,0.24365830868709887,quoted_spread_roundtrip_1bp,0.0001,0.3,0.0357,0.024990000000000002,14,0.8773338575342465,2.09153,-1.2141961424657537,33.375458781786506
BIL,0.25,939.1225,10,915.3,2840.1899999999996,0.24365830868709887,quoted_spread_roundtrip_1bp,0.0001,0.3,0.0357,0.024990000000000002,30,1.880001123287671,2.09153,-0.21152887671232912,33.375458781786506
BIL,0.25,939.1225,10,915.3,2840.1899999999996,0.24365830868709887,quoted_spread_roundtrip_1bp,0.0001,0.3,0.0357,0.024990000000000002,60,3.760002246575342,2.09153,1.6684722465753419,33.375458781786506
BIL,0.25,939.1225,10,915.3,2840.1899999999996,0.24365830868709887,quoted_spread_roundtrip_1bp,0.0001,0.3,0.0357,0.024990000000000002,90,5.640003369863013,2.09153,3.548473369863013,33.375458781786506
BIL,0.25,939.1225,10,915.3,2840.1899999999996,0.24365830868709887,quoted_spread_roundtrip_1bp,0.0001,0.3,0.0357,0.024990000000000002,180,11.280006739726026,2.09153,9.188476739726026,33.375458781786506
BIL,0.25,939.1225,10,915.3,2840.1899999999996,0.24365830868709887,quoted_spread_roundtrip_1bp,0.0001,0.3,0.0357,0.024990000000000002,365,22.873347,2.09153,20.781817,33.375458781786506
BIL,0.25,939.1225,10,915.3,2840.1899999999996,0.24365830868709887,strategy_stress_10bps_each_side,0.002,0.0,0.0357,0.0357,7,0.6266670410958903,3.8306,-3.20393295890411,42.788591455373805
BIL,0.25,939.1225,10,915.3,2840.1899999999996,0.24365830868709887,strategy_stress_10bps_each_side,0.002,0.0,0.0357,0.0357,14,1.2533340821917807,3.8306,-2.5772659178082193,42.788591455373805
BIL,0.25,939.1225,10,915.3,2840.1899999999996,0.24365830868709887,strategy_stress_10bps_each_side,0.002,0.0,0.0357,0.0357,30,2.685715890410959,3.8306,-1.1448841095890412,42.788591455373805
BIL,0.25,939.1225,10,915.3,2840.1899999999996,0.24365830868709887,strategy_stress_10bps_each_side,0.002,0.0,0.0357,0.0357,60,5.371431780821918,3.8306,1.5408317808219176,42.788591455373805
BIL,0.25,939.1225,10,915.3,2840.1899999999996,0.24365830868709887,strategy_stress_10bps_each_side,0.002,0.0,0.0357,0.0357,90,8.057147671232876,3.8306,4.226547671232876,42.788591455373805
BIL,0.25,939.1225,10,915.3,2840.1899999999996,0.24365830868709887,strategy_stress_10bps_each_side,0.002,0.0,0.0357,0.0357,180,16.114295342465752,3.8306,12.283695342465752,42.788591455373805
BIL,0.25,939.1225,10,915.3,2840.1899999999996,0.24365830868709887,strategy_stress_10bps_each_side,0.002,0.0,0.0357,0.0357,365,32.67621,3.8306,28.845609999999997,42.788591455373805
BIL,0.25,939.1225,10,915.3,2840.1899999999996,0.24365830868709887,strategy_stress_10bps_each_side,0.002,0.15,0.0357,0.030345,7,0.5326669849315069,3.8306,-3.297933015068493,50.33951935926329
BIL,0.25,939.1225,10,915.3,2840.1899999999996,0.24365830868709887,strategy_stress_10bps_each_side,0.002,0.15,0.0357,0.030345,14,1.0653339698630138,3.8306,-2.7652660301369862,50.33951935926329
BIL,0.25,939.1225,10,915.3,2840.1899999999996,0.24365830868709887,strategy_stress_10bps_each_side,0.002,0.15,0.0357,0.030345,30,2.2828585068493155,3.8306,-1.5477414931506845,50.33951935926329
BIL,0.25,939.1225,10,915.3,2840.1899999999996,0.24365830868709887,strategy_stress_10bps_each_side,0.002,0.15,0.0357,0.030345,60,4.565717013698631,3.8306,0.7351170136986309,50.33951935926329
BIL,0.25,939.1225,10,915.3,2840.1899999999996,0.24365830868709887,strategy_stress_10bps_each_side,0.002,0.15,0.0357,0.030345,90,6.8485755205479455,3.8306,3.0179755205479455,50.33951935926329
BIL,0.25,939.1225,10,915.3,2840.1899999999996,0.24365830868709887,strategy_stress_10bps_each_side,0.002,0.15,0.0357,0.030345,180,13.697151041095891,3.8306,9.86655104109589,50.33951935926329
BIL,0.25,939.1225,10,915.3,2840.1899999999996,0.24365830868709887,strategy_stress_10bps_each_side,0.002,0.15,0.0357,0.030345,365,27.774778500000004,3.8306,23.944178500000003,50.33951935926329
BIL,0.25,939.1225,10,915.3,2840.1899999999996,0.24365830868709887,strategy_stress_10bps_each_side,0.002,0.3,0.0357,0.024990000000000002,7,0.43866692876712327,3.8306,-3.391933071232877,61.12655922196258
BIL,0.25,939.1225,10,915.3,2840.1899999999996,0.24365830868709887,strategy_stress_10bps_each_side,0.002,0.3,0.0357,0.024990000000000002,14,0.8773338575342465,3.8306,-2.9532661424657536,61.12655922196258
BIL,0.25,939.1225,10,915.3,2840.1899999999996,0.24365830868709887,strategy_stress_10bps_each_side,0.002,0.3,0.0357,0.024990000000000002,30,1.880001123287671,3.8306,-1.950598876712329,61.12655922196258
BIL,0.25,939.1225,10,915.3,2840.1899999999996,0.24365830868709887,strategy_stress_10bps_each_side,0.002,0.3,0.0357,0.024990000000000002,60,3.760002246575342,3.8306,-0.07059775342465802,61.12655922196258
BIL,0.25,939.1225,10,915.3,2840.1899999999996,0.24365830868709887,strategy_stress_10bps_each_side,0.002,0.3,0.0357,0.024990000000000002,90,5.640003369863013,3.8306,1.8094033698630132,61.12655922196258
BIL,0.25,939.1225,10,915.3,2840.1899999999996,0.24365830868709887,strategy_stress_10bps_each_side,0.002,0.3,0.0357,0.024990000000000002,180,11.280006739726026,3.8306,7.449406739726026,61.12655922196258
BIL,0.25,939.1225,10,915.3,2840.1899999999996,0.24365830868709887,strategy_stress_10bps_each_side,0.002,0.3,0.0357,0.024990000000000002,365,22.873347,3.8306,19.042747,61.12655922196258
BIL,0.5,1878.245,20,1830.6,1924.8899999999999,0.48731661737419774,quoted_spread_roundtrip_1bp,0.0001,0.0,0.0357,0.0357,7,1.2533340821917807,2.1830600000000002,-0.9297259178082196,12.192615055417996
BIL,0.5,1878.245,20,1830.6,1924.8899999999999,0.48731661737419774,quoted_spread_roundtrip_1bp,0.0001,0.0,0.0357,0.0357,14,2.5066681643835613,2.1830600000000002,0.3236081643835611,12.192615055417996
BIL,0.5,1878.245,20,1830.6,1924.8899999999999,0.48731661737419774,quoted_spread_roundtrip_1bp,0.0001,0.0,0.0357,0.0357,30,5.371431780821918,2.1830600000000002,3.1883717808219174,12.192615055417996
BIL,0.5,1878.245,20,1830.6,1924.8899999999999,0.48731661737419774,quoted_spread_roundtrip_1bp,0.0001,0.0,0.0357,0.0357,60,10.742863561643835,2.1830600000000002,8.559803561643836,12.192615055417996
BIL,0.5,1878.245,20,1830.6,1924.8899999999999,0.48731661737419774,quoted_spread_roundtrip_1bp,0.0001,0.0,0.0357,0.0357,90,16.114295342465752,2.1830600000000002,13.931235342465751,12.192615055417996
BIL,0.5,1878.245,20,1830.6,1924.8899999999999,0.48731661737419774,quoted_spread_roundtrip_1bp,0.0001,0.0,0.0357,0.0357,180,32.228590684931504,2.1830600000000002,30.045530684931503,12.192615055417996
BIL,0.5,1878.245,20,1830.6,1924.8899999999999,0.48731661737419774,quoted_spread_roundtrip_1bp,0.0001,0.0,0.0357,0.0357,365,65.35242,2.1830600000000002,63.16936,12.192615055417996
BIL,0.5,1878.245,20,1830.6,1924.8899999999999,0.48731661737419774,quoted_spread_roundtrip_1bp,0.0001,0.15,0.0357,0.030345,7,1.0653339698630138,2.1830600000000002,-1.1177260301369865,14.34425300637411
BIL,0.5,1878.245,20,1830.6,1924.8899999999999,0.48731661737419774,quoted_spread_roundtrip_1bp,0.0001,0.15,0.0357,0.030345,14,2.1306679397260275,2.1830600000000002,-0.052392060273972696,14.34425300637411
BIL,0.5,1878.245,20,1830.6,1924.8899999999999,0.48731661737419774,quoted_spread_roundtrip_1bp,0.0001,0.15,0.0357,0.030345,30,4.565717013698631,2.1830600000000002,2.3826570136986307,14.34425300637411
BIL,0.5,1878.245,20,1830.6,1924.8899999999999,0.48731661737419774,quoted_spread_roundtrip_1bp,0.0001,0.15,0.0357,0.030345,60,9.131434027397262,2.1830600000000002,6.948374027397262,14.34425300637411
BIL,0.5,1878.245,20,1830.6,1924.8899999999999,0.48731661737419774,quoted_spread_roundtrip_1bp,0.0001,0.15,0.0357,0.030345,90,13.697151041095891,2.1830600000000002,11.514091041095892,14.34425300637411
BIL,0.5,1878.245,20,1830.6,1924.8899999999999,0.48731661737419774,quoted_spread_roundtrip_1bp,0.0001,0.15,0.0357,0.030345,180,27.394302082191782,2.1830600000000002,25.21124208219178,14.34425300637411
BIL,0.5,1878.245,20,1830.6,1924.8899999999999,0.48731661737419774,quoted_spread_roundtrip_1bp,0.0001,0.15,0.0357,0.030345,365,55.54955700000001,2.1830600000000002,53.36649700000001,14.34425300637411
BIL,0.5,1878.245,20,1830.6,1924.8899999999999,0.48731661737419774,quoted_spread_roundtrip_1bp,0.0001,0.3,0.0357,0.024990000000000002,7,0.8773338575342465,2.1830600000000002,-1.3057261424657538,17.418021507739994
BIL,0.5,1878.245,20,1830.6,1924.8899999999999,0.48731661737419774,quoted_spread_roundtrip_1bp,0.0001,0.3,0.0357,0.024990000000000002,14,1.754667715068493,2.1830600000000002,-0.42839228493150716,17.418021507739994
BIL,0.5,1878.245,20,1830.6,1924.8899999999999,0.48731661737419774,quoted_spread_roundtrip_1bp,0.0001,0.3,0.0357,0.024990000000000002,30,3.760002246575342,2.1830600000000002,1.5769422465753418,17.418021507739994
BIL,0.5,1878.245,20,1830.6,1924.8899999999999,0.48731661737419774,quoted_spread_roundtrip_1bp,0.0001,0.3,0.0357,0.024990000000000002,60,7.520004493150684,2.1830600000000002,5.336944493150684,17.418021507739994
BIL,0.5,1878.245,20,1830.6,1924.8899999999999,0.48731661737419774,quoted_spread_roundtrip_1bp,0.0001,0.3,0.0357,0.024990000000000002,90,11.280006739726026,2.1830600000000002,9.096946739726025,17.418021507739994
BIL,0.5,1878.245,20,1830.6,1924.8899999999999,0.48731661737419774,quoted_spread_roundtrip_1bp,0.0001,0.3,0.0357,0.024990000000000002,180,22.560013479452053,2.1830600000000002,20.37695347945205,17.418021507739994
BIL,0.5,1878.245,20,1830.6,1924.8899999999999,0.48731661737419774,quoted_spread_roundtrip_1bp,0.0001,0.3,0.0357,0.024990000000000002,365,45.746694,2.1830600000000002,43.563634,17.418021507739994
BIL,0.5,1878.245,20,1830.6,1924.8899999999999,0.48731661737419774,strategy_stress_10bps_each_side,0.002,0.0,0.0357,0.0357,7,1.2533340821917807,5.6612,-4.40786591780822,31.618385363541247
BIL,0.5,1878.245,20,1830.6,1924.8899999999999,0.48731661737419774,strategy_stress_10bps_each_side,0.002,0.0,0.0357,0.0357,14,2.5066681643835613,5.6612,-3.1545318356164387,31.618385363541247
BIL,0.5,1878.245,20,1830.6,1924.8899999999999,0.48731661737419774,strategy_stress_10bps_each_side,0.002,0.0,0.0357,0.0357,30,5.371431780821918,5.6612,-0.2897682191780824,31.618385363541247
BIL,0.5,1878.245,20,1830.6,1924.8899999999999,0.48731661737419774,strategy_stress_10bps_each_side,0.002,0.0,0.0357,0.0357,60,10.742863561643835,5.6612,5.081663561643835,31.618385363541247
BIL,0.5,1878.245,20,1830.6,1924.8899999999999,0.48731661737419774,strategy_stress_10bps_each_side,0.002,0.0,0.0357,0.0357,90,16.114295342465752,5.6612,10.453095342465751,31.618385363541247
BIL,0.5,1878.245,20,1830.6,1924.8899999999999,0.48731661737419774,strategy_stress_10bps_each_side,0.002,0.0,0.0357,0.0357,180,32.228590684931504,5.6612,26.567390684931503,31.618385363541247
BIL,0.5,1878.245,20,1830.6,1924.8899999999999,0.48731661737419774,strategy_stress_10bps_each_side,0.002,0.0,0.0357,0.0357,365,65.35242,5.6612,59.691219999999994,31.618385363541247
BIL,0.5,1878.245,20,1830.6,1924.8899999999999,0.48731661737419774,strategy_stress_10bps_each_side,0.002,0.15,0.0357,0.030345,7,1.0653339698630138,5.6612,-4.595866030136986,37.19810042769558
BIL,0.5,1878.245,20,1830.6,1924.8899999999999,0.48731661737419774,strategy_stress_10bps_each_side,0.002,0.15,0.0357,0.030345,14,2.1306679397260275,5.6612,-3.5305320602739725,37.19810042769558
BIL,0.5,1878.245,20,1830.6,1924.8899999999999,0.48731661737419774,strategy_stress_10bps_each_side,0.002,0.15,0.0357,0.030345,30,4.565717013698631,5.6612,-1.095482986301369,37.19810042769558
BIL,0.5,1878.245,20,1830.6,1924.8899999999999,0.48731661737419774,strategy_stress_10bps_each_side,0.002,0.15,0.0357,0.030345,60,9.131434027397262,5.6612,3.470234027397262,37.19810042769558
BIL,0.5,1878.245,20,1830.6,1924.8899999999999,0.48731661737419774,strategy_stress_10bps_each_side,0.002,0.15,0.0357,0.030345,90,13.697151041095891,5.6612,8.035951041095892,37.19810042769558
BIL,0.5,1878.245,20,1830.6,1924.8899999999999,0.48731661737419774,strategy_stress_10bps_each_side,0.002,0.15,0.0357,0.030345,180,27.394302082191782,5.6612,21.73310208219178,37.19810042769558
BIL,0.5,1878.245,20,1830.6,1924.8899999999999,0.48731661737419774,strategy_stress_10bps_each_side,0.002,0.15,0.0357,0.030345,365,55.54955700000001,5.6612,49.888357000000006,37.19810042769558
BIL,0.5,1878.245,20,1830.6,1924.8899999999999,0.48731661737419774,strategy_stress_10bps_each_side,0.002,0.3,0.0357,0.024990000000000002,7,0.8773338575342465,5.6612,-4.783866142465754,45.16912194791607
BIL,0.5,1878.245,20,1830.6,1924.8899999999999,0.48731661737419774,strategy_stress_10bps_each_side,0.002,0.3,0.0357,0.024990000000000002,14,1.754667715068493,5.6612,-3.906532284931507,45.16912194791607
BIL,0.5,1878.245,20,1830.6,1924.8899999999999,0.48731661737419774,strategy_stress_10bps_each_side,0.002,0.3,0.0357,0.024990000000000002,30,3.760002246575342,5.6612,-1.901197753424658,45.16912194791607
BIL,0.5,1878.245,20,1830.6,1924.8899999999999,0.48731661737419774,strategy_stress_10bps_each_side,0.002,0.3,0.0357,0.024990000000000002,60,7.520004493150684,5.6612,1.858804493150684,45.16912194791607
BIL,0.5,1878.245,20,1830.6,1924.8899999999999,0.48731661737419774,strategy_stress_10bps_each_side,0.002,0.3,0.0357,0.024990000000000002,90,11.280006739726026,5.6612,5.618806739726026,45.16912194791607
BIL,0.5,1878.245,20,1830.6,1924.8899999999999,0.48731661737419774,strategy_stress_10bps_each_side,0.002,0.3,0.0357,0.024990000000000002,180,22.560013479452053,5.6612,16.898813479452052,45.16912194791607
BIL,0.5,1878.245,20,1830.6,1924.8899999999999,0.48731661737419774,strategy_stress_10bps_each_side,0.002,0.3,0.0357,0.024990000000000002,365,45.746694,5.6612,40.085494,45.16912194791607
BIL,0.75,2817.3675,30,2745.9,1009.5899999999997,0.7309749260612967,quoted_spread_roundtrip_1bp,0.0001,0.0,0.0357,0.0357,7,1.8800011232876712,2.27459,-0.3945888767123287,8.46921302480714
BIL,0.75,2817.3675,30,2745.9,1009.5899999999997,0.7309749260612967,quoted_spread_roundtrip_1bp,0.0001,0.0,0.0357,0.0357,14,3.7600022465753424,2.27459,1.4854122465753425,8.46921302480714
BIL,0.75,2817.3675,30,2745.9,1009.5899999999997,0.7309749260612967,quoted_spread_roundtrip_1bp,0.0001,0.0,0.0357,0.0357,30,8.057147671232878,2.27459,5.782557671232878,8.46921302480714
BIL,0.75,2817.3675,30,2745.9,1009.5899999999997,0.7309749260612967,quoted_spread_roundtrip_1bp,0.0001,0.0,0.0357,0.0357,60,16.114295342465756,2.27459,13.839705342465756,8.46921302480714
BIL,0.75,2817.3675,30,2745.9,1009.5899999999997,0.7309749260612967,quoted_spread_roundtrip_1bp,0.0001,0.0,0.0357,0.0357,90,24.17144301369863,2.27459,21.89685301369863,8.46921302480714
BIL,0.75,2817.3675,30,2745.9,1009.5899999999997,0.7309749260612967,quoted_spread_roundtrip_1bp,0.0001,0.0,0.0357,0.0357,180,48.34288602739726,2.27459,46.06829602739727,8.46921302480714
BIL,0.75,2817.3675,30,2745.9,1009.5899999999997,0.7309749260612967,quoted_spread_roundtrip_1bp,0.0001,0.0,0.0357,0.0357,365,98.02863,2.27459,95.75404,8.46921302480714
BIL,0.75,2817.3675,30,2745.9,1009.5899999999997,0.7309749260612967,quoted_spread_roundtrip_1bp,0.0001,0.15,0.0357,0.030345,7,1.5980009547945206,2.27459,-0.6765890452054792,9.963780029184871
BIL,0.75,2817.3675,30,2745.9,1009.5899999999997,0.7309749260612967,quoted_spread_roundtrip_1bp,0.0001,0.15,0.0357,0.030345,14,3.1960019095890413,2.27459,0.9214119095890414,9.963780029184871
BIL,0.75,2817.3675,30,2745.9,1009.5899999999997,0.7309749260612967,quoted_spread_roundtrip_1bp,0.0001,0.15,0.0357,0.030345,30,6.8485755205479455,2.27459,4.573985520547946,9.963780029184871
BIL,0.75,2817.3675,30,2745.9,1009.5899999999997,0.7309749260612967,quoted_spread_roundtrip_1bp,0.0001,0.15,0.0357,0.030345,60,13.697151041095891,2.27459,11.422561041095891,9.963780029184871
BIL,0.75,2817.3675,30,2745.9,1009.5899999999997,0.7309749260612967,quoted_spread_roundtrip_1bp,0.0001,0.15,0.0357,0.030345,90,20.545726561643836,2.27459,18.271136561643836,9.963780029184871
BIL,0.75,2817.3675,30,2745.9,1009.5899999999997,0.7309749260612967,quoted_spread_roundtrip_1bp,0.0001,0.15,0.0357,0.030345,180,41.09145312328767,2.27459,38.816863123287675,9.963780029184871
BIL,0.75,2817.3675,30,2745.9,1009.5899999999997,0.7309749260612967,quoted_spread_roundtrip_1bp,0.0001,0.15,0.0357,0.030345,365,83.3243355,2.27459,81.0497455,9.963780029184871
BIL,0.75,2817.3675,30,2745.9,1009.5899999999997,0.7309749260612967,quoted_spread_roundtrip_1bp,0.0001,0.3,0.0357,0.024990000000000002,7,1.3160007863013699,2.27459,-0.95858921369863,12.098875749724487
BIL,0.75,2817.3675,30,2745.9,1009.5899999999997,0.7309749260612967,quoted_spread_roundtrip_1bp,0.0001,0.3,0.0357,0.024990000000000002,14,2.6320015726027397,2.27459,0.3574115726027398,12.098875749724487
BIL,0.75,2817.3675,30,2745.9,1009.5899999999997,0.7309749260612967,quoted_spread_roundtrip_1bp,0.0001,0.3,0.0357,0.024990000000000002,30,5.640003369863013,2.27459,3.3654133698630133,12.098875749724487
BIL,0.75,2817.3675,30,2745.9,1009.5899999999997,0.7309749260612967,quoted_spread_roundtrip_1bp,0.0001,0.3,0.0357,0.024990000000000002,60,11.280006739726026,2.27459,9.005416739726027,12.098875749724487
BIL,0.75,2817.3675,30,2745.9,1009.5899999999997,0.7309749260612967,quoted_spread_roundtrip_1bp,0.0001,0.3,0.0357,0.024990000000000002,90,16.92001010958904,2.27459,14.64542010958904,12.098875749724487
BIL,0.75,2817.3675,30,2745.9,1009.5899999999997,0.7309749260612967,quoted_spread_roundtrip_1bp,0.0001,0.3,0.0357,0.024990000000000002,180,33.84002021917808,2.27459,31.56543021917808,12.098875749724487
BIL,0.75,2817.3675,30,2745.9,1009.5899999999997,0.7309749260612967,quoted_spread_roundtrip_1bp,0.0001,0.3,0.0357,0.024990000000000002,365,68.620041,2.27459,66.345451,12.098875749724487
BIL,0.75,2817.3675,30,2745.9,1009.5899999999997,0.7309749260612967,strategy_stress_10bps_each_side,0.002,0.0,0.0357,0.0357,7,1.8800011232876712,7.4918000000000005,-5.61179887671233,27.89498333293039
BIL,0.75,2817.3675,30,2745.9,1009.5899999999997,0.7309749260612967,strategy_stress_10bps_each_side,0.002,0.0,0.0357,0.0357,14,3.7600022465753424,7.4918000000000005,-3.731797753424658,27.89498333293039
BIL,0.75,2817.3675,30,2745.9,1009.5899999999997,0.7309749260612967,strategy_stress_10bps_each_side,0.002,0.0,0.0357,0.0357,30,8.057147671232878,7.4918000000000005,0.5653476712328773,27.89498333293039
BIL,0.75,2817.3675,30,2745.9,1009.5899999999997,0.7309749260612967,strategy_stress_10bps_each_side,0.002,0.0,0.0357,0.0357,60,16.114295342465756,7.4918000000000005,8.622495342465754,27.89498333293039
BIL,0.75,2817.3675,30,2745.9,1009.5899999999997,0.7309749260612967,strategy_stress_10bps_each_side,0.002,0.0,0.0357,0.0357,90,24.17144301369863,7.4918000000000005,16.67964301369863,27.89498333293039
BIL,0.75,2817.3675,30,2745.9,1009.5899999999997,0.7309749260612967,strategy_stress_10bps_each_side,0.002,0.0,0.0357,0.0357,180,48.34288602739726,7.4918000000000005,40.851086027397265,27.89498333293039
BIL,0.75,2817.3675,30,2745.9,1009.5899999999997,0.7309749260612967,strategy_stress_10bps_each_side,0.002,0.0,0.0357,0.0357,365,98.02863,7.4918000000000005,90.53683000000001,27.89498333293039
BIL,0.75,2817.3675,30,2745.9,1009.5899999999997,0.7309749260612967,strategy_stress_10bps_each_side,0.002,0.15,0.0357,0.030345,7,1.5980009547945206,7.4918000000000005,-5.89379904520548,32.81762745050634
BIL,0.75,2817.3675,30,2745.9,1009.5899999999997,0.7309749260612967,strategy_stress_10bps_each_side,0.002,0.15,0.0357,0.030345,14,3.1960019095890413,7.4918000000000005,-4.295798090410959,32.81762745050634
BIL,0.75,2817.3675,30,2745.9,1009.5899999999997,0.7309749260612967,strategy_stress_10bps_each_side,0.002,0.15,0.0357,0.030345,30,6.8485755205479455,7.4918000000000005,-0.643224479452055,32.81762745050634
BIL,0.75,2817.3675,30,2745.9,1009.5899999999997,0.7309749260612967,strategy_stress_10bps_each_side,0.002,0.15,0.0357,0.030345,60,13.697151041095891,7.4918000000000005,6.2053510410958905,32.81762745050634
BIL,0.75,2817.3675,30,2745.9,1009.5899999999997,0.7309749260612967,strategy_stress_10bps_each_side,0.002,0.15,0.0357,0.030345,90,20.545726561643836,7.4918000000000005,13.053926561643834,32.81762745050634
BIL,0.75,2817.3675,30,2745.9,1009.5899999999997,0.7309749260612967,strategy_stress_10bps_each_side,0.002,0.15,0.0357,0.030345,180,41.09145312328767,7.4918000000000005,33.59965312328767,32.81762745050634
BIL,0.75,2817.3675,30,2745.9,1009.5899999999997,0.7309749260612967,strategy_stress_10bps_each_side,0.002,0.15,0.0357,0.030345,365,83.3243355,7.4918000000000005,75.8325355,32.81762745050634
BIL,0.75,2817.3675,30,2745.9,1009.5899999999997,0.7309749260612967,strategy_stress_10bps_each_side,0.002,0.3,0.0357,0.024990000000000002,7,1.3160007863013699,7.4918000000000005,-6.175799213698631,39.84997618990056
BIL,0.75,2817.3675,30,2745.9,1009.5899999999997,0.7309749260612967,strategy_stress_10bps_each_side,0.002,0.3,0.0357,0.024990000000000002,14,2.6320015726027397,7.4918000000000005,-4.85979842739726,39.84997618990056
BIL,0.75,2817.3675,30,2745.9,1009.5899999999997,0.7309749260612967,strategy_stress_10bps_each_side,0.002,0.3,0.0357,0.024990000000000002,30,5.640003369863013,7.4918000000000005,-1.8517966301369873,39.84997618990056
BIL,0.75,2817.3675,30,2745.9,1009.5899999999997,0.7309749260612967,strategy_stress_10bps_each_side,0.002,0.3,0.0357,0.024990000000000002,60,11.280006739726026,7.4918000000000005,3.788206739726026,39.84997618990056
BIL,0.75,2817.3675,30,2745.9,1009.5899999999997,0.7309749260612967,strategy_stress_10bps_each_side,0.002,0.3,0.0357,0.024990000000000002,90,16.92001010958904,7.4918000000000005,9.428210109589038,39.84997618990056
BIL,0.75,2817.3675,30,2745.9,1009.5899999999997,0.7309749260612967,strategy_stress_10bps_each_side,0.002,0.3,0.0357,0.024990000000000002,180,33.84002021917808,7.4918000000000005,26.348220219178078,39.84997618990056
BIL,0.75,2817.3675,30,2745.9,1009.5899999999997,0.7309749260612967,strategy_stress_10bps_each_side,0.002,0.3,0.0357,0.024990000000000002,365,68.620041,7.4918000000000005,61.128241,39.84997618990056
BIL,1.0,3756.49,41,3752.73,2.7599999999997635,0.9989990656171054,quoted_spread_roundtrip_1bp,0.0001,0.0,0.0357,0.0357,7,2.5693348684931507,2.375273,0.19406186849315077,6.471289983991561
BIL,1.0,3756.49,41,3752.73,2.7599999999997635,0.9989990656171054,quoted_spread_roundtrip_1bp,0.0001,0.0,0.0357,0.0357,14,5.1386697369863015,2.375273,2.7633967369863015,6.471289983991561
BIL,1.0,3756.49,41,3752.73,2.7599999999997635,0.9989990656171054,quoted_spread_roundtrip_1bp,0.0001,0.0,0.0357,0.0357,30,11.011435150684932,2.375273,8.636162150684932,6.471289983991561
BIL,1.0,3756.49,41,3752.73,2.7599999999997635,0.9989990656171054,quoted_spread_roundtrip_1bp,0.0001,0.0,0.0357,0.0357,60,22.022870301369863,2.375273,19.647597301369863,6.471289983991561
BIL,1.0,3756.49,41,3752.73,2.7599999999997635,0.9989990656171054,quoted_spread_roundtrip_1bp,0.0001,0.0,0.0357,0.0357,90,33.034305452054795,2.375273,30.659032452054795,6.471289983991561
BIL,1.0,3756.49,41,3752.73,2.7599999999997635,0.9989990656171054,quoted_spread_roundtrip_1bp,0.0001,0.0,0.0357,0.0357,180,66.06861090410959,2.375273,63.69333790410959,6.471289983991561
BIL,1.0,3756.49,41,3752.73,2.7599999999997635,0.9989990656171054,quoted_spread_roundtrip_1bp,0.0001,0.0,0.0357,0.0357,365,133.972461,2.375273,131.59718800000002,6.471289983991561
BIL,1.0,3756.49,41,3752.73,2.7599999999997635,0.9989990656171054,quoted_spread_roundtrip_1bp,0.0001,0.15,0.0357,0.030345,7,2.183934638219178,2.375273,-0.19133836178082175,7.613282334107718
BIL,1.0,3756.49,41,3752.73,2.7599999999997635,0.9989990656171054,quoted_spread_roundtrip_1bp,0.0001,0.15,0.0357,0.030345,14,4.367869276438356,2.375273,1.9925962764383565,7.613282334107718
BIL,1.0,3756.49,41,3752.73,2.7599999999997635,0.9989990656171054,quoted_spread_roundtrip_1bp,0.0001,0.15,0.0357,0.030345,30,9.359719878082192,2.375273,6.984446878082192,7.613282334107718
BIL,1.0,3756.49,41,3752.73,2.7599999999997635,0.9989990656171054,quoted_spread_roundtrip_1bp,0.0001,0.15,0.0357,0.030345,60,18.719439756164384,2.375273,16.344166756164384,7.613282334107718
BIL,1.0,3756.49,41,3752.73,2.7599999999997635,0.9989990656171054,quoted_spread_roundtrip_1bp,0.0001,0.15,0.0357,0.030345,90,28.079159634246576,2.375273,25.703886634246576,7.613282334107718
BIL,1.0,3756.49,41,3752.73,2.7599999999997635,0.9989990656171054,quoted_spread_roundtrip_1bp,0.0001,0.15,0.0357,0.030345,180,56.15831926849315,2.375273,53.78304626849315,7.613282334107718
BIL,1.0,3756.49,41,3752.73,2.7599999999997635,0.9989990656171054,quoted_spread_roundtrip_1bp,0.0001,0.15,0.0357,0.030345,365,113.87659185,2.375273,111.50131884999999,7.613282334107718
BIL,1.0,3756.49,41,3752.73,2.7599999999997635,0.9989990656171054,quoted_spread_roundtrip_1bp,0.0001,0.3,0.0357,0.024990000000000002,7,1.7985344079452057,2.375273,-0.5767385920547943,9.2446999771308
BIL,1.0,3756.49,41,3752.73,2.7599999999997635,0.9989990656171054,quoted_spread_roundtrip_1bp,0.0001,0.3,0.0357,0.024990000000000002,14,3.5970688158904114,2.375273,1.2217958158904114,9.2446999771308
BIL,1.0,3756.49,41,3752.73,2.7599999999997635,0.9989990656171054,quoted_spread_roundtrip_1bp,0.0001,0.3,0.0357,0.024990000000000002,30,7.708004605479453,2.375273,5.332731605479453,9.2446999771308
BIL,1.0,3756.49,41,3752.73,2.7599999999997635,0.9989990656171054,quoted_spread_roundtrip_1bp,0.0001,0.3,0.0357,0.024990000000000002,60,15.416009210958906,2.375273,13.040736210958906,9.2446999771308
BIL,1.0,3756.49,41,3752.73,2.7599999999997635,0.9989990656171054,quoted_spread_roundtrip_1bp,0.0001,0.3,0.0357,0.024990000000000002,90,23.12401381643836,2.375273,20.74874081643836,9.2446999771308
BIL,1.0,3756.49,41,3752.73,2.7599999999997635,0.9989990656171054,quoted_spread_roundtrip_1bp,0.0001,0.3,0.0357,0.024990000000000002,180,46.24802763287672,2.375273,43.87275463287672,9.2446999771308
BIL,1.0,3756.49,41,3752.73,2.7599999999997635,0.9989990656171054,quoted_spread_roundtrip_1bp,0.0001,0.3,0.0357,0.024990000000000002,365,93.78072270000001,2.375273,91.40544970000002,9.2446999771308
BIL,1.0,3756.49,41,3752.73,2.7599999999997635,0.9989990656171054,strategy_stress_10bps_each_side,0.002,0.0,0.0357,0.0357,7,2.5693348684931507,9.50546,-6.936125131506849,25.89706029211481
BIL,1.0,3756.49,41,3752.73,2.7599999999997635,0.9989990656171054,strategy_stress_10bps_each_side,0.002,0.0,0.0357,0.0357,14,5.1386697369863015,9.50546,-4.366790263013698,25.89706029211481
BIL,1.0,3756.49,41,3752.73,2.7599999999997635,0.9989990656171054,strategy_stress_10bps_each_side,0.002,0.0,0.0357,0.0357,30,11.011435150684932,9.50546,1.5059751506849324,25.89706029211481
BIL,1.0,3756.49,41,3752.73,2.7599999999997635,0.9989990656171054,strategy_stress_10bps_each_side,0.002,0.0,0.0357,0.0357,60,22.022870301369863,9.50546,12.517410301369864,25.89706029211481
BIL,1.0,3756.49,41,3752.73,2.7599999999997635,0.9989990656171054,strategy_stress_10bps_each_side,0.002,0.0,0.0357,0.0357,90,33.034305452054795,9.50546,23.528845452054796,25.89706029211481
BIL,1.0,3756.49,41,3752.73,2.7599999999997635,0.9989990656171054,strategy_stress_10bps_each_side,0.002,0.0,0.0357,0.0357,180,66.06861090410959,9.50546,56.56315090410959,25.89706029211481
BIL,1.0,3756.49,41,3752.73,2.7599999999997635,0.9989990656171054,strategy_stress_10bps_each_side,0.002,0.0,0.0357,0.0357,365,133.972461,9.50546,124.46700100000001,25.89706029211481
BIL,1.0,3756.49,41,3752.73,2.7599999999997635,0.9989990656171054,strategy_stress_10bps_each_side,0.002,0.15,0.0357,0.030345,7,2.183934638219178,9.50546,-7.321525361780822,30.467129755429188
BIL,1.0,3756.49,41,3752.73,2.7599999999997635,0.9989990656171054,strategy_stress_10bps_each_side,0.002,0.15,0.0357,0.030345,14,4.367869276438356,9.50546,-5.137590723561643,30.467129755429188
BIL,1.0,3756.49,41,3752.73,2.7599999999997635,0.9989990656171054,strategy_stress_10bps_each_side,0.002,0.15,0.0357,0.030345,30,9.359719878082192,9.50546,-0.14574012191780739,30.467129755429188
BIL,1.0,3756.49,41,3752.73,2.7599999999997635,0.9989990656171054,strategy_stress_10bps_each_side,0.002,0.15,0.0357,0.030345,60,18.719439756164384,9.50546,9.213979756164385,30.467129755429188
BIL,1.0,3756.49,41,3752.73,2.7599999999997635,0.9989990656171054,strategy_stress_10bps_each_side,0.002,0.15,0.0357,0.030345,90,28.079159634246576,9.50546,18.573699634246577,30.467129755429188
BIL,1.0,3756.49,41,3752.73,2.7599999999997635,0.9989990656171054,strategy_stress_10bps_each_side,0.002,0.15,0.0357,0.030345,180,56.15831926849315,9.50546,46.65285926849315,30.467129755429188
BIL,1.0,3756.49,41,3752.73,2.7599999999997635,0.9989990656171054,strategy_stress_10bps_each_side,0.002,0.15,0.0357,0.030345,365,113.87659185,9.50546,104.37113185,30.467129755429188
BIL,1.0,3756.49,41,3752.73,2.7599999999997635,0.9989990656171054,strategy_stress_10bps_each_side,0.002,0.3,0.0357,0.024990000000000002,7,1.7985344079452057,9.50546,-7.706925592054794,36.99580041730686
BIL,1.0,3756.49,41,3752.73,2.7599999999997635,0.9989990656171054,strategy_stress_10bps_each_side,0.002,0.3,0.0357,0.024990000000000002,14,3.5970688158904114,9.50546,-5.908391184109588,36.99580041730686
BIL,1.0,3756.49,41,3752.73,2.7599999999997635,0.9989990656171054,strategy_stress_10bps_each_side,0.002,0.3,0.0357,0.024990000000000002,30,7.708004605479453,9.50546,-1.7974553945205463,36.99580041730686
BIL,1.0,3756.49,41,3752.73,2.7599999999997635,0.9989990656171054,strategy_stress_10bps_each_side,0.002,0.3,0.0357,0.024990000000000002,60,15.416009210958906,9.50546,5.910549210958907,36.99580041730686
BIL,1.0,3756.49,41,3752.73,2.7599999999997635,0.9989990656171054,strategy_stress_10bps_each_side,0.002,0.3,0.0357,0.024990000000000002,90,23.12401381643836,9.50546,13.61855381643836,36.99580041730686
BIL,1.0,3756.49,41,3752.73,2.7599999999997635,0.9989990656171054,strategy_stress_10bps_each_side,0.002,0.3,0.0357,0.024990000000000002,180,46.24802763287672,9.50546,36.74256763287672,36.99580041730686
BIL,1.0,3756.49,41,3752.73,2.7599999999997635,0.9989990656171054,strategy_stress_10bps_each_side,0.002,0.3,0.0357,0.024990000000000002,365,93.78072270000001,9.50546,84.27526270000001,36.99580041730686
