variant,missing_mode,period,total_return,cagr,annual_volatility,sharpe,sortino,max_drawdown,calmar,monthly_win_rate,daily_es_5,annual_turnover,average_exposure
baseline,zero_return,development_2006_2014,-0.3290068563381152,-0.04342075826357239,0.17937956152772205,-0.15719329844891244,-0.2258983128708375,-0.6059464688579967,-0.07165774617913984,0.3611111111111111,-0.030419963105568788,38.595496688741726,0.5920529801324503
baseline_mapped_25pct,zero_return,development_2006_2014,-0.06985261243221574,-0.008024093082807049,0.04484489038193051,-0.15719329844891244,-0.2258983128708375,-0.19756389585094614,-0.04061517944989756,0.3611111111111111,-0.007604990776392197,9.648874172185431,0.14801324503311258
baseline,zero_return,validation_2015_2019,-0.19406172629893015,-0.04229762727960695,0.1622934409405949,-0.18474618701061024,-0.2729688050544771,-0.37551413725056426,-0.11263924066694614,0.43333333333333335,-0.02650052634287369,45.43211446740859,0.7782193958664547
baseline_mapped_25pct,zero_return,validation_2015_2019,-0.04068290340597969,-0.00828541249913406,0.04057336023514872,-0.18474618701061024,-0.2729688050544771,-0.10870725865093767,-0.07621765650202598,0.45,-0.006625131585718423,11.358028616852147,0.19455484896661368
baseline,zero_return,final_2020_2025,0.3704488510445685,0.05411053449525993,0.2482106957182841,0.3373848722312113,0.5110550755612145,-0.35039553930786593,0.15442700726768419,0.375,-0.03946960211062303,46.620836098208365,0.7199734571997346
baseline_mapped_25pct,zero_return,final_2020_2025,0.12037288357679721,0.019188217889173798,0.06205267392957103,0.3373848722312113,0.5110550755612145,-0.0938500672183118,0.20445609105999488,0.375,-0.009867400527655758,11.655209024552091,0.17999336429993365
baseline,zero_return,full_2006_2025,-0.2588899642165803,-0.014898000465253136,0.19885997589643903,0.024607922869531583,0.03630574257256497,-0.6495798817303351,-0.02293482431378294,0.38333333333333336,-0.032639882696984444,42.70974155069583,0.6769383697813122
baseline_mapped_25pct,zero_return,full_2006_2025,-0.0002842274429557534,-1.424154799056776e-05,0.04971499397410976,0.024607922869531583,0.03630574257256497,-0.20632837937754134,-6.902369918055946e-05,0.3875,-0.008159970674246111,10.677435387673958,0.16923459244532804
baseline,minus_100pct,development_2006_2014,-0.3290068563381152,-0.04342075826357239,0.17937956152772205,-0.15719329844891244,-0.2258983128708375,-0.6059464688579967,-0.07165774617913984,0.3611111111111111,-0.030419963105568788,38.595496688741726,0.5920529801324503
baseline_mapped_25pct,minus_100pct,development_2006_2014,-0.06985261243221574,-0.008024093082807049,0.04484489038193051,-0.15719329844891244,-0.2258983128708375,-0.19756389585094614,-0.04061517944989756,0.3611111111111111,-0.007604990776392197,9.648874172185431,0.14801324503311258
baseline,minus_100pct,validation_2015_2019,-0.19406172629893015,-0.04229762727960695,0.1622934409405949,-0.18474618701061024,-0.2729688050544771,-0.37551413725056426,-0.11263924066694614,0.43333333333333335,-0.02650052634287369,45.43211446740859,0.7782193958664547
baseline_mapped_25pct,minus_100pct,validation_2015_2019,-0.04068290340597969,-0.00828541249913406,0.04057336023514872,-0.18474618701061024,-0.2729688050544771,-0.10870725865093767,-0.07621765650202598,0.45,-0.006625131585718423,11.358028616852147,0.19455484896661368
baseline,minus_100pct,final_2020_2025,0.3704488510445685,0.05411053449525993,0.2482106957182841,0.3373848722312113,0.5110550755612145,-0.35039553930786593,0.15442700726768419,0.375,-0.03946960211062303,46.620836098208365,0.7199734571997346
baseline_mapped_25pct,minus_100pct,final_2020_2025,0.12037288357679721,0.019188217889173798,0.06205267392957103,0.3373848722312113,0.5110550755612145,-0.0938500672183118,0.20445609105999488,0.375,-0.009867400527655758,11.655209024552091,0.17999336429993365
baseline,minus_100pct,full_2006_2025,-0.2588899642165803,-0.014898000465253136,0.19885997589643903,0.024607922869531583,0.03630574257256497,-0.6495798817303351,-0.02293482431378294,0.38333333333333336,-0.032639882696984444,42.70974155069583,0.6769383697813122
baseline_mapped_25pct,minus_100pct,full_2006_2025,-0.0002842274429557534,-1.424154799056776e-05,0.04971499397410976,0.024607922869531583,0.03630574257256497,-0.20632837937754134,-6.902369918055946e-05,0.3875,-0.008159970674246111,10.677435387673958,0.16923459244532804
rv40,zero_return,development_2006_2014,-0.12078675482047951,-0.014219962136652109,0.1607794732672867,-0.008318346279275895,-0.012069692750816922,-0.46491400172357733,-0.030586220427722962,0.35185185185185186,-0.027025352386797253,37.894569536423845,0.5920529801324503
rv40_mapped_25pct,zero_return,development_2006_2014,-0.01022109770162849,-0.0011423802469948674,0.040194868316821675,-0.008318346279275895,-0.012069692750816922,-0.13939299341197497,-0.008195392171675165,0.37962962962962965,-0.006756338096699313,9.473642384105961,0.14801324503311258
rv40,zero_return,validation_2015_2019,-0.2577118244017661,-0.057951298932682804,0.1560115946803701,-0.30420614629931775,-0.4477157041177607,-0.36549957596095395,-0.15855366939980717,0.4166666666666667,-0.025670115091185393,44.95135135135135,0.7782193958664547
rv40_mapped_25pct,zero_return,validation_2015_2019,-0.06108811576878248,-0.012547388123488101,0.039002898670092524,-0.30420614629931775,-0.4477157041177607,-0.09904600331300495,-0.12668242739523647,0.4166666666666667,-0.006417528772796348,11.237837837837837,0.19455484896661368
rv40,zero_return,final_2020_2025,-0.07931852026456576,-0.013724175412278328,0.19746692863998533,0.02922913558724159,0.04382588799881228,-0.44771687690655093,-0.03065369236715838,0.3888888888888889,-0.032104282660890306,47.95859323158594,0.7199734571997346
rv40_mapped_25pct,zero_return,final_2020_2025,0.0013348431331072774,0.00022308802678505657,0.04936673215999633,0.02922913558724159,0.04382588799881228,-0.12762018872404868,0.0017480621915348883,0.4166666666666667,-0.008026070665222576,11.989648307896484,0.17999336429993365
rv40,zero_return,full_2006_2025,-0.3991360180877458,-0.02519708740286919,0.17149875390031635,-0.06263972831298405,-0.0921886915980885,-0.6342665984905929,-0.039726335050328056,0.37916666666666665,-0.028504220326478227,42.67467196819086,0.6769383697813122
rv40_mapped_25pct,zero_return,full_2006_2025,-0.06944433589205057,-0.003599330385399724,0.04287468847507909,-0.06263972831298405,-0.0921886915980885,-0.1863400354353102,-0.019315926268830552,0.4,-0.007126055081619557,10.668667992047714,0.16923459244532804
rv40,minus_100pct,development_2006_2014,-0.12078675482047951,-0.014219962136652109,0.1607794732672867,-0.008318346279275895,-0.012069692750816922,-0.46491400172357733,-0.030586220427722962,0.35185185185185186,-0.027025352386797253,37.894569536423845,0.5920529801324503
rv40_mapped_25pct,minus_100pct,development_2006_2014,-0.01022109770162849,-0.0011423802469948674,0.040194868316821675,-0.008318346279275895,-0.012069692750816922,-0.13939299341197497,-0.008195392171675165,0.37962962962962965,-0.006756338096699313,9.473642384105961,0.14801324503311258
rv40,minus_100pct,validation_2015_2019,-0.2577118244017661,-0.057951298932682804,0.1560115946803701,-0.30420614629931775,-0.4477157041177607,-0.36549957596095395,-0.15855366939980717,0.4166666666666667,-0.025670115091185393,44.95135135135135,0.7782193958664547
rv40_mapped_25pct,minus_100pct,validation_2015_2019,-0.06108811576878248,-0.012547388123488101,0.039002898670092524,-0.30420614629931775,-0.4477157041177607,-0.09904600331300495,-0.12668242739523647,0.4166666666666667,-0.006417528772796348,11.237837837837837,0.19455484896661368
rv40,minus_100pct,final_2020_2025,-0.07931852026456576,-0.013724175412278328,0.19746692863998533,0.02922913558724159,0.04382588799881228,-0.44771687690655093,-0.03065369236715838,0.3888888888888889,-0.032104282660890306,47.95859323158594,0.7199734571997346
rv40_mapped_25pct,minus_100pct,final_2020_2025,0.0013348431331072774,0.00022308802678505657,0.04936673215999633,0.02922913558724159,0.04382588799881228,-0.12762018872404868,0.0017480621915348883,0.4166666666666667,-0.008026070665222576,11.989648307896484,0.17999336429993365
rv40,minus_100pct,full_2006_2025,-0.3991360180877458,-0.02519708740286919,0.17149875390031635,-0.06263972831298405,-0.0921886915980885,-0.6342665984905929,-0.039726335050328056,0.37916666666666665,-0.028504220326478227,42.67467196819086,0.6769383697813122
rv40_mapped_25pct,minus_100pct,full_2006_2025,-0.06944433589205057,-0.003599330385399724,0.04287468847507909,-0.06263972831298405,-0.0921886915980885,-0.1863400354353102,-0.019315926268830552,0.4,-0.007126055081619557,10.668667992047714,0.16923459244532804
rv_percentile_60,zero_return,development_2006_2014,0.14151937513989732,0.014835127687905514,0.12866937039109405,0.1789778293618409,0.2650247404595575,-0.35720241557148114,0.04153143159508338,0.42592592592592593,-0.021417091610074043,38.977483443708614,0.5898454746136865
rv_percentile_60_mapped_25pct,zero_return,development_2006_2014,0.048219257061011156,0.005253211460949148,0.03216734259777351,0.1789778293618409,0.2650247404595575,-0.10165154284902345,0.051678620055491016,0.42592592592592593,-0.005354272902518511,9.744370860927154,0.14746136865342163
rv_percentile_60,zero_return,validation_2015_2019,-0.15556085036364675,-0.033303105893502716,0.12903585069349965,-0.19770128294305073,-0.29056649659566264,-0.32482438047033435,-0.10252649707291363,0.45,-0.021044144429210418,45.35198728139905,0.7782193958664547
rv_percentile_60_mapped_25pct,zero_return,validation_2015_2019,-0.033851696102218165,-0.006874796346664991,0.032258962673374914,-0.19770128294305073,-0.29056649659566264,-0.09092734085341558,-0.07560758163760539,0.45,-0.0052610361073026045,11.337996820349762,0.19455484896661368
rv_percentile_60,zero_return,final_2020_2025,0.19334100241179542,0.0299983825391108,0.16775849790076414,0.2603611982140508,0.39415165797208035,-0.27638189394598656,0.1085396084049319,0.4166666666666667,-0.027017121924865453,47.42349037823491,0.7199734571997346
rv_percentile_60_mapped_25pct,zero_return,final_2020_2025,0.06187415358495407,0.010089661635476643,0.041939624475191034,0.2603611982140508,0.39415165797208035,-0.07586058468813595,0.13300268745561877,0.4166666666666667,-0.006754280481216363,11.855872594558727,0.17999336429993365
rv_percentile_60,zero_return,full_2006_2025,0.15031348208044992,0.007040312135560223,0.14161093407786698,0.12058180156673512,0.17950848656226845,-0.3914486577808052,0.017985275963067683,0.42916666666666664,-0.023230431976693035,43.10218687872764,0.6759443339960238
rv_percentile_60_mapped_25pct,zero_return,full_2006_2025,0.07539739417496039,0.003648377973276329,0.035402733519466746,0.12058180156673512,0.17950848656226845,-0.10690331016011534,0.034127829791350144,0.42916666666666664,-0.005807607994173259,10.77554671968191,0.16898608349900596
rv_percentile_60,minus_100pct,development_2006_2014,0.14151937513989732,0.014835127687905514,0.12866937039109405,0.1789778293618409,0.2650247404595575,-0.35720241557148114,0.04153143159508338,0.42592592592592593,-0.021417091610074043,38.977483443708614,0.5898454746136865
rv_percentile_60_mapped_25pct,minus_100pct,development_2006_2014,0.048219257061011156,0.005253211460949148,0.03216734259777351,0.1789778293618409,0.2650247404595575,-0.10165154284902345,0.051678620055491016,0.42592592592592593,-0.005354272902518511,9.744370860927154,0.14746136865342163
rv_percentile_60,minus_100pct,validation_2015_2019,-0.15556085036364675,-0.033303105893502716,0.12903585069349965,-0.19770128294305073,-0.29056649659566264,-0.32482438047033435,-0.10252649707291363,0.45,-0.021044144429210418,45.35198728139905,0.7782193958664547
rv_percentile_60_mapped_25pct,minus_100pct,validation_2015_2019,-0.033851696102218165,-0.006874796346664991,0.032258962673374914,-0.19770128294305073,-0.29056649659566264,-0.09092734085341558,-0.07560758163760539,0.45,-0.0052610361073026045,11.337996820349762,0.19455484896661368
rv_percentile_60,minus_100pct,final_2020_2025,0.19334100241179542,0.0299983825391108,0.16775849790076414,0.2603611982140508,0.39415165797208035,-0.27638189394598656,0.1085396084049319,0.4166666666666667,-0.027017121924865453,47.42349037823491,0.7199734571997346
rv_percentile_60_mapped_25pct,minus_100pct,final_2020_2025,0.06187415358495407,0.010089661635476643,0.041939624475191034,0.2603611982140508,0.39415165797208035,-0.07586058468813595,0.13300268745561877,0.4166666666666667,-0.006754280481216363,11.855872594558727,0.17999336429993365
rv_percentile_60,minus_100pct,full_2006_2025,0.15031348208044992,0.007040312135560223,0.14161093407786698,0.12058180156673512,0.17950848656226845,-0.3914486577808052,0.017985275963067683,0.42916666666666664,-0.023230431976693035,43.10218687872764,0.6759443339960238
rv_percentile_60_mapped_25pct,minus_100pct,full_2006_2025,0.07539739417496039,0.003648377973276329,0.035402733519466746,0.12058180156673512,0.17950848656226845,-0.10690331016011534,0.034127829791350144,0.42916666666666664,-0.005807607994173259,10.77554671968191,0.16898608349900596
dual_rv40_p60,zero_return,development_2006_2014,0.1965040492255401,0.020160717981847265,0.12865158075230015,0.2196570933503886,0.3265863951615063,-0.35211322669908707,0.05725634952951211,0.4351851851851852,-0.021305175271207594,38.977483443708614,0.5898454746136865
dual_rv40_p60_mapped_25pct,zero_return,development_2006_2014,0.06061251502941989,0.006568649356335499,0.03216289518807504,0.2196570933503886,0.3265863951615063,-0.09994045086077674,0.06572563261182437,0.4351851851851852,-0.005326293817801898,9.744370860927154,0.14746136865342163
dual_rv40_p60,zero_return,validation_2015_2019,-0.15556085036364675,-0.033303105893502716,0.12903585069349965,-0.19770128294305073,-0.29056649659566264,-0.32482438047033435,-0.10252649707291363,0.45,-0.021044144429210418,45.35198728139905,0.7782193958664547
dual_rv40_p60_mapped_25pct,zero_return,validation_2015_2019,-0.033851696102218165,-0.006874796346664991,0.032258962673374914,-0.19770128294305073,-0.29056649659566264,-0.09092734085341558,-0.07560758163760539,0.45,-0.0052610361073026045,11.337996820349762,0.19455484896661368
dual_rv40_p60,zero_return,final_2020_2025,0.19390382642104087,0.03007959947693606,0.16602174953514057,0.2618135717589644,0.39573215940313405,-0.2763818939459871,0.10883346606928769,0.4027777777777778,-0.02683994846484256,47.42349037823491,0.7199734571997346
dual_rv40_p60_mapped_25pct,zero_return,final_2020_2025,0.06165414547909376,0.010054663064119396,0.04150543738378514,0.2618135717589644,0.39573215940313405,-0.07586058468813583,0.13254133362475767,0.4027777777777778,-0.00670998711621064,11.855872594558727,0.17999336429993365
dual_rv40_p60,zero_return,full_2006_2025,0.20629041369962509,0.009440419244023168,0.14098951792780068,0.13736942320945184,0.20466929028322664,-0.38663060495340396,0.024417154573577824,0.42916666666666664,-0.023122740464097465,43.10218687872764,0.6759443339960238
dual_rv40_p60_mapped_25pct,zero_return,full_2006_2025,0.08788653916850975,0.004229134056047856,0.03524737948195017,0.13736942320945184,0.20466929028322664,-0.1052022212579754,0.04020004526023489,0.42916666666666664,-0.005780685116024366,10.77554671968191,0.16898608349900596
dual_rv40_p60,minus_100pct,development_2006_2014,0.1965040492255401,0.020160717981847265,0.12865158075230015,0.2196570933503886,0.3265863951615063,-0.35211322669908707,0.05725634952951211,0.4351851851851852,-0.021305175271207594,38.977483443708614,0.5898454746136865
dual_rv40_p60_mapped_25pct,minus_100pct,development_2006_2014,0.06061251502941989,0.006568649356335499,0.03216289518807504,0.2196570933503886,0.3265863951615063,-0.09994045086077674,0.06572563261182437,0.4351851851851852,-0.005326293817801898,9.744370860927154,0.14746136865342163
dual_rv40_p60,minus_100pct,validation_2015_2019,-0.15556085036364675,-0.033303105893502716,0.12903585069349965,-0.19770128294305073,-0.29056649659566264,-0.32482438047033435,-0.10252649707291363,0.45,-0.021044144429210418,45.35198728139905,0.7782193958664547
dual_rv40_p60_mapped_25pct,minus_100pct,validation_2015_2019,-0.033851696102218165,-0.006874796346664991,0.032258962673374914,-0.19770128294305073,-0.29056649659566264,-0.09092734085341558,-0.07560758163760539,0.45,-0.0052610361073026045,11.337996820349762,0.19455484896661368
dual_rv40_p60,minus_100pct,final_2020_2025,0.19390382642104087,0.03007959947693606,0.16602174953514057,0.2618135717589644,0.39573215940313405,-0.2763818939459871,0.10883346606928769,0.4027777777777778,-0.02683994846484256,47.42349037823491,0.7199734571997346
dual_rv40_p60_mapped_25pct,minus_100pct,final_2020_2025,0.06165414547909376,0.010054663064119396,0.04150543738378514,0.2618135717589644,0.39573215940313405,-0.07586058468813583,0.13254133362475767,0.4027777777777778,-0.00670998711621064,11.855872594558727,0.17999336429993365
dual_rv40_p60,minus_100pct,full_2006_2025,0.20629041369962509,0.009440419244023168,0.14098951792780068,0.13736942320945184,0.20466929028322664,-0.38663060495340396,0.024417154573577824,0.42916666666666664,-0.023122740464097465,43.10218687872764,0.6759443339960238
dual_rv40_p60_mapped_25pct,minus_100pct,full_2006_2025,0.08788653916850975,0.004229134056047856,0.03524737948195017,0.13736942320945184,0.20466929028322664,-0.1052022212579754,0.04020004526023489,0.42916666666666664,-0.005780685116024366,10.77554671968191,0.16898608349900596
