date,equity,exposure
2015-01-02,6000.0,0.0
2015-01-05,5988.845497202333,0.14764926856764563
2015-01-06,5970.282291611131,0.22383441734481277
2015-01-07,5994.733581741746,0.22700023774235342
2015-01-08,6037.3352720341045,0.23245481248169397
2015-01-09,6040.113855560716,0.23280789993417714
2015-01-12,6035.237909515794,0.23218807560544386
2015-01-13,6031.455824097093,0.23170661136724857
2015-01-14,6028.259168823655,0.2312992020234331
2015-01-15,6018.6168024143535,0.23006767408328588
2015-01-16,6046.477653702195,0.23361535444574177
2015-01-20,6045.247850616868,0.2334594464954079
2015-01-21,6038.349876602586,0.23258378063850607
2015-01-22,6084.352056702073,0.23838601213420793
2015-01-23,6067.725515564378,0.23629906764935726
2015-01-26,6075.591392715867,0.23728780723470036
2015-01-27,6062.976007660325,0.23570081299521564
2015-01-28,6049.844595154222,0.23404187320845182
2015-01-29,6064.560648163255,0.23590052069348902
2015-01-30,6057.603481491502,0.2350229512970144
2015-02-02,6047.702337266094,0.15752575593868526
2015-02-03,6054.20943069566,0.15843125131027164
2015-02-04,6059.225594796759,0.08394472087881688
2015-02-05,6062.132538682562,0.0
2015-02-06,6047.933458253753,0.22665679466927746
2015-02-09,6037.091318055999,0.2252679312230515
2015-02-10,6051.471992418182,0.22710899891913933
2015-02-11,6057.532672807586,0.2278822915427888
2015-02-12,6086.924316331756,0.23161057979910635
2015-02-13,6104.4194983691095,0.23381277327312672
2015-02-17,6103.930507585418,0.23375139339798134
2015-02-18,6102.324447557342,0.2335497257762073
2015-02-19,6085.0607260912775,0.23137525543854023
2015-02-20,6080.518093034637,0.23080103131497476
2015-02-23,6082.160816118133,0.23100878328666083
2015-02-24,6088.914318010223,0.2318617076941718
2015-02-25,6088.633220598113,0.2318262446143169
2015-02-26,6086.104189899825,0.1602075831194809
2015-02-27,6088.218913882166,0.23454663793066363
2015-03-02,6108.315248339563,0.23706497664605103
2015-03-03,6098.043687670618,0.2357798869057647
2015-03-04,6090.603313296228,0.23484630390037567
2015-03-05,6080.8352987907865,0.15531803258663582
2015-03-06,6075.218183647964,0.21739906765922143
2015-03-09,6087.692590844009,0.21900271018162903
2015-03-10,6072.922006418753,0.13758218121934718
2015-03-11,6064.035847942951,0.21640442868266765
2015-03-12,6065.134234886291,0.21654633669509774
2015-03-13,6065.893129687431,0.2166443534090926
2015-03-16,6083.3932119418405,0.218897830666306
2015-03-17,6094.362164061191,0.22030369924862742
2015-03-18,6092.167802076461,0.22002285735825464
2015-03-19,6117.050605933788,0.22319563121674227
2015-03-20,6112.751282792213,0.2226492760904364
2015-03-23,6080.872347335937,0.2185740197556674
2015-03-24,6066.300047319057,0.21669689964352631
2015-03-25,6061.719602071872,0.07720468188349781
2015-03-26,6063.599442922702,0.07749076745895166
2015-03-27,6065.604581319919,0.07779572612533946
2015-03-30,6061.941877218816,0.0
2015-03-31,6048.215541059491,0.2313790834990521
2015-04-01,6048.292966062543,0.2313889227176778
2015-04-02,6058.712176496503,0.23271070865547888
2015-04-06,6067.01059072685,0.23376020152826504
2015-04-07,6063.681409055707,0.2333395080055212
2015-04-08,6067.89781110954,0.2338722376218835
2015-04-09,6072.681666547773,0.23447576744012225
2015-04-10,6076.774962598798,0.2349914220986192
2015-04-13,6069.558493787763,0.23408185667499734
2015-04-14,6065.201098615644,0.23353160154483776
2015-04-15,6070.643670255658,0.23421877071420258
2015-04-16,6067.635899717328,0.23383916747855701
2015-04-17,6060.45390814018,0.23293122217787265
2015-04-20,6070.149571592328,0.2341564375744124
2015-04-21,6071.398612195966,0.23431399100923098
2015-04-22,6071.976519758222,0.2343868660826884
2015-04-23,6066.06236189079,0.23364042520073963
2015-04-24,6059.336302930829,0.23278974132598304
2015-04-27,6049.228400331103,0.15799306588465428
2015-04-28,6049.496011081912,0.07513375684058007
2015-04-29,6058.5418963540915,0.23001398959356958
2015-04-30,6047.801742087734,0.22864658886064684
2015-05-01,6046.59054518832,0.22849207850428283
2015-05-04,6046.615092765224,0.22849521061203973
2015-05-05,6029.595557700527,0.22631751018588084
2015-05-06,6027.126716147793,0.22600059309263995
2015-05-07,6011.41560158389,0.14789595204065575
2015-05-08,6024.925786825589,0.14980669483491646
2015-05-11,6019.388144232933,0.21980595675913353
2015-05-12,6012.794237830345,0.21895036012743452
2015-05-13,6032.444266059105,0.2214945440095651
2015-05-14,6034.438772895042,0.221751856166043
2015-05-15,6035.190012671654,0.22184872982876025
2015-05-18,6033.259886481468,0.22159978809995307
2015-05-19,6015.577704169456,0.21931175939591266
2015-05-20,6016.795532304718,0.1460752993630455
2015-05-21,6025.564033822653,0.2250160879255296
2015-05-22,6014.754169778464,0.22362326778866476
2015-05-26,6010.0983203216765,0.2230218311741079
2015-05-27,6010.247566537497,0.2230411250634508
2015-05-28,6000.055830999822,0.14535114967042453
2015-05-29,5999.714425261112,0.07607136970036067
2015-06-01,6001.423118752625,0.14385490557043376
2015-06-02,6001.031686841207,0.22335990568695657
2015-06-03,5996.0004101383265,0.22270822274069904
2015-06-04,5989.44331079598,0.22185726228627897
2015-06-05,5998.353629170614,0.22301316271539343
2015-06-08,5983.232957898336,0.22104958171626846
2015-06-09,5979.298853932577,0.22053706812486562
2015-06-10,5986.183577595907,0.22143353025674106
2015-06-11,5985.519797383505,0.22134718904759806
2015-06-12,5973.736827908712,0.2198113258907128
2015-06-15,6007.9637968658935,0.14692746237682525
2015-06-16,6009.317617666675,0.14711964848171913
2015-06-17,6012.0152757442875,0.2082319990263873
2015-06-18,6018.360776690332,0.20906680517803666
2015-06-19,6012.902086047022,0.20834877259272697
2015-06-22,6053.091340807764,0.21360490884916075
2015-06-23,6064.513515261499,0.21508604033614348
2015-06-24,6067.314538744776,0.2154484020398808
2015-06-25,6083.159284380762,0.21749191593239103
2015-06-26,6075.321830538599,0.21648244332154573
2015-06-29,6044.177509096949,0.21244514914816262
2015-06-30,6049.839841994216,0.060932447080945425
2015-07-01,6054.004507216384,0.061578449569752065
2015-07-02,6044.2002164448995,0.06005623696640172
2015-07-06,6014.852313983042,0.0
2015-07-07,6014.852313983042,0.0
2015-07-08,6014.852313983042,0.0
2015-07-09,6014.852313983042,0.0
2015-07-10,6014.852313983042,0.0
2015-07-13,6014.852313983042,0.0
2015-07-14,6014.852313983042,0.0
2015-07-15,6014.852313983042,0.0
2015-07-16,6014.852313983042,0.0
2015-07-17,6014.852313983042,0.0
2015-07-20,6014.852313983042,0.0
2015-07-21,6014.852313983042,0.0
2015-07-22,6014.852313983042,0.0
2015-07-23,6014.852313983042,0.0
2015-07-24,6014.852313983042,0.0
2015-07-27,6014.852313983042,0.0
2015-07-28,6014.852313983042,0.0
2015-07-29,6014.852313983042,0.0
2015-07-30,6014.852313983042,0.0
2015-07-31,6014.852313983042,0.0
2015-08-03,6014.852313983042,0.0
2015-08-04,6014.852313983042,0.0
2015-08-05,6014.852313983042,0.0
2015-08-06,6014.852313983042,0.0
2015-08-07,6014.852313983042,0.0
2015-08-10,6014.852313983042,0.0
2015-08-11,6014.852313983042,0.0
2015-08-12,6014.852313983042,0.0
2015-08-13,6014.852313983042,0.0
2015-08-14,6014.852313983042,0.0
2015-08-17,6014.852313983042,0.0
2015-08-18,6014.852313983042,0.0
2015-08-19,6014.852313983042,0.0
2015-08-20,6014.852313983042,0.0
2015-08-21,6014.852313983042,0.0
2015-08-24,6014.852313983042,0.0
2015-08-25,6014.852313983042,0.0
2015-08-26,6014.852313983042,0.0
2015-08-27,6014.852313983042,0.0
2015-08-28,6014.852313983042,0.0
2015-08-31,6014.852313983042,0.0
2015-09-01,6014.852313983042,0.0
2015-09-02,6014.852313983042,0.0
2015-09-03,6014.852313983042,0.0
2015-09-04,6014.852313983042,0.0
2015-09-08,6014.852313983042,0.0
2015-09-09,6014.852313983042,0.0
2015-09-10,6014.852313983042,0.0
2015-09-11,6014.852313983042,0.0
2015-09-14,6014.852313983042,0.0
2015-09-15,6014.852313983042,0.0
2015-09-16,6014.852313983042,0.0
2015-09-17,6014.852313983042,0.0
2015-09-18,6014.852313983042,0.0
2015-09-21,6014.852313983042,0.0
2015-09-22,6014.852313983042,0.0
2015-09-23,6014.852313983042,0.0
2015-09-24,6014.852313983042,0.0
2015-09-25,6014.852313983042,0.0
2015-09-28,6014.852313983042,0.0
2015-09-29,6014.852313983042,0.0
2015-09-30,6014.852313983042,0.0
2015-10-01,6014.852313983042,0.0
2015-10-02,6014.852313983042,0.0
2015-10-05,6014.852313983042,0.0
2015-10-06,6014.852313983042,0.0
2015-10-07,6014.852313983042,0.0
2015-10-08,6014.852313983042,0.0
2015-10-09,6014.852313983042,0.0
2015-10-12,6014.852313983042,0.0
2015-10-13,6014.852313983042,0.0
2015-10-14,6014.852313983042,0.0
2015-10-15,6014.852313983042,0.0
2015-10-16,6014.852313983042,0.0
2015-10-19,6014.852313983042,0.0
2015-10-20,6014.852313983042,0.0
2015-10-21,6014.852313983042,0.0
2015-10-22,6014.852313983042,0.0
2015-10-23,6003.666000988426,0.22123209857466544
2015-10-26,5998.30590882534,0.22053619079857967
2015-10-27,5983.902557995262,0.21866000872601626
2015-10-28,6011.405045177879,0.22223467936187974
2015-10-29,5993.604447033348,0.21992476918249104
2015-10-30,6012.298599865379,0.2223502717324993
2015-11-02,6024.260376598778,0.2238943737209289
2015-11-03,6032.243134167137,0.22492143163690279
2015-11-04,6026.462174084129,0.22417792771445713
2015-11-05,6028.20597901577,0.22440235308420006
2015-11-06,6038.2280737423325,0.2256896699911071
2015-11-09,6019.062176313841,0.1468366116147387
2015-11-10,6028.162391918191,0.21730863243168666
2015-11-11,6025.396217601785,0.2169493098775423
2015-11-12,5993.794273632058,0.21282071905426897
2015-11-13,5992.687724082844,0.07119816689640782
2015-11-16,5989.522334068196,0.07070730637630081
2015-11-17,5983.143488853352,0.06971655389594422
2015-11-18,6018.906538741963,0.1538683042010342
2015-11-19,6033.778010760214,0.2334255321974135
2015-11-20,6044.056056414511,0.23472910835619706
2015-11-23,6039.114978228476,0.2341029796398635
2015-11-24,6035.541209612753,0.23364947619432674
2015-11-25,6043.8874239071865,0.23470775627926563
2015-11-27,6043.043223772909,0.23460084659965771
2015-11-30,6041.544772539999,0.23441100884321267
2015-12-01,6037.638606463339,0.23391569636413853
2015-12-02,6036.361950968623,0.15865321027520918
2015-12-03,6013.840692278743,0.23439847354786547
2015-12-04,6013.874780413508,0.2344028131673227
2015-12-07,5978.747281354171,0.15728822937946774
2015-12-08,5966.441761452287,0.16321385518256584
2015-12-09,5957.937535764897,0.2368459712831277
2015-12-10,5954.824887754643,0.2364470628494158
2015-12-11,5930.703378202641,0.23334152067466643
2015-12-14,5943.05324716779,0.1545717741788912
2015-12-15,5958.6478402158855,0.15678437500488265
2015-12-16,5959.14874048444,0.15685525206323497
2015-12-17,5942.532383152938,0.23062804366120526
2015-12-18,5921.145248600936,0.22784907762340326
2015-12-21,5937.74419612596,0.23000762339745168
2015-12-22,5956.131210514998,0.23238464640242618
2015-12-23,5955.979091832137,0.2323650411226337
2015-12-24,5959.251707264876,0.2327865997572639
2015-12-28,5956.731716343856,0.2324620306990684
2015-12-29,5964.7828618974445,0.23349803822051943
2015-12-30,5955.300581166243,0.23227758147219085
2015-12-31,5942.798040577864,0.23066243644577178
2016-01-04,5927.254081913924,0.22864488310298642
2016-01-05,5920.539816174495,0.0
2016-01-06,5920.539816174495,0.0
2016-01-07,5920.539816174495,0.0
2016-01-08,5920.539816174495,0.0
2016-01-11,5920.539816174495,0.0
2016-01-12,5920.539816174495,0.0
2016-01-13,5920.539816174495,0.0
2016-01-14,5920.539816174495,0.0
2016-01-15,5920.539816174495,0.0
2016-01-19,5920.539816174495,0.0
2016-01-20,5920.539816174495,0.0
2016-01-21,5920.539816174495,0.0
2016-01-22,5920.539816174495,0.0
2016-01-25,5920.539816174495,0.0
2016-01-26,5920.539816174495,0.0
2016-01-27,5920.539816174495,0.0
2016-01-28,5920.539816174495,0.0
2016-01-29,5920.539816174495,0.0
2016-02-01,5920.539816174495,0.0
2016-02-02,5920.539816174495,0.0
2016-02-03,5920.539816174495,0.0
2016-02-04,5920.539816174495,0.0
2016-02-05,5920.539816174495,0.0
2016-02-08,5920.539816174495,0.0
2016-02-09,5920.539816174495,0.0
2016-02-10,5920.539816174495,0.0
2016-02-11,5920.539816174495,0.0
2016-02-12,5920.539816174495,0.0
2016-02-16,5920.539816174495,0.0
2016-02-17,5920.539816174495,0.0
2016-02-18,5920.539816174495,0.0
2016-02-19,5920.539816174495,0.0
2016-02-22,5920.539816174495,0.0
2016-02-23,5920.539816174495,0.0
2016-02-24,5920.539816174495,0.0
2016-02-25,5920.539816174495,0.0
2016-02-26,5920.539816174495,0.0
2016-02-29,5920.539816174495,0.0
2016-03-01,5920.539816174495,0.0
2016-03-02,5920.539816174495,0.0
2016-03-03,5920.539816174495,0.0
2016-03-04,5920.539816174495,0.0
2016-03-07,5920.539816174495,0.0
2016-03-08,5920.539816174495,0.0
2016-03-09,5920.539816174495,0.0
2016-03-10,5920.539816174495,0.0
2016-03-11,5920.539816174495,0.0
2016-03-14,5920.539816174495,0.0
2016-03-15,5920.539816174495,0.0
2016-03-16,5920.539816174495,0.0
2016-03-17,5920.539816174495,0.0
2016-03-18,5920.539816174495,0.0
2016-03-21,5920.539816174495,0.0
2016-03-22,5920.811029929373,0.21210036216994782
2016-03-23,5899.251657981131,0.20922090858249456
2016-03-24,5895.1965622376,0.13962988183260824
2016-03-28,5903.925604290823,0.14090195188331503
2016-03-29,5908.870382733206,0.14162087939958515
2016-03-30,5904.210366979044,0.2189641857563134
2016-03-31,5905.777780309122,0.21917147529412767
2016-04-01,5908.731229378536,0.16177916282974078
2016-04-04,5884.138255348996,0.23474382444865566
2016-04-05,5856.703849068478,0.23115915474880566
2016-04-06,5856.551883183316,0.15977287761501474
2016-04-07,5837.880572948742,0.22693620227041178
2016-04-08,5836.270290050793,0.22672290656088478
2016-04-11,5831.580173168469,0.22610098937155412
2016-04-12,5827.767579585144,0.1472498053822225
2016-04-13,5824.477465264576,0.2240687775801243
2016-04-14,5829.435103051441,0.22472866758323348
2016-04-15,5825.824465386646,0.22424818213608502
2016-04-18,5844.005976311939,0.22666165334213428
2016-04-19,5862.354090325611,0.22908206328957145
2016-04-20,5850.474730126636,0.2275167182062272
2016-04-21,5840.90790044524,0.22625146696196705
2016-04-22,5859.0757089779545,0.22865070464021786
2016-04-25,5852.041426516591,0.1607289092833832
2016-04-26,5836.783322691598,0.23418704200215953
2016-04-27,5856.860017180124,0.23681216753836437
2016-04-28,5833.605494215127,0.15236937963505529
2016-04-29,5810.530172455298,0.07948898571447517
2016-05-02,5809.171747314917,0.07927373208483668
2016-05-03,5791.257051575171,0.07642555408092547
2016-05-04,5790.832099795732,0.0
2016-05-05,5790.832099795732,0.0
2016-05-06,5790.832099795732,0.0
2016-05-09,5790.832099795732,0.0
2016-05-10,5790.832099795732,0.0
2016-05-11,5790.832099795732,0.0
2016-05-12,5790.832099795732,0.0
2016-05-13,5790.832099795732,0.0
2016-05-16,5790.832099795732,0.0
2016-05-17,5790.832099795732,0.0
2016-05-18,5790.832099795732,0.0
2016-05-19,5790.832099795732,0.0
2016-05-20,5790.832099795732,0.0
2016-05-23,5793.647396638638,0.23726706741681416
2016-05-24,5823.080936982877,0.24112240289746756
2016-05-25,5804.585316255338,0.23870432969328395
2016-05-26,5799.521408632047,0.23803959709264097
2016-05-27,5828.444908693082,0.24182080496287872
2016-05-31,5843.7374425675935,0.24380489154051949
2016-06-01,5853.383061006314,0.2450510033027955
2016-06-02,5871.754841401822,0.24741311779016037
2016-06-03,5866.182854249722,0.24669827399093
2016-06-06,5882.078716829068,0.248734013615285
2016-06-07,5884.9507795121735,0.24910065780406795
2016-06-08,5878.500050142056,0.2482766638601387
2016-06-09,5884.349453523404,0.24902392284925626
2016-06-10,5843.271687104947,0.2437446167456013
2016-06-13,5825.3044095780915,0.24141206047098518
2016-06-14,5806.81247900121,0.1608387703746034
2016-06-15,5785.179759878061,0.14616856956803295
2016-06-16,5803.289651543758,0.22741988651512934
2016-06-17,5806.50579461981,0.08224656314561088
2016-06-20,5818.462724780333,0.08413254476448628
2016-06-21,5824.368365061443,0.22289287350899423
2016-06-22,5817.072277796428,0.22191818364124327
2016-06-23,5831.702120554607,0.22387013770045439
2016-06-24,5800.145931971233,0.21964753699571854
2016-06-27,5775.035672800464,0.1588443611317799
2016-06-28,5779.860234873218,0.1595464901500702
2016-06-29,5803.646266596241,0.16299105808696837
2016-06-30,5816.683526985834,0.24447433196101898
2016-07-01,5813.099424355219,0.244008507908024
2016-07-05,5806.486434929559,0.24314751153799577
2016-07-06,5802.5027713705995,0.24262790029495243
2016-07-07,5799.255361550043,0.24220379453635718
2016-07-08,5821.19424628515,0.24505977269152324
2016-07-11,5820.299051277826,0.24494365860247716
2016-07-12,5829.159803383539,0.24609139983665754
2016-07-13,5828.486707680414,0.24600433561831586
2016-07-14,5821.646318428705,0.24511839656321646
2016-07-15,5816.70424935544,0.16579954231300315
2016-07-18,5826.514738698838,0.1608761212683606
2016-07-19,5823.924154729722,0.08049708177347269
2016-07-20,5832.592863530992,0.08186369576943019
2016-07-21,5884.815678062991,0.24643119694158766
2016-07-22,5898.8920463949,0.24822941802308193
2016-07-25,5905.9886497884545,0.24913274140881567
2016-07-26,5921.496572914675,0.2510992023500397
2016-07-27,5917.033105360532,0.09361148955090962
2016-07-28,5914.9739079456995,0.24014573573142642
2016-07-29,5914.639259813375,0.24010274345426363
2016-08-01,5918.001677034445,0.2405344925075915
2016-08-02,5904.885651109762,0.23884755564314936
2016-08-03,5920.117846010275,0.2408059663847968
2016-08-04,5911.087061403341,0.23964609211442522
2016-08-05,5919.242485521383,0.24069369383268313
2016-08-08,5912.545223283834,0.17289749067961147
2016-08-09,5908.608741808004,0.17234645170430846
2016-08-10,5904.7028052588485,0.16939732755953538
2016-08-11,5909.247692801573,0.17003615604247868
2016-08-12,5901.826081015684,0.1689924672990929
2016-08-15,5907.433448667923,0.24964736173661917
2016-08-16,5897.569942085687,0.15596409428680819
2016-08-17,5891.201214658353,0.23369528889061722
2016-08-18,5895.97408376846,0.23431562270359185
2016-08-19,5894.174524960703,0.1566786365406774
2016-08-22,5895.561963713364,0.23459015814922013
2016-08-23,5900.024118101792,0.23516903322098154
2016-08-24,5870.986234343247,0.23138618110350437
2016-08-25,5888.262308752732,0.23364128266507644
2016-08-26,5904.134977019028,0.23570156037562826
2016-08-29,5915.297900831894,0.23714388929884606
2016-08-30,5906.52831999083,0.23601125639327755
2016-08-31,5900.891254103379,0.23528142513567096
2016-09-01,5925.318519270615,0.23843399547358107
2016-09-02,5921.5616757037205,0.23795083165606823
2016-09-06,5931.584823286728,0.23923853662992836
2016-09-07,5917.714381849961,0.23745539931640947
2016-09-08,5927.669705200012,0.16214789812917987
2016-09-09,5871.612428826974,0.2339025735040419
2016-09-12,5878.444246140811,0.16044345576850408
2016-09-13,5849.016720084622,0.23501998866864066
2016-09-14,5858.103892039368,0.16223749394194903
2016-09-15,5883.450188426244,0.2438256230276819
2016-09-16,5883.056399134862,0.2437750076074196
2016-09-19,5893.922589091527,0.24516920379732612
2016-09-20,5883.556299952733,0.24383926083674531
2016-09-21,5904.505238169708,0.16415709866912825
2016-09-22,5905.494484796993,0.23729390717661375
2016-09-23,5892.061440363399,0.2355550480458377
2016-09-26,5868.648728266231,0.23250532903845664
2016-09-27,5877.978939905635,0.23372358582116998
2016-09-28,5904.19850625085,0.23712649228833296
2016-09-29,5894.793217554561,0.23590930869698803
2016-09-30,5894.164543048227,0.1576877967430991
2016-10-03,5897.163610980356,0.21921144905663476
2016-10-04,5901.596113726938,0.21979787471672127
2016-10-05,5916.283525988901,0.22173475793257083
2016-10-06,5925.734007403696,0.22297595120866956
2016-10-07,5913.487295672739,0.22136675023168734
2016-10-10,5934.132920105277,0.14908183114338536
2016-10-11,5821.735527649222,0.08772236276425963
2016-10-12,5822.151610420215,0.0
2016-10-13,5822.151610420215,0.0
2016-10-14,5804.881492165638,0.19103202630792643
2016-10-17,5797.921439675403,0.1900609093967372
2016-10-18,5800.882331399036,0.1904743192563086
2016-10-19,5814.944724587513,0.19243201085235287
2016-10-20,5823.628135232044,0.19363614757096015
2016-10-21,5818.949348000599,0.19298778226117438
2016-10-24,5812.439124611927,0.19208388809519153
2016-10-25,5794.933978121984,0.14726369805326703
2016-10-26,5756.467498933396,0.1512333066367015
2016-10-27,5751.0431547103335,0.22066825486990976
2016-10-28,5747.27675341944,0.22015753018814707
2016-10-31,5749.808169358771,0.22050086436558436
2016-11-01,5745.980834001105,0.21998164846680693
2016-11-02,5734.358623182975,0.14857155337978872
2016-11-03,5732.675853407584,0.14832162505791635
2016-11-04,5734.341003096305,0.14856893716930966
2016-11-07,5760.253636992179,0.1523991194510446
2016-11-08,5756.657718336784,0.15186966226115695
2016-11-09,5791.938712752067,0.15703596031664488
2016-11-10,5832.122640798696,0.23958241598318308
2016-11-11,5858.0815813046775,0.24295205748599027
2016-11-14,5887.900409887441,0.24678606982574566
2016-11-15,5900.53505153478,0.24839890459554506
2016-11-16,5874.089138219961,0.24501509870689067
2016-11-17,5889.447990606435,0.2469839931892722
2016-11-18,5898.205682943471,0.2481020760210701
2016-11-21,5907.296667287954,0.24925920298464269
2016-11-22,5914.007223318227,0.25011105993921656
2016-11-23,5931.989200780996,0.2523842410869464
2016-11-25,5929.608230333324,0.08420668502745628
2016-11-28,5921.590102891918,0.08296665534254924
2016-11-29,5912.493016250859,0.222326101434914
2016-11-30,5912.914059646855,0.2223814775922412
2016-12-01,5912.241715439091,0.2222930462772587
2016-12-02,5904.3522531305725,0.1500043406670521
2016-12-05,5910.8632394586975,0.15094063539976346
2016-12-06,5915.8378488336975,0.15165460673958045
2016-12-07,5928.471664568561,0.22868328549792033
2016-12-08,5947.883712908405,0.2312006241127875
2016-12-09,5946.604299215315,0.1665360292980197
2016-12-12,5921.0395506495315,0.14639155449078367
2016-12-13,5925.537333863105,0.22542045724218823
2016-12-14,5908.204886811103,0.22314813270882902
2016-12-15,5912.884665863838,0.22376297559873268
2016-12-16,5908.829429047431,0.22323024318575505
2016-12-19,5918.005980866279,0.2244347144126794
2016-12-20,5923.542666809883,0.22515962881890428
2016-12-21,5923.556846039619,0.22516148355583301
2016-12-22,5914.2245363167185,0.22393883247515678
2016-12-23,5909.072165863838,0.22326215185306478
2016-12-27,5914.340308564033,0.2239540237459884
2016-12-28,5891.252070801582,0.22091264412090844
2016-12-29,5888.750910798015,0.07603452830822348
2016-12-30,5867.893668713487,0.07285663447009774
2017-01-03,5867.09301783634,0.0
2017-01-04,5846.571237474044,0.22766188220235892
2017-01-05,5844.711633592208,0.22741614844302482
2017-01-06,5824.999586015304,0.2248016916668215
2017-01-09,5810.871160089257,0.1459763587439107
2017-01-10,5795.518787702037,0.15222321813042874
2017-01-11,5789.939065122081,0.22877258000840126
2017-01-12,5788.670035716246,0.15316890929948757
2017-01-13,5799.194682713123,0.22241287453791317
2017-01-17,5798.239461536976,0.22228477225902865
2017-01-18,5794.31470644054,0.2217579900667775
2017-01-19,5803.856019611927,0.22303738960991068
2017-01-20,5804.133077259632,0.2230744775660833
2017-01-23,5797.506892796131,0.22218650073030827
2017-01-24,5801.781474705311,0.22275957083423922
2017-01-25,5803.822141285511,0.22303285428951541
2017-01-26,5787.595986958118,0.22085454245813996
2017-01-27,5799.800008411976,0.22249403138288307
2017-01-30,5798.507310505482,0.22232069706008292
2017-01-31,5800.903543110462,0.22264194020575398
2017-02-01,5801.550029392811,0.2227285638355743
2017-02-02,5821.157970919011,0.15099159399816992
2017-02-03,5833.557974928479,0.23123661728006195
2017-02-06,5826.47202765702,0.16136232956324534
2017-02-07,5826.314770460789,0.23655867081715276
2017-02-08,5841.868923903172,0.23859135654376656
2017-02-09,5836.616923094456,0.2379062132726068
2017-02-10,5835.77096450681,0.15548302115385865
2017-02-13,5842.573302820866,0.23312194644876139
2017-02-14,5836.846164301579,0.23236948240971392
2017-02-15,5849.106536463444,0.23397852060551202
2017-02-16,5904.776704386418,0.24120056244137297
2017-02-17,5916.2856040751385,0.2426766484850732
2017-02-21,5907.579709604924,0.24156059461830967
2017-02-22,5923.290114954655,0.2435722115171127
2017-02-23,5915.858516291325,0.2426219745014176
2017-02-24,5916.1139369761395,0.2426546733331164
2017-02-27,5922.412389353459,0.24346010584264105
2017-02-28,5924.850699976628,0.24377145195989972
2017-03-01,5937.925939158146,0.24543665783192153
2017-03-02,5920.3441406046795,0.2431958116306271
2017-03-03,5928.215461329167,0.24420067532546907
2017-03-06,5917.93914564008,0.24288825350651944
2017-03-07,5919.408011103158,0.1625741883180184
2017-03-08,5932.415299193854,0.23775501151016606
2017-03-09,5921.989629795416,0.15413184715446787
2017-03-10,5927.758625338195,0.2208595320081738
2017-03-13,5915.702690432189,0.21927167892354588
2017-03-14,5908.922138521789,0.21837578475116085
2017-03-15,5921.883117251037,0.1419195237847435
2017-03-16,5921.467829060667,0.21781190522482213
2017-03-17,5904.210969304553,0.1519913067478435
2017-03-20,5905.219681921235,0.21932743425002862
2017-03-21,5890.705796423188,0.21740396486922176
2017-03-22,5890.768822851411,0.2174123380093532
2017-03-23,5886.933489715519,0.14330383797229454
2017-03-24,5886.771439741795,0.21066767208429785
2017-03-27,5900.527482222264,0.2125078616379827
2017-03-28,5907.1285259234355,0.21338786111604455
2017-03-29,5913.46406669492,0.21423061812294206
2017-03-30,5912.205964277928,0.2140634083936953
2017-03-31,5919.819977949803,0.2150742722334754
2017-04-03,5917.591874312107,0.21477873041401518
2017-04-04,5911.876374434178,0.21401959206500054
2017-04-05,5908.825165938084,0.2136137262573136
2017-04-06,5911.918405812207,0.1397181373428856
2017-04-07,5902.353612507818,0.21331752596160392
2017-04-10,5901.299718464849,0.2131770348812233
2017-04-11,5898.014684285162,0.21273879583433433
2017-04-12,5893.4030357255915,0.21212275583568027
2017-04-13,5878.38597639942,0.210110026599312
2017-04-17,5880.530356050571,0.0742066539546351
2017-04-18,5885.8913637410005,0.07504988821452523
2017-04-19,5885.198629976352,0.0749410143746882
2017-04-20,5893.675643332441,0.2341946787886107
2017-04-21,5894.236938841779,0.2342676047826424
2017-04-24,5895.047009833295,0.23437282830326828
2017-04-25,5907.610376723249,0.23600104249573484
2017-04-26,5912.492327101667,0.23663187714098288
2017-04-27,5918.011817343671,0.2373438397113903
2017-04-28,5907.211583502729,0.2359494652667106
2017-05-01,5923.72324503227,0.23807916365050333
2017-05-02,5939.59173620506,0.24011474700420068
2017-05-03,5933.235865004499,0.23930073372289254
2017-05-04,5936.471599944074,0.23971536068656324
2017-05-05,5941.666850455244,0.24038013527935695
2017-05-08,5937.541366942365,0.23985234119182308
2017-05-09,5940.269123441318,0.08507043848616952
2017-05-10,5939.3774418994135,0.2343738869227438
2017-05-11,5942.195803181762,0.23473702052946485
2017-05-12,5936.936855809326,0.23405914946011508
2017-05-15,5958.073776738281,0.2367764087289288
2017-05-16,5961.703054921264,0.23724103279742412
2017-05-17,5930.81376125061,0.23326837631446667
2017-05-18,5932.451129796706,0.15073318645251269
2017-05-19,5941.652934514795,0.21485222007801802
2017-05-22,5952.848552190576,0.21632886009093422
2017-05-23,5951.318683110986,0.216127406546039
2017-05-24,5956.234696877425,0.15570235813391037
2017-05-25,5959.520960897886,0.22093701244663314
2017-05-26,5959.338099569761,0.22091310702455155
2017-05-30,5963.377879232847,0.22144088498022654
2017-05-31,5967.495684713804,0.221978121228137
2017-06-01,5982.225535482847,0.22389382067834754
2017-06-02,5988.4118987030615,0.22469558161329206
2017-06-05,5979.09233491452,0.1505391590605575
2017-06-06,5961.901390778248,0.21884335774808647
2017-06-07,5966.313036129634,0.13776049631462486
2017-06-08,5955.526057241519,0.20923381525584717
2017-06-09,5927.406699178775,0.20548245507065663
2017-06-12,5928.747263906558,0.20566210553456177
2017-06-13,5929.901789663394,0.20581675962350296
2017-06-14,5917.0355393457985,0.1368524765264749
2017-06-15,5922.034028174345,0.21689462210115987
2017-06-16,5919.224446417753,0.21652291823975872
2017-06-19,5929.477414252226,0.21787766921646806
2017-06-20,5927.105694891874,0.21756470454710486
2017-06-21,5930.577809454862,0.21802278891446733
2017-06-22,5926.471969891385,0.15170084731092545
2017-06-23,5932.6817235971075,0.2266559911847094
2017-06-26,5930.395613672791,0.22635787457856135
2017-06-27,5915.205084803162,0.22437112469035075
2017-06-28,5913.691719330693,0.1466187523471693
2017-06-29,5889.883113744684,0.21636793187528572
2017-06-30,5888.484843406059,0.14569868787027618
2017-07-03,5888.924536856986,0.14576247382808757
2017-07-05,5889.428874167777,0.14583562588848786
2017-07-06,5881.383132132865,0.1446671275854329
2017-07-07,5887.735457572318,0.14558995314439235
2017-07-10,5895.3878890603555,0.14669900898080063
2017-07-11,5893.89419719581,0.22586721774063165
2017-07-12,5896.272947043222,0.22617952828904336
2017-07-13,5895.9111191928805,0.2261320394799061
2017-07-14,5899.063241690439,0.226545550321976
2017-07-17,5901.888707846445,0.22691583337524202
2017-07-18,5897.986211508554,0.22640430994657623
2017-07-19,5906.283544272226,0.2274910814868861
2017-07-20,5903.292733877939,0.22709970199626567
2017-07-21,5903.891652792734,0.22717810868713137
2017-07-24,5907.743363031153,0.152680890164912
2017-07-25,5914.988243066554,0.22107252657714782
2017-07-26,5916.247322046046,0.22123829571338408
2017-07-27,5899.277149163966,0.218998068576817
2017-07-28,5932.485803684367,0.15055158000197777
2017-07-31,5931.176184221457,0.1327156670469795
2017-08-01,5930.577888155479,0.1940882083540776
2017-08-02,5910.110969210166,0.1912973079120013
2017-08-03,5924.959907198448,0.19332405177421402
2017-08-04,5920.852790499229,0.1927644850403252
2017-08-07,5932.473457003135,0.1943457166762429
2017-08-08,5938.469092989463,0.19515912662045523
2017-08-09,5942.467780733604,0.1957007042032232
2017-08-10,5907.997932100791,0.19100806969315418
2017-08-11,5914.32186060255,0.13426729637311502
2017-08-14,5915.921866706066,0.13450144037315864
2017-08-15,5924.603825809161,0.2045486510304293
2017-08-16,5928.760014774005,0.2051062796256868
2017-08-17,5896.523228885333,0.20076052914302475
2017-08-18,5892.949956180255,0.20027589910080978
2017-08-21,5894.485464267413,0.14353557999616348
2017-08-22,5906.583364658038,0.14528979569103004
2017-08-23,5901.011938911858,0.1472692465959848
2017-08-24,5897.345567651137,0.22396003149985513
2017-08-25,5901.076333947523,0.2244506578865151
2017-08-28,5910.490503259047,0.22568594501066686
2017-08-29,5909.7278460935195,0.22558601889261448
2017-08-30,5908.545930810316,0.22543110908392125
2017-08-31,5907.7252902463515,0.22532351392330663
2017-09-01,5905.306337304457,0.22500618813900752
2017-09-05,5904.601665253616,0.14885168842806484
2017-09-06,5904.745384734975,0.2269230674958189
2017-09-07,5904.467347193275,0.1491385350709508
2017-09-08,5911.673065938711,0.2260151324680527
2017-09-11,5925.052918233633,0.22776293174495255
2017-09-12,5947.426142853368,0.1603264250164749
2017-09-13,5949.230503965342,0.2401346092273166
2017-09-14,5950.481877256358,0.24029440725282014
2017-09-15,5935.430516172373,0.23836790787542803
2017-09-18,5948.22800915333,0.24000654401009483
2017-09-19,5947.873845029795,0.2399612904584483
2017-09-20,5953.471287656748,0.2406758774389453
2017-09-21,5949.630322385752,0.2401856725982827
2017-09-22,5952.7390412578225,0.24058247298252464
2017-09-25,5935.383862424815,0.23836192123797
2017-09-26,5917.708981443369,0.2360870776396672
2017-09-27,5968.254475522959,0.24255670058433948
2017-09-28,5972.350216794932,0.2430761429596161
2017-09-29,5990.82557882789,0.1700939937372867
2017-10-02,6002.572404999765,0.17171809103038108
2017-10-03,6013.4578913377645,0.24805486163936902
2017-10-04,6004.925920946297,0.16578376980792398
2017-10-05,6001.783690701171,0.24254450296780547
2017-10-06,6008.149443874999,0.24334704204898325
2017-10-09,6030.045859585448,0.24609461447241676
2017-10-10,6043.464133511229,0.24776850692112623
2017-10-11,6036.328305707637,0.17247022968198925
2017-10-12,6025.584929942648,0.14174830323526208
2017-10-13,6031.775893687765,0.14262920551553684
2017-10-16,6031.479028864331,0.22043258812380145
2017-10-17,6016.679183168835,0.21851500584065767
2017-10-18,6022.945264978833,0.21932803811826465
2017-10-19,6029.926094217724,0.22023181995113203
2017-10-20,6033.7839929298825,0.22073039044373127
2017-10-23,6029.352268381543,0.22015760781224425
2017-10-24,6040.774832595278,0.15816904665746356
2017-10-25,6023.436048750594,0.07792718317217591
2017-10-26,6018.167780095431,0.2102450816636318
2017-10-27,6016.977350407931,0.21008883249633634
2017-10-30,5991.222364487159,0.13220034382114582
2017-10-31,5985.947149918067,0.13599004726444766
2017-11-01,5991.826246684872,0.21391478175232082
2017-11-02,5993.832182353817,0.21417785824998384
2017-11-03,5995.3242020071375,0.2143734209985526
2017-11-06,6013.324751323544,0.21672514996121714
2017-11-07,6017.214643901669,0.2172315063413881
2017-11-08,6019.226026958309,0.21749307606453283
2017-11-09,6012.114302104794,0.21656744929508642
2017-11-10,6007.420103496395,0.21595527502960551
2017-11-13,6010.998350566708,0.21642200377855864
2017-11-14,6015.156660503231,0.21696369543376087
2017-11-15,6006.622648662411,0.2158511832141946
2017-11-16,6017.558882182919,0.217276285110678
2017-11-17,6004.212721294247,0.21553644724763174
2017-11-20,5999.977096243156,0.1401228442567875
2017-11-21,6001.365093969159,0.2197497547709113
2017-11-22,6011.650013707928,0.22108463140711568
2017-11-24,6022.186199029472,0.1438334830532402
2017-11-27,6025.472334196424,0.0793849799986201
2017-11-28,6025.692537262321,0.21900306239537057
2017-11-29,6015.08496279943,0.21762577791440874
2017-11-30,6022.633908020378,0.14133572555295398
2017-12-01,6025.665665406682,0.21773126996400857
2017-12-04,6046.246163148381,0.22039399314753247
2017-12-05,6037.038536805608,0.21920494643830316
2017-12-06,6033.487534303166,0.21874541036180878
2017-12-07,6033.136070985295,0.2186998979903082
2017-12-08,6042.686135072209,0.2199346909083117
2017-12-11,6033.247246522405,0.21871429512255477
2017-12-12,6032.949570435979,0.2186757451449206
2017-12-13,6037.0629050917405,0.2192080980763721
2017-12-14,6013.159703034856,0.216104334411715
2017-12-15,6018.662462903067,0.14256240887564747
2017-12-18,6030.526323987051,0.14424924679372822
2017-12-19,6027.239177594229,0.21732895134072525
2017-12-20,6025.552806744619,0.21710990527414448
2017-12-21,6030.553218731924,0.21775906180629304
2017-12-22,6035.047787308126,0.14295812140090883
2017-12-26,6041.026318191915,0.14380629703697173
2017-12-27,6039.917751907736,0.14364915127591696
2017-12-28,6040.481984774674,0.07448743135344375
2017-12-29,6038.381993929947,0.07416556236224861
2018-01-02,6041.922017733658,0.07470801821287251
2018-01-03,6036.39414031766,0.21341546097857264
2018-01-04,6035.32393844388,0.21327598143180226
2018-01-05,6038.602629124782,0.13691358575310508
2018-01-08,6048.710559068893,0.2179940658320202
2018-01-09,6067.857470689987,0.22046165815451793
2018-01-10,6074.224398790573,0.22127876075862463
2018-01-11,6078.779635606979,0.22186230875202964
2018-01-12,6082.171817003464,0.22229629586708868
2018-01-16,6076.878283678268,0.221618842694131
2018-01-17,6083.337954698776,0.22244537678482285
2018-01-18,6072.154895006393,0.22101335801786837
2018-01-19,6077.719790636276,0.22172661554026718
2018-01-22,6069.937301051359,0.06290301923651935
2018-01-23,6062.53449775144,0.1344457731933456
2018-01-24,6042.857593124588,0.14851209467287887
2018-01-25,6026.13471290141,0.21869521165309505
2018-01-26,6033.377846446332,0.21963317626683407
2018-01-29,6022.784832682904,0.2182606489835299
2018-01-30,6001.0984694626895,0.2154356522606889
2018-01-31,5998.0132360452435,0.1465614712327243
2018-02-01,5991.04358656347,0.2253838870218389
2018-02-02,5933.231552909889,0.06998844406294269
2018-02-05,5917.851097715303,0.0
2018-02-06,5917.851097715303,0.0
2018-02-07,5917.851097715303,0.0
2018-02-08,5917.851097715303,0.0
2018-02-09,5917.851097715303,0.0
2018-02-12,5917.851097715303,0.0
2018-02-13,5917.851097715303,0.0
2018-02-14,5917.851097715303,0.0
2018-02-15,5910.361112517237,0.12966534082224815
2018-02-16,5918.05557052505,0.13079692085017833
2018-02-20,5911.0208110035655,0.12976247437592972
2018-02-21,5903.582731169581,0.12866603912891517
2018-02-22,5884.492910332345,0.20389055773985873
2018-02-23,5891.540947409808,0.1278799363896521
2018-02-26,5908.1565642076575,0.20851383251109185
2018-02-27,5908.0477928835,0.20849926069286892
2018-02-28,5897.758727522477,0.20711843058158866
2018-03-01,5880.894092054948,0.20484468471440342
2018-03-02,5888.67214819839,0.1561500917074453
2018-03-05,5909.248041734004,0.23620972623974937
2018-03-06,5933.08944664886,0.23927892540664078
2018-03-07,5921.932871445918,0.2378457713906461
2018-03-08,5912.9505296795605,0.23668798565817953
2018-03-09,5945.168005570674,0.24082445184322454
2018-03-12,5926.198467049004,0.16345820957595933
2018-03-13,5915.121598991753,0.16189167152905207
2018-03-14,5922.8579051822435,0.16298639011822816
2018-03-15,5921.655400070549,0.16281641853487183
2018-03-16,5907.973970472434,0.23814131327621582
2018-03-19,5896.291692792991,0.23663184848130384
2018-03-20,5906.292962133506,0.23792447831498412
2018-03-21,5901.343544065574,0.23728533058057547
2018-03-22,5878.305563032249,0.23429613481667583
2018-03-23,5870.183296049959,0.07499567156049368
2018-03-26,5878.754520262605,0.07634432789057112
2018-03-27,5873.286659087068,0.07548443099088925
2018-03-28,5877.276790465242,0.07611209218722735
2018-03-29,5881.1189840687575,0.07671567735858327
2018-04-02,5878.311153258211,0.07627466188655087
2018-04-03,5880.232421721345,0.07657647382754833
2018-04-04,5879.197852934724,0.07641397799377864
2018-04-05,5877.867751921541,0.07620497997689894
2018-04-06,5872.6954573048415,0.07539136039731463
2018-04-09,5874.795929807088,0.0
2018-04-10,5874.795929807088,0.0
2018-04-11,5874.795929807088,0.0
2018-04-12,5874.795929807088,0.0
2018-04-13,5874.795929807088,0.0
2018-04-16,5874.795929807088,0.0
2018-04-17,5874.795929807088,0.0
2018-04-18,5862.195306079047,0.20255872396138072
2018-04-19,5857.29463316645,0.20189152193286383
2018-04-20,5850.693471209663,0.20099104007567353
2018-04-23,5850.931298510688,0.2010235180069188
2018-04-24,5835.50306609568,0.1301570989965617
2018-04-25,5831.954764398903,0.12962786563206416
2018-04-26,5833.1245413154065,0.12980241037636722
2018-04-27,5838.30913451609,0.13057517187331183
2018-04-30,5838.36333373484,0.13058324299594545
2018-05-01,5834.928603205055,0.13007146085061666
2018-05-02,5831.98996642527,0.12963311921840429
2018-05-03,5834.580984150655,0.05769737630909625
2018-05-04,5834.200979267843,0.05763600036415331
2018-05-07,5836.340963398702,0.05798153261070313
2018-05-08,5837.200979267843,0.05812032358840902
2018-05-09,5841.940969502218,0.0588845388537556
2018-05-10,5843.46095851589,0.059129339866664625
2018-05-11,5843.707099532341,0.20230919002719572
2018-05-14,5834.965196227287,0.2011140953362075
2018-05-15,5836.333971595024,0.20130145530451257
2018-05-16,5840.781658744072,0.2019096549361299
2018-05-17,5838.947906768059,0.14359724479819272
2018-05-18,5836.126352140682,0.221559310244789
2018-05-21,5847.958865949886,0.223134374369266
2018-05-22,5827.976621458309,0.2204707537206693
2018-05-23,5825.840635887516,0.06633412249326227
2018-05-24,5834.9223510957245,0.13695176470562126
2018-05-25,5835.66102907424,0.13706100935205162
2018-05-29,5826.076541159201,0.13564138702665807
2018-05-30,5834.130786154318,0.13683466778907238
2018-05-31,5826.086273098517,0.21371812722621447
2018-06-01,5853.51970116658,0.15133658644999728
2018-06-04,5876.024833226554,0.22875036090457002
2018-06-05,5878.777061009757,0.22911143169573542
2018-06-06,5915.10855820214,0.23384634663083834
2018-06-07,5888.025602841727,0.23032229517572925
2018-06-08,5903.675809407584,0.23236265366737263
2018-06-11,5921.790154958121,0.23471080309264805
2018-06-12,5926.9967112783115,0.23538306958764196
2018-06-13,5935.428174519889,0.23646923209405302
2018-06-14,5933.938764119498,0.23627758693020104
2018-06-15,5934.458512807242,0.2363444748730752
2018-06-18,5955.878583455436,0.2390909303405424
2018-06-19,5934.846072697989,0.2363943434371898
2018-06-20,5934.0036406758945,0.2362859367195175
2018-06-21,5897.075419926993,0.2315034641361481
2018-06-22,5898.204029967057,0.15975937174424096
2018-06-25,5856.846609230912,0.15063225206946546
2018-06-26,5855.62104134456,0.0643740423580566
2018-06-27,5850.221032189286,0.06351041879419832
2018-06-28,5845.921029137528,0.06282157814153586
2018-06-29,5843.278694230196,0.0
2018-07-02,5843.278694230196,0.0
2018-07-03,5843.278694230196,0.0
2018-07-05,5843.278694230196,0.0
2018-07-06,5843.278694230196,0.0
2018-07-09,5843.278694230196,0.0
2018-07-10,5837.902531541106,0.22781900100164412
2018-07-11,5833.181469834563,0.22719403944957456
2018-07-12,5835.045754349944,0.22744094928478437
2018-07-13,5832.955906785247,0.22716415469272447
2018-07-16,5823.529118455169,0.22591313322800458
2018-07-17,5818.599092680425,0.15468900484223325
2018-07-18,5822.790407377691,0.15529746988216941
2018-07-19,5820.923800416435,0.20797837125682586
2018-07-20,5821.5310086683885,0.20806098218305508
2018-07-23,5824.285036988701,0.20843545260632199
2018-07-24,5816.029879517998,0.20731192158562128
2018-07-25,5829.9237980823145,0.13328471534093067
2018-07-26,5823.029358385049,0.132258528472033
2018-07-27,5809.03602318417,0.2017494124351777
2018-07-30,5799.2955141509665,0.2004086690569584
2018-07-31,5830.766369863857,0.2047243664814762
2018-08-01,5828.7625551665915,0.20445096625497203
2018-08-02,5829.04935936581,0.20449010931063957
2018-08-03,5833.155041738857,0.20505003115609324
2018-08-06,5840.172497793545,0.20600523007772525
2018-08-07,5841.240422541909,0.12715454443995697
2018-08-08,5842.611934528538,0.2046891609117497
2018-08-09,5844.735835895725,0.2049781665787132
2018-08-10,5843.933467731663,0.20486901061169302
2018-08-13,5829.980224476048,0.2029659756634038
2018-08-14,5835.834060535618,0.20376546832614373
2018-08-15,5829.865371570774,0.202950273470049
2018-08-16,5836.113968884801,0.12948481033449796
2018-08-17,5837.21549485146,0.07418249788039354
2018-08-20,5837.871012429585,0.07428645523838981
2018-08-21,5840.42740891396,0.07469164662006078
2018-08-22,5842.32828782021,0.07499270795110301
2018-08-23,5842.459482888569,0.07501347940793018
2018-08-24,5844.3604228299755,0.07531434104120441
2018-08-27,5837.3703035732815,0.1523688001665734
2018-08-28,5838.024334151894,0.2182295969486216
2018-08-29,5849.523689468057,0.21976644953997584
2018-08-30,5851.152794082314,0.2199836857192359
2018-08-31,5858.644195754678,0.22098108636792316
2018-09-04,5869.876621444375,0.2224717943712692
2018-09-05,5812.763557632119,0.21483222369484
2018-09-06,5810.371041656167,0.1407666205673561
2018-09-07,5811.651739551602,0.2118992652640535
2018-09-10,5807.15472420126,0.1476572666514154
2018-09-11,5808.791997973018,0.215114014577274
2018-09-12,5817.547460619502,0.21629527523284
2018-09-13,5805.475763384395,0.21466566785099864
2018-09-14,5807.633180681758,0.21495740354085374
2018-09-17,5810.285203997188,0.21531572524044654
2018-09-18,5817.723538934307,0.14157208225873688
2018-09-19,5822.06401973875,0.14221205974547046
2018-09-20,5825.907693444805,0.14277798991889853
2018-09-21,5825.438498492994,0.21133132902925245
2018-09-24,5808.480059619703,0.20902873191078825
2018-09-25,5803.245093341627,0.20831521596431807
2018-09-26,5803.9327917058845,0.20840902138049502
2018-09-27,5802.940165515699,0.2082736152045083
2018-09-28,5803.876650806226,0.2084013643208477
2018-10-01,5804.982485767164,0.20855216192420148
2018-10-02,5804.936701770582,0.20854591971227482
2018-10-03,5817.18045911692,0.1435401498442953
2018-10-04,5808.577096993531,0.2075739161016362
2018-10-05,5792.525331551637,0.20537801070619646
2018-10-08,5791.281249029417,0.13177455490337842
2018-10-09,5781.06863306262,0.13024078085463897
2018-10-10,5760.376273137628,0.06170224734772317
2018-10-11,5755.1267830362585,0.0
2018-10-12,5755.1267830362585,0.0
2018-10-15,5755.1267830362585,0.0
2018-10-16,5755.1267830362585,0.0
2018-10-17,5755.1267830362585,0.0
2018-10-18,5755.1267830362585,0.0
2018-10-19,5755.1267830362585,0.0
2018-10-22,5755.1267830362585,0.0
2018-10-23,5755.1267830362585,0.0
2018-10-24,5755.1267830362585,0.0
2018-10-25,5755.1267830362585,0.0
2018-10-26,5755.1267830362585,0.0
2018-10-29,5755.1267830362585,0.0
2018-10-30,5755.1267830362585,0.0
2018-10-31,5755.1267830362585,0.0
2018-11-01,5755.1267830362585,0.0
2018-11-02,5755.1267830362585,0.0
2018-11-05,5755.1267830362585,0.0
2018-11-06,5755.1267830362585,0.0
2018-11-07,5755.1267830362585,0.0
2018-11-08,5755.1267830362585,0.0
2018-11-09,5755.1267830362585,0.0
2018-11-12,5755.1267830362585,0.0
2018-11-13,5755.1267830362585,0.0
2018-11-14,5755.1267830362585,0.0
2018-11-15,5755.1267830362585,0.0
2018-11-16,5755.1267830362585,0.0
2018-11-19,5755.1267830362585,0.0
2018-11-20,5755.1267830362585,0.0
2018-11-21,5755.1267830362585,0.0
2018-11-23,5755.1267830362585,0.0
2018-11-26,5755.1267830362585,0.0
2018-11-27,5755.1267830362585,0.0
2018-11-28,5755.1267830362585,0.0
2018-11-29,5755.1267830362585,0.0
2018-11-30,5755.1267830362585,0.0
2018-12-03,5755.1267830362585,0.0
2018-12-04,5755.1267830362585,0.0
2018-12-06,5755.1267830362585,0.0
2018-12-07,5755.1267830362585,0.0
2018-12-10,5755.1267830362585,0.0
2018-12-11,5755.1267830362585,0.0
2018-12-12,5755.1267830362585,0.0
2018-12-13,5755.1267830362585,0.0
2018-12-14,5755.1267830362585,0.0
2018-12-17,5755.1267830362585,0.0
2018-12-18,5755.1267830362585,0.0
2018-12-19,5755.1267830362585,0.0
2018-12-20,5755.1267830362585,0.0
2018-12-21,5755.1267830362585,0.0
2018-12-24,5755.1267830362585,0.0
2018-12-26,5755.1267830362585,0.0
2018-12-27,5755.1267830362585,0.0
2018-12-28,5755.1267830362585,0.0
2018-12-31,5755.1267830362585,0.0
2019-01-02,5755.1267830362585,0.0
2019-01-03,5755.1267830362585,0.0
2019-01-04,5755.1267830362585,0.0
2019-01-07,5755.1267830362585,0.0
2019-01-08,5755.1267830362585,0.0
2019-01-09,5755.1267830362585,0.0
2019-01-10,5755.1267830362585,0.0
2019-01-11,5755.1267830362585,0.0
2019-01-14,5755.1267830362585,0.0
2019-01-15,5755.1267830362585,0.0
2019-01-16,5755.1267830362585,0.0
2019-01-17,5755.1267830362585,0.0
2019-01-18,5755.1267830362585,0.0
2019-01-22,5755.1267830362585,0.0
2019-01-23,5755.1267830362585,0.0
2019-01-24,5755.1267830362585,0.0
2019-01-25,5755.1267830362585,0.0
2019-01-28,5755.1267830362585,0.0
2019-01-29,5755.1267830362585,0.0
2019-01-30,5755.1267830362585,0.0
2019-01-31,5755.1267830362585,0.0
2019-02-01,5755.1267830362585,0.0
2019-02-04,5755.1267830362585,0.0
2019-02-05,5761.984719135111,0.2230732447296918
2019-02-06,5753.527985431498,0.2219312910113524
2019-02-07,5745.081831319066,0.0
2019-02-08,5745.081831319066,0.0
2019-02-11,5745.081831319066,0.0
2019-02-12,5745.081831319066,0.0
2019-02-13,5742.594249996218,0.23735247847604662
2019-02-14,5734.153126033816,0.23622980139936112
2019-02-15,5754.965252193484,0.23899188266895915
2019-02-19,5756.899585994754,0.2392475834506742
2019-02-20,5776.183223995242,0.241787335678026
2019-02-21,5765.642833980593,0.24040121839221387
2019-02-22,5771.023597988162,0.24110945008020987
2019-02-25,5781.604057582888,0.24249823608497184
2019-02-26,5767.573467525515,0.24065548596187916
2019-02-27,5747.863559993777,0.23805162976379635
2019-02-28,5718.587230259717,0.1537389962660262
2019-03-01,5726.6377886436585,0.1591056777957715
2019-03-04,5723.274223517726,0.2332119388070046
2019-03-05,5701.049389075587,0.23022271058791946
2019-03-06,5691.347220682616,0.14950817612484624
2019-03-07,5683.718809572608,0.22466491668781374
2019-03-08,5684.693544832618,0.22479786078375608
2019-03-11,5694.858358827979,0.22618152742784817
2019-03-12,5685.239447084815,0.22487229645135548
2019-03-13,5682.779290331275,0.1507437497665215
2019-03-14,5673.739092391185,0.22938082784442418
2019-03-15,5688.617729705028,0.23139639009775054
2019-03-18,5692.456261199169,0.23191467412625152
2019-03-19,5698.37150816267,0.23271199216440963
2019-03-20,5690.209039624561,0.15917080520957205
2019-03-21,5729.578639157642,0.24357791816676827
2019-03-22,5697.038741238941,0.23925744599793203
2019-03-25,5694.4851676305425,0.23891630679895268
2019-03-26,5708.96639359795,0.2408468532729541
2019-03-27,5697.629449017872,0.23933631678944867
2019-03-28,5704.762765057911,0.24028746141648838
2019-03-29,5718.6103659948,0.24212710346022914
2019-04-01,5736.648223050464,0.24451009827577622
2019-04-02,5730.215644009937,0.2436620065443173
2019-04-03,5725.292895444263,0.24301168841379664
2019-04-04,5724.303104533698,0.08804175369781543
2019-04-05,5733.07784261937,0.20925867513698104
2019-04-08,5732.203071501206,0.20913800291649257
2019-04-09,5720.769390013169,0.20755736514573547
2019-04-10,5728.680978681992,0.2086517671894059
2019-04-11,5732.898973371934,0.20923400362151354
2019-04-12,5736.073724735827,0.11981618445810925
2019-04-15,5729.979669260267,0.18639763199395737
2019-04-16,5729.515054392103,0.18633165577199784
2019-04-17,5728.098565744642,0.18613044555203237
2019-04-18,5740.4672120853165,0.1225657024712308
2019-04-22,5745.099620513449,0.1974068907993297
2019-04-23,5756.3740727229215,0.19897885216581096
2019-04-24,5759.908459007664,0.06397862387368418
2019-04-25,5759.914787199675,0.209740006378866
2019-04-26,5758.5495070483075,0.20955264560643713
2019-04-29,5757.3219679858075,0.2093841115189285
2019-04-30,5763.448326018034,0.2102245104823297
2019-05-01,5754.916221525847,0.20905360777192558
2019-05-02,5749.939796354948,0.20836906398981322
2019-05-03,5761.70571127194,0.20998564468752792
2019-05-06,5752.464340117155,0.20871648151790415
2019-05-07,5731.446545963512,0.14206592242056112
2019-05-08,5729.351956730114,0.14175227098224225
2019-05-09,5727.491843946418,0.07205863434178933
2019-05-10,5735.000846631965,0.07327361484364045
2019-05-13,5737.33962273058,0.19947738043481705
2019-05-14,5737.195629352895,0.19945728874484311
2019-05-15,5740.501575702992,0.1999183201058609
2019-05-16,5749.84719871935,0.2012187480136234
2019-05-17,5745.78567528185,0.2006541135215408
2019-05-20,5743.104046100942,0.200280874722868
2019-05-21,5759.826961750356,0.2026027561898016
2019-05-22,5752.488903278676,0.20158557081167766
2019-05-23,5748.573046952121,0.13274232983727502
2019-05-24,5747.298606547316,0.056916648371863235
2019-05-28,5746.249351176222,0.056744442953753006
2019-05-29,5745.550101908644,0.05662964615523854
2019-05-30,5746.686576518019,0.05681620869699304
2019-05-31,5747.49092832466,0.056948205701597254
2019-06-03,5752.1595379438,0.05771361226745603
2019-06-04,5756.076102885207,0.058354765331625515
2019-06-05,5765.868125590285,0.05995393675163738
2019-06-06,5765.850577982863,0.05995107584515823
2019-06-07,5766.759879740675,0.060099302606283954
2019-06-10,5763.909721049269,0.059634537148221256
2019-06-11,5749.204551371535,0.0572292942025658
2019-06-12,5748.923500921713,0.0
2019-06-13,5748.923500921713,0.0
2019-06-14,5748.923500921713,0.0
2019-06-17,5748.923500921713,0.0
2019-06-18,5748.923500921713,0.0
2019-06-19,5748.923500921713,0.0
2019-06-20,5748.923500921713,0.0
2019-06-21,5748.923500921713,0.0
2019-06-24,5748.923500921713,0.0
2019-06-25,5748.923500921713,0.0
2019-06-26,5748.923500921713,0.0
2019-06-27,5742.234682899557,0.23313106396719566
2019-06-28,5757.926970344625,0.23522103972390454
2019-07-01,5762.7737892685755,0.23586426211521336
2019-07-02,5753.056135994039,0.23457353837118664
2019-07-03,5758.341050856938,0.1612249838614551
2019-07-05,5754.004946178784,0.23966052161997348
2019-07-08,5719.737314648022,0.23510523670912759
2019-07-09,5682.111826172424,0.15888457354916036
2019-07-10,5695.790659676822,0.232279523119044
2019-07-11,5694.1064899075345,0.23205245121220186
2019-07-12,5719.125520478518,0.23541193390430867
2019-07-15,5734.195594559939,0.2374213524195689
2019-07-16,5724.74545456055,0.23616252352710884
2019-07-17,5726.955991517337,0.23645735571601048
2019-07-18,5728.845809708865,0.2367092313689963
2019-07-19,5736.246327815544,0.1579463520964636
2019-07-22,5732.659634337913,0.23502960316406704
2019-07-23,5723.544177829222,0.1633240193661548
2019-07-24,5739.663663185445,0.16545130176247497
2019-07-25,5654.704266823141,0.15291258173546973
2019-07-26,5652.370989233343,0.07520186769327726
2019-07-29,5650.85661256755,0.21559097680694353
2019-07-30,5650.902556781417,0.21559735438212888
2019-07-31,5636.489058856612,0.21359149829214685
2019-08-01,5634.672835712081,0.2133380153724633
2019-08-02,5635.364814166671,0.21343461127394578
2019-08-05,5608.906897906905,0.20972428383108702
2019-08-06,5625.6712012052585,0.138282338482849
2019-08-07,5629.584989047055,0.13888141996279274
2019-08-08,5641.583402132993,0.14071283070385454
2019-08-09,5640.2304542664215,0.19908444754275717
2019-08-12,5637.216385662906,0.1986562194500999
2019-08-13,5641.364174664371,0.19924540405446997
2019-08-14,5614.145943463199,0.19536322429866518
2019-08-15,5623.4456718567535,0.19669388594387982
2019-08-16,5635.250382244937,0.19837664986495904
2019-08-19,5642.047501385562,0.19934238604769
2019-08-20,5635.009270489566,0.1983423498658251
2019-08-21,5636.647133648746,0.1985752907436727
2019-08-22,5639.064102948062,0.19891879081436237
2019-08-23,5612.478737652652,0.19512420422027643
2019-08-26,5619.981786216259,0.058210964770373984
2019-08-27,5617.777928794384,0.05784150040538141
2019-08-28,5617.528020347118,0.057799586352285645
2019-08-29,5621.123784507275,0.058402300437397324
2019-08-30,5618.2441109416495,0.16661159380559576
2019-09-03,5609.923676371337,0.1653755424606187
2019-09-04,5615.509056304775,0.10786882118996274
2019-09-05,5626.7233465131285,0.1338074154323188
2019-09-06,5628.135895753698,0.1522112445706499
2019-09-09,5633.725973936107,0.23032401302013877
2019-09-10,5628.478922697093,0.22960649601481853
2019-09-11,5649.562826963451,0.2324815685439575
2019-09-12,5651.007051770511,0.15661733926731833
2019-09-13,5647.833937169181,0.19797780185776268
2019-09-16,5638.61666727172,0.19666676131355615
2019-09-17,5649.196592808829,0.19817125946779043
2019-09-18,5653.123804570304,0.1987282880009283
2019-09-19,5617.206968785392,0.19360489755815297
2019-09-20,5603.604372502433,0.19164739551234503
2019-09-23,5607.480472580011,0.11922902211943831
2019-09-24,5585.98410183377,0.1923141974531165
2019-09-25,5603.497918667266,0.19483863154948639
2019-09-26,5591.362763943145,0.1930911581344112
2019-09-27,5565.605545625407,0.11723056104502075
2019-09-30,5577.831569192904,0.19158531104866555
2019-10-01,5570.259276865023,0.19048634023911687
2019-10-02,5543.603003976839,0.18659381456478225
2019-10-03,5531.0511442522275,0.07573511982479143
2019-10-04,5531.260983119415,0.07577018356451173
2019-10-07,5523.163001603864,0.2272432365748617
2019-10-08,5513.640770504822,0.151739508793714
2019-10-09,5516.03558404242,0.15210778519019463
2019-10-10,5517.139542172303,0.15227744511933883
2019-10-11,5512.259990172189,0.22543446283721955
2019-10-14,5512.498671965402,0.22546800020427799
2019-10-15,5520.961078123849,0.22665518560048678
2019-10-16,5529.316985564034,0.22782386478913538
2019-10-17,5535.387866453927,0.22867074118803998
2019-10-18,5538.837817625802,0.22915117559828246
2019-10-21,5536.929792858456,0.15156430024989762
2019-10-22,5551.476727852951,0.23211893593572405
2019-10-23,5552.398932824264,0.23224647427423775
2019-10-24,5556.226600060592,0.23277537729197353
2019-10-25,5568.738927254806,0.23449924433551483
2019-10-28,5569.774867425094,0.23464162225958798
2019-10-29,5569.95415445696,0.15898455799433395
2019-10-30,5559.886051826345,0.22897678226124113
2019-10-31,5555.922108344899,0.2284266859138845
2019-11-01,5572.093113593923,0.23066590120654593
2019-11-04,5561.399586372243,0.2291866161812128
2019-11-05,5557.970383805269,0.15212373506630517
2019-11-06,5551.078135817751,0.23038255757287357
2019-11-07,5560.9823831016865,0.23175326528937182
2019-11-08,5572.696311324343,0.2333681365482637
2019-11-11,5567.660187272926,0.1520762826760025
2019-11-12,5572.842820321682,0.2326827155462065
2019-11-13,5574.9973003021505,0.23297924837644368
2019-11-14,5576.114628945949,0.23313294217816868
2019-11-15,5587.14501300967,0.23464692439160575
2019-11-18,5586.438809548977,0.23455017313215884
2019-11-19,5596.1030704132345,0.23587207637666172
2019-11-20,5594.295895707098,0.1594265951866335
2019-11-21,5579.962348469022,0.22538369056724483
2019-11-22,5591.699744709256,0.22700966817209794
2019-11-25,5605.521857746366,0.22891571010971934
2019-11-26,5600.739509113553,0.22825729814581003
2019-11-27,5610.460029133084,0.22959439712599114
2019-11-29,5607.741264515164,0.15087575633056488
2019-12-02,5603.466179065946,0.1502279289710902
2019-12-03,5602.342074899963,0.22906921690628682
2019-12-04,5597.5672030737915,0.22841159270231093
2019-12-05,5588.365863352112,0.22714115922775724
2019-12-06,5580.516119000413,0.16261772390155266
2019-12-09,5573.438773419358,0.208500341672699
2019-12-10,5581.952872540452,0.20970760850192316
2019-12-11,5577.370795514084,0.20905834548105523
2019-12-12,5580.336516224091,0.1257522738015795
2019-12-13,5559.314564702829,0.1981332738667922
2019-12-16,5556.911524724801,0.15220805345524277
2019-12-17,5553.344040870507,0.2290633508686411
2019-12-18,5556.2580397137635,0.15132012800997288
2019-12-19,5562.325835711031,0.1576411518800735
2019-12-20,5569.421516298799,0.22268058504757637
2019-12-23,5584.371631502657,0.2247615738446287
2019-12-24,5594.661025881319,0.22618734993138442
2019-12-26,5593.840770601778,0.22607388157616592
2019-12-27,5573.35978305295,0.22322985717936505
2019-12-30,5564.454980730562,0.22198679121949946
2019-12-31,5574.5638995900445,0.0
