rs20_min,volume_ratio_min,max_extension,max_hold_days,exception_target_weight,stop_loss,repair_rs10_min,breadth_min,breadth_count_min,max_atr_pct,min_close_location,final_value,total_return,cagr,max_drawdown,volatility,sharpe,sortino,trade_count,win_rate,average_win,average_loss,profit_factor,exception_trade_count,exception_win_rate,exception_average_return,exposure,turnover,costs,quality_score
0.03,1.2,0.12,20,0.05,0.08,0.03,0.5,2,0.04,0.5,7028.846748961102,0.1714744581601837,0.08252298099041666,-0.01906404624243474,0.03663281908348243,2.187268173407402,2.8476740603101134,20,0.7,0.17128867938010695,-0.056352887941070136,8.225728005018157,0,,,0.05262848090644961,3.2873133784328172,59.724968842314716,0.30171777520993953
0.03,1.2,0.08,30,0.05,0.08,0.03,0.5,2,0.08,0.7,6655.606057411152,0.10926767623519185,0.053330143409265895,-0.018198088637023324,0.023841538241445363,2.19557046208849,1.656731833330934,11,0.6363636363636364,0.19141276940721955,-0.025012727446881662,18.07120670460185,0,,,0.03629460658853808,1.8660203329437484,33.196810800530706,0.2706063271177851
0.03,1.2,0.08,30,0.05,0.08,0.03,0.5,2,0.06,0.7,6655.606057411152,0.10926767623519185,0.053330143409265895,-0.018198088637023324,0.023841538241445363,2.19557046208849,1.656731833330934,11,0.6363636363636364,0.19141276940721955,-0.025012727446881662,18.07120670460185,0,,,0.03629460658853808,1.8660203329437484,33.196810800530706,0.2706063271177851
0.03,1.2,0.08,30,0.05,0.08,0.03,0.5,2,0.04,0.7,6655.606057411152,0.10926767623519185,0.053330143409265895,-0.018198088637023324,0.023841538241445363,2.19557046208849,1.656731833330934,11,0.6363636363636364,0.19141276940721955,-0.025012727446881662,18.07120670460185,0,,,0.03629460658853808,1.8660203329437484,33.196810800530706,0.2706063271177851
0.03,1.2,0.08,30,0.05,0.08,0.03,0.5,2,0.04,0.5,6655.606057411152,0.10926767623519185,0.053330143409265895,-0.018198088637023324,0.023841538241445363,2.19557046208849,1.656731833330934,11,0.6363636363636364,0.19141276940721955,-0.025012727446881662,18.07120670460185,0,,,0.03629460658853808,1.8660203329437484,33.196810800530706,0.2706063271177851
0.03,1.2,0.08,30,0.05,0.06,0.03,0.5,2,0.08,0.7,6651.421983453057,0.10857033057550947,0.05299831995189619,-0.018209377776914115,0.0237252482816348,2.1929094792263837,1.5960836032514933,11,0.6363636363636364,0.19141276940721955,-0.028009914877190286,16.295805727649654,0,,,0.03555047304946763,1.865322987284066,33.19262253831039,0.27000276080425933
0.03,1.2,0.08,30,0.05,0.06,0.03,0.5,2,0.06,0.7,6651.421983453057,0.10857033057550947,0.05299831995189619,-0.018209377776914115,0.0237252482816348,2.1929094792263837,1.5960836032514933,11,0.6363636363636364,0.19141276940721955,-0.028009914877190286,16.295805727649654,0,,,0.03555047304946763,1.865322987284066,33.19262253831039,0.27000276080425933
0.03,1.2,0.08,30,0.05,0.06,0.03,0.5,2,0.04,0.7,6651.421983453057,0.10857033057550947,0.05299831995189619,-0.018209377776914115,0.0237252482816348,2.1929094792263837,1.5960836032514933,11,0.6363636363636364,0.19141276940721955,-0.028009914877190286,16.295805727649654,0,,,0.03555047304946763,1.865322987284066,33.19262253831039,0.27000276080425933
0.03,1.2,0.08,30,0.05,0.06,0.03,0.5,2,0.04,0.5,6651.421983453057,0.10857033057550947,0.05299831995189619,-0.018209377776914115,0.0237252482816348,2.1929094792263837,1.5960836032514933,11,0.6363636363636364,0.19141276940721955,-0.028009914877190286,16.295805727649654,0,,,0.03555047304946763,1.865322987284066,33.19262253831039,0.27000276080425933
0.03,1.2,0.08,20,0.05,0.08,0.03,0.5,2,0.08,0.7,6529.921326874969,0.08832022114582827,0.0433167138100603,-0.00727264480634604,0.0194268164163737,2.196863074023805,2.055834341383429,11,0.6363636363636364,0.14327135504099348,-0.025012727446881662,14.798524900733476,0,,,0.030309126891307773,1.8450728778543843,33.07100025945344,0.2661848806274496
0.03,1.2,0.08,20,0.05,0.08,0.03,0.5,2,0.06,0.7,6529.921326874969,0.08832022114582827,0.0433167138100603,-0.00727264480634604,0.0194268164163737,2.196863074023805,2.055834341383429,11,0.6363636363636364,0.14327135504099348,-0.025012727446881662,14.798524900733476,0,,,0.030309126891307773,1.8450728778543843,33.07100025945344,0.2661848806274496
0.03,1.2,0.08,20,0.05,0.08,0.03,0.5,2,0.04,0.5,6529.921326874969,0.08832022114582827,0.0433167138100603,-0.00727264480634604,0.0194268164163737,2.196863074023805,2.055834341383429,11,0.6363636363636364,0.14327135504099348,-0.025012727446881662,14.798524900733476,0,,,0.030309126891307773,1.8450728778543843,33.07100025945344,0.2661848806274496
0.03,1.2,0.08,20,0.05,0.08,0.03,0.5,2,0.04,0.7,6529.921326874969,0.08832022114582827,0.0433167138100603,-0.00727264480634604,0.0194268164163737,2.196863074023805,2.055834341383429,11,0.6363636363636364,0.14327135504099348,-0.025012727446881662,14.798524900733476,0,,,0.030309126891307773,1.8450728778543843,33.07100025945344,0.2661848806274496
0.03,1.2,0.08,20,0.05,0.06,0.03,0.5,2,0.06,0.7,6525.737252916874,0.08762287548614567,0.04298171774381787,-0.008792072650685268,0.019277033767622832,2.197091162708162,1.9061536216234143,11,0.6363636363636364,0.14327135504099348,-0.028009914877190286,13.344647691774151,0,,,0.02956129003204731,1.844375532194702,33.066811997233124,0.2651129795074733
0.03,1.2,0.08,20,0.05,0.06,0.03,0.5,2,0.08,0.7,6525.737252916874,0.08762287548614567,0.04298171774381787,-0.008792072650685268,0.019277033767622832,2.197091162708162,1.9061536216234143,11,0.6363636363636364,0.14327135504099348,-0.028009914877190286,13.344647691774151,0,,,0.02956129003204731,1.844375532194702,33.066811997233124,0.2651129795074733
0.03,1.2,0.08,20,0.05,0.06,0.03,0.5,2,0.04,0.5,6525.737252916874,0.08762287548614567,0.04298171774381787,-0.008792072650685268,0.019277033767622832,2.197091162708162,1.9061536216234143,11,0.6363636363636364,0.14327135504099348,-0.028009914877190286,13.344647691774151,0,,,0.02956129003204731,1.844375532194702,33.066811997233124,0.2651129795074733
0.03,1.2,0.08,20,0.05,0.06,0.03,0.5,2,0.04,0.7,6525.737252916874,0.08762287548614567,0.04298171774381787,-0.008792072650685268,0.019277033767622832,2.197091162708162,1.9061536216234143,11,0.6363636363636364,0.14327135504099348,-0.028009914877190286,13.344647691774151,0,,,0.02956129003204731,1.844375532194702,33.066811997233124,0.2651129795074733
0.03,1.2,0.08,10,0.05,0.08,0.03,0.5,2,0.08,0.7,6418.432271006869,0.0697387118344781,0.03435347371474973,-0.0087432953766724,0.015496342650095137,2.1917097520165694,1.873401121907125,12,0.6666666666666666,0.10712063175747,-0.035108058128080426,8.354732043635094,0,,,0.018289052604129847,1.9692242459889293,35.81579972400431,0.2574861345614038
0.03,1.2,0.08,10,0.05,0.08,0.03,0.5,2,0.06,0.7,6418.432271006869,0.0697387118344781,0.03435347371474973,-0.0087432953766724,0.015496342650095137,2.1917097520165694,1.873401121907125,12,0.6666666666666666,0.10712063175747,-0.035108058128080426,8.354732043635094,0,,,0.018289052604129847,1.9692242459889293,35.81579972400431,0.2574861345614038
0.03,1.2,0.08,10,0.05,0.08,0.03,0.5,2,0.04,0.7,6418.432271006869,0.0697387118344781,0.03435347371474973,-0.0087432953766724,0.015496342650095137,2.1917097520165694,1.873401121907125,12,0.6666666666666666,0.10712063175747,-0.035108058128080426,8.354732043635094,0,,,0.018289052604129847,1.9692242459889293,35.81579972400431,0.2574861345614038
0.03,1.2,0.12,30,0.05,0.08,0.03,0.5,2,0.04,0.5,6955.068327630858,0.15917805460514312,0.07681494231794539,-0.02558836309502044,0.04066359744375267,1.844005140472156,1.8554592826942287,20,0.65,0.18586746779834812,-0.06051050493087643,6.349337742517253,0,,,0.0613476928961996,3.2120975436579475,59.27359960387494,0.25592127481765076
0.03,1.2,0.08,10,0.05,0.06,0.03,0.5,2,0.08,0.7,6411.842867035954,0.0686404778393257,0.0338212917857883,-0.009417698297046528,0.01545069266235972,2.164763686581316,1.68491582567444,12,0.6666666666666666,0.10712063175747,-0.039509576300694196,7.487519085134484,0,,,0.017409614352104343,1.9681260119937773,35.809203724033424,0.25392214462873
0.03,1.2,0.08,10,0.05,0.06,0.03,0.5,2,0.06,0.7,6411.842867035954,0.0686404778393257,0.0338212917857883,-0.009417698297046528,0.01545069266235972,2.164763686581316,1.68491582567444,12,0.6666666666666666,0.10712063175747,-0.039509576300694196,7.487519085134484,0,,,0.017409614352104343,1.9681260119937773,35.809203724033424,0.25392214462873
0.03,1.2,0.08,10,0.05,0.06,0.03,0.5,2,0.04,0.7,6411.842867035954,0.0686404778393257,0.0338212917857883,-0.009417698297046528,0.01545069266235972,2.164763686581316,1.68491582567444,12,0.6666666666666666,0.10712063175747,-0.039509576300694196,7.487519085134484,0,,,0.017409614352104343,1.9681260119937773,35.809203724033424,0.25392214462873
0.03,1.2,0.08,30,0.05,0.06,0.03,0.5,2,0.08,0.5,6622.779974447048,0.10379666240784124,0.05072402557699318,-0.018287035115369554,0.02401122000684034,2.076837189460898,1.5369545711425203,12,0.5833333333333334,0.19141276940721955,-0.035480975095845954,9.743190927147792,0,,,0.03584830742687476,2.0066107402191724,36.04032326161274,0.2534308936320649
0.03,1.2,0.08,30,0.05,0.06,0.03,0.5,2,0.06,0.5,6622.779974447048,0.10379666240784124,0.05072402557699318,-0.018287035115369554,0.02401122000684034,2.076837189460898,1.5369545711425203,12,0.5833333333333334,0.19141276940721955,-0.035480975095845954,9.743190927147792,0,,,0.03584830742687476,2.0066107402191724,36.04032326161274,0.2534308936320649
0.03,1.2,0.12,20,0.05,0.06,0.03,0.5,2,0.04,0.5,6878.152107959143,0.14635868465985724,0.07083187973431393,-0.020733439021238143,0.03761724834195066,1.8417226788532965,1.846657867483487,21,0.6666666666666666,0.1711647928074464,-0.0740344810248456,4.893721461139747,0,,,0.051358538049954904,3.3649529913027187,62.190658290582576,0.25297076144235786
0.03,1.2,0.08,10,0.05,0.08,0.03,0.5,2,0.04,0.5,6417.577068936632,0.06959617815610519,0.034284420183589015,-0.0087432953766724,0.015977984058346526,2.121927362723743,1.9228173433522198,13,0.6153846153846154,0.10712063175747,-0.028423122650718457,8.231005377160043,0,,,0.019557604284071387,2.1384238877058865,38.830999734303994,0.2478747395368579
0.03,1.2,0.08,20,0.05,0.06,0.03,0.5,2,0.06,0.5,6497.095243910865,0.08284920731847745,0.040685623932537274,-0.008832672397791841,0.019581252031554405,2.050472470080175,1.7816756968537582,12,0.5833333333333334,0.14327135504099348,-0.035480975095845954,7.978706453027306,0,,,0.029833649895554697,1.9856632851298082,35.914512720535484,0.24548320140832552
0.03,1.2,0.08,20,0.05,0.06,0.03,0.5,2,0.08,0.5,6497.095243910865,0.08284920731847745,0.040685623932537274,-0.008832672397791841,0.019581252031554405,2.050472470080175,1.7816756968537582,12,0.5833333333333334,0.14327135504099348,-0.035480975095845954,7.978706453027306,0,,,0.029833649895554697,1.9856632851298082,35.914512720535484,0.24548320140832552
0.03,1.2,0.12,30,0.05,0.08,0.03,0.5,2,0.04,0.7,6841.789875928886,0.1402983126548143,0.06799175972053217,-0.023867237083994186,0.03611947403044364,1.8429249478095102,2.09808717452219,20,0.6,0.19854113732565312,-0.061572247792629695,5.004209501675106,0,,,0.05680173333991294,3.1164690073537833,58.69971453371317,0.24535063595948609
0.03,1.2,0.08,10,0.05,0.06,0.03,0.5,2,0.04,0.5,6410.987664965717,0.06849794416095278,0.033752202851484725,-0.009417698297046528,0.01593469032124567,2.095282731376422,1.7424499765016814,13,0.6153846153846154,0.10712063175747,-0.03194433718880947,7.3879917795463275,0,,,0.018679467847337757,2.1373256537107346,38.82440373433311,0.24434085760983446
0.03,1.0,0.12,30,0.05,0.06,0.03,0.5,2,0.04,0.7,6835.151999355964,0.13919199989266073,0.0674724873706618,-0.021557152378538058,0.036553331734544295,1.8081315955311468,2.2485168966704685,24,0.5416666666666666,0.19622186396608715,-0.05150593909616316,4.587185310594197,0,,,0.05810734369938572,3.5176490346029023,69.10679846641524,0.2395904040678408
0.03,1.0,0.12,30,0.05,0.08,0.03,0.5,2,0.04,0.5,6866.605332033677,0.14443422200561273,0.0699308171440216,-0.023404410901568085,0.0394877768799291,1.734963227350647,1.9593147149947006,24,0.5833333333333334,0.16679490087222332,-0.054499706376459144,4.861200209051011,0,,,0.06325464586802576,3.691590310484715,70.15047861871895,0.23589160109496896
0.03,1.2,0.12,20,0.05,0.08,0.03,0.5,2,0.04,0.7,6699.332413103107,0.11655540218385108,0.056791710758721914,-0.01824594300979887,0.030716213318339663,1.8172713381970658,2.122883064948663,20,0.6,0.165689779171701,-0.061572247792629695,4.326570648389941,0,,,0.04858886488067186,3.166166127479553,58.99775509504554,0.23439587307352908
0.03,1.0,0.12,30,0.05,0.08,0.03,0.5,2,0.04,0.7,6810.337558175094,0.1350562596958491,0.06552905423980637,-0.022712932727362967,0.03684707849118558,1.7444476598200491,2.1421497775190166,24,0.5416666666666666,0.19622186396608715,-0.056941863136541766,4.14535591096299,0,,,0.058624884122663194,3.5135132944060907,69.0819591859539,0.23070068719146314
0.03,1.2,0.08,30,0.05,0.08,0.03,0.5,2,0.08,0.5,6574.534549481902,0.09575575824698368,0.04688201426479832,-0.01841935173475795,0.025213864456925028,1.8333599608589157,1.3059013229427983,12,0.5833333333333334,0.19141276940721955,-0.05701356830331088,5.808797985433592,0,,,0.03702572705774339,1.9985698360583144,35.99202954292891,0.2251750011499776
0.03,1.2,0.08,30,0.05,0.08,0.03,0.5,2,0.06,0.5,6574.534549481902,0.09575575824698368,0.04688201426479832,-0.01841935173475795,0.025213864456925028,1.8333599608589157,1.3059013229427983,12,0.5833333333333334,0.19141276940721955,-0.05701356830331088,5.808797985433592,0,,,0.03702572705774339,1.9985698360583144,35.99202954292891,0.2251750011499776
0.03,1.0,0.12,20,0.05,0.06,0.03,0.5,2,0.04,0.5,6687.945970578882,0.11465766176314696,0.055891399048855206,-0.018990798975598966,0.03216244552573227,1.7103864165465439,2.1548828546060097,25,0.6,0.134566958442626,-0.053509211736883736,4.175613968453282,0,,,0.053202588897956773,3.78625403992487,72.71828490380472,0.22243464121571013
0.03,1.2,0.12,30,0.05,0.06,0.03,0.5,2,0.04,0.5,6873.804630612564,0.14563410510209396,0.0704927092579073,-0.028281033813509437,0.043353169907132984,1.5961128000071885,1.3724522253941351,21,0.6190476190476191,0.17843652126153964,-0.06496471259275595,4.860893192161114,0,,,0.061507192502370744,3.3653304382918123,62.192918627300116,0.2219158533042524
0.03,1.2,0.08,10,0.05,0.06,0.03,0.5,2,0.06,0.5,6382.345655959708,0.06372427599328456,0.03143564813294186,-0.009461158369074463,0.01626280266108477,1.9151024782704318,1.5684785797552356,14,0.5714285714285714,0.10712063175747,-0.03751448365241933,5.112147967588751,0,,,0.018903022144420766,2.27861340664584,41.67210445763546,0.22178674534687637
0.03,1.2,0.08,10,0.05,0.06,0.03,0.5,2,0.08,0.5,6382.345655959708,0.06372427599328456,0.03143564813294186,-0.009461158369074463,0.01626280266108477,1.9151024782704318,1.5684785797552356,14,0.5714285714285714,0.10712063175747,-0.03751448365241933,5.112147967588751,0,,,0.018903022144420766,2.27861340664584,41.67210445763546,0.22178674534687637
0.03,1.2,0.12,30,0.05,0.06,0.03,0.5,2,0.04,0.7,6798.766671400378,0.13312777856672975,0.06462163035928747,-0.022936751510143072,0.03875968147933959,1.6382480738780938,1.4823035196901773,21,0.5714285714285714,0.19863848315824884,-0.07210305710508998,3.8207718350139928,0,,,0.0558442285910235,3.294823483903618,61.76980143989455,0.22054949056345388
0.03,1.0,0.12,20,0.05,0.06,0.03,0.5,2,0.04,0.7,6642.4280907730945,0.10707134846218236,0.052284694785967645,-0.017141523089659105,0.030216108035940447,1.7051000329287014,2.1481383312234383,24,0.5416666666666666,0.15506867610049674,-0.05114153745644789,3.712804046201348,0,,,0.05132223707291044,3.6216408011793386,69.73055696572379,0.21630726986734156
0.03,1.2,0.12,30,0.05,0.08,0.03,0.5,2,0.06,0.7,6788.674050647706,0.13144567510795113,0.06382950716062274,-0.02642308176489483,0.03861094428988324,1.6250684337453956,1.7762382855545051,25,0.56,0.17518765547890994,-0.06314594976977639,3.6204779543352084,0,,,0.062534347193011,3.9098705421396875,73.46008538697417,0.2161248096527149
0.03,1.0,0.12,20,0.05,0.08,0.03,0.5,2,0.04,0.5,6668.9922468315135,0.11149870780525228,0.05439105406119338,-0.020439341029699465,0.03230358914302107,1.6589420568363187,2.0795025100348226,25,0.6,0.134566958442626,-0.05831011732086951,3.839673576996079,0,,,0.05360387400214694,3.781530189281216,72.68992281785694,0.21506558922997554
0.03,1.2,0.12,10,0.05,0.06,0.03,0.5,2,0.04,0.5,6598.183244735631,0.09969720745593857,0.04876702312108483,-0.023946703069709807,0.027866848752868746,1.7260533085919871,1.256983308841503,28,0.6071428571428571,0.11147121150042005,-0.056119297312384304,3.2212489885023237,0,,,0.03741919693888627,4.307107873888615,81.8433272699037,0.2147561453025715
0.05,1.2,0.08,30,0.05,0.06,0.03,0.5,2,0.06,0.5,6491.596818605144,0.08193280310085727,0.040244263829160465,-0.018651346021488546,0.022519655153456535,1.7667987301574355,1.1688078261372261,8,0.625,0.2248693390866404,-0.05159613896384721,8.234042664350484,0,,,0.026973255171417517,1.368505516550095,24.21154890766808,0.21384846383415976
0.05,1.2,0.08,30,0.05,0.06,0.03,0.5,2,0.08,0.5,6491.596818605144,0.08193280310085727,0.040244263829160465,-0.018651346021488546,0.022519655153456535,1.7667987301574355,1.1688078261372261,8,0.625,0.2248693390866404,-0.05159613896384721,8.234042664350484,0,,,0.026973255171417517,1.368505516550095,24.21154890766808,0.21384846383415976
0.03,1.2,0.12,10,0.05,0.08,0.03,0.5,2,0.04,0.5,6593.836200714434,0.09897270011907233,0.04842077869844763,-0.023295295563802942,0.02826161652269134,1.6906271920095126,1.238215043311874,28,0.6071428571428571,0.11147121150042005,-0.05715120068613721,3.1700776314203662,0,,,0.039561697338168535,4.30638336655175,81.83897587448708,0.2111929929746403
0.03,1.0,0.08,30,0.05,0.08,0.03,0.5,2,0.04,0.5,6431.0421368318175,0.07184035613863626,0.035371128465761625,-0.011481169239175415,0.019277255585932476,1.8163766315327965,1.82854779229878,17,0.47058823529411764,0.1451508589362352,-0.02869592864623736,5.083086183693959,0,,,0.03851558625370495,2.5776974378960413,49.466665136178236,0.20979761876415948
0.05,1.2,0.08,20,0.05,0.06,0.03,0.5,2,0.08,0.5,6383.713709397828,0.06395228489963811,0.031546413591914124,-0.006784487887917856,0.017853901359790324,1.7519714920149598,1.5582750986030454,8,0.625,0.15748904242280587,-0.05159613896384721,6.64649981372159,0,,,0.021082591350389583,1.3505249983488756,24.103557807360456,0.20960131884945118
0.05,1.2,0.08,20,0.05,0.06,0.03,0.5,2,0.06,0.5,6383.713709397828,0.06395228489963811,0.031546413591914124,-0.006784487887917856,0.017853901359790324,1.7519714920149598,1.5582750986030454,8,0.625,0.15748904242280587,-0.05159613896384721,6.64649981372159,0,,,0.021082591350389583,1.3505249983488756,24.103557807360456,0.20960131884945118
0.03,1.0,0.08,30,0.05,0.08,0.03,0.5,2,0.04,0.7,6414.414723307366,0.06906912055122771,0.034029035809177044,-0.011481169239175415,0.01851703753977805,1.8199813691476523,1.7631023765944234,15,0.4666666666666667,0.15981056678899846,-0.032072497134358204,4.957642264820948,0,,,0.0358936886130146,2.268571549794434,43.611887325377246,0.2086199214376879
0.03,1.2,0.08,20,0.05,0.08,0.03,0.5,2,0.08,0.5,6448.84981894572,0.07480830315761988,0.036806568561624564,-0.016461766248032306,0.020964033782443197,1.7380627919467864,1.3280404283639426,12,0.5833333333333334,0.14327135504099348,-0.05701356830331088,4.75682908374233,0,,,0.030967666379269402,1.9776223809689504,35.86621900185165,0.20654863129895373
0.03,1.2,0.08,20,0.05,0.08,0.03,0.5,2,0.06,0.5,6448.84981894572,0.07480830315761988,0.036806568561624564,-0.016461766248032306,0.020964033782443197,1.7380627919467864,1.3280404283639426,12,0.5833333333333334,0.14327135504099348,-0.05701356830331088,4.75682908374233,0,,,0.030967666379269402,1.9776223809689504,35.86621900185165,0.20654863129895373
0.03,1.0,0.08,30,0.05,0.08,0.03,0.5,2,0.08,0.7,6427.936240490033,0.07132270674833885,0.03512056561219978,-0.011481169239175415,0.01969219595676302,1.766200076208081,1.6260075782364527,16,0.5,0.1432021401863962,-0.032072497134358204,5.086772155427979,0,,,0.038161995999315336,2.43810964913893,46.62913246020654,0.20599998861342017
0.03,1.0,0.08,30,0.05,0.08,0.03,0.5,2,0.06,0.7,6427.936240490033,0.07132270674833885,0.03512056561219978,-0.011481169239175415,0.01969219595676302,1.766200076208081,1.6260075782364527,16,0.5,0.1432021401863962,-0.032072497134358204,5.086772155427979,0,,,0.038161995999315336,2.43810964913893,46.62913246020654,0.20599998861342017
0.03,1.0,0.12,20,0.05,0.08,0.03,0.5,2,0.04,0.7,6602.616960481472,0.10043616008024547,0.04912005376462392,-0.01836772471278192,0.029579217653563857,1.6391289488292102,2.091850062654301,24,0.5416666666666666,0.15498315766735318,-0.056941863136541766,3.3390805468347646,0,,,0.049652884928465035,3.5002911443644433,69.00241848556564,0.20593241962448733
0.05,1.2,0.08,10,0.05,0.08,0.03,0.5,2,0.04,0.5,6304.590187081413,0.050765031180235454,0.025120529009753367,-0.005679002232360397,0.014360011968344636,1.738287931329138,1.5525083976001073,8,0.625,0.1223915963525625,-0.028521157568492963,9.061120529380219,0,,,0.013097494304119023,1.3574887055505098,24.145260968751106,0.20235982102648697
0.03,1.0,0.12,30,0.05,0.06,0.03,0.5,2,0.06,0.7,6760.67117389914,0.12677852898318998,0.061628608474501245,-0.026506277264643274,0.04000260235337534,1.518011795419158,1.6132789284418543,31,0.5161290322580645,0.16549490573016845,-0.05604390101969433,3.1281477808163336,0,,,0.06432822285764597,4.641535737932268,89.8500649488324,0.20098310099699865
0.05,1.2,0.08,10,0.05,0.06,0.03,0.5,2,0.04,0.5,6302.184857068595,0.05036414284476587,0.024924555766789203,-0.005795636188609565,0.01435412249257482,1.7256488146958457,1.5622866109222806,8,0.625,0.1223915963525625,-0.03039359855823315,8.51882752406411,0,,,0.012969845028522537,1.35708781721504,24.142853231000537,0.20084161914206902
0.03,1.2,0.12,20,0.05,0.08,0.03,0.5,2,0.06,0.7,6644.754380008403,0.10745906333473387,0.052469321635277844,-0.020910005764064765,0.03356094771650199,1.5435834093565304,1.6151872888509737,25,0.56,0.14703283520240992,-0.06314212209292336,3.1394521026792295,0,,,0.05429342184197846,3.9617563915868943,73.77125687515827,0.1993726596888985
0.03,1.2,0.12,20,0.05,0.06,0.03,0.5,2,0.04,0.7,6624.526606704064,0.10408776778401063,0.05086285577280769,-0.021491394285869436,0.0326774931159389,1.5375916180057076,1.334368642033717,21,0.5714285714285714,0.1656797856983547,-0.07210305710508998,3.205458897426458,0,,,0.04646415402398601,3.3016259442522236,61.81044200256206,0.1974477490018723
0.03,1.0,0.08,30,0.05,0.06,0.03,0.5,2,0.04,0.5,6399.404388090178,0.06656739801502964,0.032815975038586354,-0.011481169239175415,0.01897815080358717,1.7142387191852442,1.6994271863863903,18,0.4444444444444444,0.1451508589362352,-0.035997929181518146,3.910994472482738,0,,,0.03772990826008575,2.6776779795900656,52.066519348447855,0.1957214845597453
0.03,1.2,0.12,10,0.05,0.06,0.03,0.5,2,0.04,0.7,6601.634179291331,0.10027236321522182,0.04904181089936044,-0.024103292973346457,0.0314949978105741,1.5389306920957757,1.2122921291957736,27,0.5925925925925926,0.1210796575111415,-0.06058711291652701,3.063190187230796,0,,,0.03505005184311545,4.177038172374463,79.06290973133578,0.1955128632518944
0.03,1.0,0.12,30,0.05,0.06,0.03,0.5,2,0.04,0.5,6723.811968448882,0.12063532807481359,0.058724696801559784,-0.02244233975145704,0.04001064184182303,1.4491172584923446,1.3473418766718235,25,0.56,0.1666294436451894,-0.06751458426138307,3.309385300190917,0,,,0.0610234501242607,3.756996546955849,72.54277563647918,0.19541525277506575
0.03,1.0,0.08,30,0.05,0.06,0.03,0.5,2,0.04,0.7,6382.776974565727,0.0637961624276211,0.031470571441678086,-0.011481169239175415,0.01819947311286481,1.7150198817119515,1.633804777969437,16,0.4375,0.15981056678899846,-0.0398106567859901,3.807306196625673,0,,,0.035099669855548174,2.3685520914884584,46.211741537646866,0.19410697499328555
0.05,1.2,0.12,30,0.05,0.06,0.03,0.5,2,0.04,0.5,6817.038432808996,0.13617307213483265,0.06605420533742379,-0.028281033813509437,0.04614965813362733,1.411874836585704,1.2987528794364287,22,0.5,0.2250005070325438,-0.06202602117644256,3.7016231726447404,0,,,0.060244800397104184,3.4556894838495427,64.73501867654876,0.19310117208923946
0.03,1.0,0.08,30,0.05,0.06,0.03,0.5,2,0.08,0.7,6396.298491748394,0.06604974862473223,0.03256479469978357,-0.011481169239175415,0.019405912315921068,1.6643180766879737,1.5108093504059272,17,0.47058823529411764,0.1432021401863962,-0.0398106567859901,3.9064737053760243,0,,,0.03737914270946697,2.5380901908329543,49.22898667247616,0.19178542951369915
0.03,1.0,0.08,30,0.05,0.06,0.03,0.5,2,0.06,0.7,6396.298491748394,0.06604974862473223,0.03256479469978357,-0.011481169239175415,0.019405912315921068,1.6643180766879737,1.5108093504059272,17,0.47058823529411764,0.1432021401863962,-0.0398106567859901,3.9064737053760243,0,,,0.03737914270946697,2.5380901908329543,49.22898667247616,0.19178542951369915
0.03,1.0,0.12,30,0.05,0.08,0.03,0.5,2,0.06,0.7,6735.292881317897,0.12254881355298286,0.05963005765367613,-0.02748596012020832,0.04122997382334546,1.4282374079065452,1.4406017668716837,30,0.5333333333333333,0.16548746642548373,-0.06372708324761135,2.926435765065512,0,,,0.06554929315277169,4.496360911326873,86.97898773983026,0.19037748505089316
0.03,1.2,0.12,10,0.05,0.08,0.03,0.5,2,0.04,0.7,6586.9230242116655,0.09782050403527753,0.04786990574648686,-0.023479800981472287,0.03182551565891237,1.4880834087719654,1.1881866269770978,27,0.5925925925925926,0.12107667864066413,-0.06343121657940211,2.9265632851253374,0,,,0.03736742710194376,4.172751146527852,79.03717283936415,0.1895679757625769
0.05,1.2,0.12,20,0.05,0.08,0.03,0.5,2,0.04,0.5,6686.705706075388,0.11445095101256464,0.05579328671613215,-0.023450203205366504,0.039539053117047626,1.395593754996469,1.4078692628616805,22,0.5909090909090909,0.17028419911411016,-0.07723511841092369,3.2459280178773646,0,,,0.05065808158665644,3.4224410702278965,64.53539766247114,0.18817301515855034
0.03,1.2,0.12,20,0.05,0.06,0.03,0.5,2,0.06,0.5,6713.381949968662,0.11889699166144374,0.05790153837256873,-0.028453614538727634,0.040051932649126806,1.4281587668658762,1.3766654767608586,30,0.5333333333333333,0.1541503318846325,-0.06736035361889918,2.6839949041060276,0,,,0.05739319360773539,4.771435662718107,88.6294159876746,0.18815727445645922
0.05,1.2,0.12,20,0.05,0.06,0.03,0.5,2,0.04,0.5,6675.977967166734,0.11266299452778905,0.05494427924272571,-0.021892223881809336,0.03889553656458301,1.3973077411792425,1.423418698808134,22,0.5454545454545454,0.18170653560505992,-0.06807033026583241,3.240198149028007,0,,,0.04846962819727802,3.4206531137431204,64.52465918508507,0.18600166869247256
0.03,1.2,0.12,30,0.05,0.06,0.03,0.5,2,0.06,0.7,6703.494060811884,0.11724901013531408,0.05712057646537594,-0.028205196173333835,0.03984963997256677,1.416698005577751,1.332437011751527,27,0.5185185185185185,0.1751907216525463,-0.06762835962956273,2.8308962527665438,0,,,0.059769809049717786,4.184416310354822,79.10728046347022,0.18561370486241002
0.05,1.2,0.08,30,0.05,0.08,0.03,0.5,2,0.08,0.5,6441.572649694722,0.0735954416157869,0.036220210409116715,-0.0187941211976288,0.023647110822375382,1.5194221890368438,0.9248418761880667,8,0.625,0.2248693390866404,-0.08960760322696006,4.74276916516447,0,,,0.02746258389909326,1.3601681550650244,24.161474664514508,0.18501536871398672
0.05,1.2,0.08,30,0.05,0.08,0.03,0.5,2,0.06,0.5,6441.572649694722,0.0735954416157869,0.036220210409116715,-0.0187941211976288,0.023647110822375382,1.5194221890368438,0.9248418761880667,8,0.625,0.2248693390866404,-0.08960760322696006,4.74276916516447,0,,,0.02746258389909326,1.3601681550650244,24.161474664514508,0.18501536871398672
0.03,1.2,0.12,30,0.05,0.08,0.03,0.5,2,0.06,0.5,6807.314475794738,0.13455241263245643,0.06529204927682697,-0.032968763803365664,0.04759339817260789,1.355415625656667,1.228786640070079,28,0.5,0.19495465830183262,-0.07177520720026777,2.7922341639911124,0,,,0.06872215205959317,4.507778418636795,83.04756087385744,0.18434922994081085
0.05,1.2,0.12,30,0.05,0.08,0.03,0.5,2,0.04,0.5,6779.952798036654,0.1299921330061089,0.06314454291974547,-0.03055346417743865,0.04628238384840291,1.348771809813064,1.248997628181352,22,0.5,0.2252237090651767,-0.07111183879062427,3.277511726394096,0,,,0.060212497094560835,3.4596198964505867,64.75856409006566,0.18274499181233256
0.03,1.2,0.08,10,0.05,0.08,0.03,0.5,2,0.06,0.5,6336.494961026549,0.056082493504424846,0.027716436201112193,-0.01348177493097591,0.017699909510380526,1.556488575999175,0.9934793769067787,14,0.5714285714285714,0.10712063175747,-0.05452821764722423,3.4237871799902844,0,,,0.020067145022825254,2.2694067274712215,41.61681847660684,0.1801958349069703
0.03,1.2,0.08,10,0.05,0.08,0.03,0.5,2,0.08,0.5,6336.494961026549,0.056082493504424846,0.027716436201112193,-0.01348177493097591,0.017699909510380526,1.556488575999175,0.9934793769067787,14,0.5714285714285714,0.10712063175747,-0.05452821764722423,3.4237871799902844,0,,,0.020067145022825254,2.2694067274712215,41.61681847660684,0.1801958349069703
0.05,1.2,0.08,10,0.05,0.06,0.03,0.5,2,0.06,0.5,6273.542848062586,0.04559047467709765,0.022588085803782132,-0.005823287870707405,0.01469965446810825,1.5298552083232115,1.3107198091885228,9,0.5555555555555556,0.1223915963525625,-0.03913650291129202,4.974040157084871,0,,,0.013174230252229578,1.4983755701501462,26.990553954302893,0.17543974047852737
0.05,1.2,0.08,10,0.05,0.06,0.03,0.5,2,0.08,0.5,6273.542848062586,0.04559047467709765,0.022588085803782132,-0.005823287870707405,0.01469965446810825,1.5298552083232115,1.3107198091885228,9,0.5555555555555556,0.1223915963525625,-0.03913650291129202,4.974040157084871,0,,,0.013174230252229578,1.4983755701501462,26.990553954302893,0.17543974047852737
0.03,1.2,0.12,30,0.05,0.06,0.03,0.5,2,0.06,0.5,6739.97414426697,0.12332902404449508,0.05999899126976316,-0.033807257229222176,0.045372351954166265,1.309475626975305,1.1399966786921376,29,0.5172413793103449,0.1593235124724007,-0.06280063968298752,2.8703459858799545,0,,,0.06729485466775319,4.631795853827662,85.79160088871113,0.1749049943181998
0.03,1.2,0.12,30,0.05,0.08,0.03,0.5,2,0.08,0.7,6680.893012290805,0.11348216871513417,0.0553333468586954,-0.03359678498521679,0.04057964689346851,1.3501454240227224,1.345652906446271,28,0.5,0.17517612322773307,-0.0661127088777371,2.6745492885079587,0,,,0.06521731095834726,4.347270949094432,82.08438867196755,0.17354949676835926
0.03,1.2,0.12,30,0.05,0.06,0.03,0.5,2,0.08,0.5,6782.2853027183555,0.13038088378639268,0.06332778009725715,-0.03746973843019552,0.048233420426109674,1.2997363014288847,1.1342613123944547,32,0.46875,0.18400841033929385,-0.06320609242039782,2.605453779488574,0,,,0.07066713530672177,5.095164078617562,94.57186132886942,0.17300404102504788
0.03,1.0,0.12,30,0.05,0.06,0.03,0.5,2,0.08,0.7,6683.705021543761,0.11395083692396013,0.05555587707408094,-0.03393297376341453,0.04096159458855414,1.343080932700323,1.341567096836629,32,0.5,0.16543466067856943,-0.059004842107871935,2.6714764021976527,0,,,0.06452326922326748,4.769415985383101,92.61727223459235,0.172897483462406
0.05,1.2,0.12,10,0.05,0.08,0.03,0.5,2,0.04,0.5,6473.393788806213,0.07889896480103542,0.03878176909496167,-0.02596067902257848,0.027692624504458287,1.3905637439224785,0.9810783889484879,25,0.6,0.11345455963180483,-0.06584576116430431,2.667514458985216,0,,,0.035360242821697245,3.7978371780322284,72.78756924955144,0.1698578039759203
0.05,1.0,0.12,30,0.05,0.08,0.03,0.5,2,0.04,0.7,6646.89160053555,0.10781526675592512,0.05263891454864966,-0.0326225684312923,0.039150299165743474,1.3325007094618289,1.555021893657254,24,0.5,0.19818279367167427,-0.060237326761276154,3.130959979580238,0,,,0.05629989842512554,3.4382673881111625,68.63031985058736,0.1695777012791864
0.05,1.2,0.08,20,0.05,0.08,0.03,0.5,2,0.06,0.5,6333.689540487406,0.05561492341456753,0.027488437246435238,-0.014591619958411961,0.01917344170423841,1.4266823311765562,0.9515046651959792,8,0.625,0.15748904242280587,-0.08960760322696006,3.8283520814470693,0,,,0.02152689636771124,1.3421876368638055,24.053483564206882,0.16911086038488488
0.05,1.2,0.08,20,0.05,0.08,0.03,0.5,2,0.08,0.5,6333.689540487406,0.05561492341456753,0.027488437246435238,-0.014591619958411961,0.01917344170423841,1.4266823311765562,0.9515046651959792,8,0.625,0.15748904242280587,-0.08960760322696006,3.8283520814470693,0,,,0.02152689636771124,1.3421876368638055,24.053483564206882,0.16911086038488488
0.03,1.0,0.12,20,0.05,0.06,0.03,0.5,2,0.06,0.7,6550.99489961178,0.09183248326862992,0.04500233442401225,-0.025187270534975714,0.03318322665305488,1.3457635168569106,1.376497395774513,31,0.5161290322580645,0.13198072061626798,-0.056041094086493756,2.540238210905198,0,,,0.05546837288287219,4.624163822097146,89.74562367310614,0.16779150245511867
0.03,1.2,0.12,20,0.05,0.06,0.03,0.5,2,0.06,0.7,6559.885502994467,0.09331425049907782,0.0457126591960233,-0.021587889183939724,0.03466522991208814,1.3093345275595754,1.1518154580890356,27,0.5185185185185185,0.1470268790178277,-0.06762512086048517,2.4560068875713568,0,,,0.05149656395107022,4.232533528032899,79.39584044954087,0.1667780932859369
0.03,1.0,0.08,30,0.05,0.06,0.03,0.5,2,0.08,0.5,6357.7409470633975,0.05962349117723287,0.029441483306619887,-0.01604322637152189,0.019732131275913754,1.4832881925388188,1.3814136910669557,21,0.42857142857142855,0.13192760528365152,-0.03610977593129495,3.114714512755027,0,,,0.03987131406948413,3.0984908774623126,60.59136359708455,0.16617726080331224
0.03,1.0,0.08,30,0.05,0.06,0.03,0.5,2,0.06,0.5,6357.7409470633975,0.05962349117723287,0.029441483306619887,-0.01604322637152189,0.019732131275913754,1.4832881925388188,1.3814136910669557,21,0.42857142857142855,0.13192760528365152,-0.03610977593129495,3.114714512755027,0,,,0.03987131406948413,3.0984908774623126,60.59136359708455,0.16617726080331224
0.03,1.2,0.12,10,0.05,0.06,0.03,0.5,2,0.06,0.7,6529.10453244484,0.08818408874080652,0.043251325933610696,-0.02421055534475458,0.033143866302222075,1.2966317739226365,1.031753367082993,33,0.5454545454545454,0.11040289680551188,-0.05990559954193764,2.36423055213683,0,,,0.03857193920047439,5.038383781350566,96.23092802356386,0.16308195292622432
0.05,1.0,0.12,20,0.05,0.06,0.03,0.5,2,0.04,0.5,6533.1282829170605,0.08885471381951016,0.043573404854115205,-0.022310488146249252,0.03405562324587787,1.2718388086515517,1.5501692622588081,24,0.5416666666666666,0.14019720610634304,-0.051715541280736924,3.2347908793781603,0,,,0.04906797546829853,3.5038358968829963,69.02361753319843,0.16168537497947907
0.03,1.2,0.12,20,0.05,0.08,0.03,0.5,2,0.06,0.5,6630.915294355583,0.10515254905926374,0.0513705019143984,-0.028835126163527014,0.0420858488345885,1.2136697382666863,1.1349418027573157,29,0.5517241379310345,0.1540899011026367,-0.084837246745174,2.27517643578526,0,,,0.060023176148340865,4.58995557572864,85.54044991011611,0.16090611955585526
0.05,1.0,0.12,30,0.05,0.08,0.03,0.5,2,0.06,0.7,6646.230303543731,0.10770505059062185,0.052586442158316204,-0.0326225684312923,0.04222066162926163,1.2373865349549387,1.3239937838859817,29,0.5172413793103449,0.16501007853001454,-0.05999169700125933,2.8242284476692134,0,,,0.06393890645276144,4.245120441941584,83.47145235340537,0.16087588040368117
0.05,1.2,0.12,30,0.05,0.06,0.03,0.5,2,0.06,0.5,6716.158494779386,0.11935974912989766,0.05812073126644157,-0.033224121997253,0.04788574102865871,1.2060704929614,1.1137398446773858,29,0.4482758620689655,0.19578649655594715,-0.061054362990986814,2.627537915472682,0,,,0.06590231634182507,4.566549384911475,85.40009786806152,0.15952951266740334
0.03,1.2,0.12,10,0.05,0.08,0.03,0.5,2,0.06,0.7,6524.030838179641,0.08733847302994024,0.04284506362160667,-0.023627139857044344,0.03414643292114547,1.2481236415819683,0.9793044872771387,32,0.5625,0.11038873072901724,-0.06440395975129383,2.3415642526835008,0,,,0.04157257493561528,4.892922720812969,93.3581537138697,0.15896885785128134
0.05,1.2,0.12,10,0.05,0.06,0.03,0.5,2,0.04,0.5,6434.292042562708,0.07238200709378462,0.03563324439298188,-0.0250558070698792,0.02718120530635721,1.3043010182067256,0.9014721546596485,25,0.56,0.11954248516075203,-0.061864184146855086,2.460646934977437,0,,,0.03237721791706808,3.755314250853206,72.53239232955413,0.15653544267871486
0.03,1.0,0.12,20,0.05,0.08,0.03,0.5,2,0.06,0.7,6530.355858757447,0.08839264312624118,0.04335149827675311,-0.02763442920433079,0.03451409275863205,1.2492795246692967,1.1925422306112714,30,0.5333333333333333,0.13197280229884695,-0.06385722367097263,2.4058601758585825,0,,,0.05630484534504313,4.421271677795429,86.52824695087824,0.15612890280818406
0.05,1.0,0.08,30,0.05,0.08,0.03,0.5,2,0.04,0.5,6294.135347581606,0.04902255793026766,0.0242684538134339,-0.014001155777611962,0.017318031844765523,1.3959850754167742,1.2678388673227794,13,0.46153846153846156,0.1592309565758464,-0.03148715878793194,3.620396835376185,0,,,0.02944649286244502,2.027504871589589,38.16536153024664,0.15494330654322844
0.03,1.0,0.12,30,0.05,0.08,0.03,0.5,2,0.08,0.7,6635.258362443374,0.10587639374056224,0.0517154634664132,-0.0398948433521108,0.04245392964329617,1.211301552551281,1.1640951491369855,32,0.5,0.16543189606334835,-0.06642438143426264,2.391641712418947,0,,,0.06641801944385092,4.745285495873702,92.4724407060453,0.1528981970454859
0.05,1.2,0.12,30,0.05,0.08,0.03,0.5,2,0.06,0.5,6693.0265787046,0.11550442978409992,0.05629321077296923,-0.03331925440997585,0.04895613086915614,1.1453707343476744,1.0648789938339676,28,0.4642857142857143,0.19597209653421188,-0.06915820753068505,2.490068020759554,0,,,0.06804367475700528,4.43252096612662,82.59590141923985,0.15238494271703446
0.05,1.0,0.12,20,0.05,0.08,0.03,0.5,2,0.04,0.5,6505.992745677245,0.08433212427954073,0.04139943420909464,-0.02384592044358569,0.03428659925778105,1.2025547086977748,1.4238893548909306,24,0.5416666666666666,0.14019360818150112,-0.057151795096134356,2.9160863345987815,0,,,0.049389932471681025,3.4975548840160586,68.98590428274632,0.15181527819041263
0.03,1.2,0.12,20,0.05,0.06,0.03,0.5,2,0.08,0.5,6610.435763007938,0.10173929383465619,0.04974233080173329,-0.033457358713519514,0.04159288369570628,1.1902291502830356,1.0713142506557871,33,0.48484848484848486,0.154092184546137,-0.06695999184821662,2.1843753776485895,0,,,0.05928286142839625,5.193730002644635,97.16308761471844,0.15127899071570133
0.03,1.2,0.12,30,0.05,0.06,0.03,0.5,2,0.08,0.7,6611.861421126698,0.10197690352111621,0.04985575542443055,-0.033106495222015475,0.04150848489209409,1.1952342313252813,1.071866458888418,30,0.4666666666666667,0.1751730293673451,-0.06716531088753654,2.289116325509327,0,,,0.06224434877710515,4.622202479836016,87.73391447435169,0.15115926427928425
0.03,1.0,0.12,10,0.05,0.08,0.03,0.5,2,0.04,0.5,6447.792228848007,0.07463203814133457,0.03672137371624373,-0.03135845615466437,0.028853298326929705,1.2668070305240615,0.9934648641362647,34,0.5588235294117647,0.0966295870510193,-0.061725864067016196,2.17244308416069,0,,,0.04573074235154083,5.050807578592422,98.30539156917496,0.15066402516190594
0.05,1.0,0.08,30,0.05,0.08,0.03,0.5,2,0.04,0.7,6277.529134018815,0.046254855669802586,0.022913585190858177,-0.014588056783876424,0.016655102100460898,1.371240632485063,1.170100245850693,11,0.45454545454545453,0.18257056709763722,-0.03644208612698286,3.491911283026646,0,,,0.02679056183430016,1.721512310186444,32.329383719636404,0.150470892774699
0.05,1.0,0.08,30,0.05,0.08,0.03,0.5,2,0.06,0.7,6291.050651201482,0.04850844186691372,0.024016914453866667,-0.014588056783876424,0.018010124988925735,1.3293558456617478,1.0781210357335231,12,0.5,0.1566326649093944,-0.03644208612698286,3.613319874417416,0,,,0.02910798256929987,1.8910504095309397,35.3466288544657,0.14965847062810325
0.05,1.0,0.08,30,0.05,0.08,0.03,0.5,2,0.08,0.7,6291.050651201482,0.04850844186691372,0.024016914453866667,-0.014588056783876424,0.018010124988925735,1.3293558456617478,1.0781210357335231,12,0.5,0.1566326649093944,-0.03644208612698286,3.613319874417416,0,,,0.02910798256929987,1.8910504095309397,35.3466288544657,0.14965847062810325
0.03,1.2,0.12,30,0.05,0.08,0.03,0.5,2,0.08,0.5,6697.877638963105,0.11631293982718405,0.05667672616111341,-0.03841071519145445,0.04926825057463394,1.1458301428444138,1.0150080817396596,31,0.45161290322580644,0.19494318777683564,-0.07268903130915927,2.251227886833603,0,,,0.07144842787436946,4.948506458924518,91.69182832301442,0.14963502801111792
0.03,1.2,0.12,20,0.05,0.08,0.03,0.5,2,0.08,0.7,6518.370974310969,0.08639516238516154,0.04239167930264576,-0.029570612136306185,0.03538908342685097,1.1932027326065942,1.0855247363829783,28,0.5,0.14691774501491525,-0.06622854073724302,2.283072853148293,0,,,0.055851106182389976,4.2997347676928666,81.79900877614028,0.14692664649515208
0.03,1.0,0.12,20,0.05,0.06,0.03,0.5,2,0.08,0.7,6500.328875556315,0.08338814592605259,0.04094510139865282,-0.03010756715906182,0.03461683662244702,1.1788370596652875,1.108739775541614,32,0.5,0.13196978997384254,-0.059107359791815785,2.2331388152767686,0,,,0.055932417010007895,4.7276809526445085,92.366678411421,0.14377502378565066
0.03,1.0,0.08,30,0.05,0.08,0.03,0.5,2,0.06,0.5,6336.938596900964,0.05615643281682736,0.02775248625986837,-0.02476198046289546,0.021237870465833628,1.3021079731214207,1.0759786726205338,20,0.45,0.13192760528365152,-0.041026413276971256,2.7736425733673284,0,,,0.04109213133098069,2.988205422598517,57.92962740381542,0.14308229334056272
0.03,1.0,0.08,30,0.05,0.08,0.03,0.5,2,0.08,0.5,6336.938596900964,0.05615643281682736,0.02775248625986837,-0.02476198046289546,0.021237870465833628,1.3021079731214207,1.0759786726205338,20,0.45,0.13192760528365152,-0.041026413276971256,2.7736425733673284,0,,,0.04109213133098069,2.988205422598517,57.92962740381542,0.14308229334056272
0.05,1.2,0.12,30,0.05,0.06,0.03,0.5,2,0.08,0.5,6657.709521308813,0.10961825355146892,0.05349692204761802,-0.03332969992193047,0.048597859287402366,1.0987974528865625,1.0365230282413078,31,0.41935483870967744,0.1957832332758302,-0.06153530514361007,2.322117727102407,0,,,0.06725030329227133,4.845461957060209,91.07352052540311,0.1426795593107929
0.05,1.0,0.12,20,0.05,0.08,0.03,0.5,2,0.04,0.7,6455.776712544127,0.07596278542402124,0.03736439661907065,-0.02400382514874433,0.032221175214202064,1.1568045412648245,1.3226075861075086,24,0.5,0.15351409376686745,-0.06023370824804522,2.500721144813739,0,,,0.04742814038583075,3.429431434584794,68.57711296133427,0.14104293817118094
0.05,1.0,0.08,30,0.05,0.06,0.03,0.5,2,0.04,0.5,6262.486998859137,0.04374783314318953,0.02168478221787229,-0.014001155777611962,0.01695522842063604,1.276232226896159,1.133181110971299,14,0.42857142857142855,0.1592309565758464,-0.04027052632181489,2.824134348829957,0,,,0.028631993994999706,2.1259187499343817,40.75581574242089,0.13873599844725365
0.05,1.2,0.12,20,0.05,0.08,0.03,0.5,2,0.06,0.5,6562.548652121118,0.09375810868685286,0.04592534098653012,-0.02849198484153881,0.04348962835024406,1.0562201319350595,1.0077184598793911,29,0.5172413793103449,0.1578491200164166,-0.08111497040076718,2.1122185772139908,0,,,0.059284137430807536,4.518843524095398,85.11370880693333,0.1381634307247839
0.05,1.2,0.12,30,0.05,0.06,0.03,0.5,2,0.04,0.7,6527.449839970316,0.08790830666171945,0.043118848235378815,-0.023133148330998887,0.03916617836564707,1.0995660443386264,1.019639583047487,21,0.42857142857142855,0.23390448538613373,-0.06764630272795548,2.47558706323271,0,,,0.04866772425877729,3.1443030724844965,60.866406751153704,0.13793744993231344
0.05,1.2,0.12,10,0.05,0.08,0.03,0.5,2,0.04,0.7,6426.402711024512,0.07106711850408542,0.0349968284789941,-0.026328846463287703,0.030980036813321975,1.1280090054090945,0.8548138607885448,23,0.5652173913043478,0.12984344915333484,-0.07275803243195518,2.3547125410581544,0,,,0.03111254236312697,3.464933220301956,66.7900925146153,0.13789417535347712
0.05,1.2,0.12,20,0.05,0.06,0.03,0.5,2,0.06,0.5,6547.22567893221,0.09120427982203494,0.044701043107372884,-0.028536470926315838,0.04109918729680481,1.0866307227889322,1.0707626102287853,30,0.4666666666666667,0.16075822889967495,-0.06505720432205175,2.175707742831522,0,,,0.054446901076111956,4.657340138087659,87.9446759988809,0.1374292132564415
0.05,1.0,0.12,30,0.05,0.08,0.03,0.5,2,0.04,0.5,6501.436455028154,0.08357274250469238,0.04103396248733726,-0.025085355584479996,0.03800305033347224,1.0792386793947253,1.1839203736038286,24,0.5,0.15427117369906354,-0.05548841397962063,2.812186053054896,0,,,0.057251721010835255,3.4501953490606425,68.70174223256112,0.1364151526345698
0.05,1.0,0.08,30,0.05,0.06,0.03,0.5,2,0.06,0.7,6251.652143868511,0.04194202397808522,0.02079876233550504,-0.014588056783876424,0.016768632328221098,1.23840459814712,1.020307422218692,13,0.46153846153846156,0.15596085128475637,-0.045766921537277495,2.7596852852115967,0,,,0.027146589462202025,1.9062619015527162,37.437860499320664,0.1354221168352019
0.05,1.0,0.08,30,0.05,0.06,0.03,0.5,2,0.08,0.7,6251.652143868511,0.04194202397808522,0.02079876233550504,-0.014588056783876424,0.016768632328221098,1.23840459814712,1.020307422218692,13,0.46153846153846156,0.15596085128475637,-0.045766921537277495,2.7596852852115967,0,,,0.027146589462202025,1.9062619015527162,37.437860499320664,0.1354221168352019
0.03,1.2,0.12,20,0.05,0.08,0.03,0.5,2,0.08,0.5,6564.56828244818,0.09409471374136325,0.04608660200115944,-0.033527923160412754,0.04402773719571497,1.0473785537821014,0.9281700464007443,32,0.5,0.15933399075439217,-0.08335481824793553,1.9377453095892603,0,,,0.0627955857759657,5.048877989824311,94.29392680115511,0.1340604957991632
0.05,1.0,0.08,30,0.05,0.06,0.03,0.5,2,0.04,0.7,6245.8913852771775,0.04098189754619619,0.020327364505236645,-0.014588056783876424,0.01627575947095773,1.246969348582112,1.0391039550585137,12,0.4166666666666667,0.18257056709763722,-0.045766921537277495,2.719403005200019,0,,,0.025979535346752992,1.821492851880468,34.92923793190602,0.133563604304843
0.05,1.2,0.12,10,0.05,0.06,0.03,0.5,2,0.04,0.7,6409.521075626005,0.06825351260433421,0.033633711264688726,-0.025328095380099946,0.0306353333863122,1.0972466726264054,0.8108392722326584,23,0.5217391304347826,0.13840851975014093,-0.0663319997509978,2.281226802458762,0,,,0.028325048672465172,3.463738192633783,66.78290545978379,0.13178128735901842
0.03,1.0,0.12,10,0.05,0.06,0.03,0.5,2,0.04,0.5,6391.681250160681,0.06528020836011339,0.03219127619600881,-0.03142646100399504,0.028087370660585854,1.144348521411748,0.84227794223237,35,0.5142857142857142,0.0977954649572415,-0.0571188371316495,1.9773843581657096,0,,,0.04414630230271982,5.1664526331638525,100.99920847944175,0.1316271835494718
0.03,1.0,0.12,20,0.05,0.06,0.03,0.5,2,0.06,0.5,6473.590701470964,0.07893178357849395,0.038797600714413294,-0.028571887470858814,0.03659829865541116,1.060364786083272,1.0558127515564264,36,0.5,0.11740442350873856,-0.05952897412258508,2.0331603995247627,0,,,0.059678648087336125,5.386863136376063,104.3217567307146,0.1305481355873111
0.03,1.0,0.08,20,0.05,0.08,0.03,0.5,2,0.04,0.5,6234.761497452103,0.03912691624201714,0.01941600066285365,-0.011481169239175415,0.016463429850569773,1.1785523003531513,1.0950498029781148,17,0.47058823529411764,0.09180891074680983,-0.02870841520982692,3.2231301521873927,0,,,0.03349339219399197,2.5402893079421442,49.24201985117019,0.13006005784328695
0.05,1.0,0.12,20,0.05,0.08,0.03,0.5,2,0.06,0.7,6458.826985427658,0.07647116423794298,0.037609942720264966,-0.027932686309149357,0.03597378537281384,1.046296685346962,1.0312136753998111,29,0.5172413793103449,0.12926667240092002,-0.06012174330223576,2.3126298575593265,0,,,0.05481460793815438,4.172930430690323,83.0381244492518,0.12913533706590372
0.05,1.0,0.12,30,0.05,0.08,0.03,0.5,2,0.08,0.7,6570.762943933038,0.09512715732217303,0.04658107153267066,-0.04497566922166596,0.04409789673846472,1.0565384983501145,1.052089674014273,31,0.4838709677419355,0.1650071296071121,-0.06316001196684984,2.331356126385248,0,,,0.06548855950452606,4.52056264970181,89.12403578519053,0.12894063514394594
0.05,1.2,0.08,10,0.05,0.08,0.03,0.5,2,0.08,0.5,6223.508079171331,0.03725134652855511,0.01849369588598271,-0.013778192545170875,0.016210155919008578,1.1407535126174182,0.6206003109245203,9,0.5555555555555556,0.1223915963525625,-0.06765464237361421,2.8803175129995338,0,,,0.013542024100920336,1.4884715453158448,26.931079711053954,0.12845772865291688
0.05,1.2,0.08,10,0.05,0.08,0.03,0.5,2,0.06,0.5,6223.508079171331,0.03725134652855511,0.01849369588598271,-0.013778192545170875,0.016210155919008578,1.1407535126174182,0.6206003109245203,9,0.5555555555555556,0.1223915963525625,-0.06765464237361421,2.8803175129995338,0,,,0.013542024100920336,1.4884715453158448,26.931079711053954,0.12845772865291688
0.03,1.0,0.08,20,0.05,0.08,0.03,0.5,2,0.06,0.7,6223.926642461477,0.03732110707691283,0.018528015281752852,-0.011481169239175415,0.016052452594687756,1.153915712375674,1.0011542868893828,16,0.5,0.08935633177849231,-0.032072497134358204,3.1384895240985204,0,,,0.03203247242343163,2.320632459560479,45.92406460806995,0.12817900189973255
0.03,1.0,0.08,20,0.05,0.08,0.03,0.5,2,0.08,0.7,6223.926642461477,0.03732110707691283,0.018528015281752852,-0.011481169239175415,0.016052452594687756,1.153915712375674,1.0011542868893828,16,0.5,0.08935633177849231,-0.032072497134358204,3.1384895240985204,0,,,0.03203247242343163,2.320632459560479,45.92406460806995,0.12817900189973255
0.03,1.0,0.08,20,0.05,0.08,0.03,0.5,2,0.04,0.7,6218.165883870145,0.03636098064502424,0.018055570334974735,-0.011481169239175415,0.01553193160842008,1.1621261354056445,1.0278979113358486,15,0.4666666666666667,0.09884834028679805,-0.032072497134358204,3.08347453453315,0,,,0.030860240464682925,2.2358634098882306,43.41544204065531,0.1268609325892848
0.05,1.0,0.12,30,0.05,0.06,0.03,0.5,2,0.04,0.7,6454.621143991922,0.07577019066532031,0.03727135855951502,-0.029607774898602113,0.03521040609815755,1.058907205630543,1.2052399205570505,24,0.4583333333333333,0.16736895570254273,-0.05449109227511795,2.5218652426909722,0,,,0.05477215638502157,3.4446491794175524,68.66841836606768,0.12627485833993496
0.03,1.2,0.12,20,0.05,0.06,0.03,0.5,2,0.08,0.7,6449.5735731638515,0.07492892886064184,0.03686486702680769,-0.027452948825388068,0.035988212956196385,1.025920868845315,0.8466257457928169,30,0.4666666666666667,0.14692614374825944,-0.06726782857148039,1.9538407852287132,0,,,0.05279267522056053,4.580140760409429,87.48138161741136,0.1240638128319785
0.05,1.2,0.12,10,0.05,0.08,0.03,0.5,2,0.06,0.7,6405.711640019444,0.06761860666990738,0.03332586858590347,-0.026318390550782333,0.03308133089514304,1.0094581415468147,0.7597470008341601,27,0.5555555555555556,0.11585238301963705,-0.07054001929785915,2.1251082492658337,0,,,0.03529127770506922,4.037190812612001,78.22362881094084,0.12389026524297155
0.05,1.2,0.12,30,0.05,0.06,0.03,0.5,2,0.06,0.7,6497.409246643073,0.08290154110717873,0.04071082339105003,-0.027987159984931842,0.040471484744001605,1.0081651631457296,0.953001467985206,26,0.4230769230769231,0.19772983411985584,-0.06525521515771544,2.1762895191966964,0,,,0.05308166184745201,3.849661242516663,75.09853996288659,0.12368760586700321
0.03,1.0,0.12,20,0.05,0.08,0.03,0.5,2,0.08,0.7,6446.767610203776,0.07446126836729605,0.03663882825716147,-0.031335246272865325,0.03610686915452919,1.0166038848322254,0.9097005842717327,32,0.5,0.13192521743254326,-0.06652573431133033,1.984338489718312,0,,,0.05737900754847461,4.682326687192079,92.09449898526164,0.12263159360395137
0.03,1.0,0.12,30,0.05,0.06,0.03,0.5,2,0.06,0.5,6527.244669346316,0.08787411155771929,0.04310242073329684,-0.0324857880823467,0.04475178131465104,0.967222272948603,0.8275497259644546,36,0.4722222222222222,0.14291250927768884,-0.06731861873729313,1.9497035865690757,0,,,0.06864914177873699,5.409119289603265,104.45534743763636,0.1221928650980949
0.03,1.0,0.12,30,0.05,0.06,0.03,0.5,2,0.08,0.5,6530.345503630186,0.08839091727169768,0.04335066935773324,-0.032784518188895495,0.045288642804439505,0.9615620196623592,0.813533114018593,36,0.4722222222222222,0.14291250927768884,-0.06495047498270576,1.9606546309033532,0,,,0.06870276595485188,5.4616093879369805,104.77029144341697,0.12172572334063253
0.05,1.2,0.12,30,0.05,0.08,0.03,0.5,2,0.08,0.5,6587.4074193006045,0.09790123655010086,0.04790851391850204,-0.04255394548817992,0.049264579791686545,0.9763926757212075,0.9380735743500882,30,0.43333333333333335,0.19586318561236843,-0.07106561002282931,2.0886752470420302,0,,,0.06850527121984724,4.6592375504988635,87.95610066651314,0.12093747541319952
0.03,1.2,0.12,10,0.05,0.06,0.03,0.5,2,0.08,0.7,6422.551623202393,0.07042527053373204,0.034686027666619657,-0.02906766843058617,0.03482638781083362,0.9984420941877917,0.7415832392810161,36,0.5,0.11032617279153625,-0.060782302944056704,1.8838282849702968,0,,,0.04052102376210426,5.438765023335918,104.63311732475604,0.11999640287010577
0.05,1.2,0.12,20,0.05,0.06,0.03,0.5,2,0.08,0.5,6491.728275108101,0.08195471251801689,0.0402548180546356,-0.028106222104079093,0.041762087609226416,0.9676995381138982,0.9757090620911535,32,0.4375,0.16074319996600386,-0.06519496785531394,1.9492157353706614,0,,,0.05524797603161552,4.872898779178207,93.23797764132199,0.11984666081398586
0.03,1.0,0.08,10,0.05,0.08,0.03,0.5,2,0.04,0.5,6180.55859769586,0.030093099615976726,0.014965981678749518,-0.010926016982530706,0.01392052353524597,1.0761747586930284,0.9318492613021024,20,0.55,0.06756331886975041,-0.03616221531822229,2.1202356582134327,0,,,0.026385099138069766,3.047283434043599,58.283939446798755,0.11962044905678701
0.03,1.2,0.12,10,0.05,0.06,0.03,0.5,2,0.06,0.5,6388.71737365362,0.06478622894227004,0.03195143812214751,-0.030240624826860185,0.031275900081850605,1.0232694460962308,0.7408139045744486,38,0.5,0.10236166295510517,-0.05971307745509408,1.7751356327807428,0,,,0.042472071667078434,5.777453130825954,110.66521816754755,0.11915807031834053
0.05,1.0,0.08,30,0.05,0.06,0.03,0.5,2,0.08,0.5,6239.60574844446,0.039934291407409894,0.01981276878637228,-0.01876417351256887,0.017735879014632472,1.1172115537478042,0.9763142441906223,16,0.4375,0.1397568588107758,-0.043058825171665295,2.3887068274549272,0,,,0.03007003347117515,2.351975552541736,46.11213903313789,0.11902683740486829
0.05,1.0,0.08,30,0.05,0.06,0.03,0.5,2,0.06,0.5,6239.60574844446,0.039934291407409894,0.01981276878637228,-0.01876417351256887,0.017735879014632472,1.1172115537478042,0.9763142441906223,16,0.4375,0.1397568588107758,-0.043058825171665295,2.3887068274549272,0,,,0.03007003347117515,2.351975552541736,46.11213903313789,0.11902683740486829
0.03,1.0,0.12,10,0.05,0.06,0.03,0.5,2,0.04,0.7,6391.534775829462,0.06525579597157694,0.032179424738099094,-0.032782317910550196,0.031138556122031796,1.0347079202934966,0.8427996506157691,33,0.48484848484848486,0.11242640828913457,-0.06089273254772854,1.933653444670499,0,,,0.038569658285143554,4.772865278949077,94.63767784614816,0.1185014820545979
0.03,1.0,0.12,10,0.05,0.08,0.03,0.5,2,0.04,0.7,6381.716858331886,0.06361947638864773,0.03138473309375933,-0.030869709718958083,0.03133022187050803,1.0039406704369762,0.7859737099319204,32,0.53125,0.104403689641438,-0.06414288491755331,1.924934829785004,0,,,0.03944179978968218,4.6747976070298,92.04925940829656,0.11790644527797792
0.05,1.0,0.12,10,0.05,0.08,0.03,0.5,2,0.04,0.5,6332.96426309481,0.05549404384913492,0.027429485127984155,-0.027724257257625617,0.028031417716874233,0.9812879520286222,0.7025781291091875,32,0.5625,0.09194565488234696,-0.06492663313398146,1.8985836169630794,0,,,0.04076940984549258,4.506751477992049,91.04093287314826,0.11482115170203357
0.05,1.0,0.12,30,0.05,0.06,0.03,0.5,2,0.06,0.7,6438.102067847346,0.07301701130789096,0.035940451758178504,-0.029607774898602113,0.03797920121884489,0.9505120618073932,0.9975746505791585,30,0.4666666666666667,0.13842067668138294,-0.054716049637924966,2.203119726877938,0,,,0.061468558378277076,4.319545448794217,85.91779671262984,0.1145211038229501
0.03,1.0,0.08,20,0.05,0.06,0.03,0.5,2,0.04,0.5,6203.123748710464,0.03385395811841052,0.016820920769637038,-0.011481169239175415,0.01608156529070411,1.0473395282469897,0.946678902285006,18,0.4444444444444444,0.09180891074680983,-0.03600916708874875,2.4800916466468035,0,,,0.032683155938900955,2.640269849636169,51.84187406343981,0.11303651119697053
0.05,1.2,0.12,10,0.05,0.06,0.03,0.5,2,0.06,0.7,6369.260655592828,0.06154344259880462,0.030375612264460727,-0.02531798543004371,0.032105341157227914,0.9499122615695246,0.7125843973274367,28,0.5,0.122194510235921,-0.06405175656366012,1.959008757895547,0,,,0.03180557533695752,4.167393058214961,81.00480861475398,0.11270784570639134
0.05,1.2,0.12,20,0.05,0.06,0.03,0.5,2,0.04,0.7,6380.5800568813365,0.0634300094802227,0.0312926775846063,-0.021743114246570494,0.03322280218894248,0.9458788418218937,0.8423504374755474,21,0.42857142857142855,0.18996171854856295,-0.0676427579070726,2.0642981710939003,0,,,0.03962209226477623,3.1530616047168163,60.918811127168915,0.11143757607208186
0.05,1.2,0.12,20,0.05,0.08,0.03,0.5,2,0.04,0.7,6381.567754095901,0.06359462568265029,0.03137265944947476,-0.02309670177968115,0.034142670935954654,0.9235801052825416,0.8139331708688613,21,0.47619047619047616,0.17428716281597795,-0.07726348127018996,2.0275578981764277,0,,,0.043691679562863905,3.153226220919244,60.919799813069375,0.11099184289741217
0.03,1.0,0.08,10,0.05,0.08,0.03,0.5,2,0.06,0.7,6158.168324448353,0.026361387408058823,0.013122075150515,-0.010985329881584627,0.01308954725436021,1.00444501005646,0.8319445308942749,18,0.5555555555555556,0.06925866329756766,-0.040458022256302996,1.9867504799076103,0,,,0.02347158686116248,2.71585697965568,52.29535234161088,0.11085168899314647
0.03,1.0,0.08,10,0.05,0.08,0.03,0.5,2,0.08,0.7,6158.168324448353,0.026361387408058823,0.013122075150515,-0.010985329881584627,0.01308954725436021,1.00444501005646,0.8319445308942749,18,0.5555555555555556,0.06925866329756766,-0.040458022256302996,1.9867504799076103,0,,,0.02347158686116248,2.71585697965568,52.29535234161088,0.11085168899314647
0.03,1.0,0.08,20,0.05,0.06,0.03,0.5,2,0.08,0.7,6192.288893719838,0.03204814895330621,0.015930676464050997,-0.011481169239175415,0.01565879264080337,1.0191429084609678,0.8594804917018781,17,0.47058823529411764,0.08935633177849231,-0.0398106567859901,2.4102567258504317,0,,,0.031219569083136035,2.420613001254503,48.52391882033957,0.11063379445526596
0.03,1.0,0.08,20,0.05,0.06,0.03,0.5,2,0.06,0.7,6192.288893719838,0.03204814895330621,0.015930676464050997,-0.011481169239175415,0.01565879264080337,1.0191429084609678,0.8594804917018781,17,0.47058823529411764,0.08935633177849231,-0.0398106567859901,2.4102567258504317,0,,,0.031219569083136035,2.420613001254503,48.52391882033957,0.11063379445526596
0.03,1.2,0.12,10,0.05,0.08,0.03,0.5,2,0.08,0.7,6404.108383660102,0.06735139727668371,0.0331962812069746,-0.03158127712767966,0.03641787511010249,0.9167288043902113,0.677055507763717,35,0.5142857142857142,0.11031266715330611,-0.0666276864718015,1.8145346017861284,0,,,0.043836370606627886,5.29012779677872,101.7412726303286,0.10979280879644161
0.03,1.0,0.08,20,0.05,0.06,0.03,0.5,2,0.04,0.7,6186.528135128506,0.031088022521417624,0.015457028067164647,-0.011481169239175415,0.015118850012568512,1.0240840629516568,0.8780129572977091,16,0.4375,0.09884834028679805,-0.0398106567859901,2.3680070233727366,0,,,0.030041372241365175,2.335843951582255,46.01529625292493,0.10899984974274261
0.05,1.0,0.12,30,0.05,0.06,0.03,0.5,2,0.04,0.5,6420.351686030489,0.07005861433841476,0.0345084407064562,-0.024069484991183554,0.04002481925842832,0.8692904024291351,0.815789668527359,25,0.48,0.15426739754643035,-0.06489187674719724,2.178944795966558,0,,,0.056613611410569226,3.5845853153429315,71.50800375174737,0.10840273845377794
0.03,1.2,0.12,10,0.05,0.08,0.03,0.5,2,0.06,0.5,6368.483231054223,0.06141387184237046,0.03031259773246009,-0.031088484316899367,0.033472751472380026,0.9106641541289577,0.6576574437770433,36,0.5277777777777778,0.10240887506917931,-0.06987814033565695,1.7084740827124567,0,,,0.04627419829209457,5.465875884789755,104.79572858769818,0.10722365987579507
0.05,1.0,0.12,20,0.05,0.06,0.03,0.5,2,0.04,0.7,6373.367934372624,0.06222798906210403,0.030708466105158427,-0.023387222106389105,0.03442315148364789,0.8975870077842102,0.8156807909907168,26,0.4230769230769231,0.17344466994495406,-0.06552251969997797,1.8944455370985946,0,,,0.04615127139464399,3.6974086862974067,74.18489967061846,0.10492740198423105
0.03,1.0,0.12,20,0.05,0.06,0.03,0.5,2,0.08,0.5,6399.7543276823,0.06662572128038335,0.0328442715727193,-0.03056799741661609,0.037743150453182654,0.8767473583094627,0.8218753113561148,37,0.4864864864864865,0.11732865276787965,-0.061830243524007365,1.7816998105796589,0,,,0.059941589513980764,5.509320064875662,107.05642720000886,0.10455933301968186
0.03,1.0,0.08,10,0.05,0.08,0.03,0.5,2,0.04,0.7,6148.0826904214455,0.024680448403574307,0.012290400076548469,-0.010985329881584627,0.0129053482668416,0.9548348292529855,0.7702093720885287,17,0.5294117647058824,0.07249700315264951,-0.040458022256302996,1.9238301432919644,0,,,0.0225347164081604,2.6303671174108363,49.782400569556025,0.10375180629634882
0.05,1.2,0.12,30,0.05,0.06,0.03,0.5,2,0.08,0.7,6439.372869357237,0.07322881155953942,0.036042897984934985,-0.030410877610585696,0.04123974087947141,0.8809135272395723,0.8527354769190123,28,0.39285714285714285,0.19772563743222446,-0.06527266384042245,1.91556740753504,0,,,0.05438843127945505,4.128008613997698,80.76857182542737,0.10357166904645652
0.05,1.2,0.12,20,0.05,0.08,0.03,0.5,2,0.06,0.7,6371.096509796765,0.06184941829946067,0.03052440310806026,-0.02309670177968115,0.03631832487136172,0.8476687116450866,0.741705587739464,25,0.48,0.15106328625024915,-0.07452293855591136,1.889541464212981,0,,,0.048908282441784696,3.727187117680277,72.36356616615764,0.10274292338272835
0.05,1.2,0.12,30,0.05,0.08,0.03,0.5,2,0.08,0.7,6442.498933275051,0.07374982221250859,0.03629486409095439,-0.03794031922851315,0.04279687078103203,0.8560888681320014,0.8144294301793397,27,0.4444444444444444,0.18401651441476516,-0.07596775069040783,1.9003035447051793,0,,,0.059326399864024514,3.9938707932081834,77.9637452219276,0.10015581351212018
0.05,1.0,0.12,30,0.05,0.06,0.03,0.5,2,0.06,0.5,6451.562654023638,0.07526044233727291,0.03702507085165396,-0.03267262314097352,0.0459336364846235,0.8160180796998316,0.7285258850225237,35,0.45714285714285713,0.14574697519061358,-0.06561951099807888,1.8399450447363996,0,,,0.0672811794952674,5.137263852626383,100.82413550254779,0.10014771010829324
0.05,1.0,0.12,20,0.05,0.06,0.03,0.5,2,0.06,0.5,6386.273943838459,0.06437899063974317,0.03175367304851351,-0.028822386972823133,0.038069687220852216,0.8417261619698713,0.8457881458102373,34,0.47058823529411764,0.11991168442205674,-0.05535818369412179,1.9074944069128774,0,,,0.05692309353996924,4.9494880499560185,97.69741227109222,0.10004450752379496
0.05,1.0,0.12,30,0.05,0.06,0.03,0.5,2,0.08,0.5,6448.957202291046,0.07482620038184096,0.03681521850567426,-0.03268542471019553,0.04607555051211522,0.809243690992142,0.7357162419072693,36,0.4444444444444444,0.14574697519061358,-0.06145497470553971,1.8310710110190809,0,,,0.06780559100934547,5.310061675086566,103.86092286864454,0.09861909747201292
0.05,1.2,0.12,20,0.05,0.08,0.03,0.5,2,0.08,0.5,6426.257520340628,0.07104292005677126,0.03498511259731618,-0.03328889331432161,0.04409810125278071,0.8033098922659142,0.7891169734429906,31,0.4838709677419355,0.15214796477767167,-0.08174661558220596,1.7384340084691838,0,,,0.059594098240521046,4.681932510598979,90.09211141322561,0.09786520355384358
0.05,1.2,0.12,20,0.05,0.06,0.03,0.5,2,0.06,0.7,6350.5394635540915,0.05842324392568199,0.0288570885840973,-0.021734363205267115,0.03482138208218444,0.8359800250592956,0.7503302429753816,26,0.4230769230769231,0.16177666125275245,-0.06525237930100915,1.828698665581768,0,,,0.04413066025424295,3.8584197747489832,75.15094433890181,0.09774175564123946
0.05,1.0,0.08,30,0.05,0.08,0.03,0.5,2,0.08,0.5,6218.813998262857,0.036468999710476124,0.01810873367405641,-0.027482927603942442,0.0193866432800448,0.9372328456758188,0.7081493673243835,15,0.4666666666666667,0.1397568588107758,-0.0506831510380627,2.1318130935227213,0,,,0.031255206647788546,2.243256761027171,43.45980283996413,0.09642388777300041
0.05,1.0,0.08,30,0.05,0.08,0.03,0.5,2,0.06,0.5,6218.813998262857,0.036468999710476124,0.01810873367405641,-0.027482927603942442,0.0193866432800448,0.9372328456758188,0.7081493673243835,15,0.4666666666666667,0.1397568588107758,-0.0506831510380627,2.1318130935227213,0,,,0.031255206647788546,2.243256761027171,43.45980283996413,0.09642388777300041
0.05,1.0,0.12,20,0.05,0.08,0.03,0.5,2,0.08,0.7,6380.996294828004,0.06349938247133391,0.0313263845046432,-0.036372679428121835,0.038098921380194065,0.8302579634923428,0.7477527684058024,31,0.4838709677419355,0.12926338877631488,-0.06326119833316515,1.8946911783537521,0,,,0.05633633642537672,4.455532963082069,88.73366750845473,0.09535938952691335
0.05,1.0,0.12,10,0.05,0.06,0.03,0.5,2,0.04,0.5,6288.95419587191,0.04815903264531829,0.023845925376328125,-0.03092729364355462,0.02799811769679377,0.8573778286939124,0.6012070372463179,33,0.48484848484848486,0.10068057829450167,-0.05728206003292714,1.7282964717659872,0,,,0.039981601614764814,4.6293639919244125,93.77656668230904,0.0933624856663663
0.05,1.0,0.12,20,0.05,0.06,0.03,0.5,2,0.06,0.7,6356.848858228045,0.059474809704674225,0.029369108929131693,-0.02556141974193371,0.03731785567182082,0.7958399595968482,0.6975111819860953,32,0.4375,0.1431944521575632,-0.06388391056277422,1.7390599211715967,0,,,0.052928631246499845,4.572304955674069,91.43427801718063,0.09304739501784966
0.03,1.0,0.12,10,0.05,0.08,0.03,0.5,2,0.06,0.7,6330.187210998631,0.05503120183310517,0.027203729164609003,-0.027739520991813316,0.03499690401680092,0.785939499926032,0.5986178819572201,39,0.5128205128205128,0.09543150552967758,-0.0653004418552877,1.6361639955040919,0,,,0.04613986318110542,5.637530409485173,111.82562446974653,0.09256894430233119
0.05,1.2,0.12,10,0.05,0.08,0.03,0.5,2,0.08,0.7,6323.027036098634,0.053837839349772265,0.02662142624313857,-0.029145856784195345,0.033946092385820595,0.7924530567839912,0.6112592649455787,29,0.5172413793103449,0.1157897975447089,-0.07265398234664178,1.7424931665336771,0,,,0.036238076446303065,4.281422511699562,83.68894178617525,0.09215587249495727
0.03,1.0,0.08,20,0.05,0.06,0.03,0.5,2,0.08,0.5,6171.501170421215,0.02858352840353584,0.014220477329710768,-0.01604322637152189,0.01646051461771726,0.8677298365977003,0.7656467680499074,21,0.42857142857142855,0.08407448861489362,-0.03611931890419868,2.0136045491713306,0,,,0.033921714913356986,2.9792806347243124,59.87591518543148,0.08940041923229129
0.03,1.0,0.08,20,0.05,0.06,0.03,0.5,2,0.06,0.5,6171.501170421215,0.02858352840353584,0.014220477329710768,-0.01604322637152189,0.01646051461771726,0.8677298365977003,0.7656467680499074,21,0.42857142857142855,0.08407448861489362,-0.03611931890419868,2.0136045491713306,0,,,0.033921714913356986,2.9792806347243124,59.87591518543148,0.08940041923229129
0.05,1.0,0.12,10,0.05,0.08,0.03,0.5,2,0.04,0.7,6292.451818949447,0.04874196982490786,0.024131179301991157,-0.02809919713213982,0.031215362526192898,0.7809651163562008,0.5937204086092409,29,0.5172413793103449,0.106655041785551,-0.06784995135330699,1.7494182803676355,0,,,0.03606626530200235,4.064223614413037,82.38571652401369,0.08904016133705858
0.05,1.0,0.12,30,0.05,0.06,0.03,0.5,2,0.08,0.7,6380.06569056151,0.06334428176025164,0.03125102272002933,-0.03905615519340799,0.039481044515829004,0.8006872448072822,0.7896713348229305,32,0.4375,0.13841730695804816,-0.0559035473404583,1.9024113756708398,0,,,0.06284545076866185,4.597892820275252,91.5878285751706,0.08866666960405355
0.05,1.2,0.12,10,0.05,0.06,0.03,0.5,2,0.08,0.7,6304.007033996879,0.05066783899947991,0.025073020285898417,-0.024966926853276505,0.032678717667885375,0.7756079457180565,0.600746747609851,30,0.4666666666666667,0.12212745436992657,-0.0642206728440322,1.6876859382417781,0,,,0.032647506017012,4.414529921023331,86.48757002074402,0.08848368476439915
0.05,1.2,0.12,30,0.05,0.08,0.03,0.5,2,0.04,0.7,6323.3465160265505,0.05389108600442505,0.026647415034634525,-0.02560793731349853,0.03608451884804279,0.748265259529224,0.6661370152327407,21,0.47619047619047616,0.1613220094439541,-0.07726734834751675,1.8710900361132177,0,,,0.050681291395658905,3.1382329560202327,60.82978191241935,0.08747949614033147
0.03,1.0,0.12,10,0.05,0.06,0.03,0.5,2,0.06,0.7,6316.349944250998,0.052724990708499675,0.026078113621084364,-0.031755201431955205,0.03402645110746187,0.7750769644014637,0.6075453764104379,40,0.475,0.09955579881131549,-0.06001057220857279,1.6002042273832855,0,,,0.0443373269613426,5.853483376976723,115.12133173313633,0.08645820934525314
0.05,1.0,0.12,10,0.05,0.08,0.03,0.5,2,0.06,0.7,6293.1356060727285,0.048855934345454655,0.0241869373459771,-0.02808789647782617,0.03437059712286689,0.7138855633802127,0.5176340345639494,34,0.5294117647058824,0.09409397145549933,-0.066799951637566,1.6722042007646456,0,,,0.04206330603373703,4.801862736505216,96.81156636620373,0.0830021336803794
0.03,1.2,0.12,10,0.05,0.06,0.03,0.5,2,0.08,0.5,6296.003800102497,0.049333966683749564,0.02442078552491167,-0.030522908042017516,0.033175984883410115,0.7453147639588591,0.513666084814744,41,0.4634146341463415,0.10234579072820886,-0.06046250821540858,1.5010598093624,0,,,0.04477722862919177,6.2075950218449885,119.24598538085543,0.08186153960710589
0.05,1.2,0.12,30,0.05,0.08,0.03,0.5,2,0.06,0.7,6311.749189972727,0.05195819832878801,0.02570358508034043,-0.026799312049300306,0.03810600702184989,0.6863589087322431,0.6138575909018013,25,0.48,0.14024773159456697,-0.07452621069826479,1.7475276741669015,0,,,0.05584910321958055,3.706540712768842,72.23962826543129,0.0799398199289146
0.03,1.0,0.08,10,0.05,0.06,0.03,0.5,2,0.04,0.5,6131.0636607075585,0.02184394345125984,0.010885442676021206,-0.018552264270130236,0.014225769752655253,0.7696460202978105,0.6175844109454414,21,0.47619047619047616,0.07247771329657064,-0.04232363406538109,1.6389818276267996,0,,,0.025733590521351577,3.142722881010754,60.856529206254464,0.07738343638026096
0.05,1.0,0.12,20,0.05,0.06,0.03,0.5,2,0.08,0.5,6326.0890384797785,0.05434817307996309,0.02687048455795371,-0.03365679985169656,0.03956039454868041,0.6913164514582383,0.655180439271067,36,0.4444444444444444,0.11990019117579685,-0.056361391453700185,1.6750070364054679,0,,,0.058185546294351576,5.222722583743124,103.33676492826216,0.07639595200015148
0.05,1.2,0.12,10,0.05,0.06,0.03,0.5,2,0.06,0.5,6255.610733580499,0.04260178893008315,0.02112256463308748,-0.031366348428129354,0.03025626150764352,0.7073571060047567,0.4909606369569208,34,0.47058823529411764,0.10769434454548452,-0.06293435109095612,1.5135766547677207,0,,,0.03728685438581551,5.055065344144624,98.33074600634733,0.07470451278420435
0.05,1.2,0.12,20,0.05,0.06,0.03,0.5,2,0.08,0.7,6277.633997403948,0.04627233290065802,0.022922146397289955,-0.021747321719117196,0.03543608658588568,0.6585020769089428,0.6037926094373183,28,0.39285714285714285,0.16168723714631886,-0.065258177579376,1.5767108281130267,0,,,0.04481550495116555,4.112208033807021,80.67360651044604,0.07254155037148279
0.05,1.2,0.12,20,0.05,0.08,0.03,0.5,2,0.08,0.7,6278.769811596224,0.046461635266037415,0.023014871425564687,-0.029351758546839357,0.03713515151637107,0.6324854148360831,0.5615823472274735,27,0.4444444444444444,0.15097702450364922,-0.07595147226786753,1.5649168218445864,0,,,0.04970271286213131,3.9759033380632496,77.85577665396774,0.06880975585797554
0.03,1.0,0.12,10,0.05,0.06,0.03,0.5,2,0.08,0.7,6270.860918695848,0.0451434864493081,0.022369035318869024,-0.03277405262976807,0.035355967238715584,0.6446130664846303,0.48419246760439977,41,0.4634146341463415,0.09955306152000724,-0.06219780282310199,1.474451944483547,0,,,0.044076425689424326,5.9063904986566325,117.43873129158979,0.0686140473597651
0.05,1.0,0.08,20,0.05,0.08,0.03,0.5,2,0.04,0.5,6115.656329530758,0.019276054921792962,0.009611855224484156,-0.014001155777611962,0.014437106315239303,0.6710950967427471,0.5547589485326277,13,0.46153846153846156,0.08812309519734758,-0.03150383218779847,2.0300688044759934,0,,,0.024570282595443055,1.993063678523836,37.95853568600823,0.06779771008687598
0.03,1.0,0.08,20,0.05,0.08,0.03,0.5,2,0.06,0.5,6150.709420239612,0.02511823670660207,0.012507069303666407,-0.02476198046289546,0.018206198050474423,0.69314215172696,0.5288336679901782,20,0.45,0.08407448861489362,-0.04103341896453618,1.7932448804601957,0,,,0.035135666879979065,2.8705618432097477,57.223578992257714,0.06694029424491468
0.03,1.0,0.08,20,0.05,0.08,0.03,0.5,2,0.08,0.5,6150.709420239612,0.02511823670660207,0.012507069303666407,-0.02476198046289546,0.018206198050474423,0.69314215172696,0.5288336679901782,20,0.45,0.08407448861489362,-0.04103341896453618,1.7932448804601957,0,,,0.035135666879979065,2.8705618432097477,57.223578992257714,0.06694029424491468
0.05,1.2,0.12,10,0.05,0.08,0.03,0.5,2,0.06,0.5,6243.733795014352,0.04062229916905857,0.02015075494467955,-0.03495777837023106,0.03267683738877311,0.6280964265704829,0.4482966462106549,33,0.5151515151515151,0.10295130086584788,-0.07443279415916523,1.4672911037222658,0,,,0.04255320586534131,4.916808444709536,95.50118990324212,0.06623908417418807
0.03,1.0,0.08,10,0.05,0.06,0.03,0.5,2,0.08,0.7,6108.683987440881,0.01811399790681345,0.00903498737699393,-0.01865301639396022,0.01341792663008188,0.678334582618143,0.5163513095806569,19,0.47368421052631576,0.07490747315268093,-0.04637253174023513,1.5322019674687317,0,,,0.022826023653919354,2.8128630899720655,54.87734210116196,0.0662261479681439
0.03,1.0,0.08,10,0.05,0.06,0.03,0.5,2,0.06,0.7,6108.683987440881,0.01811399790681345,0.00903498737699393,-0.01865301639396022,0.01341792663008188,0.678334582618143,0.5163513095806569,19,0.47368421052631576,0.07490747315268093,-0.04637253174023513,1.5322019674687317,0,,,0.022826023653919354,2.8128630899720655,54.87734210116196,0.0662261479681439
0.05,1.0,0.12,20,0.05,0.06,0.03,0.5,2,0.08,0.7,6284.104142154194,0.04735069035903239,0.02345024090771286,-0.030367139875431715,0.038732475946926234,0.618990620464072,0.5194682073642132,34,0.4117647058823529,0.1431270269775698,-0.06402573018861837,1.5249027220565738,0,,,0.053720879654505255,4.827634853065428,96.9661901887249,0.06575396831052187
0.05,1.0,0.08,20,0.05,0.08,0.03,0.5,2,0.06,0.7,6104.842674501794,0.017473779083632346,0.008717029856556424,-0.014588056783876424,0.014215226132467857,0.6188489770170903,0.46793901640566493,12,0.5,0.08485298990625757,-0.03644208612698286,1.9413737568755502,0,,,0.02310187044407459,1.7765401568406327,34.65938044309874,0.06330789916632724
0.05,1.0,0.08,20,0.05,0.08,0.03,0.5,2,0.08,0.7,6104.842674501794,0.017473779083632346,0.008717029856556424,-0.014588056783876424,0.014215226132467857,0.6188489770170903,0.46793901640566493,12,0.5,0.08485298990625757,-0.03644208612698286,1.9413737568755502,0,,,0.02310187044407459,1.7765401568406327,34.65938044309874,0.06330789916632724
0.05,1.0,0.12,10,0.05,0.06,0.03,0.5,2,0.04,0.7,6229.49139437312,0.03824856572885338,0.018984178406600938,-0.031386912705723136,0.03090235108518901,0.6251922508675859,0.4693494741117679,30,0.43333333333333335,0.11960712535261522,-0.06065905015049172,1.5412220648167503,0,,,0.03387127575738444,4.1607526277708775,84.96483022284987,0.062476613807164634
0.03,1.0,0.12,10,0.05,0.06,0.03,0.5,2,0.06,0.5,6225.544193104926,0.037590698850821,0.018660632813366496,-0.030571894960186197,0.03251199820081999,0.5860757811803496,0.42589493472804485,45,0.4666666666666667,0.09147647148456062,-0.06020762382654612,1.3632144646004425,0,,,0.04920239109867049,6.562223120357742,129.3736936400332,0.0603155967846417
0.03,1.0,0.08,10,0.05,0.06,0.03,0.5,2,0.06,0.5,6109.187282334139,0.018197880389023258,0.009076639281087262,-0.018648731672527452,0.014713056162217348,0.6226730373645083,0.5089216454817851,24,0.4583333333333333,0.06953552159704886,-0.04145391418574432,1.4605595110965341,0,,,0.027196686572387694,3.5063853609986015,69.03849039176436,0.059936243847941044
0.03,1.0,0.08,10,0.05,0.06,0.03,0.5,2,0.08,0.5,6109.187282334139,0.018197880389023258,0.009076639281087262,-0.018648731672527452,0.014713056162217348,0.6226730373645083,0.5089216454817851,24,0.4583333333333333,0.06953552159704886,-0.04145391418574432,1.4605595110965341,0,,,0.027196686572387694,3.5063853609986015,69.03849039176436,0.059936243847941044
0.05,1.0,0.08,20,0.05,0.08,0.03,0.5,2,0.04,0.7,6099.081915910462,0.01651365265174376,0.008240006626777374,-0.014588056783876424,0.013599578661663468,0.611384249905632,0.4700578754248592,11,0.45454545454545453,0.09724113344343865,-0.03644208612698286,1.8896483789858096,0,,,0.021906866486545537,1.6917711071683847,32.15075787568409,0.0598116759526751
0.03,1.0,0.08,10,0.05,0.06,0.03,0.5,2,0.04,0.7,6098.598353413973,0.016433058902328934,0.008199954705134793,-0.01865301639396022,0.013234344900552532,0.6248801242423908,0.4620361963087739,18,0.4444444444444444,0.07925670672153717,-0.04637253174023513,1.482814800152946,0,,,0.021881602551300026,2.727373227727222,52.3643903291071,0.058583681154615985
0.03,1.0,0.12,10,0.05,0.08,0.03,0.5,2,0.08,0.7,6241.974877513467,0.040329146252244374,0.020006756212063603,-0.03736894135907698,0.0361561263240597,0.5670308109143084,0.4278775950932405,41,0.4878048780487805,0.09522564723542329,-0.06720875792995912,1.407716664800602,0,,,0.04663652045674229,5.8273728650259615,116.96459612962943,0.05741561052639499
0.03,1.0,0.08,10,0.05,0.08,0.03,0.5,2,0.06,0.5,6100.671345690814,0.01677855761513558,0.008371642806063395,-0.021343882162152328,0.015596791420866464,0.5433610754168691,0.36889392038406243,23,0.5217391304347826,0.06521635076812804,-0.04713558734739162,1.4099309426659696,0,,,0.027923788130188035,3.3766852101600175,66.260278192584,0.053122765788413275
0.03,1.0,0.08,10,0.05,0.08,0.03,0.5,2,0.08,0.5,6100.671345690814,0.01677855761513558,0.008371642806063395,-0.021343882162152328,0.015596791420866464,0.5433610754168691,0.36889392038406243,23,0.5217391304347826,0.06521635076812804,-0.04713558734739162,1.4099309426659696,0,,,0.027923788130188035,3.3766852101600175,66.260278192584,0.053122765788413275
0.05,1.0,0.12,10,0.05,0.06,0.03,0.5,2,0.06,0.5,6190.9851613873525,0.03183086023122539,0.015823503112812665,-0.030347298931127087,0.0322985455744906,0.5032140048348095,0.3507216243869925,41,0.4634146341463415,0.09327149298588443,-0.05971493777971871,1.342524106141541,0,,,0.045900330556839085,5.81781074751012,116.90717237739449,0.049141985838047145
0.05,1.0,0.12,10,0.05,0.06,0.03,0.5,2,0.06,0.7,6196.057227440717,0.03267620457345277,0.016240389150824708,-0.031386912705723136,0.03277472461852489,0.5088710153948842,0.37874329919899,35,0.42857142857142855,0.10929482027342972,-0.05991382235943127,1.4005774058006162,0,,,0.037992058975871934,4.788133392946283,98.7290951440003,0.047862605766022984
0.05,1.0,0.08,20,0.05,0.06,0.03,0.5,2,0.04,0.5,6084.0185807891185,0.014003096798186343,0.0069916141507131435,-0.014001155777611962,0.013974725323125589,0.5065139450010109,0.40244395770749486,14,0.42857142857142855,0.08812309519734758,-0.04028034491420432,1.5837950205099025,0,,,0.023743455086643512,2.0930442202178603,40.55838989827785,0.04707100219057968
0.05,1.2,0.12,10,0.05,0.06,0.03,0.5,2,0.08,0.5,6181.975426109086,0.030329237684847632,0.015082549552811964,-0.031081435898253185,0.030883452669684085,0.5011352479271268,0.3584591717581999,36,0.4444444444444444,0.10759746927802018,-0.06318122466252417,1.328040004409823,0,,,0.03797564338281213,5.283692624665378,103.70244142585979,0.04687757861862028
0.03,1.2,0.12,10,0.05,0.08,0.03,0.5,2,0.08,0.5,6208.090472096119,0.03468174534935309,0.01722875152109915,-0.0382136292259303,0.035524460673242456,0.49959732593598605,0.3577310845362208,40,0.475,0.10226463089719807,-0.07189070193883472,1.3134845461675002,0,,,0.04869316268595965,5.979203254255219,115.87554349154689,0.046831669501732606
0.05,1.0,0.12,10,0.05,0.08,0.03,0.5,2,0.08,0.7,6195.216167053435,0.03253602784223908,0.016171272033840944,-0.03588410398928921,0.035842120405158925,0.4663774510752913,0.32723403714355626,36,0.5,0.0938236592677617,-0.0688597081933184,1.3823715090325523,0,,,0.042259004796373796,4.9674325034222715,101.80489204159271,0.044866965146725474
0.03,1.0,0.12,20,0.05,0.08,0.03,0.5,2,0.06,0.5,6198.422585482694,0.03307043091378237,0.016434745735646628,-0.030560125574493946,0.0402552139616708,0.4258335666415014,0.37536977898072255,36,0.4722222222222222,0.11961551598825361,-0.08135523483810667,1.2985364708169211,0,,,0.05905620333342279,5.172169020183061,103.03331557699943,0.042349150723660904
0.03,1.0,0.12,30,0.05,0.08,0.03,0.5,2,0.06,0.5,6223.183884725128,0.03719731412085481,0.018467113313988648,-0.034443201445870986,0.044934966758292116,0.4304878144449166,0.3646518631823268,35,0.45714285714285713,0.12750798775666378,-0.07935423061536377,1.3416125275343258,0,,,0.06766844081310602,5.076867255164321,100.46152717639781,0.04215143689268768
0.05,1.0,0.08,20,0.05,0.06,0.03,0.5,2,0.06,0.7,6073.204925760155,0.012200820960025727,0.006094467917466151,-0.014588056783876424,0.013743369115470284,0.4498284379385026,0.3272000135590681,13,0.46153846153846156,0.08485298990625757,-0.045766921537277495,1.511887674330567,0,,,0.02227239359156547,1.8765206985346568,37.25923465536836,0.041860206396301274
0.05,1.0,0.08,20,0.05,0.06,0.03,0.5,2,0.08,0.7,6073.204925760155,0.012200820960025727,0.006094467917466151,-0.014588056783876424,0.013743369115470284,0.4498284379385026,0.3272000135590681,13,0.46153846153846156,0.08485298990625757,-0.045766921537277495,1.511887674330567,0,,,0.02227239359156547,1.8765206985346568,37.25923465536836,0.041860206396301274
0.05,1.0,0.08,20,0.05,0.06,0.03,0.5,2,0.04,0.7,6067.444167168823,0.01124069452813714,0.005616205769062299,-0.014588056783876424,0.013098383158763076,0.4349459626562371,0.3200776103294395,12,0.4166666666666667,0.09724113344343865,-0.045766921537277495,1.4716053943189893,0,,,0.02107119013702999,1.7917516488624088,34.75061208795371,0.037650106976081135
0.05,1.0,0.08,10,0.05,0.08,0.03,0.5,2,0.04,0.5,6052.660818583442,0.008776803097240382,0.004387844184906786,-0.013895941376171006,0.011688456844534768,0.38114415988861416,0.2979965407856237,14,0.5,0.0672365949636572,-0.03531852908076465,1.352550348268314,0,,,0.019394762322942172,2.2460157890174437,41.47618887111212,0.035554289485682705
0.03,1.0,0.12,30,0.05,0.08,0.03,0.5,2,0.08,0.5,6203.080439664888,0.033846739944148,0.01681736383328669,-0.03610097942876522,0.04549864953956926,0.3900160595533863,0.3301897582883867,36,0.4444444444444444,0.1275049713608638,-0.07650739940307284,1.3021176670611077,0,,,0.06823415789026448,5.236692032273549,103.42045869453965,0.034990702296464934
0.05,1.2,0.12,10,0.05,0.08,0.03,0.5,2,0.08,0.5,6158.969678800844,0.02649494646680739,0.013188126762420316,-0.03679627848498568,0.033709462427615196,0.40630998124523804,0.29844473136754046,35,0.4857142857142857,0.1029021184347961,-0.0756521927747036,1.267033771323059,0,,,0.043571502220038014,5.161252902274909,100.96777735110557,0.03470669993016557
0.05,1.0,0.08,10,0.05,0.08,0.03,0.5,2,0.08,0.7,6046.172038990052,0.007695339831675252,0.0038482130073556053,-0.013895941376171006,0.01127274645026086,0.34701037261225115,0.2485089325235481,13,0.5384615384615384,0.06689098076864845,-0.040892565835443415,1.311000610990097,0,,,0.017663184961893043,2.030213079906836,38.18136283284284,0.03352435650357214
0.05,1.0,0.08,10,0.05,0.08,0.03,0.5,2,0.06,0.7,6046.172038990052,0.007695339831675252,0.0038482130073556053,-0.013895941376171006,0.01127274645026086,0.34701037261225115,0.2485089325235481,13,0.5384615384615384,0.06689098076864845,-0.040892565835443415,1.311000610990097,0,,,0.017663184961893043,2.030213079906836,38.18136283284284,0.03352435650357214
0.03,1.0,0.12,10,0.05,0.06,0.03,0.5,2,0.08,0.5,6157.790832082494,0.026298472013748908,0.013090958865967117,-0.038597504020307816,0.034035956634511415,0.3999297733968742,0.28807791141596584,47,0.44680851063829785,0.09144030064501185,-0.06072324866292797,1.231394670178662,0,,,0.05096302590364786,6.826696685877237,134.96047286656835,0.031125609727415526
0.05,1.0,0.08,20,0.05,0.06,0.03,0.5,2,0.08,0.5,6061.126730393612,0.010187788398935416,0.005091467263717231,-0.01876417351256887,0.014902891742922397,0.34888530885902547,0.27177242254915196,16,0.4375,0.0788072633434911,-0.043072044708327706,1.3542129771974472,0,,,0.02518138892943267,2.3175343594759834,45.905313188899484,0.027472911393335343
0.05,1.0,0.08,20,0.05,0.06,0.03,0.5,2,0.06,0.5,6061.126730393612,0.010187788398935416,0.005091467263717231,-0.01876417351256887,0.014902891742922397,0.34888530885902547,0.27177242254915196,16,0.4375,0.0788072633434911,-0.043072044708327706,1.3542129771974472,0,,,0.02518138892943267,2.3175343594759834,45.905313188899484,0.027472911393335343
0.05,1.0,0.12,10,0.05,0.08,0.03,0.5,2,0.06,0.5,6133.559675227169,0.02225994587119473,0.01109161568863426,-0.040187008715145245,0.03411466490669004,0.3410518658241172,0.2545194606527945,40,0.525,0.08303978350069373,-0.07411913219935885,1.225756744526701,0,,,0.04844186444055952,5.617138192691922,113.7030764189032,0.026353297913473357
0.05,1.0,0.12,30,0.05,0.08,0.03,0.5,2,0.06,0.5,6172.1552199553,0.02869253665921656,0.014274329525196361,-0.03814200047441185,0.046151832807042055,0.33076831878638635,0.29172519788245777,34,0.4411764705882353,0.12953027531094535,-0.07661217795706246,1.2752824657433148,0,,,0.06642808333461844,4.814687103796906,96.88839166639306,0.025338984696040835
0.05,1.0,0.08,10,0.05,0.08,0.03,0.5,2,0.04,0.7,6036.086404963145,0.006014400827190736,0.0030088799979599568,-0.013895941376171006,0.011047437293123914,0.2779975989870569,0.1927041313953652,12,0.5,0.07135387679645135,-0.040892565835443415,1.243066891509647,0,,,0.016709049593067498,1.9447232176619924,35.66841106078798,0.023860669208580144
0.05,1.0,0.12,10,0.05,0.06,0.03,0.5,2,0.08,0.7,6134.532525396533,0.022422087566088766,0.01117196263664666,-0.034884023863812286,0.034407913631968406,0.3407256844027326,0.24390811617953354,37,0.40540540540540543,0.10914857684471632,-0.06041288659591251,1.2461869213020789,0,,,0.038635660567776085,5.013768296415133,104.08284839386458,0.023072789415284047
0.03,1.0,0.12,10,0.05,0.08,0.03,0.5,2,0.06,0.5,6129.181944886257,0.021530324147709612,0.010729983590808345,-0.04157061128339512,0.03414324577891941,0.3302950531894751,0.25569572745099733,43,0.4883720930232558,0.08798998816549003,-0.07266187581940844,1.1904794567342905,0,,,0.05086914349428159,6.145196070736485,122.87142847779229,0.02239278791922109
0.05,1.0,0.12,10,0.05,0.06,0.03,0.5,2,0.08,0.5,6126.617452523575,0.021102908753929173,0.010518078161685818,-0.03870831297323307,0.033920864934001864,0.3260668650387954,0.2218851264418071,43,0.4418604651162791,0.09322958954286789,-0.06021107056183949,1.2071946202084953,0,,,0.04686090723567573,6.051724023444428,122.31059306871218,0.020863631434762775
0.05,1.0,0.12,20,0.05,0.08,0.03,0.5,2,0.06,0.5,6136.097925697705,0.022682987616284178,0.01130123450005649,-0.035078190770273854,0.0417419243101536,0.29058424821377243,0.257570795342966,34,0.4411764705882353,0.12265969734915785,-0.0759352084531173,1.2199531239703474,0,,,0.05661580041416098,4.7690378227414385,96.61445964883399,0.01987938746570857
0.05,1.0,0.12,30,0.05,0.08,0.03,0.5,2,0.08,0.5,6152.398608349648,0.025399768058274708,0.012646379791410922,-0.04121339001548163,0.046471425343077855,0.29417869063619656,0.2624358386042786,35,0.42857142857142855,0.12952698802050666,-0.07390379041498943,1.236682380715217,0,,,0.06698328920778716,4.9736951849233515,99.8424233505718,0.01788612527586119
0.03,1.0,0.12,20,0.05,0.08,0.03,0.5,2,0.08,0.5,6118.395678197076,0.019732613032846125,0.009838409808676118,-0.042317348081005846,0.04134403301242967,0.2579111564957173,0.22216621859773988,38,0.4473684210526316,0.11955641677290807,-0.08180303615003746,1.1624875727810227,0,,,0.05985724268770679,5.371040324389227,108.22646856848215,0.011839272470376508
0.05,1.0,0.08,20,0.05,0.08,0.03,0.5,2,0.08,0.5,6040.334980212009,0.006722496702001646,0.0033625344238046306,-0.027482927603942442,0.01679836853952081,0.20862414652837766,0.1405139870672586,15,0.4666666666666667,0.0788072633434911,-0.050698023016807904,1.2085979476688893,0,,,0.026350960064181573,2.2088155679614188,43.25297699572572,0.008816818608004508
0.05,1.0,0.08,20,0.05,0.08,0.03,0.5,2,0.06,0.5,6040.334980212009,0.006722496702001646,0.0033625344238046306,-0.027482927603942442,0.01679836853952081,0.20862414652837766,0.1405139870672586,15,0.4666666666666667,0.0788072633434911,-0.050698023016807904,1.2085979476688893,0,,,0.026350960064181573,2.2088155679614188,43.25297699572572,0.008816818608004508
0.05,1.0,0.12,10,0.05,0.08,0.03,0.5,2,0.08,0.5,6055.843199484874,0.009307199914145636,0.004652397378681616,-0.052507885711439606,0.03619168899766132,0.14664070701368903,0.10509162488157603,42,0.5,0.082935535550412,-0.07519818007686095,1.0839295562045774,0,,,0.04919925515355803,5.831666067433832,118.9901712379737,-0.006937474775669285
0.05,1.0,0.12,20,0.05,0.08,0.03,0.5,2,0.08,0.5,6059.103040029949,0.009850506671658099,0.004923317925694892,-0.04743119049859856,0.04348015356090705,0.13489663710278202,0.11473236869849619,36,0.4166666666666667,0.12251006910989,-0.07684921701529736,1.0856952026781355,0,,,0.05740092469543871,4.974967252775796,101.84996446965927,-0.009469280279992852
0.03,1.0,0.12,10,0.05,0.08,0.03,0.5,2,0.08,0.5,6050.61801838604,0.008436336397673383,0.004217988427884567,-0.05389148827968948,0.03561215834842167,0.13626177218725943,0.10333919159829452,45,0.4666666666666667,0.08790156169165601,-0.07378002814336677,1.0682137524458346,0,,,0.05164962338228428,6.317977857053224,127.90804566838342,-0.010768245159900897
0.05,1.0,0.08,10,0.05,0.06,0.03,0.5,2,0.04,0.5,5995.864106073833,-0.0006893156543612555,-0.0003454264143875063,-0.01808682428081876,0.011917345643167345,-0.023087336180155377,-0.01619229967975116,15,0.4,0.07524825270455138,-0.042412660782100625,0.9783347497267101,0,,,0.018600289867243016,2.317583435696336,43.90554038382448,-0.016697572172812425
0.05,1.0,0.08,10,0.05,0.06,0.03,0.5,2,0.06,0.7,5989.385926461274,-0.0017690122564543165,-0.0008867176197147053,-0.01813926332181226,0.011514789327524599,-0.07143119378195037,-0.04610775378232065,14,0.42857142857142855,0.07484503614370783,-0.047474901424420915,0.9441308944748567,0,,,0.016876003314496974,2.103347389934959,40.62011434565056,-0.020670897230244446
0.05,1.0,0.08,10,0.05,0.06,0.03,0.5,2,0.08,0.7,5989.385926461274,-0.0017690122564543165,-0.0008867176197147053,-0.01813926332181226,0.011514789327524599,-0.07143119378195037,-0.04610775378232065,14,0.42857142857142855,0.07484503614370783,-0.047474901424420915,0.9441308944748567,0,,,0.016876003314496974,2.103347389934959,40.62011434565056,-0.020670897230244446
0.05,1.0,0.08,10,0.05,0.06,0.03,0.5,2,0.06,0.5,5977.297131113898,-0.00378381148101703,-0.001897591588301717,-0.018658959111127915,0.01249302598609305,-0.14608100376622388,-0.10488791039105194,17,0.4117647058823529,0.07022901726130562,-0.04471203889519133,0.8965948060837432,0,,,0.019775347286295188,2.5427943875270547,49.256792879086326,-0.030246936226370418
0.05,1.0,0.08,10,0.05,0.06,0.03,0.5,2,0.08,0.5,5977.297131113898,-0.00378381148101703,-0.001897591588301717,-0.018658959111127915,0.01249302598609305,-0.14608100376622388,-0.10488791039105194,17,0.4117647058823529,0.07022901726130562,-0.04471203889519133,0.8965948060837432,0,,,0.019775347286295188,2.5427943875270547,49.256792879086326,-0.030246936226370418
0.05,1.0,0.08,10,0.05,0.06,0.03,0.5,2,0.04,0.7,5979.300292434366,-0.0034499512609389438,-0.0017300152973440674,-0.01813926332181226,0.011288680799056833,-0.1480345096392331,-0.0921986926707428,13,0.38461538461538464,0.08179132245208318,-0.047474901424420915,0.8910433263812989,0,,,0.01591286861109537,2.0178575276901154,38.10716257359571,-0.03137232869140428
0.05,1.0,0.08,10,0.05,0.08,0.03,0.5,2,0.08,0.5,5971.946639185308,-0.004675560135781964,-0.0023453293137339903,-0.027377713202501597,0.013880719851039787,-0.16253656404371908,-0.09698659833124476,16,0.5,0.06375281192883592,-0.054041036040970714,0.8782743105666438,0,,,0.020593170964639102,2.4366491390546585,46.61991340088055,-0.0322878423193567
0.05,1.0,0.08,10,0.05,0.08,0.03,0.5,2,0.06,0.5,5971.946639185308,-0.004675560135781964,-0.0023453293137339903,-0.027377713202501597,0.013880719851039787,-0.16253656404371908,-0.09698659833124476,16,0.5,0.06375281192883592,-0.054041036040970714,0.8782743105666438,0,,,0.020593170964639102,2.4366491390546585,46.61991340088055,-0.0322878423193567
0.05,1.2,0.08,10,0.05,0.08,0.03,0.5,2,0.06,0.7,6305.466589113311,0.05091109818555184,0.025191924220542283,-0.005679002232360397,0.013816605600705387,1.811154632755296,1.5201544723997285,7,0.7142857142857143,0.1223915963525625,-0.04190293897592623,9.276278105634459,0,,,0.011830132031593716,1.191422390532015,21.14886095864216,-999.0
0.05,1.2,0.08,10,0.05,0.08,0.03,0.5,2,0.08,0.7,6305.466589113311,0.05091109818555184,0.025191924220542283,-0.005679002232360397,0.013816605600705387,1.811154632755296,1.5201544723997285,7,0.7142857142857143,0.1223915963525625,-0.04190293897592623,9.276278105634459,0,,,0.011830132031593716,1.191422390532015,21.14886095864216,-999.0
0.05,1.2,0.08,20,0.05,0.06,0.03,0.5,2,0.06,0.7,6412.355718403837,0.06872595306730611,0.03386272113869149,-0.006752271980609348,0.017539001943449376,1.9112550587703117,1.7186497829358724,7,0.7142857142857143,0.15748904242280587,-0.044711600460536516,11.488769921374777,0,,,0.020841791689699768,1.2092372454137696,21.255857084058103,-999.0
0.05,1.2,0.08,20,0.05,0.06,0.03,0.5,2,0.08,0.7,6412.355718403837,0.06872595306730611,0.03386272113869149,-0.006752271980609348,0.017539001943449376,1.9112550587703117,1.7186497829358724,7,0.7142857142857143,0.15748904242280587,-0.044711600460536516,11.488769921374777,0,,,0.020841791689699768,1.2092372454137696,21.255857084058103,-999.0
0.05,1.2,0.08,20,0.05,0.08,0.03,0.5,2,0.04,0.5,6414.761048416657,0.06912684140277614,0.034057007358649916,-0.00635350013448488,0.01754119326285476,1.9217527829907624,1.7126001259098778,7,0.7142857142857143,0.15748904242280587,-0.04190293897592623,12.237490142686081,0,,,0.02096639818391751,1.2096381337492392,21.258264821808673,-999.0
0.05,1.2,0.08,20,0.05,0.08,0.03,0.5,2,0.04,0.7,6414.761048416657,0.06912684140277614,0.034057007358649916,-0.00635350013448488,0.01754119326285476,1.9217527829907624,1.7126001259098778,7,0.7142857142857143,0.15748904242280587,-0.04190293897592623,12.237490142686081,0,,,0.02096639818391751,1.2096381337492392,21.258264821808673,-999.0
0.05,1.2,0.08,20,0.05,0.08,0.03,0.5,2,0.08,0.7,6414.761048416657,0.06912684140277614,0.034057007358649916,-0.00635350013448488,0.01754119326285476,1.9217527829907624,1.7126001259098778,7,0.7142857142857143,0.15748904242280587,-0.04190293897592623,12.237490142686081,0,,,0.02096639818391751,1.2096381337492392,21.258264821808673,-999.0
0.05,1.2,0.08,20,0.05,0.08,0.03,0.5,2,0.06,0.7,6414.761048416657,0.06912684140277614,0.034057007358649916,-0.00635350013448488,0.01754119326285476,1.9217527829907624,1.7126001259098778,7,0.7142857142857143,0.15748904242280587,-0.04190293897592623,12.237490142686081,0,,,0.02096639818391751,1.2096381337492392,21.258264821808673,-999.0
0.05,1.2,0.08,20,0.05,0.06,0.03,0.5,2,0.04,0.5,6412.355718403837,0.06872595306730611,0.03386272113869149,-0.006752271980609348,0.017539001943449376,1.9112550587703117,1.7186497829358724,7,0.7142857142857143,0.15748904242280587,-0.044711600460536516,11.488769921374777,0,,,0.020841791689699768,1.2092372454137696,21.255857084058103,-999.0
0.05,1.2,0.08,20,0.05,0.06,0.03,0.5,2,0.04,0.7,6412.355718403837,0.06872595306730611,0.03386272113869149,-0.006752271980609348,0.017539001943449376,1.9112550587703117,1.7186497829358724,7,0.7142857142857143,0.15748904242280587,-0.044711600460536516,11.488769921374777,0,,,0.020841791689699768,1.2092372454137696,21.255857084058103,-999.0
0.05,1.2,0.08,10,0.05,0.06,0.03,0.5,2,0.06,0.7,6303.061259100493,0.05051020985008203,0.02499596457186337,-0.005795636188609565,0.013810062044838003,1.798135948560894,1.5258636007110524,7,0.7142857142857143,0.1223915963525625,-0.044711600460536516,8.708732235099328,0,,,0.011701999807258811,1.1910215021965451,21.14645322089159,-999.0
0.05,1.2,0.08,10,0.05,0.06,0.03,0.5,2,0.08,0.7,6303.061259100493,0.05051020985008203,0.02499596457186337,-0.005795636188609565,0.013810062044838003,1.798135948560894,1.5258636007110524,7,0.7142857142857143,0.1223915963525625,-0.044711600460536516,8.708732235099328,0,,,0.011701999807258811,1.1910215021965451,21.14645322089159,-999.0
0.05,1.2,0.08,10,0.05,0.08,0.03,0.5,2,0.04,0.7,6305.466589113311,0.05091109818555184,0.025191924220542283,-0.005679002232360397,0.013816605600705387,1.811154632755296,1.5201544723997285,7,0.7142857142857143,0.1223915963525625,-0.04190293897592623,9.276278105634459,0,,,0.011830132031593716,1.191422390532015,21.14886095864216,-999.0
0.05,1.2,0.08,10,0.05,0.06,0.03,0.5,2,0.04,0.7,6303.061259100493,0.05051020985008203,0.02499596457186337,-0.005795636188609565,0.013810062044838003,1.798135948560894,1.5258636007110524,7,0.7142857142857143,0.1223915963525625,-0.044711600460536516,8.708732235099328,0,,,0.011701999807258811,1.1910215021965451,21.14645322089159,-999.0
0.05,1.2,0.08,30,0.05,0.08,0.03,0.5,2,0.06,0.7,6522.644157623971,0.0871073596039953,0.042734001506967045,-0.018563818928031384,0.022228842759518287,1.897387573118486,1.2166701126675223,7,0.7142857142857143,0.2248693390866404,-0.04190293897592623,15.16046321575456,0,,,0.026829459902820447,1.2276186519504586,21.3662559221163,-999.0
0.05,1.2,0.08,30,0.05,0.08,0.03,0.5,2,0.08,0.7,6522.644157623971,0.0871073596039953,0.042734001506967045,-0.018563818928031384,0.022228842759518287,1.897387573118486,1.2166701126675223,7,0.7142857142857143,0.2248693390866404,-0.04190293897592623,15.16046321575456,0,,,0.026829459902820447,1.2276186519504586,21.3662559221163,-999.0
0.05,1.2,0.08,30,0.05,0.06,0.03,0.5,2,0.04,0.5,6520.238827611153,0.08670647126852549,0.04254132570426061,-0.018570570546008525,0.022230481663838564,1.8889191677238992,1.220091751189677,7,0.7142857142857143,0.2248693390866404,-0.044711600460536516,14.232908199020534,0,,,0.026706982583725964,1.2272177636149886,21.36384818436573,-999.0
0.05,1.2,0.08,30,0.05,0.06,0.03,0.5,2,0.04,0.7,6520.238827611153,0.08670647126852549,0.04254132570426061,-0.018570570546008525,0.022230481663838564,1.8889191677238992,1.220091751189677,7,0.7142857142857143,0.2248693390866404,-0.044711600460536516,14.232908199020534,0,,,0.026706982583725964,1.2272177636149886,21.36384818436573,-999.0
0.05,1.2,0.08,30,0.05,0.06,0.03,0.5,2,0.06,0.7,6520.238827611153,0.08670647126852549,0.04254132570426061,-0.018570570546008525,0.022230481663838564,1.8889191677238992,1.220091751189677,7,0.7142857142857143,0.2248693390866404,-0.044711600460536516,14.232908199020534,0,,,0.026706982583725964,1.2272177636149886,21.36384818436573,-999.0
0.05,1.2,0.08,30,0.05,0.06,0.03,0.5,2,0.08,0.7,6520.238827611153,0.08670647126852549,0.04254132570426061,-0.018570570546008525,0.022230481663838564,1.8889191677238992,1.220091751189677,7,0.7142857142857143,0.2248693390866404,-0.044711600460536516,14.232908199020534,0,,,0.026706982583725964,1.2272177636149886,21.36384818436573,-999.0
0.05,1.2,0.08,30,0.05,0.08,0.03,0.5,2,0.04,0.5,6522.644157623971,0.0871073596039953,0.042734001506967045,-0.018563818928031384,0.022228842759518287,1.897387573118486,1.2166701126675223,7,0.7142857142857143,0.2248693390866404,-0.04190293897592623,15.16046321575456,0,,,0.026829459902820447,1.2276186519504586,21.3662559221163,-999.0
0.05,1.2,0.08,30,0.05,0.08,0.03,0.5,2,0.04,0.7,6522.644157623971,0.0871073596039953,0.042734001506967045,-0.018563818928031384,0.022228842759518287,1.897387573118486,1.2166701126675223,7,0.7142857142857143,0.2248693390866404,-0.04190293897592623,15.16046321575456,0,,,0.026829459902820447,1.2276186519504586,21.3662559221163,-999.0
